DGRP	sex	value
DGRP_021	F	14
DGRP_021	F	31
DGRP_021	M	10
DGRP_021	M	14
DGRP_021	M	14
DGRP_021	F	10
DGRP_021	F	24
DGRP_021	F	31
DGRP_021	M	19
DGRP_021	M	24
DGRP_021	M	38
DGRP_021	F	27
DGRP_021	F	31
DGRP_021	F	31
DGRP_021	M	21
DGRP_021	M	24
DGRP_021	F	24
DGRP_021	F	31
DGRP_021	F	32
DGRP_021	M	19
DGRP_021	M	24
DGRP_021	M	24
DGRP_021	F	26
DGRP_021	F	31
DGRP_021	F	31
DGRP_021	M	24
DGRP_021	M	24
DGRP_021	F	19
DGRP_021	F	32
DGRP_021	F	40
DGRP_021	M	21
DGRP_021	M	21
DGRP_021	M	21
DGRP_021	F	24
DGRP_021	F	31
DGRP_021	F	33
DGRP_021	M	14
DGRP_021	M	20
DGRP_021	F	31
DGRP_021	F	32
DGRP_021	F	38
DGRP_021	M	24
DGRP_021	M	25
DGRP_021	M	35
DGRP_021	F	14
DGRP_021	F	31
DGRP_021	F	40
DGRP_021	M	17
DGRP_021	M	21
DGRP_021	M	21
DGRP_021	F	31
DGRP_021	F	33
DGRP_021	F	38
DGRP_021	M	7
DGRP_021	M	18
DGRP_021	M	24
DGRP_021	F	10
DGRP_021	F	21
DGRP_021	F	31
DGRP_021	M	28
DGRP_021	M	28
DGRP_021	F	20
DGRP_021	F	24
DGRP_021	F	38
DGRP_021	M	12
DGRP_021	M	19
DGRP_021	F	17
DGRP_021	F	14
DGRP_021	F	14
DGRP_021	M	17
DGRP_021	M	14
DGRP_021	M	7
DGRP_021	F	26
DGRP_021	F	14
DGRP_021	F	14
DGRP_021	M	32
DGRP_021	M	17
DGRP_021	M	14
DGRP_021	F	35
DGRP_021	F	32
DGRP_021	F	32
DGRP_021	M	28
DGRP_021	M	28
DGRP_021	M	14
DGRP_021	F	35
DGRP_021	F	32
DGRP_021	F	17
DGRP_021	M	32
DGRP_021	M	14
DGRP_021	F	33
DGRP_021	F	24
DGRP_021	F	14
DGRP_021	M	14
DGRP_021	M	14
DGRP_021	M	14
DGRP_021	F	32
DGRP_021	F	32
DGRP_021	F	28
DGRP_021	M	20
DGRP_021	M	14
DGRP_021	M	14
DGRP_021	F	32
DGRP_021	F	14
DGRP_021	M	32
DGRP_021	M	24
DGRP_021	M	17
DGRP_021	F	32
DGRP_021	F	32
DGRP_021	F	32
DGRP_021	M	17
DGRP_021	M	17
DGRP_021	M	17
DGRP_021	F	32
DGRP_021	F	17
DGRP_021	F	14
DGRP_021	M	17
DGRP_021	M	17
DGRP_021	M	14
DGRP_021	F	38
DGRP_021	F	19
DGRP_021	F	14
DGRP_021	M	18
DGRP_021	M	14
DGRP_021	M	14
DGRP_021	F	35
DGRP_021	F	24
DGRP_021	F	19
DGRP_021	M	14
DGRP_021	M	14
DGRP_021	M	10
DGRP_021	F	21
DGRP_021	F	14
DGRP_021	F	7
DGRP_021	M	34
DGRP_021	M	14
DGRP_021	M	7
DGRP_026	F	26
DGRP_026	F	28
DGRP_026	M	26
DGRP_026	M	28
DGRP_026	M	31
DGRP_026	F	24
DGRP_026	F	25
DGRP_026	F	28
DGRP_026	M	24
DGRP_026	M	26
DGRP_026	F	24
DGRP_026	F	24
DGRP_026	M	3
DGRP_026	M	28
DGRP_026	F	26
DGRP_026	F	26
DGRP_026	M	24
DGRP_026	M	31
DGRP_026	F	21
DGRP_026	F	26
DGRP_026	M	3
DGRP_026	M	24
DGRP_026	M	31
DGRP_026	F	24
DGRP_026	F	26
DGRP_026	F	28
DGRP_026	M	28
DGRP_026	M	31
DGRP_026	F	18
DGRP_026	F	19
DGRP_026	F	28
DGRP_026	M	3
DGRP_026	M	28
DGRP_026	M	31
DGRP_026	F	14
DGRP_026	F	21
DGRP_026	F	24
DGRP_026	M	21
DGRP_026	M	28
DGRP_026	M	31
DGRP_026	F	24
DGRP_026	F	24
DGRP_026	F	31
DGRP_026	M	21
DGRP_026	M	24
DGRP_026	M	31
DGRP_026	F	3
DGRP_026	F	17
DGRP_026	F	27
DGRP_026	M	20
DGRP_026	M	24
DGRP_026	F	14
DGRP_026	F	24
DGRP_026	F	24
DGRP_026	M	3
DGRP_026	M	14
DGRP_026	M	27
DGRP_026	F	24
DGRP_026	F	26
DGRP_026	F	26
DGRP_026	M	28
DGRP_026	M	28
DGRP_026	M	31
DGRP_026	F	35
DGRP_026	F	32
DGRP_026	F	24
DGRP_026	M	35
DGRP_026	M	32
DGRP_026	M	26
DGRP_026	F	32
DGRP_026	F	26
DGRP_026	F	26
DGRP_026	M	32
DGRP_026	M	24
DGRP_026	M	21
DGRP_026	F	32
DGRP_026	F	32
DGRP_026	F	14
DGRP_026	M	32
DGRP_026	M	17
DGRP_026	M	14
DGRP_026	F	32
DGRP_026	F	24
DGRP_026	F	10
DGRP_026	M	32
DGRP_026	M	32
DGRP_026	M	24
DGRP_026	F	26
DGRP_026	F	26
DGRP_026	F	17
DGRP_026	M	21
DGRP_026	M	21
DGRP_026	M	17
DGRP_026	F	32
DGRP_026	F	32
DGRP_026	F	24
DGRP_026	M	32
DGRP_026	M	26
DGRP_026	M	19
DGRP_026	F	32
DGRP_026	F	28
DGRP_026	F	26
DGRP_026	M	32
DGRP_026	M	26
DGRP_026	M	14
DGRP_026	F	26
DGRP_026	F	19
DGRP_026	M	32
DGRP_026	M	28
DGRP_026	M	21
DGRP_026	F	32
DGRP_026	F	32
DGRP_026	F	21
DGRP_026	M	32
DGRP_026	M	24
DGRP_026	F	24
DGRP_026	F	21
DGRP_026	F	10
DGRP_026	M	32
DGRP_026	M	32
DGRP_026	M	21
DGRP_026	F	26
DGRP_026	F	19
DGRP_026	F	14
DGRP_026	M	32
DGRP_026	M	14
DGRP_026	F	32
DGRP_026	F	26
DGRP_026	F	26
DGRP_026	M	28
DGRP_026	M	24
DGRP_026	M	14
DGRP_028	F	38
DGRP_028	F	40
DGRP_028	M	33
DGRP_028	M	38
DGRP_028	F	31
DGRP_028	F	42
DGRP_028	M	11
DGRP_028	M	31
DGRP_028	F	31
DGRP_028	F	38
DGRP_028	F	40
DGRP_028	M	38
DGRP_028	M	38
DGRP_028	F	17
DGRP_028	F	33
DGRP_028	F	38
DGRP_028	M	24
DGRP_028	M	38
DGRP_028	F	10
DGRP_028	F	10
DGRP_028	F	24
DGRP_028	M	24
DGRP_028	M	26
DGRP_028	M	31
DGRP_028	F	45
DGRP_028	F	45
DGRP_028	F	45
DGRP_028	M	31
DGRP_028	M	42
DGRP_028	M	45
DGRP_028	F	33
DGRP_028	F	40
DGRP_028	F	40
DGRP_028	M	7
DGRP_028	M	34
DGRP_028	F	21
DGRP_028	F	35
DGRP_028	F	40
DGRP_028	M	26
DGRP_028	M	26
DGRP_028	F	26
DGRP_028	F	38
DGRP_028	M	31
DGRP_028	M	31
DGRP_028	M	38
DGRP_028	F	14
DGRP_028	F	40
DGRP_028	M	38
DGRP_028	M	45
DGRP_028	M	45
DGRP_028	F	31
DGRP_028	F	35
DGRP_028	F	45
DGRP_028	M	31
DGRP_028	M	38
DGRP_028	M	42
DGRP_028	F	19
DGRP_028	F	34
DGRP_028	M	33
DGRP_028	M	38
DGRP_028	M	47
DGRP_028	F	35
DGRP_028	F	33
DGRP_028	F	26
DGRP_028	M	32
DGRP_028	M	21
DGRP_028	M	19
DGRP_028	F	32
DGRP_028	F	32
DGRP_028	F	32
DGRP_028	M	32
DGRP_028	M	26
DGRP_028	M	21
DGRP_028	F	42
DGRP_028	F	40
DGRP_028	F	17
DGRP_028	M	46
DGRP_028	M	42
DGRP_028	M	32
DGRP_028	F	32
DGRP_028	F	24
DGRP_028	F	17
DGRP_028	M	32
DGRP_028	M	32
DGRP_028	M	32
DGRP_028	F	32
DGRP_028	F	26
DGRP_028	F	21
DGRP_028	M	32
DGRP_028	M	24
DGRP_028	F	41
DGRP_028	F	38
DGRP_028	F	38
DGRP_028	M	35
DGRP_028	M	32
DGRP_028	M	32
DGRP_028	F	38
DGRP_028	F	38
DGRP_028	F	32
DGRP_028	M	38
DGRP_028	M	28
DGRP_028	F	32
DGRP_028	F	32
DGRP_028	F	28
DGRP_028	M	32
DGRP_028	M	32
DGRP_028	M	32
DGRP_028	F	41
DGRP_028	F	32
DGRP_028	F	32
DGRP_028	M	32
DGRP_028	M	32
DGRP_028	M	26
DGRP_028	F	32
DGRP_028	F	32
DGRP_028	M	32
DGRP_028	M	24
DGRP_028	M	14
DGRP_028	F	38
DGRP_028	F	32
DGRP_028	F	7
DGRP_028	M	41
DGRP_028	M	38
DGRP_028	M	24
DGRP_038	M	33
DGRP_038	M	28
DGRP_038	M	19
DGRP_038	F	14
DGRP_038	F	12
DGRP_038	F	3
DGRP_038	M	14
DGRP_038	M	7
DGRP_038	M	7
DGRP_038	F	9
DGRP_038	F	7
DGRP_038	F	1
DGRP_038	M	14
DGRP_038	M	9
DGRP_038	M	7
DGRP_038	F	9
DGRP_038	F	7
DGRP_038	F	7
DGRP_038	M	19
DGRP_038	M	10
DGRP_038	M	7
DGRP_038	F	14
DGRP_038	F	14
DGRP_038	F	7
DGRP_038	M	17
DGRP_038	M	17
DGRP_038	M	12
DGRP_038	F	14
DGRP_038	F	12
DGRP_038	F	10
DGRP_038	M	7
DGRP_038	M	4
DGRP_038	M	1
DGRP_038	F	7
DGRP_038	F	4
DGRP_038	F	4
DGRP_038	M	14
DGRP_038	M	7
DGRP_038	M	7
DGRP_038	F	14
DGRP_038	F	11
DGRP_038	F	10
DGRP_038	M	21
DGRP_038	M	11
DGRP_038	F	11
DGRP_038	F	9
DGRP_038	F	7
DGRP_038	M	24
DGRP_038	M	10
DGRP_038	M	3
DGRP_038	F	12
DGRP_038	F	10
DGRP_038	F	10
DGRP_038	M	10
DGRP_038	M	10
DGRP_038	M	3
DGRP_038	F	10
DGRP_038	F	6
DGRP_038	F	5
DGRP_038	M	26
DGRP_038	M	24
DGRP_038	M	17
DGRP_038	F	10
DGRP_038	F	10
DGRP_038	F	7
DGRP_038	M	35
DGRP_038	M	10
DGRP_038	F	10
DGRP_038	F	10
DGRP_038	F	10
DGRP_038	M	14
DGRP_038	M	9
DGRP_038	M	7
DGRP_038	F	14
DGRP_038	F	7
DGRP_038	F	4
DGRP_038	M	21
DGRP_038	M	21
DGRP_038	M	7
DGRP_038	F	7
DGRP_038	F	7
DGRP_038	F	4
DGRP_038	M	21
DGRP_038	M	7
DGRP_038	M	1
DGRP_038	F	21
DGRP_038	F	11
DGRP_038	F	10
DGRP_038	M	17
DGRP_038	M	10
DGRP_038	M	3
DGRP_038	F	17
DGRP_038	F	7
DGRP_038	F	3
DGRP_038	M	38
DGRP_038	M	13
DGRP_038	M	10
DGRP_038	F	10
DGRP_038	F	4
DGRP_038	F	3
DGRP_038	M	21
DGRP_038	M	14
DGRP_038	M	1
DGRP_038	F	10
DGRP_038	F	7
DGRP_038	F	4
DGRP_038	M	38
DGRP_038	M	10
DGRP_038	M	10
DGRP_038	F	11
DGRP_038	F	10
DGRP_038	F	7
DGRP_038	M	17
DGRP_038	M	10
DGRP_038	M	3
DGRP_038	F	14
DGRP_038	F	14
DGRP_038	F	7
DGRP_038	M	35
DGRP_038	M	31
DGRP_038	M	14
DGRP_038	F	11
DGRP_038	F	3
DGRP_038	F	3
DGRP_038	M	35
DGRP_038	M	28
DGRP_038	M	17
DGRP_038	F	11
DGRP_038	F	5
DGRP_038	F	5
DGRP_038	M	7
DGRP_038	M	7
DGRP_038	M	7
DGRP_038	F	7
DGRP_038	F	2
DGRP_038	F	1
DGRP_038	M	14
DGRP_038	M	14
DGRP_038	M	11
DGRP_038	F	14
DGRP_038	F	9
DGRP_038	F	1
DGRP_040	M	45
DGRP_040	M	31
DGRP_040	M	14
DGRP_040	F	31
DGRP_040	F	24
DGRP_040	F	18
DGRP_040	M	38
DGRP_040	M	25
DGRP_040	F	31
DGRP_040	F	31
DGRP_040	F	24
DGRP_040	M	20
DGRP_040	M	19
DGRP_040	M	17
DGRP_040	F	10
DGRP_040	F	3
DGRP_040	F	3
DGRP_040	M	21
DGRP_040	M	8
DGRP_040	F	21
DGRP_040	F	14
DGRP_040	M	24
DGRP_040	M	20
DGRP_040	M	6
DGRP_040	F	21
DGRP_040	F	20
DGRP_040	F	3
DGRP_040	M	17
DGRP_040	M	17
DGRP_040	M	17
DGRP_040	F	7
DGRP_040	F	4
DGRP_040	F	3
DGRP_040	M	31
DGRP_040	M	31
DGRP_040	F	24
DGRP_040	F	20
DGRP_040	F	13
DGRP_040	M	31
DGRP_040	M	17
DGRP_040	M	10
DGRP_040	F	17
DGRP_040	F	17
DGRP_040	F	14
DGRP_040	M	19
DGRP_040	M	17
DGRP_040	M	10
DGRP_040	F	26
DGRP_040	F	24
DGRP_040	F	3
DGRP_040	M	20
DGRP_040	M	17
DGRP_040	M	7
DGRP_040	F	10
DGRP_040	F	3
DGRP_040	F	3
DGRP_040	M	24
DGRP_040	M	18
DGRP_040	M	17
DGRP_040	F	21
DGRP_040	F	19
DGRP_040	F	10
DGRP_040	M	17
DGRP_040	M	10
DGRP_040	M	3
DGRP_040	F	18
DGRP_040	F	14
DGRP_040	F	3
DGRP_040	M	28
DGRP_040	M	28
DGRP_040	M	13
DGRP_040	F	42
DGRP_040	F	35
DGRP_040	F	31
DGRP_040	M	24
DGRP_040	M	24
DGRP_040	M	21
DGRP_040	F	10
DGRP_040	F	3
DGRP_040	F	3
DGRP_040	M	26
DGRP_040	M	24
DGRP_040	M	24
DGRP_040	F	24
DGRP_040	F	10
DGRP_040	F	3
DGRP_040	M	28
DGRP_040	M	21
DGRP_040	M	21
DGRP_040	F	25
DGRP_040	F	23
DGRP_040	F	10
DGRP_040	M	35
DGRP_040	M	31
DGRP_040	M	26
DGRP_040	F	24
DGRP_040	F	17
DGRP_040	F	10
DGRP_040	M	38
DGRP_040	M	33
DGRP_040	M	20
DGRP_040	F	33
DGRP_040	F	33
DGRP_040	F	3
DGRP_040	M	24
DGRP_040	M	17
DGRP_040	M	14
DGRP_040	F	18
DGRP_040	F	17
DGRP_040	F	17
DGRP_040	M	24
DGRP_040	M	14
DGRP_040	M	3
DGRP_040	F	17
DGRP_040	F	17
DGRP_040	F	17
DGRP_040	M	26
DGRP_040	M	17
DGRP_040	M	17
DGRP_040	F	20
DGRP_040	F	20
DGRP_040	F	17
DGRP_040	M	38
DGRP_040	M	24
DGRP_040	M	10
DGRP_040	F	31
DGRP_040	F	17
DGRP_040	F	14
DGRP_040	M	40
DGRP_040	M	28
DGRP_040	M	24
DGRP_040	F	24
DGRP_040	F	24
DGRP_040	F	17
DGRP_040	M	41
DGRP_040	M	31
DGRP_040	M	24
DGRP_040	F	32
DGRP_040	F	31
DGRP_040	F	24
DGRP_041	F	4
DGRP_041	F	42
DGRP_041	F	42
DGRP_041	M	28
DGRP_041	M	35
DGRP_041	M	35
DGRP_041	F	35
DGRP_041	F	42
DGRP_041	M	35
DGRP_041	M	35
DGRP_041	M	37
DGRP_041	F	28
DGRP_041	F	35
DGRP_041	F	35
DGRP_041	M	42
DGRP_041	M	42
DGRP_041	M	49
DGRP_041	F	35
DGRP_041	F	37
DGRP_041	F	42
DGRP_041	M	4
DGRP_041	M	35
DGRP_041	M	42
DGRP_041	F	16
DGRP_041	F	36
DGRP_041	M	28
DGRP_041	M	37
DGRP_041	F	17
DGRP_041	F	31
DGRP_041	F	35
DGRP_041	M	29
DGRP_041	M	35
DGRP_041	M	35
DGRP_041	F	21
DGRP_041	F	35
DGRP_041	M	21
DGRP_041	M	24
DGRP_041	M	28
DGRP_041	F	18
DGRP_041	F	39
DGRP_041	F	39
DGRP_041	M	35
DGRP_041	M	35
DGRP_041	M	46
DGRP_041	F	35
DGRP_041	F	42
DGRP_041	M	28
DGRP_041	M	36
DGRP_041	M	37
DGRP_041	F	21
DGRP_041	F	28
DGRP_041	F	35
DGRP_041	M	35
DGRP_041	M	37
DGRP_041	M	42
DGRP_041	F	24
DGRP_041	F	42
DGRP_041	M	35
DGRP_041	M	35
DGRP_041	F	36
DGRP_041	F	42
DGRP_041	M	15
DGRP_041	M	49
DGRP_041	F	30
DGRP_041	F	15
DGRP_041	F	11
DGRP_041	M	46
DGRP_041	M	28
DGRP_041	M	4
DGRP_041	F	35
DGRP_041	F	35
DGRP_041	F	11
DGRP_041	M	45
DGRP_041	M	43
DGRP_041	M	39
DGRP_041	F	37
DGRP_041	F	35
DGRP_041	F	31
DGRP_041	M	31
DGRP_041	M	28
DGRP_041	M	10
DGRP_041	F	10
DGRP_041	F	9
DGRP_041	F	8
DGRP_041	M	32
DGRP_041	M	32
DGRP_041	M	28
DGRP_041	F	39
DGRP_041	F	37
DGRP_041	F	35
DGRP_041	M	35
DGRP_041	M	31
DGRP_041	M	30
DGRP_041	F	38
DGRP_041	F	28
DGRP_041	F	28
DGRP_041	M	44
DGRP_041	M	36
DGRP_041	M	28
DGRP_041	F	39
DGRP_041	F	38
DGRP_041	F	37
DGRP_041	M	37
DGRP_041	M	28
DGRP_041	M	10
DGRP_041	F	35
DGRP_041	F	32
DGRP_041	F	15
DGRP_041	M	42
DGRP_041	M	32
DGRP_041	F	31
DGRP_041	F	28
DGRP_041	F	28
DGRP_041	M	31
DGRP_041	M	31
DGRP_041	M	28
DGRP_041	F	35
DGRP_041	F	25
DGRP_041	M	32
DGRP_041	M	32
DGRP_041	M	15
DGRP_041	F	32
DGRP_041	F	32
DGRP_041	F	28
DGRP_041	M	32
DGRP_041	M	28
DGRP_041	M	28
DGRP_042	M	28
DGRP_042	M	17
DGRP_042	M	17
DGRP_042	F	31
DGRP_042	F	31
DGRP_042	F	10
DGRP_042	M	24
DGRP_042	M	7
DGRP_042	F	19
DGRP_042	F	17
DGRP_042	F	6
DGRP_042	M	21
DGRP_042	M	19
DGRP_042	M	14
DGRP_042	F	24
DGRP_042	F	21
DGRP_042	F	19
DGRP_042	M	28
DGRP_042	M	28
DGRP_042	M	28
DGRP_042	F	28
DGRP_042	F	24
DGRP_042	F	10
DGRP_042	M	31
DGRP_042	M	28
DGRP_042	M	28
DGRP_042	F	28
DGRP_042	F	28
DGRP_042	F	27
DGRP_042	M	28
DGRP_042	M	17
DGRP_042	M	17
DGRP_042	F	24
DGRP_042	F	17
DGRP_042	F	14
DGRP_042	M	31
DGRP_042	M	31
DGRP_042	M	21
DGRP_042	F	24
DGRP_042	F	21
DGRP_042	F	14
DGRP_042	M	21
DGRP_042	M	21
DGRP_042	M	21
DGRP_042	F	21
DGRP_042	F	21
DGRP_042	F	19
DGRP_042	M	38
DGRP_042	M	31
DGRP_042	M	26
DGRP_042	F	21
DGRP_042	F	17
DGRP_042	F	17
DGRP_042	M	31
DGRP_042	M	24
DGRP_042	M	24
DGRP_042	F	24
DGRP_042	F	24
DGRP_042	F	24
DGRP_042	M	35
DGRP_042	M	31
DGRP_042	M	28
DGRP_042	F	31
DGRP_042	F	28
DGRP_042	F	28
DGRP_042	M	24
DGRP_042	M	21
DGRP_042	M	19
DGRP_042	F	24
DGRP_042	F	21
DGRP_042	F	17
DGRP_042	M	33
DGRP_042	M	28
DGRP_042	M	27
DGRP_042	F	28
DGRP_042	F	17
DGRP_042	F	10
DGRP_042	M	31
DGRP_042	M	21
DGRP_042	F	35
DGRP_042	F	31
DGRP_042	F	24
DGRP_042	M	31
DGRP_042	M	26
DGRP_042	M	19
DGRP_042	F	24
DGRP_042	F	24
DGRP_042	F	17
DGRP_042	M	31
DGRP_042	M	27
DGRP_042	M	24
DGRP_042	F	31
DGRP_042	F	31
DGRP_042	F	24
DGRP_042	M	38
DGRP_042	M	31
DGRP_042	M	3
DGRP_042	F	31
DGRP_042	F	17
DGRP_042	F	17
DGRP_042	M	28
DGRP_042	M	28
DGRP_042	M	17
DGRP_042	F	25
DGRP_042	F	24
DGRP_042	F	17
DGRP_042	M	17
DGRP_042	M	10
DGRP_042	M	7
DGRP_042	F	24
DGRP_042	F	24
DGRP_042	F	19
DGRP_042	M	38
DGRP_042	M	24
DGRP_042	M	21
DGRP_042	F	24
DGRP_042	F	3
DGRP_042	M	24
DGRP_042	M	24
DGRP_042	M	19
DGRP_042	F	24
DGRP_042	F	24
DGRP_042	F	24
DGRP_042	M	31
DGRP_042	M	24
DGRP_042	M	21
DGRP_042	F	24
DGRP_042	F	24
DGRP_042	F	13
DGRP_042	M	31
DGRP_042	M	24
DGRP_042	M	10
DGRP_042	F	31
DGRP_042	F	24
DGRP_042	M	26
DGRP_042	M	21
DGRP_042	M	17
DGRP_042	F	31
DGRP_042	F	17
DGRP_042	F	17
DGRP_045	F	22
DGRP_045	F	24
DGRP_045	F	31
DGRP_045	M	23
DGRP_045	M	23
DGRP_045	F	3
DGRP_045	F	14
DGRP_045	F	21
DGRP_045	M	2
DGRP_045	M	21
DGRP_045	M	21
DGRP_045	F	7
DGRP_045	F	21
DGRP_045	F	31
DGRP_045	M	23
DGRP_045	M	25
DGRP_045	F	11
DGRP_045	F	14
DGRP_045	F	22
DGRP_045	M	21
DGRP_045	M	22
DGRP_045	F	21
DGRP_045	F	23
DGRP_045	F	24
DGRP_045	M	23
DGRP_045	M	23
DGRP_045	M	24
DGRP_045	F	25
DGRP_045	F	25
DGRP_045	F	28
DGRP_045	M	25
DGRP_045	M	28
DGRP_045	F	7
DGRP_045	F	28
DGRP_045	F	35
DGRP_045	M	25
DGRP_045	M	28
DGRP_045	F	14
DGRP_045	F	21
DGRP_045	F	29
DGRP_045	M	28
DGRP_045	M	28
DGRP_045	F	16
DGRP_045	F	21
DGRP_045	F	28
DGRP_045	M	25
DGRP_045	M	28
DGRP_045	M	28
DGRP_045	F	23
DGRP_045	F	30
DGRP_045	F	32
DGRP_045	M	16
DGRP_045	M	21
DGRP_045	M	22
DGRP_045	F	28
DGRP_045	F	30
DGRP_045	F	32
DGRP_045	M	28
DGRP_045	M	28
DGRP_045	M	28
DGRP_045	F	23
DGRP_045	F	23
DGRP_045	F	25
DGRP_045	M	23
DGRP_045	M	23
DGRP_045	M	24
DGRP_045	F	29
DGRP_045	F	16
DGRP_045	F	11
DGRP_045	M	29
DGRP_045	M	29
DGRP_045	M	21
DGRP_045	F	18
DGRP_045	F	11
DGRP_045	F	11
DGRP_045	M	23
DGRP_045	M	21
DGRP_045	M	21
DGRP_045	F	23
DGRP_045	F	11
DGRP_045	F	4
DGRP_045	M	22
DGRP_045	M	22
DGRP_045	M	22
DGRP_045	F	21
DGRP_045	F	11
DGRP_045	F	11
DGRP_045	M	21
DGRP_045	M	21
DGRP_045	M	21
DGRP_045	F	29
DGRP_045	F	29
DGRP_045	F	29
DGRP_045	M	29
DGRP_045	M	29
DGRP_045	M	25
DGRP_045	F	32
DGRP_045	F	30
DGRP_045	F	21
DGRP_045	M	29
DGRP_045	M	24
DGRP_045	M	21
DGRP_045	F	23
DGRP_045	F	21
DGRP_045	F	16
DGRP_045	M	29
DGRP_045	M	23
DGRP_045	M	23
DGRP_045	F	24
DGRP_045	F	15
DGRP_045	F	11
DGRP_045	M	23
DGRP_045	M	23
DGRP_045	M	21
DGRP_045	F	29
DGRP_045	F	29
DGRP_045	F	15
DGRP_045	M	29
DGRP_045	M	22
DGRP_045	M	21
DGRP_045	F	29
DGRP_045	F	18
DGRP_045	F	11
DGRP_045	M	23
DGRP_045	M	22
DGRP_045	M	22
DGRP_049	F	18
DGRP_049	F	32
DGRP_049	M	21
DGRP_049	M	28
DGRP_049	F	32
DGRP_049	F	32
DGRP_049	F	35
DGRP_049	M	21
DGRP_049	M	21
DGRP_049	F	32
DGRP_049	F	35
DGRP_049	F	35
DGRP_049	M	21
DGRP_049	M	30
DGRP_049	F	23
DGRP_049	F	28
DGRP_049	F	37
DGRP_049	M	14
DGRP_049	M	28
DGRP_049	F	21
DGRP_049	F	22
DGRP_049	F	35
DGRP_049	M	32
DGRP_049	M	35
DGRP_049	F	8
DGRP_049	F	14
DGRP_049	F	39
DGRP_049	M	28
DGRP_049	M	28
DGRP_049	F	25
DGRP_049	F	28
DGRP_049	F	35
DGRP_049	M	4
DGRP_049	M	21
DGRP_049	F	14
DGRP_049	F	30
DGRP_049	F	35
DGRP_049	M	23
DGRP_049	M	30
DGRP_049	F	28
DGRP_049	F	37
DGRP_049	F	37
DGRP_049	M	21
DGRP_049	M	30
DGRP_049	F	14
DGRP_049	F	25
DGRP_049	F	32
DGRP_049	M	14
DGRP_049	M	23
DGRP_049	M	23
DGRP_049	F	28
DGRP_049	F	32
DGRP_049	F	32
DGRP_049	M	18
DGRP_049	M	32
DGRP_049	F	28
DGRP_049	F	32
DGRP_049	F	35
DGRP_049	M	28
DGRP_049	M	32
DGRP_049	F	30
DGRP_049	F	28
DGRP_049	F	22
DGRP_049	M	35
DGRP_049	M	24
DGRP_049	M	22
DGRP_049	F	42
DGRP_049	F	28
DGRP_049	F	22
DGRP_049	M	28
DGRP_049	M	28
DGRP_049	M	8
DGRP_049	F	35
DGRP_049	F	30
DGRP_049	F	25
DGRP_049	M	25
DGRP_049	M	22
DGRP_049	M	16
DGRP_049	F	30
DGRP_049	F	28
DGRP_049	M	25
DGRP_049	M	24
DGRP_049	M	22
DGRP_049	F	36
DGRP_049	F	36
DGRP_049	M	25
DGRP_049	M	23
DGRP_049	M	14
DGRP_049	F	36
DGRP_049	F	28
DGRP_049	F	28
DGRP_049	M	36
DGRP_049	M	24
DGRP_049	M	24
DGRP_049	F	35
DGRP_049	F	22
DGRP_049	F	22
DGRP_049	M	31
DGRP_049	M	25
DGRP_049	M	23
DGRP_049	F	28
DGRP_049	F	28
DGRP_049	F	22
DGRP_049	M	28
DGRP_049	M	28
DGRP_049	M	11
DGRP_049	F	28
DGRP_049	F	22
DGRP_049	F	22
DGRP_049	M	8
DGRP_049	M	25
DGRP_049	M	18
DGRP_049	F	28
DGRP_049	F	28
DGRP_049	F	24
DGRP_049	M	25
DGRP_049	M	22
DGRP_049	M	22
DGRP_049	F	30
DGRP_049	F	28
DGRP_049	F	28
DGRP_049	M	29
DGRP_049	M	28
DGRP_049	M	28
DGRP_049	F	38
DGRP_049	F	32
DGRP_049	M	36
DGRP_049	M	28
DGRP_049	M	28
DGRP_057	F	35
DGRP_057	F	42
DGRP_057	F	46
DGRP_057	M	35
DGRP_057	M	35
DGRP_057	F	14
DGRP_057	F	35
DGRP_057	F	35
DGRP_057	M	35
DGRP_057	M	35
DGRP_057	M	35
DGRP_057	F	14
DGRP_057	F	23
DGRP_057	F	35
DGRP_057	M	16
DGRP_057	M	35
DGRP_057	F	35
DGRP_057	F	35
DGRP_057	F	42
DGRP_057	M	28
DGRP_057	M	35
DGRP_057	M	35
DGRP_057	F	28
DGRP_057	F	35
DGRP_057	F	35
DGRP_057	M	14
DGRP_057	M	22
DGRP_057	M	28
DGRP_057	F	28
DGRP_057	F	35
DGRP_057	F	43
DGRP_057	M	28
DGRP_057	M	28
DGRP_057	M	28
DGRP_057	F	35
DGRP_057	F	49
DGRP_057	M	35
DGRP_057	M	35
DGRP_057	F	35
DGRP_057	F	49
DGRP_057	M	42
DGRP_057	M	44
DGRP_057	F	7
DGRP_057	F	35
DGRP_057	F	35
DGRP_057	M	28
DGRP_057	M	35
DGRP_057	M	35
DGRP_057	F	17
DGRP_057	F	30
DGRP_057	F	35
DGRP_057	M	28
DGRP_057	M	28
DGRP_057	F	14
DGRP_057	F	35
DGRP_057	F	35
DGRP_057	M	35
DGRP_057	M	35
DGRP_057	F	29
DGRP_057	F	35
DGRP_057	F	35
DGRP_057	M	29
DGRP_057	M	30
DGRP_057	F	32
DGRP_057	F	32
DGRP_057	F	30
DGRP_057	M	28
DGRP_057	M	16
DGRP_057	M	11
DGRP_057	F	42
DGRP_057	F	31
DGRP_057	F	31
DGRP_057	M	39
DGRP_057	M	35
DGRP_057	M	31
DGRP_057	F	45
DGRP_057	F	39
DGRP_057	F	38
DGRP_057	M	35
DGRP_057	M	17
DGRP_057	M	15
DGRP_057	F	42
DGRP_057	F	32
DGRP_057	F	31
DGRP_057	M	32
DGRP_057	M	30
DGRP_057	M	18
DGRP_057	F	38
DGRP_057	F	37
DGRP_057	F	31
DGRP_057	M	31
DGRP_057	M	31
DGRP_057	M	28
DGRP_057	F	44
DGRP_057	F	43
DGRP_057	F	42
DGRP_057	M	35
DGRP_057	M	35
DGRP_057	M	17
DGRP_057	F	42
DGRP_057	F	42
DGRP_057	M	32
DGRP_057	M	28
DGRP_057	M	21
DGRP_057	F	46
DGRP_057	F	18
DGRP_057	F	10
DGRP_057	M	31
DGRP_057	M	30
DGRP_057	M	28
DGRP_057	F	32
DGRP_057	F	31
DGRP_057	F	30
DGRP_057	M	28
DGRP_057	M	25
DGRP_057	M	11
DGRP_057	F	42
DGRP_057	F	32
DGRP_057	F	32
DGRP_057	M	32
DGRP_057	M	21
DGRP_057	M	21
DGRP_059	F	31
DGRP_059	F	40
DGRP_059	M	31
DGRP_059	M	38
DGRP_059	F	7
DGRP_059	F	28
DGRP_059	F	38
DGRP_059	M	24
DGRP_059	M	38
DGRP_059	M	38
DGRP_059	F	26
DGRP_059	F	28
DGRP_059	F	33
DGRP_059	M	14
DGRP_059	M	24
DGRP_059	M	35
DGRP_059	F	14
DGRP_059	F	41
DGRP_059	M	24
DGRP_059	M	38
DGRP_059	M	38
DGRP_059	F	31
DGRP_059	F	38
DGRP_059	F	38
DGRP_059	M	26
DGRP_059	M	33
DGRP_059	F	31
DGRP_059	F	31
DGRP_059	F	38
DGRP_059	M	5
DGRP_059	M	40
DGRP_059	F	17
DGRP_059	F	26
DGRP_059	F	31
DGRP_059	M	28
DGRP_059	M	39
DGRP_059	F	14
DGRP_059	F	24
DGRP_059	M	38
DGRP_059	M	45
DGRP_059	F	12
DGRP_059	F	35
DGRP_059	F	38
DGRP_059	M	31
DGRP_059	M	31
DGRP_059	M	31
DGRP_059	F	38
DGRP_059	F	45
DGRP_059	F	45
DGRP_059	M	14
DGRP_059	M	31
DGRP_059	M	45
DGRP_059	F	31
DGRP_059	F	31
DGRP_059	F	33
DGRP_059	M	5
DGRP_059	M	31
DGRP_059	M	31
DGRP_059	F	31
DGRP_059	F	33
DGRP_059	M	33
DGRP_059	M	38
DGRP_059	F	32
DGRP_059	F	32
DGRP_059	F	32
DGRP_059	M	41
DGRP_059	M	32
DGRP_059	M	24
DGRP_059	F	28
DGRP_059	F	19
DGRP_059	F	14
DGRP_059	M	34
DGRP_059	M	34
DGRP_059	M	17
DGRP_059	F	32
DGRP_059	F	32
DGRP_059	F	32
DGRP_059	M	35
DGRP_059	M	32
DGRP_059	M	28
DGRP_059	F	35
DGRP_059	F	32
DGRP_059	F	32
DGRP_059	M	32
DGRP_059	M	28
DGRP_059	M	14
DGRP_059	F	34
DGRP_059	F	32
DGRP_059	F	24
DGRP_059	M	32
DGRP_059	M	32
DGRP_059	M	28
DGRP_059	F	32
DGRP_059	F	32
DGRP_059	F	32
DGRP_059	M	32
DGRP_059	M	20
DGRP_059	M	20
DGRP_059	F	41
DGRP_059	F	32
DGRP_059	F	24
DGRP_059	M	32
DGRP_059	M	32
DGRP_059	M	32
DGRP_059	F	25
DGRP_059	F	14
DGRP_059	M	46
DGRP_059	M	32
DGRP_059	M	17
DGRP_059	F	32
DGRP_059	F	24
DGRP_059	F	21
DGRP_059	M	41
DGRP_059	M	21
DGRP_059	F	24
DGRP_059	F	18
DGRP_059	M	33
DGRP_059	M	32
DGRP_059	F	35
DGRP_059	F	32
DGRP_059	F	24
DGRP_059	M	41
DGRP_059	M	38
DGRP_059	M	28
DGRP_059	F	32
DGRP_059	F	24
DGRP_059	F	17
DGRP_059	M	38
DGRP_059	M	32
DGRP_069	M	31
DGRP_069	M	31
DGRP_069	M	31
DGRP_069	F	32
DGRP_069	F	31
DGRP_069	F	6
DGRP_069	M	31
DGRP_069	M	19
DGRP_069	M	19
DGRP_069	F	38
DGRP_069	F	28
DGRP_069	F	28
DGRP_069	M	45
DGRP_069	M	33
DGRP_069	M	18
DGRP_069	F	38
DGRP_069	F	34
DGRP_069	F	33
DGRP_069	M	46
DGRP_069	M	31
DGRP_069	M	21
DGRP_069	F	17
DGRP_069	F	10
DGRP_069	M	40
DGRP_069	M	31
DGRP_069	M	19
DGRP_069	F	31
DGRP_069	F	14
DGRP_069	M	38
DGRP_069	M	38
DGRP_069	M	38
DGRP_069	F	38
DGRP_069	F	33
DGRP_069	F	31
DGRP_069	M	31
DGRP_069	M	31
DGRP_069	M	12
DGRP_069	F	34
DGRP_069	F	28
DGRP_069	F	21
DGRP_069	M	33
DGRP_069	M	24
DGRP_069	M	20
DGRP_069	F	34
DGRP_069	F	32
DGRP_069	F	3
DGRP_069	M	47
DGRP_069	M	46
DGRP_069	M	31
DGRP_069	F	24
DGRP_069	F	24
DGRP_069	F	24
DGRP_069	M	32
DGRP_069	M	31
DGRP_069	M	28
DGRP_069	F	31
DGRP_069	F	31
DGRP_069	F	28
DGRP_069	M	42
DGRP_069	M	38
DGRP_069	M	31
DGRP_069	F	28
DGRP_069	F	24
DGRP_069	F	10
DGRP_069	M	40
DGRP_069	M	32
DGRP_069	M	17
DGRP_069	F	31
DGRP_069	F	31
DGRP_069	F	17
DGRP_069	M	33
DGRP_069	M	33
DGRP_069	F	31
DGRP_069	F	26
DGRP_069	F	5
DGRP_069	M	33
DGRP_069	M	14
DGRP_069	F	33
DGRP_069	F	24
DGRP_069	F	19
DGRP_069	M	33
DGRP_069	M	31
DGRP_069	M	21
DGRP_069	F	38
DGRP_069	F	32
DGRP_069	F	17
DGRP_069	M	48
DGRP_069	M	31
DGRP_069	M	24
DGRP_069	F	33
DGRP_069	F	31
DGRP_069	F	26
DGRP_069	M	26
DGRP_069	M	24
DGRP_069	F	39
DGRP_069	F	38
DGRP_069	F	4
DGRP_069	M	47
DGRP_069	M	28
DGRP_069	M	26
DGRP_069	F	31
DGRP_069	F	5
DGRP_069	M	28
DGRP_069	M	26
DGRP_069	M	24
DGRP_069	F	31
DGRP_069	F	28
DGRP_069	F	10
DGRP_069	M	31
DGRP_069	M	31
DGRP_069	M	27
DGRP_069	F	31
DGRP_069	F	28
DGRP_069	F	28
DGRP_069	M	21
DGRP_069	M	17
DGRP_069	M	17
DGRP_069	F	32
DGRP_069	F	32
DGRP_069	F	31
DGRP_069	M	33
DGRP_069	M	27
DGRP_069	M	17
DGRP_069	F	52
DGRP_069	F	35
DGRP_069	F	12
DGRP_069	M	45
DGRP_069	M	45
DGRP_069	M	40
DGRP_069	F	41
DGRP_069	F	26
DGRP_069	F	17
DGRP_073	M	31
DGRP_073	M	17
DGRP_073	M	12
DGRP_073	F	27
DGRP_073	F	20
DGRP_073	F	12
DGRP_073	M	24
DGRP_073	M	24
DGRP_073	M	14
DGRP_073	F	31
DGRP_073	F	19
DGRP_073	F	10
DGRP_073	M	33
DGRP_073	M	11
DGRP_073	F	33
DGRP_073	F	33
DGRP_073	F	31
DGRP_073	M	31
DGRP_073	M	14
DGRP_073	M	10
DGRP_073	F	31
DGRP_073	F	21
DGRP_073	F	17
DGRP_073	M	24
DGRP_073	M	13
DGRP_073	M	3
DGRP_073	F	31
DGRP_073	F	31
DGRP_073	F	27
DGRP_073	M	19
DGRP_073	M	17
DGRP_073	M	11
DGRP_073	F	31
DGRP_073	F	24
DGRP_073	F	6
DGRP_073	M	24
DGRP_073	M	24
DGRP_073	M	17
DGRP_073	F	35
DGRP_073	F	35
DGRP_073	F	19
DGRP_073	M	31
DGRP_073	M	28
DGRP_073	M	19
DGRP_073	F	33
DGRP_073	F	24
DGRP_073	F	3
DGRP_073	M	24
DGRP_073	M	19
DGRP_073	M	19
DGRP_073	F	31
DGRP_073	F	31
DGRP_073	F	21
DGRP_073	M	31
DGRP_073	M	14
DGRP_073	M	14
DGRP_073	F	21
DGRP_073	F	20
DGRP_073	F	10
DGRP_073	M	24
DGRP_073	M	18
DGRP_073	M	7
DGRP_073	F	31
DGRP_073	F	31
DGRP_073	F	31
DGRP_073	M	17
DGRP_073	M	10
DGRP_073	M	10
DGRP_073	F	31
DGRP_073	F	31
DGRP_073	F	28
DGRP_073	M	27
DGRP_073	M	26
DGRP_073	F	28
DGRP_073	F	26
DGRP_073	F	24
DGRP_073	M	26
DGRP_073	M	17
DGRP_073	M	14
DGRP_073	F	33
DGRP_073	F	31
DGRP_073	F	28
DGRP_073	M	24
DGRP_073	M	24
DGRP_073	M	10
DGRP_073	F	32
DGRP_073	F	31
DGRP_073	F	13
DGRP_073	M	31
DGRP_073	M	28
DGRP_073	M	25
DGRP_073	F	26
DGRP_073	F	24
DGRP_073	F	12
DGRP_073	M	31
DGRP_073	M	26
DGRP_073	M	14
DGRP_073	F	31
DGRP_073	F	14
DGRP_073	F	10
DGRP_073	M	26
DGRP_073	M	19
DGRP_073	M	17
DGRP_073	F	31
DGRP_073	F	11
DGRP_073	F	10
DGRP_073	M	17
DGRP_073	M	10
DGRP_073	M	3
DGRP_073	F	42
DGRP_073	F	41
DGRP_073	F	17
DGRP_073	M	24
DGRP_073	M	17
DGRP_073	M	3
DGRP_073	F	24
DGRP_073	F	12
DGRP_073	F	4
DGRP_073	M	31
DGRP_073	M	24
DGRP_073	M	17
DGRP_073	F	31
DGRP_073	F	24
DGRP_073	F	21
DGRP_073	M	24
DGRP_073	M	24
DGRP_073	M	12
DGRP_073	F	32
DGRP_073	F	21
DGRP_073	F	21
DGRP_073	M	27
DGRP_073	M	19
DGRP_073	M	17
DGRP_073	F	27
DGRP_073	F	21
DGRP_073	F	3
DGRP_073	M	26
DGRP_073	M	17
DGRP_073	M	17
DGRP_073	F	31
DGRP_073	F	24
DGRP_075	M	34
DGRP_075	M	31
DGRP_075	M	25
DGRP_075	F	38
DGRP_075	F	35
DGRP_075	F	35
DGRP_075	M	31
DGRP_075	M	31
DGRP_075	M	31
DGRP_075	F	45
DGRP_075	F	31
DGRP_075	F	28
DGRP_075	M	31
DGRP_075	M	10
DGRP_075	M	3
DGRP_075	F	52
DGRP_075	F	7
DGRP_075	F	3
DGRP_075	M	41
DGRP_075	M	35
DGRP_075	M	34
DGRP_075	F	45
DGRP_075	F	42
DGRP_075	F	31
DGRP_075	M	47
DGRP_075	M	45
DGRP_075	M	35
DGRP_075	F	45
DGRP_075	F	38
DGRP_075	F	28
DGRP_075	M	35
DGRP_075	M	31
DGRP_075	M	5
DGRP_075	F	49
DGRP_075	F	45
DGRP_075	F	5
DGRP_075	M	38
DGRP_075	M	38
DGRP_075	M	31
DGRP_075	F	48
DGRP_075	F	40
DGRP_075	F	3
DGRP_075	M	38
DGRP_075	M	14
DGRP_075	M	10
DGRP_075	F	38
DGRP_075	F	38
DGRP_075	F	6
DGRP_075	M	31
DGRP_075	M	31
DGRP_075	M	31
DGRP_075	F	52
DGRP_075	F	33
DGRP_075	F	10
DGRP_075	M	49
DGRP_075	M	38
DGRP_075	M	28
DGRP_075	F	31
DGRP_075	F	10
DGRP_075	F	6
DGRP_075	M	31
DGRP_075	M	31
DGRP_075	M	31
DGRP_075	F	45
DGRP_075	F	28
DGRP_075	F	5
DGRP_075	M	45
DGRP_075	M	42
DGRP_075	M	31
DGRP_075	F	45
DGRP_075	F	24
DGRP_075	F	17
DGRP_075	M	38
DGRP_075	M	38
DGRP_075	M	33
DGRP_075	F	52
DGRP_075	F	24
DGRP_075	M	6
DGRP_075	M	3
DGRP_075	F	34
DGRP_075	F	24
DGRP_075	F	6
DGRP_075	M	38
DGRP_075	M	38
DGRP_075	M	26
DGRP_075	F	34
DGRP_075	F	10
DGRP_075	F	3
DGRP_075	M	38
DGRP_075	M	34
DGRP_075	M	10
DGRP_075	F	52
DGRP_075	F	42
DGRP_075	F	5
DGRP_075	M	45
DGRP_075	M	38
DGRP_075	M	38
DGRP_075	F	49
DGRP_075	F	49
DGRP_075	F	38
DGRP_075	M	45
DGRP_075	M	31
DGRP_075	M	12
DGRP_075	F	55
DGRP_075	F	10
DGRP_075	M	38
DGRP_075	M	17
DGRP_075	M	7
DGRP_075	F	46
DGRP_075	F	3
DGRP_075	F	3
DGRP_075	M	47
DGRP_075	M	45
DGRP_075	M	38
DGRP_075	F	47
DGRP_075	F	40
DGRP_075	F	3
DGRP_075	M	41
DGRP_075	M	38
DGRP_075	M	18
DGRP_075	F	52
DGRP_075	F	42
DGRP_075	F	38
DGRP_075	M	38
DGRP_075	M	38
DGRP_075	M	17
DGRP_075	F	59
DGRP_075	F	3
DGRP_083	M	7
DGRP_083	M	4
DGRP_083	M	4
DGRP_083	F	25
DGRP_083	F	23
DGRP_083	F	7
DGRP_083	M	29
DGRP_083	M	4
DGRP_083	M	4
DGRP_083	F	42
DGRP_083	F	25
DGRP_083	F	7
DGRP_083	M	17
DGRP_083	M	10
DGRP_083	M	4
DGRP_083	F	31
DGRP_083	F	12
DGRP_083	M	28
DGRP_083	M	11
DGRP_083	M	1
DGRP_083	F	9
DGRP_083	F	7
DGRP_083	M	14
DGRP_083	M	4
DGRP_083	M	1
DGRP_083	F	28
DGRP_083	F	7
DGRP_083	F	2
DGRP_083	M	14
DGRP_083	M	4
DGRP_083	M	1
DGRP_083	F	35
DGRP_083	F	16
DGRP_083	F	14
DGRP_083	M	11
DGRP_083	M	4
DGRP_083	M	4
DGRP_083	F	35
DGRP_083	F	9
DGRP_083	F	1
DGRP_083	M	21
DGRP_083	M	14
DGRP_083	M	11
DGRP_083	F	35
DGRP_083	F	23
DGRP_083	F	4
DGRP_083	M	25
DGRP_083	M	5
DGRP_083	F	24
DGRP_083	F	5
DGRP_083	F	3
DGRP_083	M	3
DGRP_083	M	3
DGRP_083	F	31
DGRP_083	F	5
DGRP_083	F	5
DGRP_083	M	21
DGRP_083	M	18
DGRP_083	M	16
DGRP_083	F	49
DGRP_083	F	14
DGRP_083	M	25
DGRP_083	M	21
DGRP_083	M	18
DGRP_083	F	25
DGRP_083	F	25
DGRP_083	F	11
DGRP_083	M	28
DGRP_083	M	16
DGRP_083	M	14
DGRP_083	F	25
DGRP_083	F	21
DGRP_083	M	5
DGRP_083	M	3
DGRP_083	M	3
DGRP_083	F	10
DGRP_083	F	3
DGRP_083	F	3
DGRP_083	M	11
DGRP_083	M	7
DGRP_083	M	3
DGRP_083	F	14
DGRP_083	F	7
DGRP_083	F	7
DGRP_083	M	16
DGRP_083	M	11
DGRP_083	M	10
DGRP_083	F	16
DGRP_083	F	10
DGRP_083	F	1
DGRP_083	M	28
DGRP_083	M	17
DGRP_083	M	2
DGRP_083	F	14
DGRP_083	F	4
DGRP_083	F	1
DGRP_083	M	15
DGRP_083	M	9
DGRP_083	M	1
DGRP_083	F	29
DGRP_083	F	21
DGRP_083	F	21
DGRP_083	M	10
DGRP_083	M	7
DGRP_083	M	2
DGRP_083	F	21
DGRP_083	F	7
DGRP_083	F	1
DGRP_083	M	28
DGRP_083	M	1
DGRP_083	F	28
DGRP_083	F	7
DGRP_083	M	17
DGRP_083	M	12
DGRP_083	M	3
DGRP_083	F	17
DGRP_083	F	5
DGRP_083	F	3
DGRP_083	M	14
DGRP_083	M	16
DGRP_083	M	3
DGRP_083	F	14
DGRP_083	F	16
DGRP_083	M	14
DGRP_083	M	14
DGRP_083	M	2
DGRP_083	F	14
DGRP_083	F	4
DGRP_085	M	38
DGRP_085	M	31
DGRP_085	M	26
DGRP_085	F	41
DGRP_085	F	38
DGRP_085	F	24
DGRP_085	M	28
DGRP_085	M	25
DGRP_085	M	24
DGRP_085	F	38
DGRP_085	F	31
DGRP_085	F	31
DGRP_085	M	26
DGRP_085	M	26
DGRP_085	M	10
DGRP_085	F	41
DGRP_085	F	27
DGRP_085	F	10
DGRP_085	M	24
DGRP_085	M	17
DGRP_085	M	10
DGRP_085	F	45
DGRP_085	F	42
DGRP_085	F	28
DGRP_085	M	28
DGRP_085	M	17
DGRP_085	M	6
DGRP_085	F	42
DGRP_085	F	42
DGRP_085	F	38
DGRP_085	M	31
DGRP_085	M	26
DGRP_085	F	40
DGRP_085	F	38
DGRP_085	F	38
DGRP_085	M	26
DGRP_085	M	17
DGRP_085	M	10
DGRP_085	F	52
DGRP_085	F	33
DGRP_085	F	28
DGRP_085	M	24
DGRP_085	M	3
DGRP_085	M	3
DGRP_085	F	40
DGRP_085	F	38
DGRP_085	F	24
DGRP_085	M	26
DGRP_085	M	17
DGRP_085	M	10
DGRP_085	F	28
DGRP_085	F	28
DGRP_085	F	4
DGRP_085	M	33
DGRP_085	M	24
DGRP_085	M	21
DGRP_085	F	26
DGRP_085	F	19
DGRP_085	F	3
DGRP_085	M	31
DGRP_085	M	28
DGRP_085	M	24
DGRP_085	F	45
DGRP_085	F	45
DGRP_085	F	31
DGRP_085	M	28
DGRP_085	M	24
DGRP_085	M	24
DGRP_085	F	39
DGRP_085	F	18
DGRP_085	F	3
DGRP_085	M	21
DGRP_085	M	17
DGRP_085	M	5
DGRP_085	F	45
DGRP_085	F	35
DGRP_085	F	35
DGRP_085	M	32
DGRP_085	M	17
DGRP_085	M	18
DGRP_085	F	47
DGRP_085	F	47
DGRP_085	F	33
DGRP_085	M	10
DGRP_085	F	47
DGRP_085	F	38
DGRP_085	F	10
DGRP_085	M	21
DGRP_085	M	12
DGRP_085	F	52
DGRP_085	F	17
DGRP_085	F	12
DGRP_085	M	31
DGRP_085	M	17
DGRP_085	F	38
DGRP_085	F	35
DGRP_085	F	18
DGRP_085	M	33
DGRP_085	M	31
DGRP_085	M	31
DGRP_085	F	38
DGRP_085	F	38
DGRP_085	F	38
DGRP_085	M	24
DGRP_085	M	21
DGRP_085	M	3
DGRP_085	F	41
DGRP_085	F	24
DGRP_085	M	31
DGRP_085	M	26
DGRP_085	M	25
DGRP_085	F	52
DGRP_085	F	47
DGRP_085	F	24
DGRP_085	M	31
DGRP_085	M	24
DGRP_085	M	17
DGRP_085	F	40
DGRP_085	F	31
DGRP_085	F	28
DGRP_085	M	24
DGRP_085	M	17
DGRP_085	F	42
DGRP_085	F	24
DGRP_085	F	24
DGRP_085	M	33
DGRP_085	M	19
DGRP_085	F	45
DGRP_085	F	38
DGRP_085	F	18
DGRP_085	M	17
DGRP_085	M	10
DGRP_085	M	4
DGRP_085	F	40
DGRP_085	F	35
DGRP_085	F	10
DGRP_088	M	26
DGRP_088	M	26
DGRP_088	M	26
DGRP_088	F	38
DGRP_088	F	28
DGRP_088	F	24
DGRP_088	M	24
DGRP_088	M	17
DGRP_088	F	38
DGRP_088	F	38
DGRP_088	F	31
DGRP_088	M	45
DGRP_088	M	28
DGRP_088	F	31
DGRP_088	F	26
DGRP_088	F	24
DGRP_088	M	35
DGRP_088	M	24
DGRP_088	F	38
DGRP_088	F	26
DGRP_088	F	24
DGRP_088	M	38
DGRP_088	M	24
DGRP_088	M	24
DGRP_088	F	35
DGRP_088	F	31
DGRP_088	F	24
DGRP_088	M	24
DGRP_088	M	24
DGRP_088	M	24
DGRP_088	F	38
DGRP_088	F	24
DGRP_088	F	24
DGRP_088	M	45
DGRP_088	M	42
DGRP_088	M	24
DGRP_088	F	31
DGRP_088	F	21
DGRP_088	M	35
DGRP_088	M	35
DGRP_088	M	7
DGRP_088	F	38
DGRP_088	F	5
DGRP_088	F	4
DGRP_088	M	24
DGRP_088	M	24
DGRP_088	M	17
DGRP_088	F	38
DGRP_088	F	17
DGRP_088	F	10
DGRP_088	M	38
DGRP_088	M	20
DGRP_088	M	17
DGRP_088	F	24
DGRP_088	F	24
DGRP_088	F	24
DGRP_088	M	40
DGRP_088	M	18
DGRP_088	M	17
DGRP_088	F	25
DGRP_088	F	17
DGRP_088	M	40
DGRP_088	M	31
DGRP_088	M	5
DGRP_088	F	31
DGRP_088	F	17
DGRP_088	F	17
DGRP_088	M	38
DGRP_088	M	17
DGRP_088	M	14
DGRP_088	F	38
DGRP_088	F	17
DGRP_088	F	17
DGRP_088	M	33
DGRP_088	M	24
DGRP_088	M	17
DGRP_088	F	34
DGRP_088	F	31
DGRP_088	F	18
DGRP_088	M	45
DGRP_088	M	4
DGRP_088	F	24
DGRP_088	F	19
DGRP_088	M	40
DGRP_088	M	19
DGRP_088	F	31
DGRP_088	F	28
DGRP_088	F	17
DGRP_088	M	42
DGRP_088	M	38
DGRP_088	F	31
DGRP_088	F	28
DGRP_088	M	31
DGRP_088	M	21
DGRP_088	F	38
DGRP_088	F	34
DGRP_088	M	48
DGRP_088	M	38
DGRP_088	F	38
DGRP_088	F	28
DGRP_088	M	31
DGRP_088	M	31
DGRP_088	F	34
DGRP_088	F	31
DGRP_088	F	31
DGRP_088	M	35
DGRP_088	M	31
DGRP_088	M	27
DGRP_088	F	38
DGRP_088	F	34
DGRP_088	F	21
DGRP_088	M	35
DGRP_088	M	26
DGRP_088	M	24
DGRP_088	F	19
DGRP_088	F	12
DGRP_091	M	32
DGRP_091	M	24
DGRP_091	M	10
DGRP_091	F	38
DGRP_091	F	34
DGRP_091	F	33
DGRP_091	M	28
DGRP_091	M	24
DGRP_091	M	18
DGRP_091	F	45
DGRP_091	F	35
DGRP_091	F	35
DGRP_091	M	24
DGRP_091	M	21
DGRP_091	M	10
DGRP_091	F	38
DGRP_091	F	35
DGRP_091	F	28
DGRP_091	M	24
DGRP_091	M	24
DGRP_091	F	33
DGRP_091	F	31
DGRP_091	F	24
DGRP_091	M	33
DGRP_091	M	31
DGRP_091	M	17
DGRP_091	F	35
DGRP_091	F	33
DGRP_091	F	33
DGRP_091	M	31
DGRP_091	M	24
DGRP_091	M	18
DGRP_091	F	26
DGRP_091	F	24
DGRP_091	F	20
DGRP_091	M	26
DGRP_091	M	26
DGRP_091	M	24
DGRP_091	F	39
DGRP_091	F	35
DGRP_091	F	27
DGRP_091	M	31
DGRP_091	M	21
DGRP_091	M	17
DGRP_091	F	35
DGRP_091	F	26
DGRP_091	F	19
DGRP_091	M	35
DGRP_091	M	28
DGRP_091	M	21
DGRP_091	F	33
DGRP_091	F	28
DGRP_091	F	19
DGRP_091	M	38
DGRP_091	M	28
DGRP_091	M	27
DGRP_091	F	28
DGRP_091	F	28
DGRP_091	F	6
DGRP_091	M	45
DGRP_091	M	39
DGRP_091	M	26
DGRP_091	F	26
DGRP_091	F	24
DGRP_091	F	17
DGRP_091	M	38
DGRP_091	M	35
DGRP_091	M	35
DGRP_091	F	27
DGRP_091	F	24
DGRP_091	F	18
DGRP_091	M	24
DGRP_091	M	24
DGRP_091	M	3
DGRP_091	F	42
DGRP_091	F	42
DGRP_091	M	31
DGRP_091	M	12
DGRP_091	F	31
DGRP_091	F	24
DGRP_091	F	24
DGRP_091	M	25
DGRP_091	M	17
DGRP_091	F	40
DGRP_091	F	38
DGRP_091	F	24
DGRP_091	M	38
DGRP_091	M	24
DGRP_091	M	14
DGRP_091	F	38
DGRP_091	F	31
DGRP_091	F	28
DGRP_091	M	31
DGRP_091	M	31
DGRP_091	M	28
DGRP_091	F	41
DGRP_091	F	38
DGRP_091	F	33
DGRP_091	M	28
DGRP_091	M	3
DGRP_091	F	32
DGRP_091	F	31
DGRP_091	F	31
DGRP_091	M	17
DGRP_091	M	12
DGRP_091	F	40
DGRP_091	F	31
DGRP_091	F	27
DGRP_091	M	31
DGRP_091	M	26
DGRP_091	M	24
DGRP_091	F	33
DGRP_091	F	31
DGRP_091	F	26
DGRP_091	M	34
DGRP_091	M	31
DGRP_091	M	17
DGRP_091	F	40
DGRP_091	F	35
DGRP_091	F	31
DGRP_091	M	17
DGRP_091	M	17
DGRP_091	F	40
DGRP_091	F	7
DGRP_091	M	38
DGRP_091	M	33
DGRP_091	M	26
DGRP_091	F	31
DGRP_091	F	12
DGRP_091	F	11
DGRP_093	M	34
DGRP_093	M	31
DGRP_093	M	31
DGRP_093	F	28
DGRP_093	F	28
DGRP_093	F	28
DGRP_093	M	27
DGRP_093	M	17
DGRP_093	M	17
DGRP_093	F	31
DGRP_093	F	31
DGRP_093	F	17
DGRP_093	M	31
DGRP_093	M	19
DGRP_093	M	18
DGRP_093	F	31
DGRP_093	F	28
DGRP_093	M	28
DGRP_093	M	24
DGRP_093	M	18
DGRP_093	F	31
DGRP_093	F	25
DGRP_093	F	3
DGRP_093	M	25
DGRP_093	M	17
DGRP_093	F	31
DGRP_093	F	20
DGRP_093	F	19
DGRP_093	M	31
DGRP_093	M	28
DGRP_093	M	27
DGRP_093	F	31
DGRP_093	F	27
DGRP_093	F	27
DGRP_093	M	31
DGRP_093	M	31
DGRP_093	M	26
DGRP_093	F	31
DGRP_093	F	28
DGRP_093	F	28
DGRP_093	M	31
DGRP_093	M	31
DGRP_093	M	31
DGRP_093	F	28
DGRP_093	F	26
DGRP_093	F	21
DGRP_093	M	33
DGRP_093	M	31
DGRP_093	M	28
DGRP_093	F	31
DGRP_093	F	28
DGRP_093	F	28
DGRP_093	M	34
DGRP_093	M	31
DGRP_093	M	18
DGRP_093	F	31
DGRP_093	F	25
DGRP_093	F	7
DGRP_093	M	27
DGRP_093	M	27
DGRP_093	M	27
DGRP_093	F	28
DGRP_093	F	27
DGRP_093	F	27
DGRP_093	M	31
DGRP_093	M	31
DGRP_093	M	26
DGRP_093	F	31
DGRP_093	F	31
DGRP_093	F	11
DGRP_093	M	27
DGRP_093	M	10
DGRP_093	M	10
DGRP_093	F	35
DGRP_093	F	21
DGRP_093	F	21
DGRP_093	M	27
DGRP_093	M	10
DGRP_093	M	10
DGRP_093	F	28
DGRP_093	F	28
DGRP_093	M	28
DGRP_093	M	26
DGRP_093	M	26
DGRP_093	F	28
DGRP_093	F	27
DGRP_093	F	10
DGRP_093	M	26
DGRP_093	M	26
DGRP_093	M	26
DGRP_093	F	10
DGRP_093	F	3
DGRP_093	M	28
DGRP_093	M	24
DGRP_093	F	28
DGRP_093	F	28
DGRP_093	F	12
DGRP_093	M	26
DGRP_093	M	24
DGRP_093	M	7
DGRP_093	F	28
DGRP_093	F	26
DGRP_093	F	24
DGRP_093	M	26
DGRP_093	M	10
DGRP_093	M	10
DGRP_093	F	31
DGRP_093	F	28
DGRP_093	F	26
DGRP_093	M	31
DGRP_093	M	28
DGRP_093	M	17
DGRP_093	F	31
DGRP_093	F	31
DGRP_093	F	26
DGRP_093	M	26
DGRP_093	M	26
DGRP_093	M	11
DGRP_093	F	26
DGRP_093	F	25
DGRP_093	F	17
DGRP_093	M	20
DGRP_093	M	11
DGRP_093	F	31
DGRP_093	F	28
DGRP_093	F	19
DGRP_093	M	14
DGRP_093	M	10
DGRP_093	M	10
DGRP_093	F	31
DGRP_093	F	31
DGRP_093	F	28
DGRP_101	M	42
DGRP_101	M	38
DGRP_101	M	17
DGRP_101	F	38
DGRP_101	F	38
DGRP_101	F	28
DGRP_101	M	38
DGRP_101	M	35
DGRP_101	M	10
DGRP_101	F	38
DGRP_101	F	35
DGRP_101	F	35
DGRP_101	M	35
DGRP_101	M	33
DGRP_101	M	3
DGRP_101	F	38
DGRP_101	F	35
DGRP_101	F	5
DGRP_101	M	56
DGRP_101	M	45
DGRP_101	M	33
DGRP_101	F	38
DGRP_101	F	38
DGRP_101	F	34
DGRP_101	M	45
DGRP_101	M	38
DGRP_101	F	42
DGRP_101	F	40
DGRP_101	F	24
DGRP_101	M	38
DGRP_101	M	35
DGRP_101	M	24
DGRP_101	F	38
DGRP_101	F	35
DGRP_101	F	31
DGRP_101	M	38
DGRP_101	M	38
DGRP_101	M	31
DGRP_101	F	38
DGRP_101	F	38
DGRP_101	F	34
DGRP_101	M	35
DGRP_101	M	31
DGRP_101	M	7
DGRP_101	F	38
DGRP_101	F	38
DGRP_101	F	38
DGRP_101	M	38
DGRP_101	M	35
DGRP_101	F	42
DGRP_101	F	33
DGRP_101	F	4
DGRP_101	M	38
DGRP_101	M	33
DGRP_101	M	33
DGRP_101	F	38
DGRP_101	F	33
DGRP_101	F	24
DGRP_101	M	42
DGRP_101	M	35
DGRP_101	M	31
DGRP_101	F	38
DGRP_101	F	31
DGRP_101	F	25
DGRP_101	M	38
DGRP_101	M	38
DGRP_101	M	35
DGRP_101	F	38
DGRP_101	F	38
DGRP_101	F	31
DGRP_101	M	54
DGRP_101	M	45
DGRP_101	M	38
DGRP_101	F	41
DGRP_101	F	32
DGRP_101	M	42
DGRP_101	M	38
DGRP_101	M	35
DGRP_101	F	45
DGRP_101	F	35
DGRP_101	F	33
DGRP_101	M	45
DGRP_101	M	45
DGRP_101	M	31
DGRP_101	F	45
DGRP_101	F	38
DGRP_101	F	35
DGRP_101	M	42
DGRP_101	M	31
DGRP_101	M	31
DGRP_101	F	45
DGRP_101	F	38
DGRP_101	F	31
DGRP_101	M	45
DGRP_101	M	42
DGRP_101	M	5
DGRP_101	F	45
DGRP_101	F	45
DGRP_101	F	31
DGRP_101	M	40
DGRP_101	M	39
DGRP_101	F	42
DGRP_101	F	40
DGRP_101	M	45
DGRP_101	M	45
DGRP_101	M	45
DGRP_101	F	49
DGRP_101	F	45
DGRP_101	F	17
DGRP_101	M	45
DGRP_101	M	45
DGRP_101	F	45
DGRP_101	F	31
DGRP_101	M	38
DGRP_101	M	38
DGRP_101	M	31
DGRP_101	F	42
DGRP_101	F	28
DGRP_101	F	12
DGRP_101	M	45
DGRP_101	M	31
DGRP_101	M	31
DGRP_101	F	45
DGRP_101	F	38
DGRP_101	F	5
DGRP_101	M	54
DGRP_101	M	38
DGRP_101	M	31
DGRP_101	F	42
DGRP_101	F	42
DGRP_105	M	52
DGRP_105	M	46
DGRP_105	M	45
DGRP_105	F	40
DGRP_105	F	21
DGRP_105	F	19
DGRP_105	M	31
DGRP_105	M	31
DGRP_105	M	24
DGRP_105	F	35
DGRP_105	F	31
DGRP_105	F	17
DGRP_105	M	49
DGRP_105	M	45
DGRP_105	M	13
DGRP_105	F	28
DGRP_105	F	24
DGRP_105	F	17
DGRP_105	M	45
DGRP_105	M	40
DGRP_105	M	34
DGRP_105	F	45
DGRP_105	F	31
DGRP_105	F	26
DGRP_105	M	45
DGRP_105	M	40
DGRP_105	M	31
DGRP_105	F	31
DGRP_105	F	21
DGRP_105	F	20
DGRP_105	M	52
DGRP_105	M	45
DGRP_105	M	40
DGRP_105	F	28
DGRP_105	F	24
DGRP_105	M	45
DGRP_105	M	45
DGRP_105	M	3
DGRP_105	F	45
DGRP_105	F	21
DGRP_105	F	21
DGRP_105	M	52
DGRP_105	M	3
DGRP_105	M	3
DGRP_105	F	31
DGRP_105	F	19
DGRP_105	F	3
DGRP_105	M	45
DGRP_105	M	25
DGRP_105	F	31
DGRP_105	F	25
DGRP_105	F	24
DGRP_105	M	45
DGRP_105	M	38
DGRP_105	M	28
DGRP_105	F	25
DGRP_105	F	20
DGRP_105	F	17
DGRP_105	M	38
DGRP_105	M	38
DGRP_105	M	38
DGRP_105	F	24
DGRP_105	F	24
DGRP_105	F	22
DGRP_105	M	45
DGRP_105	M	45
DGRP_105	M	19
DGRP_105	F	31
DGRP_105	F	28
DGRP_105	F	19
DGRP_105	M	45
DGRP_105	M	34
DGRP_105	M	24
DGRP_105	F	31
DGRP_105	F	26
DGRP_105	F	25
DGRP_105	M	31
DGRP_105	M	24
DGRP_105	M	24
DGRP_105	F	32
DGRP_105	F	31
DGRP_105	F	24
DGRP_105	M	46
DGRP_105	M	3
DGRP_105	F	38
DGRP_105	F	35
DGRP_105	F	20
DGRP_105	M	55
DGRP_105	M	38
DGRP_105	M	4
DGRP_105	F	28
DGRP_105	F	24
DGRP_105	F	17
DGRP_105	M	49
DGRP_105	M	45
DGRP_105	F	33
DGRP_105	F	24
DGRP_105	F	5
DGRP_105	M	31
DGRP_105	M	17
DGRP_105	F	41
DGRP_105	F	31
DGRP_105	F	17
DGRP_105	M	11
DGRP_105	M	5
DGRP_105	F	34
DGRP_105	F	27
DGRP_105	F	21
DGRP_105	M	49
DGRP_105	M	46
DGRP_105	M	24
DGRP_105	F	41
DGRP_105	F	17
DGRP_105	F	17
DGRP_105	M	45
DGRP_105	M	35
DGRP_105	M	17
DGRP_105	F	31
DGRP_105	F	24
DGRP_105	F	5
DGRP_105	M	59
DGRP_105	M	47
DGRP_105	M	35
DGRP_105	F	33
DGRP_105	F	26
DGRP_105	M	49
DGRP_105	M	17
DGRP_105	F	25
DGRP_105	F	24
DGRP_109	M	28
DGRP_109	M	25
DGRP_109	M	7
DGRP_109	F	38
DGRP_109	F	31
DGRP_109	F	4
DGRP_109	M	27
DGRP_109	M	21
DGRP_109	M	17
DGRP_109	F	25
DGRP_109	F	17
DGRP_109	F	3
DGRP_109	M	32
DGRP_109	M	31
DGRP_109	M	20
DGRP_109	F	25
DGRP_109	F	10
DGRP_109	F	10
DGRP_109	M	38
DGRP_109	M	33
DGRP_109	M	10
DGRP_109	F	7
DGRP_109	F	3
DGRP_109	F	3
DGRP_109	M	31
DGRP_109	M	24
DGRP_109	M	20
DGRP_109	F	40
DGRP_109	F	31
DGRP_109	F	25
DGRP_109	M	25
DGRP_109	M	24
DGRP_109	M	17
DGRP_109	F	24
DGRP_109	F	10
DGRP_109	F	3
DGRP_109	M	12
DGRP_109	M	10
DGRP_109	F	38
DGRP_109	F	3
DGRP_109	F	3
DGRP_109	M	25
DGRP_109	M	24
DGRP_109	M	24
DGRP_109	F	40
DGRP_109	F	28
DGRP_109	F	24
DGRP_109	M	26
DGRP_109	M	19
DGRP_109	M	17
DGRP_109	F	31
DGRP_109	F	26
DGRP_109	F	10
DGRP_109	M	38
DGRP_109	M	26
DGRP_109	M	17
DGRP_109	F	32
DGRP_109	F	3
DGRP_109	F	3
DGRP_109	M	26
DGRP_109	M	26
DGRP_109	M	24
DGRP_109	F	34
DGRP_109	F	26
DGRP_109	F	6
DGRP_109	M	27
DGRP_109	M	25
DGRP_109	M	21
DGRP_109	F	39
DGRP_109	F	32
DGRP_109	F	24
DGRP_109	M	38
DGRP_109	M	31
DGRP_109	M	24
DGRP_109	F	24
DGRP_109	F	10
DGRP_109	F	10
DGRP_109	M	24
DGRP_109	M	24
DGRP_109	M	14
DGRP_109	F	25
DGRP_109	F	21
DGRP_109	F	3
DGRP_109	M	33
DGRP_109	M	27
DGRP_109	M	17
DGRP_109	F	35
DGRP_109	F	17
DGRP_109	F	12
DGRP_109	M	38
DGRP_109	M	17
DGRP_109	M	3
DGRP_109	F	38
DGRP_109	F	18
DGRP_109	F	3
DGRP_109	M	26
DGRP_109	M	18
DGRP_109	M	5
DGRP_109	F	31
DGRP_109	F	3
DGRP_109	F	3
DGRP_109	M	28
DGRP_109	M	17
DGRP_109	M	3
DGRP_109	F	31
DGRP_109	F	24
DGRP_109	F	3
DGRP_109	M	31
DGRP_109	M	24
DGRP_109	M	21
DGRP_109	F	31
DGRP_109	F	27
DGRP_109	F	25
DGRP_109	M	26
DGRP_109	M	24
DGRP_109	M	17
DGRP_109	F	41
DGRP_109	F	40
DGRP_109	M	12
DGRP_109	M	3
DGRP_109	F	32
DGRP_109	F	19
DGRP_109	F	10
DGRP_109	M	28
DGRP_109	M	24
DGRP_109	M	17
DGRP_109	F	35
DGRP_109	F	12
DGRP_109	F	4
DGRP_109	M	31
DGRP_109	M	24
DGRP_109	F	4
DGRP_109	F	3
DGRP_109	F	3
DGRP_129	M	48
DGRP_129	M	47
DGRP_129	M	47
DGRP_129	F	38
DGRP_129	F	38
DGRP_129	M	38
DGRP_129	M	38
DGRP_129	M	31
DGRP_129	F	45
DGRP_129	F	40
DGRP_129	F	40
DGRP_129	M	49
DGRP_129	M	49
DGRP_129	M	5
DGRP_129	F	45
DGRP_129	F	31
DGRP_129	F	28
DGRP_129	M	40
DGRP_129	M	40
DGRP_129	M	31
DGRP_129	F	42
DGRP_129	F	40
DGRP_129	F	40
DGRP_129	M	46
DGRP_129	M	45
DGRP_129	M	27
DGRP_129	F	26
DGRP_129	F	19
DGRP_129	M	52
DGRP_129	M	38
DGRP_129	M	38
DGRP_129	F	38
DGRP_129	F	31
DGRP_129	F	17
DGRP_129	M	40
DGRP_129	M	38
DGRP_129	M	5
DGRP_129	F	42
DGRP_129	F	40
DGRP_129	F	38
DGRP_129	M	38
DGRP_129	M	24
DGRP_129	M	12
DGRP_129	F	40
DGRP_129	F	33
DGRP_129	M	38
DGRP_129	M	35
DGRP_129	M	35
DGRP_129	F	35
DGRP_129	F	31
DGRP_129	F	24
DGRP_129	M	45
DGRP_129	M	38
DGRP_129	M	25
DGRP_129	F	32
DGRP_129	F	31
DGRP_129	F	31
DGRP_129	M	52
DGRP_129	M	42
DGRP_129	M	40
DGRP_129	F	38
DGRP_129	F	38
DGRP_129	F	3
DGRP_129	M	46
DGRP_129	M	45
DGRP_129	M	31
DGRP_129	F	31
DGRP_129	F	31
DGRP_129	F	26
DGRP_129	M	53
DGRP_129	M	31
DGRP_129	M	10
DGRP_129	F	38
DGRP_129	F	12
DGRP_129	F	11
DGRP_129	M	52
DGRP_129	M	10
DGRP_129	F	38
DGRP_129	F	31
DGRP_129	F	3
DGRP_129	M	38
DGRP_129	M	33
DGRP_129	M	3
DGRP_129	F	35
DGRP_129	F	33
DGRP_129	F	3
DGRP_129	M	49
DGRP_129	M	45
DGRP_129	M	33
DGRP_129	F	41
DGRP_129	F	3
DGRP_129	M	31
DGRP_129	M	17
DGRP_129	F	46
DGRP_129	F	28
DGRP_129	F	28
DGRP_129	M	35
DGRP_129	M	35
DGRP_129	M	31
DGRP_129	F	38
DGRP_129	F	35
DGRP_129	F	4
DGRP_129	M	34
DGRP_129	M	31
DGRP_129	M	31
DGRP_129	F	41
DGRP_129	F	38
DGRP_129	F	24
DGRP_129	M	38
DGRP_129	M	33
DGRP_129	M	31
DGRP_129	F	35
DGRP_129	F	31
DGRP_129	F	31
DGRP_129	M	38
DGRP_129	M	38
DGRP_129	F	32
DGRP_129	F	31
DGRP_129	F	3
DGRP_129	M	52
DGRP_129	M	47
DGRP_129	M	19
DGRP_129	F	40
DGRP_129	F	31
DGRP_129	F	24
DGRP_129	M	40
DGRP_129	M	38
DGRP_129	M	38
DGRP_129	F	40
DGRP_129	F	35
DGRP_129	F	31
DGRP_129	M	31
DGRP_129	M	26
DGRP_129	M	17
DGRP_129	F	42
DGRP_129	F	31
DGRP_129	F	24
DGRP_136	M	49
DGRP_136	M	49
DGRP_136	M	41
DGRP_136	F	45
DGRP_136	F	34
DGRP_136	F	20
DGRP_136	M	55
DGRP_136	M	38
DGRP_136	F	45
DGRP_136	F	45
DGRP_136	F	40
DGRP_136	M	48
DGRP_136	M	48
DGRP_136	M	48
DGRP_136	F	52
DGRP_136	F	49
DGRP_136	F	34
DGRP_136	M	49
DGRP_136	M	34
DGRP_136	M	31
DGRP_136	F	45
DGRP_136	F	39
DGRP_136	M	45
DGRP_136	M	10
DGRP_136	F	52
DGRP_136	F	41
DGRP_136	F	38
DGRP_136	M	59
DGRP_136	M	45
DGRP_136	M	35
DGRP_136	F	52
DGRP_136	F	49
DGRP_136	F	47
DGRP_136	M	52
DGRP_136	M	49
DGRP_136	M	38
DGRP_136	F	52
DGRP_136	F	47
DGRP_136	F	47
DGRP_136	M	52
DGRP_136	M	45
DGRP_136	M	24
DGRP_136	F	47
DGRP_136	F	33
DGRP_136	F	4
DGRP_136	M	45
DGRP_136	M	28
DGRP_136	M	28
DGRP_136	F	52
DGRP_136	F	46
DGRP_136	F	38
DGRP_136	M	54
DGRP_136	M	47
DGRP_136	M	38
DGRP_136	F	45
DGRP_136	F	34
DGRP_136	F	10
DGRP_136	M	52
DGRP_136	M	52
DGRP_136	M	45
DGRP_136	F	52
DGRP_136	F	40
DGRP_136	F	40
DGRP_136	M	59
DGRP_136	M	49
DGRP_136	F	45
DGRP_136	F	32
DGRP_136	F	28
DGRP_136	M	49
DGRP_136	M	45
DGRP_136	M	35
DGRP_136	F	52
DGRP_136	F	47
DGRP_136	F	47
DGRP_136	M	42
DGRP_136	M	40
DGRP_136	F	52
DGRP_136	F	34
DGRP_136	F	32
DGRP_136	M	47
DGRP_136	M	45
DGRP_136	M	42
DGRP_136	F	52
DGRP_136	F	49
DGRP_136	F	45
DGRP_136	M	49
DGRP_136	M	45
DGRP_136	M	17
DGRP_136	F	59
DGRP_136	F	52
DGRP_136	M	45
DGRP_136	M	38
DGRP_136	M	31
DGRP_136	F	59
DGRP_136	F	45
DGRP_136	F	33
DGRP_136	M	49
DGRP_136	M	26
DGRP_136	F	52
DGRP_136	F	52
DGRP_136	F	3
DGRP_136	M	46
DGRP_136	M	38
DGRP_136	M	38
DGRP_136	F	34
DGRP_136	F	24
DGRP_136	F	3
DGRP_136	M	45
DGRP_136	M	39
DGRP_136	M	38
DGRP_136	F	66
DGRP_136	F	48
DGRP_136	F	41
DGRP_136	M	52
DGRP_136	M	52
DGRP_136	M	45
DGRP_136	F	59
DGRP_136	F	59
DGRP_136	F	40
DGRP_136	M	52
DGRP_136	M	31
DGRP_136	M	31
DGRP_136	F	56
DGRP_136	F	31
DGRP_136	M	52
DGRP_136	M	42
DGRP_136	F	47
DGRP_136	F	45
DGRP_136	F	45
DGRP_136	M	46
DGRP_136	M	45
DGRP_136	M	31
DGRP_136	F	38
DGRP_136	F	33
DGRP_136	F	19
DGRP_138	M	27
DGRP_138	M	10
DGRP_138	M	10
DGRP_138	F	10
DGRP_138	F	10
DGRP_138	F	6
DGRP_138	M	11
DGRP_138	M	10
DGRP_138	M	10
DGRP_138	F	17
DGRP_138	F	10
DGRP_138	F	10
DGRP_138	M	17
DGRP_138	M	10
DGRP_138	M	10
DGRP_138	F	10
DGRP_138	F	7
DGRP_138	F	7
DGRP_138	M	17
DGRP_138	M	17
DGRP_138	M	10
DGRP_138	F	17
DGRP_138	F	10
DGRP_138	F	10
DGRP_138	M	17
DGRP_138	M	17
DGRP_138	M	17
DGRP_138	F	17
DGRP_138	F	10
DGRP_138	F	10
DGRP_138	M	17
DGRP_138	M	10
DGRP_138	M	10
DGRP_138	F	17
DGRP_138	F	10
DGRP_138	F	10
DGRP_138	M	10
DGRP_138	M	10
DGRP_138	M	10
DGRP_138	F	10
DGRP_138	F	6
DGRP_138	M	24
DGRP_138	M	12
DGRP_138	M	5
DGRP_138	F	14
DGRP_138	F	10
DGRP_138	F	10
DGRP_138	M	17
DGRP_138	M	10
DGRP_138	M	5
DGRP_138	F	10
DGRP_138	F	10
DGRP_138	F	10
DGRP_138	M	17
DGRP_138	M	17
DGRP_138	M	10
DGRP_138	F	17
DGRP_138	F	10
DGRP_138	F	3
DGRP_138	M	19
DGRP_138	M	17
DGRP_138	M	10
DGRP_138	F	10
DGRP_138	F	10
DGRP_138	F	10
DGRP_138	M	21
DGRP_138	M	19
DGRP_138	M	10
DGRP_138	F	10
DGRP_138	F	10
DGRP_138	F	10
DGRP_138	M	19
DGRP_138	M	12
DGRP_138	M	12
DGRP_138	F	42
DGRP_138	F	42
DGRP_138	F	38
DGRP_138	M	20
DGRP_138	M	19
DGRP_138	F	59
DGRP_138	F	52
DGRP_138	F	47
DGRP_138	M	24
DGRP_138	M	24
DGRP_138	M	3
DGRP_138	F	48
DGRP_138	F	45
DGRP_138	F	10
DGRP_138	M	17
DGRP_138	M	17
DGRP_138	M	10
DGRP_138	F	59
DGRP_138	F	35
DGRP_138	F	33
DGRP_138	M	24
DGRP_138	M	19
DGRP_138	M	10
DGRP_138	F	52
DGRP_138	F	45
DGRP_138	F	32
DGRP_138	M	24
DGRP_138	M	17
DGRP_138	M	10
DGRP_138	F	49
DGRP_138	F	49
DGRP_138	F	48
DGRP_138	M	17
DGRP_138	M	17
DGRP_138	M	11
DGRP_138	F	59
DGRP_138	F	52
DGRP_138	M	17
DGRP_138	M	17
DGRP_138	F	48
DGRP_138	F	17
DGRP_138	M	20
DGRP_138	M	19
DGRP_138	M	10
DGRP_138	F	48
DGRP_138	F	47
DGRP_138	F	45
DGRP_138	M	17
DGRP_138	M	14
DGRP_138	M	13
DGRP_138	F	52
DGRP_138	F	52
DGRP_138	M	13
DGRP_138	M	12
DGRP_138	M	10
DGRP_138	F	49
DGRP_138	F	47
DGRP_138	M	10
DGRP_138	M	10
DGRP_138	M	5
DGRP_138	F	55
DGRP_138	F	45
DGRP_142	M	42
DGRP_142	M	10
DGRP_142	F	42
DGRP_142	F	40
DGRP_142	F	31
DGRP_142	M	39
DGRP_142	M	10
DGRP_142	F	38
DGRP_142	F	31
DGRP_142	F	10
DGRP_142	M	40
DGRP_142	M	35
DGRP_142	M	35
DGRP_142	F	45
DGRP_142	F	40
DGRP_142	F	38
DGRP_142	M	38
DGRP_142	M	38
DGRP_142	M	31
DGRP_142	F	52
DGRP_142	F	47
DGRP_142	F	45
DGRP_142	M	41
DGRP_142	M	24
DGRP_142	M	17
DGRP_142	F	45
DGRP_142	F	45
DGRP_142	F	45
DGRP_142	M	38
DGRP_142	M	32
DGRP_142	M	28
DGRP_142	F	42
DGRP_142	F	33
DGRP_142	F	24
DGRP_142	M	38
DGRP_142	M	34
DGRP_142	M	33
DGRP_142	F	42
DGRP_142	F	42
DGRP_142	F	35
DGRP_142	M	38
DGRP_142	M	28
DGRP_142	M	24
DGRP_142	F	52
DGRP_142	F	45
DGRP_142	F	39
DGRP_142	M	35
DGRP_142	M	31
DGRP_142	M	17
DGRP_142	F	53
DGRP_142	F	41
DGRP_142	F	28
DGRP_142	M	38
DGRP_142	M	32
DGRP_142	M	27
DGRP_142	F	40
DGRP_142	F	38
DGRP_142	F	38
DGRP_142	M	33
DGRP_142	M	31
DGRP_142	M	3
DGRP_142	F	45
DGRP_142	F	38
DGRP_142	F	3
DGRP_142	M	38
DGRP_142	M	26
DGRP_142	M	24
DGRP_142	F	46
DGRP_142	F	45
DGRP_142	F	45
DGRP_142	M	38
DGRP_142	M	31
DGRP_142	M	31
DGRP_142	F	35
DGRP_142	F	35
DGRP_142	F	31
DGRP_142	M	38
DGRP_142	M	33
DGRP_142	F	52
DGRP_142	F	45
DGRP_142	F	40
DGRP_142	M	17
DGRP_142	M	35
DGRP_142	M	25
DGRP_142	F	41
DGRP_142	F	38
DGRP_142	F	3
DGRP_142	M	17
DGRP_142	M	10
DGRP_142	M	5
DGRP_142	F	52
DGRP_142	F	28
DGRP_142	F	26
DGRP_142	M	31
DGRP_142	M	31
DGRP_142	M	4
DGRP_142	F	45
DGRP_142	F	38
DGRP_142	F	25
DGRP_142	M	40
DGRP_142	M	40
DGRP_142	M	14
DGRP_142	F	42
DGRP_142	F	42
DGRP_142	F	41
DGRP_142	M	31
DGRP_142	M	24
DGRP_142	M	17
DGRP_142	F	52
DGRP_142	F	45
DGRP_142	M	40
DGRP_142	F	41
DGRP_142	F	10
DGRP_142	M	40
DGRP_142	M	40
DGRP_142	M	24
DGRP_142	F	41
DGRP_142	F	40
DGRP_142	F	38
DGRP_142	M	18
DGRP_142	F	45
DGRP_142	F	45
DGRP_142	M	24
DGRP_142	M	24
DGRP_142	M	17
DGRP_142	F	42
DGRP_142	F	40
DGRP_142	M	33
DGRP_142	F	48
DGRP_142	F	38
DGRP_149	M	38
DGRP_149	M	33
DGRP_149	M	4
DGRP_149	F	38
DGRP_149	F	26
DGRP_149	F	24
DGRP_149	M	33
DGRP_149	M	31
DGRP_149	F	17
DGRP_149	F	13
DGRP_149	M	24
DGRP_149	M	24
DGRP_149	M	21
DGRP_149	F	24
DGRP_149	F	21
DGRP_149	F	17
DGRP_149	M	21
DGRP_149	M	11
DGRP_149	F	28
DGRP_149	F	7
DGRP_149	M	32
DGRP_149	M	21
DGRP_149	M	14
DGRP_149	F	32
DGRP_149	F	23
DGRP_149	F	23
DGRP_149	M	36
DGRP_149	M	32
DGRP_149	F	23
DGRP_149	F	14
DGRP_149	F	10
DGRP_149	M	39
DGRP_149	M	14
DGRP_149	F	35
DGRP_149	F	30
DGRP_149	F	21
DGRP_149	M	35
DGRP_149	M	26
DGRP_149	M	5
DGRP_149	F	42
DGRP_149	F	38
DGRP_149	F	31
DGRP_149	M	40
DGRP_149	M	38
DGRP_149	M	12
DGRP_149	F	35
DGRP_149	F	35
DGRP_149	F	24
DGRP_149	M	38
DGRP_149	M	38
DGRP_149	M	35
DGRP_149	F	38
DGRP_149	F	38
DGRP_149	F	31
DGRP_149	M	35
DGRP_149	M	24
DGRP_149	M	17
DGRP_149	F	38
DGRP_149	F	31
DGRP_149	F	14
DGRP_149	M	38
DGRP_149	M	33
DGRP_149	F	35
DGRP_149	F	34
DGRP_149	F	31
DGRP_149	M	35
DGRP_149	M	4
DGRP_149	M	3
DGRP_149	F	26
DGRP_149	F	10
DGRP_149	F	4
DGRP_149	M	42
DGRP_149	M	26
DGRP_149	F	42
DGRP_149	F	38
DGRP_149	F	34
DGRP_149	M	38
DGRP_149	M	38
DGRP_149	M	14
DGRP_149	F	31
DGRP_149	F	28
DGRP_149	F	23
DGRP_149	M	42
DGRP_149	M	39
DGRP_149	M	39
DGRP_149	F	32
DGRP_149	F	18
DGRP_149	F	17
DGRP_149	M	37
DGRP_149	M	28
DGRP_149	M	24
DGRP_149	F	37
DGRP_149	F	32
DGRP_149	F	30
DGRP_149	M	37
DGRP_149	M	28
DGRP_149	M	28
DGRP_149	F	38
DGRP_149	F	35
DGRP_149	M	33
DGRP_149	M	24
DGRP_149	M	17
DGRP_149	F	24
DGRP_149	F	19
DGRP_149	F	17
DGRP_149	M	38
DGRP_149	M	34
DGRP_149	M	34
DGRP_149	F	38
DGRP_149	F	38
DGRP_149	F	21
DGRP_149	M	42
DGRP_149	M	38
DGRP_149	M	38
DGRP_149	F	31
DGRP_149	F	31
DGRP_149	F	3
DGRP_149	M	45
DGRP_149	M	38
DGRP_149	M	31
DGRP_149	F	35
DGRP_149	F	33
DGRP_149	F	27
DGRP_149	M	42
DGRP_149	M	38
DGRP_149	M	18
DGRP_149	F	38
DGRP_149	F	35
DGRP_149	F	10
DGRP_153	M	26
DGRP_153	M	26
DGRP_153	M	24
DGRP_153	F	24
DGRP_153	F	17
DGRP_153	F	3
DGRP_153	M	31
DGRP_153	M	18
DGRP_153	M	18
DGRP_153	F	10
DGRP_153	F	10
DGRP_153	F	3
DGRP_153	M	31
DGRP_153	M	21
DGRP_153	M	18
DGRP_153	F	19
DGRP_153	F	17
DGRP_153	F	13
DGRP_153	M	21
DGRP_153	M	17
DGRP_153	M	7
DGRP_153	F	12
DGRP_153	F	10
DGRP_153	F	3
DGRP_153	M	31
DGRP_153	M	24
DGRP_153	M	18
DGRP_153	F	24
DGRP_153	F	12
DGRP_153	F	11
DGRP_153	M	26
DGRP_153	M	24
DGRP_153	M	24
DGRP_153	F	24
DGRP_153	F	21
DGRP_153	F	14
DGRP_153	M	31
DGRP_153	M	26
DGRP_153	M	25
DGRP_153	F	32
DGRP_153	F	32
DGRP_153	F	25
DGRP_153	M	28
DGRP_153	M	26
DGRP_153	M	26
DGRP_153	F	26
DGRP_153	F	25
DGRP_153	F	24
DGRP_153	M	31
DGRP_153	M	31
DGRP_153	M	28
DGRP_153	F	38
DGRP_153	F	31
DGRP_153	F	24
DGRP_153	M	26
DGRP_153	M	24
DGRP_153	M	3
DGRP_153	F	31
DGRP_153	F	17
DGRP_153	F	17
DGRP_153	M	24
DGRP_153	M	17
DGRP_153	M	17
DGRP_153	F	17
DGRP_153	F	10
DGRP_153	F	4
DGRP_153	M	31
DGRP_153	M	31
DGRP_153	M	5
DGRP_153	F	31
DGRP_153	F	27
DGRP_153	F	27
DGRP_153	M	31
DGRP_153	M	27
DGRP_153	M	11
DGRP_153	F	26
DGRP_153	F	24
DGRP_153	M	28
DGRP_153	M	28
DGRP_153	F	19
DGRP_153	F	17
DGRP_153	F	17
DGRP_153	M	31
DGRP_153	M	31
DGRP_153	M	13
DGRP_153	F	18
DGRP_153	F	17
DGRP_153	F	13
DGRP_153	M	35
DGRP_153	M	31
DGRP_153	M	27
DGRP_153	F	38
DGRP_153	F	25
DGRP_153	F	24
DGRP_153	M	31
DGRP_153	M	28
DGRP_153	M	28
DGRP_153	F	26
DGRP_153	F	26
DGRP_153	F	11
DGRP_153	M	21
DGRP_153	M	19
DGRP_153	M	13
DGRP_153	F	31
DGRP_153	F	17
DGRP_153	F	3
DGRP_153	M	31
DGRP_153	M	24
DGRP_153	M	24
DGRP_153	F	24
DGRP_153	F	20
DGRP_153	F	7
DGRP_153	M	31
DGRP_153	M	28
DGRP_153	M	17
DGRP_153	F	31
DGRP_153	F	31
DGRP_153	F	11
DGRP_153	M	28
DGRP_153	M	24
DGRP_153	M	17
DGRP_153	F	28
DGRP_153	F	26
DGRP_153	F	18
DGRP_153	M	28
DGRP_153	M	27
DGRP_153	M	24
DGRP_153	F	26
DGRP_153	F	24
DGRP_153	M	26
DGRP_153	M	26
DGRP_153	F	31
DGRP_153	F	13
DGRP_153	F	4
DGRP_153	M	19
DGRP_153	M	19
DGRP_153	M	17
DGRP_153	F	24
DGRP_153	F	19
DGRP_153	F	3
DGRP_158	M	17
DGRP_158	M	3
DGRP_158	M	3
DGRP_158	F	38
DGRP_158	F	24
DGRP_158	F	20
DGRP_158	M	31
DGRP_158	M	31
DGRP_158	M	24
DGRP_158	F	32
DGRP_158	F	31
DGRP_158	F	24
DGRP_158	M	25
DGRP_158	M	3
DGRP_158	M	3
DGRP_158	F	31
DGRP_158	F	25
DGRP_158	F	3
DGRP_158	M	24
DGRP_158	M	24
DGRP_158	M	21
DGRP_158	F	24
DGRP_158	F	24
DGRP_158	F	21
DGRP_158	M	31
DGRP_158	M	31
DGRP_158	M	24
DGRP_158	F	35
DGRP_158	F	31
DGRP_158	F	4
DGRP_158	M	31
DGRP_158	M	18
DGRP_158	M	17
DGRP_158	F	31
DGRP_158	F	31
DGRP_158	F	3
DGRP_158	M	26
DGRP_158	M	24
DGRP_158	M	10
DGRP_158	F	31
DGRP_158	F	24
DGRP_158	F	4
DGRP_158	M	24
DGRP_158	M	24
DGRP_158	M	21
DGRP_158	F	27
DGRP_158	F	26
DGRP_158	F	20
DGRP_158	M	33
DGRP_158	M	24
DGRP_158	M	5
DGRP_158	F	31
DGRP_158	F	18
DGRP_158	F	3
DGRP_158	M	31
DGRP_158	M	21
DGRP_158	M	14
DGRP_158	F	31
DGRP_158	F	21
DGRP_158	F	3
DGRP_158	M	31
DGRP_158	M	31
DGRP_158	M	3
DGRP_158	F	26
DGRP_158	F	24
DGRP_158	F	3
DGRP_158	M	24
DGRP_158	M	14
DGRP_158	M	5
DGRP_158	F	34
DGRP_158	F	31
DGRP_158	F	28
DGRP_158	M	26
DGRP_158	M	10
DGRP_158	M	3
DGRP_158	F	35
DGRP_158	F	25
DGRP_158	F	3
DGRP_158	M	38
DGRP_158	M	38
DGRP_158	M	38
DGRP_158	F	32
DGRP_158	F	6
DGRP_158	M	45
DGRP_158	M	38
DGRP_158	M	21
DGRP_158	F	31
DGRP_158	F	17
DGRP_158	F	17
DGRP_158	M	40
DGRP_158	M	26
DGRP_158	M	18
DGRP_158	F	42
DGRP_158	F	25
DGRP_158	F	25
DGRP_158	M	38
DGRP_158	M	21
DGRP_158	M	18
DGRP_158	F	31
DGRP_158	F	21
DGRP_158	F	11
DGRP_158	M	33
DGRP_158	M	24
DGRP_158	M	4
DGRP_158	F	38
DGRP_158	F	18
DGRP_158	F	5
DGRP_158	M	38
DGRP_158	M	38
DGRP_158	M	31
DGRP_158	F	41
DGRP_158	F	38
DGRP_158	M	38
DGRP_158	M	3
DGRP_158	F	33
DGRP_158	F	28
DGRP_158	M	31
DGRP_158	M	24
DGRP_158	M	24
DGRP_158	F	31
DGRP_158	F	26
DGRP_158	F	25
DGRP_158	M	31
DGRP_158	M	28
DGRP_158	F	42
DGRP_158	F	12
DGRP_158	F	10
DGRP_158	M	31
DGRP_158	M	28
DGRP_158	M	28
DGRP_158	F	21
DGRP_158	F	14
DGRP_158	F	3
DGRP_161	M	35
DGRP_161	M	28
DGRP_161	M	24
DGRP_161	F	33
DGRP_161	F	24
DGRP_161	F	11
DGRP_161	M	31
DGRP_161	M	17
DGRP_161	M	17
DGRP_161	F	31
DGRP_161	F	24
DGRP_161	F	7
DGRP_161	M	31
DGRP_161	M	24
DGRP_161	M	3
DGRP_161	F	33
DGRP_161	F	31
DGRP_161	F	19
DGRP_161	M	35
DGRP_161	M	31
DGRP_161	M	17
DGRP_161	F	35
DGRP_161	F	3
DGRP_161	F	3
DGRP_161	M	35
DGRP_161	M	31
DGRP_161	M	24
DGRP_161	F	35
DGRP_161	F	31
DGRP_161	F	18
DGRP_161	M	31
DGRP_161	M	24
DGRP_161	M	17
DGRP_161	F	38
DGRP_161	F	31
DGRP_161	F	3
DGRP_161	M	31
DGRP_161	M	31
DGRP_161	M	31
DGRP_161	F	31
DGRP_161	F	31
DGRP_161	F	26
DGRP_161	M	31
DGRP_161	M	31
DGRP_161	M	24
DGRP_161	F	31
DGRP_161	F	31
DGRP_161	F	31
DGRP_161	M	24
DGRP_161	M	24
DGRP_161	M	21
DGRP_161	F	31
DGRP_161	F	31
DGRP_161	F	5
DGRP_161	M	38
DGRP_161	M	19
DGRP_161	M	17
DGRP_161	F	31
DGRP_161	F	28
DGRP_161	F	5
DGRP_161	M	31
DGRP_161	M	24
DGRP_161	M	3
DGRP_161	F	38
DGRP_161	F	28
DGRP_161	F	5
DGRP_161	M	31
DGRP_161	M	31
DGRP_161	M	5
DGRP_161	F	38
DGRP_161	F	33
DGRP_161	F	28
DGRP_161	M	38
DGRP_161	M	24
DGRP_161	F	38
DGRP_161	F	24
DGRP_161	F	24
DGRP_161	M	31
DGRP_161	M	24
DGRP_161	M	24
DGRP_161	F	31
DGRP_161	F	31
DGRP_161	M	38
DGRP_161	M	31
DGRP_161	M	24
DGRP_161	F	28
DGRP_161	F	24
DGRP_161	F	24
DGRP_161	M	31
DGRP_161	M	31
DGRP_161	M	31
DGRP_161	F	34
DGRP_161	F	31
DGRP_161	F	25
DGRP_161	M	35
DGRP_161	M	31
DGRP_161	M	31
DGRP_161	F	40
DGRP_161	F	31
DGRP_161	F	25
DGRP_161	M	31
DGRP_161	M	31
DGRP_161	M	24
DGRP_161	F	38
DGRP_161	F	24
DGRP_161	F	17
DGRP_161	M	31
DGRP_161	M	10
DGRP_161	F	31
DGRP_161	F	24
DGRP_161	F	18
DGRP_161	M	38
DGRP_161	M	5
DGRP_161	F	10
DGRP_161	F	27
DGRP_161	F	11
DGRP_161	M	40
DGRP_161	M	26
DGRP_161	M	26
DGRP_161	F	40
DGRP_161	F	40
DGRP_161	M	31
DGRP_161	M	25
DGRP_161	F	35
DGRP_161	F	24
DGRP_161	F	19
DGRP_176	M	24
DGRP_176	M	24
DGRP_176	M	21
DGRP_176	F	31
DGRP_176	F	26
DGRP_176	F	25
DGRP_176	M	25
DGRP_176	M	21
DGRP_176	M	17
DGRP_176	F	28
DGRP_176	F	28
DGRP_176	F	26
DGRP_176	M	27
DGRP_176	M	17
DGRP_176	M	17
DGRP_176	F	24
DGRP_176	F	19
DGRP_176	F	17
DGRP_176	M	24
DGRP_176	M	21
DGRP_176	F	31
DGRP_176	F	28
DGRP_176	F	24
DGRP_176	M	27
DGRP_176	M	21
DGRP_176	M	17
DGRP_176	F	31
DGRP_176	F	25
DGRP_176	F	21
DGRP_176	M	20
DGRP_176	M	14
DGRP_176	M	4
DGRP_176	F	34
DGRP_176	F	31
DGRP_176	F	21
DGRP_176	M	17
DGRP_176	M	13
DGRP_176	M	10
DGRP_176	F	24
DGRP_176	F	19
DGRP_176	F	3
DGRP_176	M	26
DGRP_176	M	19
DGRP_176	M	19
DGRP_176	F	31
DGRP_176	F	26
DGRP_176	F	21
DGRP_176	M	24
DGRP_176	M	19
DGRP_176	M	17
DGRP_176	F	24
DGRP_176	F	19
DGRP_176	F	4
DGRP_176	M	19
DGRP_176	M	17
DGRP_176	M	3
DGRP_176	F	24
DGRP_176	F	24
DGRP_176	F	19
DGRP_176	M	17
DGRP_176	M	17
DGRP_176	M	17
DGRP_176	F	28
DGRP_176	F	24
DGRP_176	F	18
DGRP_176	M	24
DGRP_176	M	19
DGRP_176	M	3
DGRP_176	F	28
DGRP_176	F	24
DGRP_176	F	21
DGRP_176	M	28
DGRP_176	M	26
DGRP_176	M	17
DGRP_176	F	38
DGRP_176	F	7
DGRP_176	M	28
DGRP_176	M	17
DGRP_176	F	31
DGRP_176	F	3
DGRP_176	F	3
DGRP_176	M	24
DGRP_176	M	19
DGRP_176	M	17
DGRP_176	F	24
DGRP_176	F	21
DGRP_176	F	19
DGRP_176	M	20
DGRP_176	M	20
DGRP_176	M	7
DGRP_176	F	26
DGRP_176	F	24
DGRP_176	F	21
DGRP_176	M	21
DGRP_176	M	20
DGRP_176	F	21
DGRP_176	F	20
DGRP_176	M	20
DGRP_176	M	18
DGRP_176	M	17
DGRP_176	F	24
DGRP_176	F	21
DGRP_176	F	20
DGRP_176	M	26
DGRP_176	M	17
DGRP_176	M	17
DGRP_176	F	21
DGRP_176	F	21
DGRP_176	F	3
DGRP_176	M	17
DGRP_176	M	7
DGRP_176	F	20
DGRP_176	F	20
DGRP_176	M	20
DGRP_176	M	17
DGRP_176	F	24
DGRP_176	F	21
DGRP_176	F	17
DGRP_176	M	20
DGRP_176	M	17
DGRP_176	M	17
DGRP_176	F	24
DGRP_176	F	24
DGRP_176	F	24
DGRP_176	M	21
DGRP_176	M	17
DGRP_176	M	17
DGRP_176	F	24
DGRP_176	F	21
DGRP_176	M	21
DGRP_176	M	20
DGRP_176	M	17
DGRP_176	F	24
DGRP_176	F	21
DGRP_176	F	21
DGRP_177	M	31
DGRP_177	M	24
DGRP_177	M	17
DGRP_177	F	31
DGRP_177	F	10
DGRP_177	F	7
DGRP_177	M	17
DGRP_177	M	13
DGRP_177	M	10
DGRP_177	F	24
DGRP_177	F	17
DGRP_177	F	13
DGRP_177	M	26
DGRP_177	M	25
DGRP_177	M	10
DGRP_177	F	25
DGRP_177	F	7
DGRP_177	F	3
DGRP_177	M	24
DGRP_177	M	24
DGRP_177	M	17
DGRP_177	F	31
DGRP_177	F	24
DGRP_177	F	21
DGRP_177	M	38
DGRP_177	M	27
DGRP_177	M	17
DGRP_177	F	33
DGRP_177	F	7
DGRP_177	F	3
DGRP_177	M	21
DGRP_177	M	17
DGRP_177	M	10
DGRP_177	F	38
DGRP_177	F	24
DGRP_177	F	11
DGRP_177	M	31
DGRP_177	M	27
DGRP_177	M	25
DGRP_177	F	31
DGRP_177	F	28
DGRP_177	F	25
DGRP_177	M	24
DGRP_177	M	17
DGRP_177	M	5
DGRP_177	F	24
DGRP_177	F	24
DGRP_177	F	3
DGRP_177	M	24
DGRP_177	M	24
DGRP_177	M	11
DGRP_177	F	17
DGRP_177	F	10
DGRP_177	F	4
DGRP_177	M	24
DGRP_177	M	6
DGRP_177	M	3
DGRP_177	F	19
DGRP_177	F	19
DGRP_177	F	3
DGRP_177	M	19
DGRP_177	M	5
DGRP_177	M	4
DGRP_177	F	31
DGRP_177	F	31
DGRP_177	F	10
DGRP_177	M	31
DGRP_177	M	24
DGRP_177	M	4
DGRP_177	F	32
DGRP_177	F	31
DGRP_177	F	20
DGRP_177	M	14
DGRP_177	M	4
DGRP_177	F	26
DGRP_177	F	10
DGRP_177	F	10
DGRP_177	M	26
DGRP_177	M	24
DGRP_177	F	33
DGRP_177	F	24
DGRP_177	F	12
DGRP_177	M	24
DGRP_177	M	17
DGRP_177	F	31
DGRP_177	F	24
DGRP_177	F	19
DGRP_177	M	26
DGRP_177	M	20
DGRP_177	M	14
DGRP_177	F	26
DGRP_177	F	24
DGRP_177	F	17
DGRP_177	M	45
DGRP_177	M	26
DGRP_177	F	45
DGRP_177	F	7
DGRP_177	F	5
DGRP_177	M	24
DGRP_177	M	24
DGRP_177	M	10
DGRP_177	F	33
DGRP_177	F	17
DGRP_177	F	10
DGRP_177	M	26
DGRP_177	M	24
DGRP_177	F	26
DGRP_177	F	20
DGRP_177	F	5
DGRP_177	M	33
DGRP_177	M	27
DGRP_177	M	21
DGRP_177	F	19
DGRP_177	F	6
DGRP_177	F	3
DGRP_177	M	24
DGRP_177	M	24
DGRP_177	M	21
DGRP_177	F	35
DGRP_177	F	31
DGRP_177	F	25
DGRP_177	M	26
DGRP_177	M	26
DGRP_177	M	24
DGRP_177	F	24
DGRP_177	F	20
DGRP_177	F	19
DGRP_181	M	38
DGRP_181	M	34
DGRP_181	M	25
DGRP_181	F	24
DGRP_181	F	14
DGRP_181	F	3
DGRP_181	M	24
DGRP_181	M	24
DGRP_181	M	24
DGRP_181	F	35
DGRP_181	F	21
DGRP_181	F	4
DGRP_181	M	38
DGRP_181	M	10
DGRP_181	F	12
DGRP_181	F	10
DGRP_181	F	4
DGRP_181	M	39
DGRP_181	M	38
DGRP_181	M	24
DGRP_181	F	24
DGRP_181	F	17
DGRP_181	M	35
DGRP_181	M	21
DGRP_181	M	4
DGRP_181	F	39
DGRP_181	F	39
DGRP_181	F	17
DGRP_181	M	38
DGRP_181	M	31
DGRP_181	M	26
DGRP_181	F	31
DGRP_181	F	21
DGRP_181	F	5
DGRP_181	M	35
DGRP_181	M	35
DGRP_181	M	18
DGRP_181	F	38
DGRP_181	F	31
DGRP_181	F	25
DGRP_181	M	38
DGRP_181	M	21
DGRP_181	M	17
DGRP_181	F	24
DGRP_181	F	17
DGRP_181	F	3
DGRP_181	M	33
DGRP_181	M	3
DGRP_181	F	34
DGRP_181	F	31
DGRP_181	F	27
DGRP_181	M	41
DGRP_181	M	38
DGRP_181	M	38
DGRP_181	F	39
DGRP_181	F	24
DGRP_181	F	5
DGRP_181	M	31
DGRP_181	M	5
DGRP_181	F	5
DGRP_181	F	5
DGRP_181	F	3
DGRP_181	M	35
DGRP_181	M	28
DGRP_181	M	10
DGRP_181	F	38
DGRP_181	F	35
DGRP_181	F	33
DGRP_181	M	45
DGRP_181	M	45
DGRP_181	M	21
DGRP_181	F	21
DGRP_181	F	14
DGRP_181	F	12
DGRP_181	M	40
DGRP_181	M	38
DGRP_181	M	3
DGRP_181	F	40
DGRP_181	F	3
DGRP_181	M	38
DGRP_181	M	33
DGRP_181	F	31
DGRP_181	F	31
DGRP_181	F	17
DGRP_181	M	45
DGRP_181	M	38
DGRP_181	M	3
DGRP_181	F	33
DGRP_181	F	26
DGRP_181	F	3
DGRP_181	M	39
DGRP_181	M	38
DGRP_181	M	33
DGRP_181	F	35
DGRP_181	F	35
DGRP_181	F	31
DGRP_181	M	33
DGRP_181	M	18
DGRP_181	M	10
DGRP_181	F	34
DGRP_181	F	33
DGRP_181	F	12
DGRP_181	M	40
DGRP_181	M	40
DGRP_181	M	32
DGRP_181	F	24
DGRP_181	F	17
DGRP_181	F	3
DGRP_181	M	31
DGRP_181	M	28
DGRP_181	M	10
DGRP_181	F	35
DGRP_181	F	17
DGRP_181	F	17
DGRP_181	M	45
DGRP_181	M	34
DGRP_181	M	10
DGRP_181	F	42
DGRP_181	F	33
DGRP_181	F	3
DGRP_181	M	45
DGRP_181	M	38
DGRP_181	M	31
DGRP_181	F	31
DGRP_181	F	31
DGRP_181	F	3
DGRP_189	M	17
DGRP_189	M	10
DGRP_189	M	5
DGRP_189	F	38
DGRP_189	F	17
DGRP_189	F	12
DGRP_189	M	31
DGRP_189	M	10
DGRP_189	M	7
DGRP_189	F	10
DGRP_189	F	10
DGRP_189	F	10
DGRP_189	M	21
DGRP_189	M	14
DGRP_189	M	10
DGRP_189	F	14
DGRP_189	F	14
DGRP_189	F	10
DGRP_189	M	38
DGRP_189	M	17
DGRP_189	M	5
DGRP_189	F	10
DGRP_189	F	10
DGRP_189	F	10
DGRP_189	M	17
DGRP_189	M	10
DGRP_189	M	3
DGRP_189	F	17
DGRP_189	F	17
DGRP_189	F	10
DGRP_189	M	17
DGRP_189	M	17
DGRP_189	M	10
DGRP_189	F	17
DGRP_189	F	17
DGRP_189	F	17
DGRP_189	M	14
DGRP_189	M	14
DGRP_189	M	4
DGRP_189	F	14
DGRP_189	F	14
DGRP_189	F	4
DGRP_189	M	14
DGRP_189	M	14
DGRP_189	M	2
DGRP_189	F	28
DGRP_189	F	14
DGRP_189	F	7
DGRP_189	M	32
DGRP_189	M	14
DGRP_189	M	9
DGRP_189	F	31
DGRP_189	F	25
DGRP_189	F	14
DGRP_189	M	14
DGRP_189	M	14
DGRP_189	M	7
DGRP_189	F	14
DGRP_189	F	14
DGRP_189	F	14
DGRP_189	M	14
DGRP_189	M	12
DGRP_189	M	5
DGRP_189	F	24
DGRP_189	F	24
DGRP_189	F	24
DGRP_189	M	33
DGRP_189	M	12
DGRP_189	M	5
DGRP_189	F	12
DGRP_189	F	5
DGRP_189	F	3
DGRP_189	M	14
DGRP_189	M	10
DGRP_189	M	10
DGRP_189	F	20
DGRP_189	F	10
DGRP_189	F	10
DGRP_189	M	33
DGRP_189	M	10
DGRP_189	M	7
DGRP_189	F	14
DGRP_189	F	10
DGRP_189	F	6
DGRP_189	M	17
DGRP_189	M	14
DGRP_189	M	10
DGRP_189	F	17
DGRP_189	F	17
DGRP_189	F	3
DGRP_189	M	11
DGRP_189	M	11
DGRP_189	M	3
DGRP_189	F	24
DGRP_189	F	11
DGRP_189	F	11
DGRP_189	M	33
DGRP_189	M	10
DGRP_189	M	10
DGRP_189	F	24
DGRP_189	F	24
DGRP_189	F	14
DGRP_189	M	22
DGRP_189	M	21
DGRP_189	M	7
DGRP_189	F	21
DGRP_189	F	21
DGRP_189	F	21
DGRP_189	M	18
DGRP_189	M	14
DGRP_189	M	2
DGRP_189	F	31
DGRP_189	F	18
DGRP_189	F	7
DGRP_189	M	21
DGRP_189	M	18
DGRP_189	M	7
DGRP_189	F	21
DGRP_189	F	21
DGRP_189	F	14
DGRP_189	M	21
DGRP_189	M	18
DGRP_189	M	2
DGRP_189	F	21
DGRP_189	F	21
DGRP_189	F	21
DGRP_189	M	28
DGRP_189	M	5
DGRP_189	M	5
DGRP_189	F	31
DGRP_189	F	10
DGRP_189	F	10
DGRP_189	M	26
DGRP_189	M	24
DGRP_189	M	19
DGRP_189	F	12
DGRP_189	F	12
DGRP_189	F	5
DGRP_189	M	24
DGRP_189	M	10
DGRP_189	M	10
DGRP_189	F	17
DGRP_189	F	17
DGRP_189	F	14
DGRP_195	M	31
DGRP_195	M	31
DGRP_195	M	31
DGRP_195	F	31
DGRP_195	F	31
DGRP_195	F	25
DGRP_195	M	31
DGRP_195	M	31
DGRP_195	M	28
DGRP_195	F	33
DGRP_195	F	31
DGRP_195	F	25
DGRP_195	M	27
DGRP_195	M	24
DGRP_195	F	31
DGRP_195	F	31
DGRP_195	F	25
DGRP_195	M	31
DGRP_195	M	31
DGRP_195	M	27
DGRP_195	F	33
DGRP_195	F	33
DGRP_195	F	33
DGRP_195	M	26
DGRP_195	M	26
DGRP_195	M	24
DGRP_195	F	27
DGRP_195	F	25
DGRP_195	F	14
DGRP_195	M	31
DGRP_195	M	31
DGRP_195	M	27
DGRP_195	F	31
DGRP_195	F	31
DGRP_195	F	24
DGRP_195	M	24
DGRP_195	M	18
DGRP_195	F	35
DGRP_195	F	35
DGRP_195	F	31
DGRP_195	M	31
DGRP_195	M	31
DGRP_195	M	17
DGRP_195	F	34
DGRP_195	F	31
DGRP_195	F	17
DGRP_195	M	32
DGRP_195	M	31
DGRP_195	M	31
DGRP_195	F	38
DGRP_195	F	38
DGRP_195	F	33
DGRP_195	M	31
DGRP_195	M	31
DGRP_195	M	31
DGRP_195	F	31
DGRP_195	F	31
DGRP_195	F	24
DGRP_195	M	31
DGRP_195	M	31
DGRP_195	M	24
DGRP_195	F	33
DGRP_195	F	27
DGRP_195	F	25
DGRP_195	M	31
DGRP_195	M	24
DGRP_195	M	24
DGRP_195	F	34
DGRP_195	F	31
DGRP_195	F	27
DGRP_195	M	31
DGRP_195	M	31
DGRP_195	M	28
DGRP_195	F	32
DGRP_195	F	31
DGRP_195	F	31
DGRP_195	M	28
DGRP_195	M	24
DGRP_195	M	3
DGRP_195	F	35
DGRP_195	F	35
DGRP_195	F	32
DGRP_195	M	26
DGRP_195	M	26
DGRP_195	M	24
DGRP_195	F	33
DGRP_195	F	25
DGRP_195	F	25
DGRP_195	M	31
DGRP_195	M	31
DGRP_195	M	31
DGRP_195	F	33
DGRP_195	F	31
DGRP_195	F	31
DGRP_195	M	35
DGRP_195	M	31
DGRP_195	M	26
DGRP_195	F	31
DGRP_195	F	31
DGRP_195	F	26
DGRP_195	M	34
DGRP_195	M	27
DGRP_195	F	38
DGRP_195	F	28
DGRP_195	M	31
DGRP_195	M	31
DGRP_195	M	24
DGRP_195	F	31
DGRP_195	F	31
DGRP_195	F	26
DGRP_195	M	31
DGRP_195	M	28
DGRP_195	M	26
DGRP_195	F	38
DGRP_195	F	32
DGRP_195	F	27
DGRP_195	M	28
DGRP_195	M	27
DGRP_195	M	24
DGRP_195	F	31
DGRP_195	F	31
DGRP_195	F	24
DGRP_195	M	31
DGRP_195	M	28
DGRP_195	M	27
DGRP_195	F	38
DGRP_195	F	32
DGRP_195	F	31
DGRP_195	M	26
DGRP_195	M	26
DGRP_195	F	38
DGRP_195	F	26
DGRP_195	F	26
DGRP_195	M	31
DGRP_195	M	31
DGRP_195	M	31
DGRP_195	F	35
DGRP_195	F	31
DGRP_195	F	31
DGRP_208	F	5
DGRP_208	F	27
DGRP_208	F	31
DGRP_208	M	27
DGRP_208	M	28
DGRP_208	M	28
DGRP_208	F	31
DGRP_208	F	32
DGRP_208	M	31
DGRP_208	M	31
DGRP_208	M	32
DGRP_208	F	31
DGRP_208	F	32
DGRP_208	M	31
DGRP_208	M	31
DGRP_208	M	31
DGRP_208	F	28
DGRP_208	F	31
DGRP_208	F	31
DGRP_208	M	26
DGRP_208	M	28
DGRP_208	M	31
DGRP_208	F	31
DGRP_208	F	31
DGRP_208	F	34
DGRP_208	M	31
DGRP_208	M	31
DGRP_208	F	31
DGRP_208	F	34
DGRP_208	F	34
DGRP_208	M	31
DGRP_208	M	31
DGRP_208	M	32
DGRP_208	F	31
DGRP_208	F	31
DGRP_208	F	31
DGRP_208	M	26
DGRP_208	M	27
DGRP_208	M	28
DGRP_208	F	27
DGRP_208	F	31
DGRP_208	F	31
DGRP_208	M	5
DGRP_208	M	24
DGRP_208	M	26
DGRP_208	F	28
DGRP_208	F	31
DGRP_208	F	31
DGRP_208	M	28
DGRP_208	M	28
DGRP_208	F	31
DGRP_208	F	31
DGRP_208	F	31
DGRP_208	M	28
DGRP_208	M	31
DGRP_208	M	31
DGRP_208	F	31
DGRP_208	F	31
DGRP_208	F	31
DGRP_208	M	28
DGRP_208	M	31
DGRP_208	F	24
DGRP_208	F	31
DGRP_208	F	31
DGRP_208	M	26
DGRP_208	M	31
DGRP_208	M	31
DGRP_208	F	32
DGRP_208	F	28
DGRP_208	M	32
DGRP_208	M	28
DGRP_208	F	35
DGRP_208	F	32
DGRP_208	F	32
DGRP_208	M	32
DGRP_208	M	32
DGRP_208	M	32
DGRP_208	F	32
DGRP_208	F	32
DGRP_208	F	32
DGRP_208	M	32
DGRP_208	M	32
DGRP_208	M	24
DGRP_208	F	32
DGRP_208	F	32
DGRP_208	F	32
DGRP_208	M	32
DGRP_208	M	32
DGRP_208	M	28
DGRP_208	F	32
DGRP_208	F	32
DGRP_208	F	32
DGRP_208	M	32
DGRP_208	M	32
DGRP_208	M	26
DGRP_208	F	32
DGRP_208	F	32
DGRP_208	F	14
DGRP_208	M	32
DGRP_208	M	28
DGRP_208	M	28
DGRP_208	F	32
DGRP_208	F	32
DGRP_208	F	32
DGRP_208	M	32
DGRP_208	M	32
DGRP_208	M	28
DGRP_208	F	32
DGRP_208	F	32
DGRP_208	F	32
DGRP_208	M	32
DGRP_208	M	32
DGRP_208	M	26
DGRP_208	F	32
DGRP_208	F	32
DGRP_208	F	32
DGRP_208	M	32
DGRP_208	M	32
DGRP_208	M	32
DGRP_208	F	32
DGRP_208	F	32
DGRP_208	F	32
DGRP_208	M	32
DGRP_208	M	27
DGRP_208	M	27
DGRP_208	F	32
DGRP_208	F	32
DGRP_208	F	32
DGRP_208	M	32
DGRP_208	M	27
DGRP_208	M	24
DGRP_208	F	32
DGRP_208	F	32
DGRP_208	F	32
DGRP_208	M	32
DGRP_208	M	28
DGRP_208	M	24
DGRP_217	M	31
DGRP_217	M	31
DGRP_217	M	28
DGRP_217	F	31
DGRP_217	F	31
DGRP_217	F	21
DGRP_217	M	45
DGRP_217	M	38
DGRP_217	M	35
DGRP_217	F	45
DGRP_217	F	45
DGRP_217	F	35
DGRP_217	M	45
DGRP_217	M	40
DGRP_217	M	38
DGRP_217	F	38
DGRP_217	F	38
DGRP_217	F	38
DGRP_217	M	31
DGRP_217	M	26
DGRP_217	M	24
DGRP_217	F	31
DGRP_217	F	31
DGRP_217	F	25
DGRP_217	M	31
DGRP_217	M	28
DGRP_217	M	24
DGRP_217	F	38
DGRP_217	F	38
DGRP_217	F	25
DGRP_217	M	28
DGRP_217	M	24
DGRP_217	M	24
DGRP_217	F	31
DGRP_217	F	28
DGRP_217	F	28
DGRP_217	M	38
DGRP_217	M	38
DGRP_217	M	31
DGRP_217	F	38
DGRP_217	F	32
DGRP_217	M	38
DGRP_217	M	31
DGRP_217	M	24
DGRP_217	F	26
DGRP_217	F	24
DGRP_217	F	17
DGRP_217	M	31
DGRP_217	M	31
DGRP_217	M	24
DGRP_217	F	45
DGRP_217	F	31
DGRP_217	F	17
DGRP_217	M	31
DGRP_217	M	31
DGRP_217	F	38
DGRP_217	F	28
DGRP_217	F	21
DGRP_217	M	41
DGRP_217	M	21
DGRP_217	M	21
DGRP_217	F	28
DGRP_217	F	26
DGRP_217	F	4
DGRP_217	M	45
DGRP_217	M	27
DGRP_217	M	3
DGRP_217	F	38
DGRP_217	F	31
DGRP_217	F	28
DGRP_217	M	31
DGRP_217	M	27
DGRP_217	M	10
DGRP_217	F	47
DGRP_217	F	38
DGRP_217	F	35
DGRP_217	M	24
DGRP_217	M	17
DGRP_217	M	17
DGRP_217	F	41
DGRP_217	F	24
DGRP_217	F	24
DGRP_217	M	31
DGRP_217	M	31
DGRP_217	M	31
DGRP_217	F	45
DGRP_217	F	38
DGRP_217	F	38
DGRP_217	M	31
DGRP_217	M	31
DGRP_217	M	31
DGRP_217	F	31
DGRP_217	F	28
DGRP_217	F	13
DGRP_217	M	31
DGRP_217	M	31
DGRP_217	M	26
DGRP_217	F	38
DGRP_217	F	32
DGRP_217	F	28
DGRP_217	M	38
DGRP_217	M	38
DGRP_217	F	38
DGRP_217	F	38
DGRP_217	M	38
DGRP_217	M	33
DGRP_217	M	24
DGRP_217	F	38
DGRP_217	F	38
DGRP_217	F	10
DGRP_217	M	24
DGRP_217	M	24
DGRP_217	M	14
DGRP_217	F	41
DGRP_217	F	38
DGRP_217	F	17
DGRP_217	M	38
DGRP_217	M	35
DGRP_217	M	17
DGRP_217	F	24
DGRP_217	F	10
DGRP_217	F	10
DGRP_217	M	39
DGRP_217	M	38
DGRP_217	M	24
DGRP_217	F	27
DGRP_217	F	20
DGRP_217	M	42
DGRP_217	M	28
DGRP_217	M	26
DGRP_217	F	31
DGRP_217	F	31
DGRP_217	F	18
DGRP_223	M	31
DGRP_223	M	24
DGRP_223	M	24
DGRP_223	F	28
DGRP_223	F	27
DGRP_223	F	24
DGRP_223	M	28
DGRP_223	M	14
DGRP_223	M	6
DGRP_223	F	31
DGRP_223	F	26
DGRP_223	F	24
DGRP_223	M	27
DGRP_223	M	24
DGRP_223	M	24
DGRP_223	F	31
DGRP_223	F	28
DGRP_223	F	17
DGRP_223	M	31
DGRP_223	M	24
DGRP_223	M	24
DGRP_223	F	27
DGRP_223	F	27
DGRP_223	F	24
DGRP_223	M	31
DGRP_223	M	19
DGRP_223	M	18
DGRP_223	F	31
DGRP_223	F	31
DGRP_223	F	28
DGRP_223	M	26
DGRP_223	M	24
DGRP_223	M	10
DGRP_223	F	26
DGRP_223	F	24
DGRP_223	M	27
DGRP_223	M	26
DGRP_223	M	14
DGRP_223	F	31
DGRP_223	F	31
DGRP_223	F	24
DGRP_223	M	28
DGRP_223	M	25
DGRP_223	M	24
DGRP_223	F	31
DGRP_223	F	31
DGRP_223	F	27
DGRP_223	M	26
DGRP_223	M	24
DGRP_223	M	24
DGRP_223	F	28
DGRP_223	F	26
DGRP_223	F	24
DGRP_223	M	25
DGRP_223	M	24
DGRP_223	M	19
DGRP_223	F	26
DGRP_223	F	26
DGRP_223	F	24
DGRP_223	M	26
DGRP_223	M	25
DGRP_223	M	24
DGRP_223	F	33
DGRP_223	F	28
DGRP_223	F	27
DGRP_223	M	27
DGRP_223	M	24
DGRP_223	M	24
DGRP_223	F	31
DGRP_223	F	24
DGRP_223	F	24
DGRP_223	M	26
DGRP_223	M	25
DGRP_223	M	24
DGRP_223	F	31
DGRP_223	F	26
DGRP_223	F	17
DGRP_223	M	31
DGRP_223	M	25
DGRP_223	M	10
DGRP_223	F	31
DGRP_223	F	26
DGRP_223	F	10
DGRP_223	M	28
DGRP_223	M	24
DGRP_223	M	3
DGRP_223	F	31
DGRP_223	F	24
DGRP_223	F	3
DGRP_223	M	26
DGRP_223	M	26
DGRP_223	M	3
DGRP_223	F	31
DGRP_223	F	31
DGRP_223	F	18
DGRP_223	M	28
DGRP_223	M	28
DGRP_223	M	26
DGRP_223	F	31
DGRP_223	F	31
DGRP_223	F	24
DGRP_223	M	31
DGRP_223	M	26
DGRP_223	M	26
DGRP_223	F	31
DGRP_223	F	31
DGRP_223	F	31
DGRP_223	M	28
DGRP_223	M	28
DGRP_223	M	13
DGRP_223	F	31
DGRP_223	F	28
DGRP_223	M	31
DGRP_223	M	26
DGRP_223	F	26
DGRP_223	F	24
DGRP_223	F	17
DGRP_223	M	28
DGRP_223	M	28
DGRP_223	M	21
DGRP_223	F	28
DGRP_223	F	28
DGRP_223	M	28
DGRP_223	M	26
DGRP_223	M	24
DGRP_223	F	31
DGRP_223	F	19
DGRP_223	M	28
DGRP_223	M	24
DGRP_223	M	18
DGRP_223	F	26
DGRP_223	F	26
DGRP_223	F	18
DGRP_223	M	26
DGRP_223	M	24
DGRP_223	M	20
DGRP_223	F	31
DGRP_223	F	24
DGRP_223	F	17
DGRP_227	M	39
DGRP_227	M	39
DGRP_227	M	3
DGRP_227	F	31
DGRP_227	F	18
DGRP_227	F	17
DGRP_227	M	39
DGRP_227	M	39
DGRP_227	M	28
DGRP_227	F	28
DGRP_227	F	24
DGRP_227	F	17
DGRP_227	M	38
DGRP_227	M	28
DGRP_227	F	38
DGRP_227	F	24
DGRP_227	F	24
DGRP_227	M	42
DGRP_227	M	28
DGRP_227	M	24
DGRP_227	F	42
DGRP_227	F	31
DGRP_227	F	28
DGRP_227	M	45
DGRP_227	M	38
DGRP_227	M	24
DGRP_227	F	31
DGRP_227	F	24
DGRP_227	F	24
DGRP_227	M	38
DGRP_227	M	38
DGRP_227	M	33
DGRP_227	F	33
DGRP_227	F	28
DGRP_227	F	25
DGRP_227	M	31
DGRP_227	M	28
DGRP_227	M	5
DGRP_227	F	31
DGRP_227	F	4
DGRP_227	F	4
DGRP_227	M	45
DGRP_227	M	40
DGRP_227	M	38
DGRP_227	F	33
DGRP_227	F	24
DGRP_227	F	24
DGRP_227	M	42
DGRP_227	M	38
DGRP_227	M	31
DGRP_227	F	31
DGRP_227	F	24
DGRP_227	F	24
DGRP_227	M	45
DGRP_227	M	39
DGRP_227	M	24
DGRP_227	F	31
DGRP_227	F	24
DGRP_227	F	24
DGRP_227	M	38
DGRP_227	M	24
DGRP_227	F	3
DGRP_227	F	3
DGRP_227	M	24
DGRP_227	M	21
DGRP_227	F	31
DGRP_227	F	28
DGRP_227	F	3
DGRP_227	M	42
DGRP_227	M	27
DGRP_227	M	24
DGRP_227	F	38
DGRP_227	F	31
DGRP_227	F	26
DGRP_227	M	41
DGRP_227	M	38
DGRP_227	M	33
DGRP_227	F	31
DGRP_227	F	31
DGRP_227	F	26
DGRP_227	M	42
DGRP_227	M	42
DGRP_227	M	31
DGRP_227	F	33
DGRP_227	F	33
DGRP_227	F	17
DGRP_227	M	45
DGRP_227	M	33
DGRP_227	F	33
DGRP_227	F	31
DGRP_227	F	28
DGRP_227	M	39
DGRP_227	M	39
DGRP_227	M	26
DGRP_227	F	26
DGRP_227	F	26
DGRP_227	F	26
DGRP_227	M	45
DGRP_227	M	38
DGRP_227	F	31
DGRP_227	F	26
DGRP_227	F	3
DGRP_227	M	45
DGRP_227	M	38
DGRP_227	M	36
DGRP_227	F	31
DGRP_227	F	28
DGRP_227	F	3
DGRP_227	M	24
DGRP_227	M	3
DGRP_227	F	24
DGRP_227	F	3
DGRP_227	M	38
DGRP_227	M	36
DGRP_227	F	31
DGRP_227	F	31
DGRP_227	F	24
DGRP_227	M	45
DGRP_227	M	38
DGRP_227	M	33
DGRP_227	F	33
DGRP_227	F	31
DGRP_227	F	28
DGRP_227	M	38
DGRP_227	M	38
DGRP_227	M	31
DGRP_227	F	31
DGRP_227	F	31
DGRP_227	F	31
DGRP_227	M	38
DGRP_227	M	33
DGRP_227	F	38
DGRP_227	F	31
DGRP_227	F	4
DGRP_228	M	31
DGRP_228	M	31
DGRP_228	M	26
DGRP_228	F	34
DGRP_228	F	27
DGRP_228	F	24
DGRP_228	M	31
DGRP_228	M	28
DGRP_228	M	24
DGRP_228	F	40
DGRP_228	F	26
DGRP_228	F	24
DGRP_228	M	31
DGRP_228	M	31
DGRP_228	M	31
DGRP_228	F	40
DGRP_228	F	28
DGRP_228	F	17
DGRP_228	M	31
DGRP_228	M	31
DGRP_228	M	31
DGRP_228	F	38
DGRP_228	F	27
DGRP_228	F	24
DGRP_228	M	24
DGRP_228	M	21
DGRP_228	M	21
DGRP_228	F	38
DGRP_228	F	31
DGRP_228	F	28
DGRP_228	M	24
DGRP_228	M	21
DGRP_228	M	19
DGRP_228	F	31
DGRP_228	F	26
DGRP_228	F	24
DGRP_228	M	31
DGRP_228	M	21
DGRP_228	M	21
DGRP_228	F	33
DGRP_228	F	31
DGRP_228	F	24
DGRP_228	M	31
DGRP_228	M	24
DGRP_228	M	24
DGRP_228	F	38
DGRP_228	F	31
DGRP_228	F	27
DGRP_228	M	31
DGRP_228	M	26
DGRP_228	M	26
DGRP_228	F	31
DGRP_228	F	26
DGRP_228	F	24
DGRP_228	M	24
DGRP_228	M	5
DGRP_228	F	33
DGRP_228	F	26
DGRP_228	F	24
DGRP_228	M	38
DGRP_228	M	33
DGRP_228	M	31
DGRP_228	F	38
DGRP_228	F	28
DGRP_228	F	27
DGRP_228	M	31
DGRP_228	M	26
DGRP_228	M	26
DGRP_228	F	31
DGRP_228	F	24
DGRP_228	F	24
DGRP_228	M	31
DGRP_228	M	28
DGRP_228	M	24
DGRP_228	F	31
DGRP_228	F	31
DGRP_228	F	28
DGRP_228	M	31
DGRP_228	M	24
DGRP_228	M	20
DGRP_228	F	38
DGRP_228	F	38
DGRP_228	F	31
DGRP_228	M	38
DGRP_228	M	31
DGRP_228	M	31
DGRP_228	F	33
DGRP_228	F	26
DGRP_228	F	17
DGRP_228	M	33
DGRP_228	M	26
DGRP_228	M	17
DGRP_228	F	26
DGRP_228	F	25
DGRP_228	F	24
DGRP_228	M	38
DGRP_228	M	31
DGRP_228	M	31
DGRP_228	F	38
DGRP_228	F	35
DGRP_228	F	25
DGRP_228	M	26
DGRP_228	M	24
DGRP_228	M	17
DGRP_228	F	41
DGRP_228	F	33
DGRP_228	F	24
DGRP_228	M	35
DGRP_228	M	31
DGRP_228	M	25
DGRP_228	F	35
DGRP_228	F	35
DGRP_228	F	26
DGRP_228	M	31
DGRP_228	M	24
DGRP_228	M	24
DGRP_228	F	31
DGRP_228	F	31
DGRP_228	M	31
DGRP_228	M	21
DGRP_228	F	45
DGRP_228	F	39
DGRP_228	M	31
DGRP_228	M	28
DGRP_228	M	24
DGRP_228	F	38
DGRP_228	F	33
DGRP_228	F	26
DGRP_228	M	31
DGRP_228	M	31
DGRP_228	M	24
DGRP_228	F	38
DGRP_228	F	38
DGRP_228	F	35
DGRP_228	M	39
DGRP_228	M	32
DGRP_228	M	21
DGRP_228	F	38
DGRP_228	F	35
DGRP_228	F	28
DGRP_229	M	59
DGRP_229	M	45
DGRP_229	F	46
DGRP_229	F	40
DGRP_229	F	5
DGRP_229	M	52
DGRP_229	M	35
DGRP_229	M	10
DGRP_229	F	47
DGRP_229	F	33
DGRP_229	F	32
DGRP_229	M	55
DGRP_229	M	42
DGRP_229	M	10
DGRP_229	F	38
DGRP_229	F	38
DGRP_229	F	35
DGRP_229	M	52
DGRP_229	M	17
DGRP_229	M	7
DGRP_229	F	53
DGRP_229	F	45
DGRP_229	F	39
DGRP_229	M	53
DGRP_229	M	38
DGRP_229	M	24
DGRP_229	F	48
DGRP_229	F	38
DGRP_229	F	24
DGRP_229	M	59
DGRP_229	M	45
DGRP_229	M	12
DGRP_229	F	28
DGRP_229	F	24
DGRP_229	F	24
DGRP_229	M	40
DGRP_229	M	17
DGRP_229	M	5
DGRP_229	F	49
DGRP_229	F	38
DGRP_229	F	28
DGRP_229	M	55
DGRP_229	M	52
DGRP_229	M	40
DGRP_229	F	31
DGRP_229	F	17
DGRP_229	M	52
DGRP_229	M	27
DGRP_229	M	26
DGRP_229	F	33
DGRP_229	F	21
DGRP_229	F	21
DGRP_229	M	31
DGRP_229	M	31
DGRP_229	M	10
DGRP_229	F	45
DGRP_229	F	34
DGRP_229	F	31
DGRP_229	M	45
DGRP_229	M	17
DGRP_229	M	10
DGRP_229	F	45
DGRP_229	F	42
DGRP_229	F	28
DGRP_229	M	47
DGRP_229	M	17
DGRP_229	M	12
DGRP_229	F	52
DGRP_229	F	24
DGRP_229	F	14
DGRP_229	M	35
DGRP_229	M	35
DGRP_229	M	19
DGRP_229	F	52
DGRP_229	F	31
DGRP_229	F	21
DGRP_229	M	59
DGRP_229	M	59
DGRP_229	F	45
DGRP_229	F	41
DGRP_229	F	31
DGRP_229	M	54
DGRP_229	M	54
DGRP_229	F	52
DGRP_229	F	42
DGRP_229	F	35
DGRP_229	M	45
DGRP_229	M	33
DGRP_229	M	19
DGRP_229	F	38
DGRP_229	F	33
DGRP_229	F	24
DGRP_229	M	35
DGRP_229	M	7
DGRP_229	M	3
DGRP_229	F	55
DGRP_229	F	40
DGRP_229	F	35
DGRP_229	M	54
DGRP_229	M	6
DGRP_229	F	35
DGRP_229	F	31
DGRP_229	F	17
DGRP_229	M	55
DGRP_229	M	38
DGRP_229	M	10
DGRP_229	F	49
DGRP_229	F	38
DGRP_229	F	35
DGRP_229	M	59
DGRP_229	M	24
DGRP_229	F	59
DGRP_229	F	35
DGRP_229	F	31
DGRP_229	M	59
DGRP_229	M	45
DGRP_229	M	45
DGRP_229	F	45
DGRP_229	F	45
DGRP_229	F	45
DGRP_229	M	56
DGRP_229	M	49
DGRP_229	M	39
DGRP_229	F	46
DGRP_229	F	39
DGRP_229	F	21
DGRP_229	M	45
DGRP_229	M	39
DGRP_229	F	41
DGRP_229	F	21
DGRP_233	M	24
DGRP_233	M	19
DGRP_233	F	14
DGRP_233	F	5
DGRP_233	M	37
DGRP_233	M	28
DGRP_233	M	7
DGRP_233	F	37
DGRP_233	F	16
DGRP_233	M	21
DGRP_233	M	8
DGRP_233	M	2
DGRP_233	F	16
DGRP_233	F	4
DGRP_233	F	4
DGRP_233	M	31
DGRP_233	M	26
DGRP_233	M	19
DGRP_233	F	45
DGRP_233	F	31
DGRP_233	F	24
DGRP_233	M	19
DGRP_233	M	17
DGRP_233	M	3
DGRP_233	F	45
DGRP_233	F	28
DGRP_233	F	3
DGRP_233	M	45
DGRP_233	M	21
DGRP_233	M	17
DGRP_233	F	10
DGRP_233	F	5
DGRP_233	M	28
DGRP_233	M	8
DGRP_233	M	1
DGRP_233	F	44
DGRP_233	F	21
DGRP_233	M	42
DGRP_233	M	16
DGRP_233	M	7
DGRP_233	F	39
DGRP_233	F	37
DGRP_233	M	14
DGRP_233	M	7
DGRP_233	F	14
DGRP_233	F	9
DGRP_233	M	35
DGRP_233	M	28
DGRP_233	F	30
DGRP_233	F	28
DGRP_233	F	14
DGRP_233	M	35
DGRP_233	M	28
DGRP_233	M	21
DGRP_233	F	28
DGRP_233	F	28
DGRP_233	F	14
DGRP_233	M	28
DGRP_233	M	28
DGRP_233	M	14
DGRP_233	F	42
DGRP_233	F	28
DGRP_233	F	21
DGRP_233	M	14
DGRP_233	M	4
DGRP_233	M	2
DGRP_233	F	35
DGRP_233	F	23
DGRP_233	F	15
DGRP_233	M	21
DGRP_233	M	21
DGRP_233	M	15
DGRP_233	F	30
DGRP_233	F	30
DGRP_233	F	11
DGRP_233	M	24
DGRP_233	M	3
DGRP_233	F	31
DGRP_233	F	13
DGRP_233	M	18
DGRP_233	M	18
DGRP_233	F	31
DGRP_233	F	24
DGRP_233	F	5
DGRP_233	M	28
DGRP_233	M	23
DGRP_233	M	23
DGRP_233	F	18
DGRP_233	F	14
DGRP_233	F	7
DGRP_233	M	31
DGRP_233	M	21
DGRP_233	M	21
DGRP_233	F	19
DGRP_233	F	10
DGRP_233	F	5
DGRP_233	M	31
DGRP_233	M	19
DGRP_233	M	14
DGRP_233	F	24
DGRP_233	F	11
DGRP_233	F	5
DGRP_233	M	30
DGRP_233	M	14
DGRP_233	F	25
DGRP_233	F	7
DGRP_233	M	28
DGRP_233	M	21
DGRP_233	M	14
DGRP_233	F	28
DGRP_233	F	21
DGRP_233	F	16
DGRP_233	M	42
DGRP_233	M	9
DGRP_233	M	1
DGRP_233	F	21
DGRP_233	F	18
DGRP_233	F	8
DGRP_233	M	14
DGRP_233	M	11
DGRP_233	F	36
DGRP_233	F	28
DGRP_233	F	28
DGRP_233	M	37
DGRP_233	M	26
DGRP_233	M	19
DGRP_233	F	42
DGRP_233	F	41
DGRP_233	F	21
DGRP_235	M	24
DGRP_235	M	20
DGRP_235	M	7
DGRP_235	F	24
DGRP_235	F	17
DGRP_235	F	10
DGRP_235	M	25
DGRP_235	M	17
DGRP_235	M	11
DGRP_235	F	38
DGRP_235	F	18
DGRP_235	F	17
DGRP_235	M	24
DGRP_235	M	12
DGRP_235	M	10
DGRP_235	F	10
DGRP_235	F	10
DGRP_235	F	3
DGRP_235	M	33
DGRP_235	M	26
DGRP_235	M	20
DGRP_235	F	17
DGRP_235	F	4
DGRP_235	F	3
DGRP_235	M	24
DGRP_235	M	17
DGRP_235	M	3
DGRP_235	F	17
DGRP_235	F	17
DGRP_235	F	17
DGRP_235	M	28
DGRP_235	M	27
DGRP_235	M	27
DGRP_235	F	26
DGRP_235	F	19
DGRP_235	F	17
DGRP_235	M	24
DGRP_235	M	19
DGRP_235	M	19
DGRP_235	F	12
DGRP_235	F	4
DGRP_235	F	3
DGRP_235	M	31
DGRP_235	M	27
DGRP_235	M	26
DGRP_235	F	24
DGRP_235	F	19
DGRP_235	F	19
DGRP_235	M	27
DGRP_235	M	24
DGRP_235	M	19
DGRP_235	F	31
DGRP_235	F	18
DGRP_235	M	31
DGRP_235	M	27
DGRP_235	M	12
DGRP_235	F	19
DGRP_235	F	17
DGRP_235	F	11
DGRP_235	M	17
DGRP_235	M	17
DGRP_235	M	17
DGRP_235	F	13
DGRP_235	F	13
DGRP_235	F	3
DGRP_235	M	38
DGRP_235	M	33
DGRP_235	M	33
DGRP_235	F	17
DGRP_235	F	13
DGRP_235	F	3
DGRP_235	M	42
DGRP_235	M	31
DGRP_235	M	17
DGRP_235	F	27
DGRP_235	F	20
DGRP_235	F	17
DGRP_235	M	34
DGRP_235	M	31
DGRP_235	M	13
DGRP_235	F	17
DGRP_235	F	13
DGRP_235	F	7
DGRP_235	M	27
DGRP_235	M	26
DGRP_235	M	14
DGRP_235	F	24
DGRP_235	F	24
DGRP_235	F	21
DGRP_235	M	38
DGRP_235	M	20
DGRP_235	M	17
DGRP_235	F	21
DGRP_235	F	17
DGRP_235	F	17
DGRP_235	M	17
DGRP_235	M	17
DGRP_235	F	17
DGRP_235	F	13
DGRP_235	F	13
DGRP_235	M	31
DGRP_235	M	28
DGRP_235	M	14
DGRP_235	F	27
DGRP_235	F	17
DGRP_235	F	17
DGRP_235	M	38
DGRP_235	M	26
DGRP_235	M	24
DGRP_235	F	28
DGRP_235	F	17
DGRP_235	M	38
DGRP_235	M	17
DGRP_235	M	3
DGRP_235	F	38
DGRP_235	F	31
DGRP_235	F	28
DGRP_235	M	34
DGRP_235	M	31
DGRP_235	M	28
DGRP_235	F	31
DGRP_235	F	26
DGRP_235	F	17
DGRP_235	M	27
DGRP_235	M	17
DGRP_235	F	24
DGRP_235	F	17
DGRP_235	M	24
DGRP_235	M	17
DGRP_235	M	17
DGRP_235	F	3
DGRP_235	F	3
DGRP_235	F	3
DGRP_235	M	24
DGRP_235	M	17
DGRP_235	M	12
DGRP_235	F	21
DGRP_235	F	17
DGRP_235	F	3
DGRP_237	M	31
DGRP_237	M	28
DGRP_237	M	24
DGRP_237	F	39
DGRP_237	F	38
DGRP_237	F	38
DGRP_237	M	31
DGRP_237	M	31
DGRP_237	M	28
DGRP_237	F	31
DGRP_237	F	31
DGRP_237	M	32
DGRP_237	M	24
DGRP_237	M	17
DGRP_237	F	45
DGRP_237	F	40
DGRP_237	F	38
DGRP_237	M	31
DGRP_237	M	31
DGRP_237	M	27
DGRP_237	F	38
DGRP_237	F	34
DGRP_237	F	31
DGRP_237	M	33
DGRP_237	M	31
DGRP_237	M	17
DGRP_237	F	38
DGRP_237	F	38
DGRP_237	F	34
DGRP_237	M	31
DGRP_237	M	27
DGRP_237	M	25
DGRP_237	F	39
DGRP_237	F	35
DGRP_237	F	7
DGRP_237	M	34
DGRP_237	M	24
DGRP_237	F	38
DGRP_237	F	38
DGRP_237	F	34
DGRP_237	M	33
DGRP_237	M	31
DGRP_237	M	3
DGRP_237	F	38
DGRP_237	F	38
DGRP_237	F	35
DGRP_237	M	31
DGRP_237	M	27
DGRP_237	M	26
DGRP_237	F	40
DGRP_237	F	38
DGRP_237	F	27
DGRP_237	M	33
DGRP_237	M	24
DGRP_237	M	13
DGRP_237	F	33
DGRP_237	F	33
DGRP_237	F	32
DGRP_237	M	21
DGRP_237	M	3
DGRP_237	F	38
DGRP_237	F	38
DGRP_237	F	32
DGRP_237	M	31
DGRP_237	M	3
DGRP_237	F	38
DGRP_237	F	38
DGRP_237	F	38
DGRP_237	M	32
DGRP_237	M	28
DGRP_237	M	18
DGRP_237	F	25
DGRP_237	F	6
DGRP_237	M	32
DGRP_237	M	32
DGRP_237	M	32
DGRP_237	M	32
DGRP_237	M	32
DGRP_237	F	40
DGRP_237	F	39
DGRP_237	F	36
DGRP_237	M	32
DGRP_237	M	25
DGRP_237	F	40
DGRP_237	F	39
DGRP_237	F	39
DGRP_237	M	32
DGRP_237	M	32
DGRP_237	M	25
DGRP_237	F	42
DGRP_237	F	42
DGRP_237	F	32
DGRP_237	M	32
DGRP_237	M	19
DGRP_237	M	4
DGRP_237	F	46
DGRP_237	F	32
DGRP_237	F	22
DGRP_237	M	41
DGRP_237	M	25
DGRP_237	M	6
DGRP_237	F	46
DGRP_237	F	32
DGRP_237	M	25
DGRP_237	M	18
DGRP_237	M	15
DGRP_237	F	46
DGRP_237	F	35
DGRP_237	F	32
DGRP_237	M	39
DGRP_237	M	28
DGRP_237	F	46
DGRP_237	F	39
DGRP_237	F	8
DGRP_237	M	32
DGRP_237	M	25
DGRP_237	M	8
DGRP_237	F	48
DGRP_237	F	39
DGRP_237	F	8
DGRP_237	M	32
DGRP_237	M	32
DGRP_237	M	8
DGRP_237	F	41
DGRP_237	F	41
DGRP_237	F	39
DGRP_239	M	27
DGRP_239	M	17
DGRP_239	M	6
DGRP_239	F	24
DGRP_239	F	19
DGRP_239	F	17
DGRP_239	M	47
DGRP_239	M	20
DGRP_239	M	17
DGRP_239	F	27
DGRP_239	F	17
DGRP_239	F	10
DGRP_239	M	45
DGRP_239	M	35
DGRP_239	M	33
DGRP_239	F	38
DGRP_239	F	34
DGRP_239	F	19
DGRP_239	M	45
DGRP_239	M	33
DGRP_239	M	24
DGRP_239	F	31
DGRP_239	F	24
DGRP_239	F	11
DGRP_239	M	21
DGRP_239	M	17
DGRP_239	M	17
DGRP_239	F	45
DGRP_239	F	26
DGRP_239	F	17
DGRP_239	M	31
DGRP_239	M	26
DGRP_239	M	10
DGRP_239	F	25
DGRP_239	F	19
DGRP_239	F	14
DGRP_239	M	40
DGRP_239	M	24
DGRP_239	M	12
DGRP_239	F	21
DGRP_239	F	20
DGRP_239	F	19
DGRP_239	M	31
DGRP_239	M	26
DGRP_239	M	25
DGRP_239	F	31
DGRP_239	F	31
DGRP_239	F	12
DGRP_239	M	40
DGRP_239	M	31
DGRP_239	M	20
DGRP_239	F	24
DGRP_239	F	17
DGRP_239	F	14
DGRP_239	M	45
DGRP_239	M	24
DGRP_239	M	17
DGRP_239	F	24
DGRP_239	F	24
DGRP_239	F	11
DGRP_239	M	27
DGRP_239	M	17
DGRP_239	M	12
DGRP_239	F	31
DGRP_239	F	27
DGRP_239	F	20
DGRP_239	M	21
DGRP_239	M	17
DGRP_239	M	10
DGRP_239	F	17
DGRP_239	F	10
DGRP_239	F	6
DGRP_239	M	45
DGRP_239	M	31
DGRP_239	M	17
DGRP_239	F	24
DGRP_239	F	17
DGRP_239	F	7
DGRP_239	M	47
DGRP_239	M	21
DGRP_239	M	10
DGRP_239	F	26
DGRP_239	F	24
DGRP_239	F	17
DGRP_239	M	40
DGRP_239	M	28
DGRP_239	M	5
DGRP_239	F	47
DGRP_239	F	38
DGRP_239	F	12
DGRP_239	M	24
DGRP_239	M	19
DGRP_239	M	17
DGRP_239	F	42
DGRP_239	F	27
DGRP_239	F	10
DGRP_239	M	45
DGRP_239	M	28
DGRP_239	M	24
DGRP_239	F	40
DGRP_239	F	21
DGRP_239	M	33
DGRP_239	M	32
DGRP_239	F	32
DGRP_239	F	10
DGRP_239	F	4
DGRP_239	M	40
DGRP_239	M	25
DGRP_239	M	17
DGRP_239	F	17
DGRP_239	F	17
DGRP_239	M	38
DGRP_239	M	31
DGRP_239	M	17
DGRP_239	F	18
DGRP_239	F	13
DGRP_239	F	12
DGRP_239	M	24
DGRP_239	M	24
DGRP_239	M	5
DGRP_239	F	28
DGRP_239	F	20
DGRP_239	F	3
DGRP_239	M	52
DGRP_239	M	17
DGRP_239	M	17
DGRP_239	F	31
DGRP_239	F	28
DGRP_256	M	17
DGRP_256	M	10
DGRP_256	M	10
DGRP_256	F	18
DGRP_256	F	17
DGRP_256	F	10
DGRP_256	M	14
DGRP_256	M	12
DGRP_256	M	7
DGRP_256	F	17
DGRP_256	F	17
DGRP_256	F	11
DGRP_256	M	17
DGRP_256	M	13
DGRP_256	M	13
DGRP_256	F	18
DGRP_256	F	17
DGRP_256	F	13
DGRP_256	M	17
DGRP_256	M	13
DGRP_256	M	13
DGRP_256	F	17
DGRP_256	F	14
DGRP_256	F	12
DGRP_256	M	17
DGRP_256	M	13
DGRP_256	M	10
DGRP_256	F	17
DGRP_256	F	12
DGRP_256	F	10
DGRP_256	M	17
DGRP_256	M	17
DGRP_256	M	13
DGRP_256	F	12
DGRP_256	F	11
DGRP_256	F	3
DGRP_256	M	17
DGRP_256	M	13
DGRP_256	M	10
DGRP_256	F	19
DGRP_256	F	17
DGRP_256	F	17
DGRP_256	M	18
DGRP_256	M	14
DGRP_256	M	11
DGRP_256	F	17
DGRP_256	F	17
DGRP_256	F	13
DGRP_256	M	17
DGRP_256	M	12
DGRP_256	M	10
DGRP_256	F	10
DGRP_256	F	5
DGRP_256	F	3
DGRP_256	M	17
DGRP_256	M	17
DGRP_256	M	12
DGRP_256	F	17
DGRP_256	F	17
DGRP_256	F	17
DGRP_256	M	17
DGRP_256	M	17
DGRP_256	M	17
DGRP_256	F	24
DGRP_256	F	20
DGRP_256	F	17
DGRP_256	M	17
DGRP_256	M	12
DGRP_256	M	12
DGRP_256	F	24
DGRP_256	F	18
DGRP_256	F	17
DGRP_256	M	17
DGRP_256	M	10
DGRP_256	M	5
DGRP_256	F	17
DGRP_256	F	17
DGRP_256	F	10
DGRP_256	M	17
DGRP_256	M	17
DGRP_256	M	10
DGRP_256	F	17
DGRP_256	F	10
DGRP_256	M	10
DGRP_256	M	10
DGRP_256	F	17
DGRP_256	F	17
DGRP_256	F	17
DGRP_256	M	17
DGRP_256	M	17
DGRP_256	M	14
DGRP_256	F	17
DGRP_256	F	17
DGRP_256	F	14
DGRP_256	M	17
DGRP_256	M	13
DGRP_256	F	18
DGRP_256	F	17
DGRP_256	F	10
DGRP_256	M	17
DGRP_256	M	10
DGRP_256	M	4
DGRP_256	F	18
DGRP_256	F	17
DGRP_256	F	10
DGRP_256	M	10
DGRP_256	M	10
DGRP_256	M	3
DGRP_256	F	18
DGRP_256	F	10
DGRP_256	F	10
DGRP_256	M	17
DGRP_256	M	17
DGRP_256	F	17
DGRP_256	F	10
DGRP_256	M	14
DGRP_256	M	14
DGRP_256	M	13
DGRP_256	F	17
DGRP_256	F	10
DGRP_256	F	10
DGRP_256	M	17
DGRP_256	M	13
DGRP_256	F	24
DGRP_256	F	17
DGRP_256	F	14
DGRP_256	M	12
DGRP_256	M	10
DGRP_256	M	3
DGRP_256	F	24
DGRP_256	F	5
DGRP_256	F	4
DGRP_256	M	7
DGRP_256	M	7
DGRP_256	M	7
DGRP_256	F	14
DGRP_256	F	10
DGRP_256	F	10
DGRP_280	M	38
DGRP_280	M	21
DGRP_280	F	24
DGRP_280	F	24
DGRP_280	F	21
DGRP_280	M	31
DGRP_280	M	24
DGRP_280	F	24
DGRP_280	F	24
DGRP_280	F	24
DGRP_280	M	35
DGRP_280	M	35
DGRP_280	M	27
DGRP_280	F	35
DGRP_280	F	27
DGRP_280	F	24
DGRP_280	M	38
DGRP_280	M	31
DGRP_280	M	24
DGRP_280	F	33
DGRP_280	F	24
DGRP_280	F	17
DGRP_280	M	35
DGRP_280	M	33
DGRP_280	M	12
DGRP_280	F	34
DGRP_280	F	19
DGRP_280	F	19
DGRP_280	M	38
DGRP_280	M	31
DGRP_280	M	5
DGRP_280	F	26
DGRP_280	F	26
DGRP_280	F	24
DGRP_280	M	28
DGRP_280	M	24
DGRP_280	M	24
DGRP_280	F	28
DGRP_280	F	24
DGRP_280	F	17
DGRP_280	M	31
DGRP_280	M	27
DGRP_280	M	3
DGRP_280	F	31
DGRP_280	F	10
DGRP_280	F	7
DGRP_280	M	33
DGRP_280	M	33
DGRP_280	M	24
DGRP_280	F	24
DGRP_280	F	21
DGRP_280	F	7
DGRP_280	M	38
DGRP_280	M	31
DGRP_280	F	26
DGRP_280	F	25
DGRP_280	F	24
DGRP_280	M	38
DGRP_280	M	38
DGRP_280	M	38
DGRP_280	F	28
DGRP_280	F	26
DGRP_280	F	26
DGRP_280	M	33
DGRP_280	M	24
DGRP_280	M	4
DGRP_280	F	24
DGRP_280	F	24
DGRP_280	F	19
DGRP_280	M	31
DGRP_280	M	31
DGRP_280	M	24
DGRP_280	F	24
DGRP_280	F	19
DGRP_280	F	3
DGRP_280	M	31
DGRP_280	M	17
DGRP_280	F	28
DGRP_280	F	28
DGRP_280	M	31
DGRP_280	M	28
DGRP_280	M	28
DGRP_280	F	31
DGRP_280	F	24
DGRP_280	F	21
DGRP_280	M	31
DGRP_280	M	31
DGRP_280	F	21
DGRP_280	F	21
DGRP_280	F	17
DGRP_280	M	38
DGRP_280	M	38
DGRP_280	M	21
DGRP_280	F	24
DGRP_280	F	24
DGRP_280	F	24
DGRP_280	M	38
DGRP_280	M	35
DGRP_280	M	33
DGRP_280	F	38
DGRP_280	F	24
DGRP_280	F	20
DGRP_280	M	31
DGRP_280	M	31
DGRP_280	F	26
DGRP_280	F	21
DGRP_280	F	19
DGRP_280	M	31
DGRP_280	M	31
DGRP_280	M	24
DGRP_280	F	24
DGRP_280	F	24
DGRP_280	F	21
DGRP_280	M	26
DGRP_280	M	24
DGRP_280	M	24
DGRP_280	F	26
DGRP_280	F	24
DGRP_280	F	24
DGRP_280	M	24
DGRP_280	M	24
DGRP_280	F	27
DGRP_280	F	24
DGRP_280	F	21
DGRP_287	M	38
DGRP_287	M	35
DGRP_287	M	28
DGRP_287	F	31
DGRP_287	F	31
DGRP_287	F	6
DGRP_287	M	38
DGRP_287	M	32
DGRP_287	M	27
DGRP_287	F	40
DGRP_287	F	38
DGRP_287	F	10
DGRP_287	M	33
DGRP_287	M	33
DGRP_287	M	24
DGRP_287	F	40
DGRP_287	F	38
DGRP_287	F	38
DGRP_287	M	38
DGRP_287	M	38
DGRP_287	M	38
DGRP_287	F	40
DGRP_287	F	40
DGRP_287	F	35
DGRP_287	M	34
DGRP_287	M	34
DGRP_287	M	33
DGRP_287	F	40
DGRP_287	F	38
DGRP_287	F	38
DGRP_287	M	42
DGRP_287	M	38
DGRP_287	M	31
DGRP_287	F	33
DGRP_287	F	31
DGRP_287	F	31
DGRP_287	M	31
DGRP_287	M	31
DGRP_287	M	28
DGRP_287	F	31
DGRP_287	F	31
DGRP_287	F	31
DGRP_287	M	31
DGRP_287	M	31
DGRP_287	M	31
DGRP_287	F	40
DGRP_287	F	38
DGRP_287	F	38
DGRP_287	M	24
DGRP_287	M	24
DGRP_287	M	24
DGRP_287	F	31
DGRP_287	F	31
DGRP_287	F	12
DGRP_287	M	35
DGRP_287	M	35
DGRP_287	M	5
DGRP_287	F	40
DGRP_287	F	38
DGRP_287	F	17
DGRP_287	M	38
DGRP_287	M	31
DGRP_287	M	3
DGRP_287	F	41
DGRP_287	F	41
DGRP_287	F	38
DGRP_287	M	31
DGRP_287	M	19
DGRP_287	M	10
DGRP_287	F	40
DGRP_287	F	40
DGRP_287	F	33
DGRP_287	M	35
DGRP_287	M	31
DGRP_287	M	31
DGRP_287	F	45
DGRP_287	F	38
DGRP_287	F	35
DGRP_287	M	38
DGRP_287	M	32
DGRP_287	M	31
DGRP_287	F	47
DGRP_287	F	33
DGRP_287	F	3
DGRP_287	M	35
DGRP_287	M	31
DGRP_287	M	21
DGRP_287	F	41
DGRP_287	F	38
DGRP_287	F	28
DGRP_287	M	38
DGRP_287	M	35
DGRP_287	M	33
DGRP_287	F	41
DGRP_287	F	41
DGRP_287	F	38
DGRP_287	M	38
DGRP_287	M	33
DGRP_287	M	7
DGRP_287	F	40
DGRP_287	F	40
DGRP_287	F	35
DGRP_287	M	38
DGRP_287	M	31
DGRP_287	F	40
DGRP_287	F	38
DGRP_287	F	38
DGRP_287	M	38
DGRP_287	M	31
DGRP_287	M	4
DGRP_287	F	40
DGRP_287	F	38
DGRP_287	F	10
DGRP_287	M	35
DGRP_287	M	21
DGRP_287	M	17
DGRP_287	F	39
DGRP_287	F	39
DGRP_287	F	39
DGRP_287	M	14
DGRP_287	M	8
DGRP_287	F	39
DGRP_287	F	39
DGRP_287	F	36
DGRP_287	M	35
DGRP_287	M	28
DGRP_287	M	4
DGRP_287	F	43
DGRP_287	F	43
DGRP_287	F	17
DGRP_287	M	35
DGRP_287	M	30
DGRP_287	M	2
DGRP_287	F	39
DGRP_287	F	39
DGRP_287	F	7
DGRP_287	M	39
DGRP_287	M	37
DGRP_287	M	35
DGRP_287	F	38
DGRP_287	F	37
DGRP_287	F	35
DGRP_301	F	16
DGRP_301	F	36
DGRP_301	F	39
DGRP_301	M	3
DGRP_301	M	35
DGRP_301	M	37
DGRP_301	F	31
DGRP_301	F	35
DGRP_301	F	44
DGRP_301	M	7
DGRP_301	M	35
DGRP_301	F	29
DGRP_301	F	42
DGRP_301	M	39
DGRP_301	M	49
DGRP_301	F	32
DGRP_301	F	32
DGRP_301	F	35
DGRP_301	M	42
DGRP_301	M	45
DGRP_301	M	49
DGRP_301	F	25
DGRP_301	F	42
DGRP_301	M	38
DGRP_301	M	42
DGRP_301	M	45
DGRP_301	F	23
DGRP_301	F	31
DGRP_301	F	38
DGRP_301	M	35
DGRP_301	M	35
DGRP_301	M	42
DGRP_301	F	11
DGRP_301	F	28
DGRP_301	F	35
DGRP_301	M	35
DGRP_301	M	45
DGRP_301	M	49
DGRP_301	F	11
DGRP_301	F	39
DGRP_301	M	28
DGRP_301	M	42
DGRP_301	F	37
DGRP_301	F	37
DGRP_301	M	29
DGRP_301	M	39
DGRP_301	F	28
DGRP_301	F	32
DGRP_301	M	42
DGRP_301	M	42
DGRP_301	M	44
DGRP_301	F	7
DGRP_301	F	39
DGRP_301	M	36
DGRP_301	M	44
DGRP_301	F	32
DGRP_301	F	29
DGRP_301	F	16
DGRP_301	M	35
DGRP_301	M	29
DGRP_301	M	22
DGRP_301	F	43
DGRP_301	F	42
DGRP_301	F	42
DGRP_301	M	43
DGRP_301	M	38
DGRP_301	M	38
DGRP_301	F	46
DGRP_301	F	35
DGRP_301	F	21
DGRP_301	M	42
DGRP_301	M	35
DGRP_301	M	35
DGRP_301	F	35
DGRP_301	F	35
DGRP_301	M	43
DGRP_301	M	38
DGRP_301	M	35
DGRP_301	F	42
DGRP_301	F	29
DGRP_301	F	25
DGRP_301	M	43
DGRP_301	M	42
DGRP_301	M	16
DGRP_301	F	32
DGRP_301	F	29
DGRP_301	F	16
DGRP_301	M	38
DGRP_301	M	38
DGRP_301	M	29
DGRP_301	F	43
DGRP_301	F	21
DGRP_301	F	14
DGRP_301	M	43
DGRP_301	M	39
DGRP_301	M	14
DGRP_301	F	39
DGRP_301	F	29
DGRP_301	F	7
DGRP_301	M	43
DGRP_301	M	42
DGRP_301	M	42
DGRP_301	F	35
DGRP_301	F	21
DGRP_301	F	11
DGRP_301	M	51
DGRP_301	M	42
DGRP_301	M	35
DGRP_301	F	49
DGRP_301	F	45
DGRP_301	F	43
DGRP_301	M	51
DGRP_301	M	49
DGRP_301	M	43
DGRP_301	F	32
DGRP_301	F	32
DGRP_301	F	29
DGRP_301	M	38
DGRP_301	M	35
DGRP_301	M	32
DGRP_303	F	24
DGRP_303	F	31
DGRP_303	M	28
DGRP_303	M	31
DGRP_303	M	31
DGRP_303	F	21
DGRP_303	F	31
DGRP_303	F	35
DGRP_303	M	24
DGRP_303	M	34
DGRP_303	M	34
DGRP_303	F	28
DGRP_303	F	31
DGRP_303	F	31
DGRP_303	M	26
DGRP_303	M	31
DGRP_303	M	31
DGRP_303	F	20
DGRP_303	F	26
DGRP_303	F	27
DGRP_303	M	38
DGRP_303	M	38
DGRP_303	F	17
DGRP_303	F	31
DGRP_303	F	34
DGRP_303	M	24
DGRP_303	M	31
DGRP_303	F	19
DGRP_303	F	21
DGRP_303	F	24
DGRP_303	M	20
DGRP_303	M	24
DGRP_303	M	42
DGRP_303	F	12
DGRP_303	F	20
DGRP_303	F	31
DGRP_303	M	24
DGRP_303	M	24
DGRP_303	M	25
DGRP_303	F	24
DGRP_303	F	25
DGRP_303	M	24
DGRP_303	M	34
DGRP_303	F	17
DGRP_303	F	24
DGRP_303	F	24
DGRP_303	M	14
DGRP_303	M	31
DGRP_303	M	34
DGRP_303	F	21
DGRP_303	F	28
DGRP_303	F	31
DGRP_303	M	24
DGRP_303	M	31
DGRP_303	M	31
DGRP_303	F	31
DGRP_303	F	31
DGRP_303	F	31
DGRP_303	M	26
DGRP_303	M	31
DGRP_303	M	31
DGRP_303	F	24
DGRP_303	F	31
DGRP_303	F	34
DGRP_303	M	31
DGRP_303	M	31
DGRP_303	M	34
DGRP_303	F	32
DGRP_303	F	32
DGRP_303	F	24
DGRP_303	M	35
DGRP_303	M	24
DGRP_303	F	32
DGRP_303	F	28
DGRP_303	M	32
DGRP_303	M	24
DGRP_303	M	17
DGRP_303	F	26
DGRP_303	F	24
DGRP_303	M	34
DGRP_303	M	32
DGRP_303	M	32
DGRP_303	F	32
DGRP_303	F	32
DGRP_303	F	32
DGRP_303	M	46
DGRP_303	M	26
DGRP_303	M	26
DGRP_303	F	35
DGRP_303	F	32
DGRP_303	F	25
DGRP_303	M	35
DGRP_303	M	33
DGRP_303	M	32
DGRP_303	F	32
DGRP_303	F	32
DGRP_303	F	32
DGRP_303	M	32
DGRP_303	M	32
DGRP_303	M	32
DGRP_303	F	24
DGRP_303	F	24
DGRP_303	F	7
DGRP_303	M	34
DGRP_303	M	32
DGRP_303	M	24
DGRP_303	F	32
DGRP_303	F	26
DGRP_303	F	26
DGRP_303	M	32
DGRP_303	M	32
DGRP_303	M	32
DGRP_303	F	32
DGRP_303	F	32
DGRP_303	F	26
DGRP_303	M	32
DGRP_303	M	32
DGRP_303	F	32
DGRP_303	F	32
DGRP_303	F	24
DGRP_303	M	28
DGRP_303	M	25
DGRP_303	M	25
DGRP_303	F	32
DGRP_303	F	32
DGRP_303	F	26
DGRP_303	M	32
DGRP_303	M	32
DGRP_303	M	28
DGRP_303	F	32
DGRP_303	F	21
DGRP_303	F	10
DGRP_303	M	32
DGRP_303	M	32
DGRP_303	M	26
DGRP_304	F	31
DGRP_304	F	36
DGRP_304	F	44
DGRP_304	M	44
DGRP_304	M	46
DGRP_304	F	38
DGRP_304	F	42
DGRP_304	F	56
DGRP_304	M	52
DGRP_304	M	53
DGRP_304	F	21
DGRP_304	F	42
DGRP_304	F	50
DGRP_304	M	3
DGRP_304	M	39
DGRP_304	M	42
DGRP_304	F	3
DGRP_304	F	45
DGRP_304	F	56
DGRP_304	M	28
DGRP_304	M	35
DGRP_304	F	17
DGRP_304	F	42
DGRP_304	F	52
DGRP_304	M	4
DGRP_304	M	28
DGRP_304	M	56
DGRP_304	F	42
DGRP_304	F	49
DGRP_304	F	53
DGRP_304	M	37
DGRP_304	M	39
DGRP_304	F	37
DGRP_304	F	50
DGRP_304	F	52
DGRP_304	M	42
DGRP_304	M	44
DGRP_304	F	37
DGRP_304	F	53
DGRP_304	F	56
DGRP_304	M	31
DGRP_304	M	43
DGRP_304	F	44
DGRP_304	F	52
DGRP_304	F	53
DGRP_304	M	51
DGRP_304	M	52
DGRP_304	M	57
DGRP_304	F	36
DGRP_304	F	42
DGRP_304	F	53
DGRP_304	M	31
DGRP_304	M	42
DGRP_304	F	42
DGRP_304	F	46
DGRP_304	M	46
DGRP_304	M	53
DGRP_304	F	49
DGRP_304	F	49
DGRP_304	F	57
DGRP_304	M	49
DGRP_304	M	52
DGRP_304	M	57
DGRP_304	F	43
DGRP_304	F	7
DGRP_304	M	49
DGRP_304	M	43
DGRP_304	M	14
DGRP_304	F	38
DGRP_304	F	29
DGRP_304	F	7
DGRP_304	M	52
DGRP_304	M	42
DGRP_304	M	35
DGRP_304	F	49
DGRP_304	F	38
DGRP_304	F	38
DGRP_304	M	29
DGRP_304	M	11
DGRP_304	F	42
DGRP_304	F	39
DGRP_304	F	39
DGRP_304	M	57
DGRP_304	M	29
DGRP_304	M	22
DGRP_304	F	49
DGRP_304	F	43
DGRP_304	F	37
DGRP_304	M	50
DGRP_304	M	29
DGRP_304	M	32
DGRP_304	F	51
DGRP_304	F	50
DGRP_304	F	42
DGRP_304	M	51
DGRP_304	M	50
DGRP_304	M	42
DGRP_304	F	52
DGRP_304	F	43
DGRP_304	M	49
DGRP_304	M	42
DGRP_304	M	29
DGRP_304	F	51
DGRP_304	F	43
DGRP_304	F	38
DGRP_304	M	53
DGRP_304	M	51
DGRP_304	M	38
DGRP_304	F	57
DGRP_304	F	49
DGRP_304	F	42
DGRP_304	M	50
DGRP_304	M	49
DGRP_304	M	42
DGRP_304	F	53
DGRP_304	F	49
DGRP_304	F	42
DGRP_304	M	53
DGRP_304	M	11
DGRP_304	F	38
DGRP_304	F	35
DGRP_304	F	4
DGRP_304	M	52
DGRP_304	M	43
DGRP_304	M	42
DGRP_304	F	51
DGRP_304	F	43
DGRP_304	F	39
DGRP_304	M	51
DGRP_304	M	49
DGRP_304	M	43
DGRP_306	F	36
DGRP_306	F	42
DGRP_306	M	21
DGRP_306	M	28
DGRP_306	F	23
DGRP_306	F	29
DGRP_306	M	10
DGRP_306	M	37
DGRP_306	M	49
DGRP_306	F	28
DGRP_306	F	35
DGRP_306	F	39
DGRP_306	M	23
DGRP_306	M	28
DGRP_306	M	35
DGRP_306	F	28
DGRP_306	F	42
DGRP_306	M	21
DGRP_306	M	28
DGRP_306	M	42
DGRP_306	F	28
DGRP_306	F	37
DGRP_306	M	28
DGRP_306	M	32
DGRP_306	F	28
DGRP_306	F	28
DGRP_306	F	43
DGRP_306	M	7
DGRP_306	M	43
DGRP_306	M	49
DGRP_306	F	28
DGRP_306	F	28
DGRP_306	F	37
DGRP_306	M	35
DGRP_306	M	42
DGRP_306	M	43
DGRP_306	F	28
DGRP_306	F	39
DGRP_306	F	44
DGRP_306	M	9
DGRP_306	M	23
DGRP_306	M	35
DGRP_306	F	28
DGRP_306	F	37
DGRP_306	F	42
DGRP_306	M	7
DGRP_306	M	39
DGRP_306	M	42
DGRP_306	F	42
DGRP_306	F	42
DGRP_306	F	42
DGRP_306	M	17
DGRP_306	M	28
DGRP_306	M	28
DGRP_306	F	21
DGRP_306	F	35
DGRP_306	F	35
DGRP_306	M	35
DGRP_306	M	42
DGRP_306	M	42
DGRP_306	F	30
DGRP_306	F	35
DGRP_306	M	35
DGRP_306	M	39
DGRP_306	F	38
DGRP_306	F	30
DGRP_306	F	28
DGRP_306	M	39
DGRP_306	M	38
DGRP_306	M	35
DGRP_306	F	43
DGRP_306	F	28
DGRP_306	F	28
DGRP_306	M	51
DGRP_306	M	25
DGRP_306	M	9
DGRP_306	F	39
DGRP_306	F	28
DGRP_306	F	25
DGRP_306	M	37
DGRP_306	M	28
DGRP_306	M	16
DGRP_306	F	42
DGRP_306	F	42
DGRP_306	F	30
DGRP_306	M	49
DGRP_306	M	30
DGRP_306	M	23
DGRP_306	F	37
DGRP_306	F	23
DGRP_306	F	10
DGRP_306	M	29
DGRP_306	M	28
DGRP_306	M	28
DGRP_306	F	39
DGRP_306	F	21
DGRP_306	M	39
DGRP_306	M	29
DGRP_306	M	24
DGRP_306	F	37
DGRP_306	F	35
DGRP_306	F	31
DGRP_306	M	49
DGRP_306	M	42
DGRP_306	M	35
DGRP_306	F	38
DGRP_306	F	38
DGRP_306	F	30
DGRP_306	M	53
DGRP_306	M	38
DGRP_306	F	42
DGRP_306	F	39
DGRP_306	F	28
DGRP_306	M	39
DGRP_306	M	30
DGRP_306	M	28
DGRP_306	F	42
DGRP_306	F	37
DGRP_306	F	28
DGRP_306	M	51
DGRP_306	M	51
DGRP_306	M	37
DGRP_307	F	7
DGRP_307	F	23
DGRP_307	F	42
DGRP_307	M	14
DGRP_307	M	24
DGRP_307	M	28
DGRP_307	F	21
DGRP_307	F	21
DGRP_307	F	24
DGRP_307	M	21
DGRP_307	M	23
DGRP_307	M	32
DGRP_307	F	22
DGRP_307	F	28
DGRP_307	F	28
DGRP_307	M	14
DGRP_307	M	32
DGRP_307	M	35
DGRP_307	F	23
DGRP_307	F	28
DGRP_307	F	39
DGRP_307	M	28
DGRP_307	M	32
DGRP_307	F	21
DGRP_307	F	22
DGRP_307	F	30
DGRP_307	M	21
DGRP_307	M	30
DGRP_307	M	32
DGRP_307	F	9
DGRP_307	F	24
DGRP_307	F	35
DGRP_307	M	28
DGRP_307	M	35
DGRP_307	F	23
DGRP_307	F	28
DGRP_307	M	28
DGRP_307	M	35
DGRP_307	F	22
DGRP_307	F	35
DGRP_307	F	35
DGRP_307	M	21
DGRP_307	M	28
DGRP_307	F	10
DGRP_307	F	28
DGRP_307	M	14
DGRP_307	M	35
DGRP_307	F	28
DGRP_307	F	35
DGRP_307	F	35
DGRP_307	M	28
DGRP_307	M	30
DGRP_307	F	25
DGRP_307	F	35
DGRP_307	F	35
DGRP_307	M	14
DGRP_307	M	28
DGRP_307	M	28
DGRP_307	F	22
DGRP_307	F	25
DGRP_307	F	35
DGRP_307	M	28
DGRP_307	M	28
DGRP_307	M	35
DGRP_307	F	42
DGRP_307	F	35
DGRP_307	F	35
DGRP_307	M	31
DGRP_307	M	28
DGRP_307	M	24
DGRP_307	F	37
DGRP_307	F	28
DGRP_307	F	14
DGRP_307	M	25
DGRP_307	M	25
DGRP_307	M	23
DGRP_307	F	35
DGRP_307	F	30
DGRP_307	F	7
DGRP_307	M	31
DGRP_307	M	28
DGRP_307	M	21
DGRP_307	F	28
DGRP_307	F	25
DGRP_307	M	35
DGRP_307	M	28
DGRP_307	M	22
DGRP_307	F	42
DGRP_307	F	39
DGRP_307	F	28
DGRP_307	M	35
DGRP_307	M	23
DGRP_307	F	35
DGRP_307	F	31
DGRP_307	F	28
DGRP_307	M	28
DGRP_307	M	28
DGRP_307	M	24
DGRP_307	F	35
DGRP_307	F	29
DGRP_307	M	31
DGRP_307	M	28
DGRP_307	M	25
DGRP_307	F	37
DGRP_307	F	32
DGRP_307	F	28
DGRP_307	M	39
DGRP_307	M	28
DGRP_307	F	35
DGRP_307	F	35
DGRP_307	F	25
DGRP_307	M	35
DGRP_307	M	30
DGRP_307	M	29
DGRP_307	F	30
DGRP_307	F	24
DGRP_307	F	23
DGRP_307	M	35
DGRP_307	M	24
DGRP_307	M	22
DGRP_307	F	28
DGRP_307	F	18
DGRP_307	F	17
DGRP_307	M	23
DGRP_307	M	17
DGRP_307	M	14
DGRP_307	F	35
DGRP_307	F	29
DGRP_307	F	14
DGRP_307	M	32
DGRP_307	M	30
DGRP_307	M	25
DGRP_309	M	45
DGRP_309	M	31
DGRP_309	M	31
DGRP_309	F	34
DGRP_309	F	28
DGRP_309	F	19
DGRP_309	M	38
DGRP_309	M	24
DGRP_309	F	38
DGRP_309	F	35
DGRP_309	F	3
DGRP_309	M	34
DGRP_309	M	33
DGRP_309	M	31
DGRP_309	F	40
DGRP_309	F	38
DGRP_309	F	27
DGRP_309	M	45
DGRP_309	M	45
DGRP_309	M	38
DGRP_309	F	42
DGRP_309	F	40
DGRP_309	F	38
DGRP_309	M	45
DGRP_309	M	38
DGRP_309	F	35
DGRP_309	F	26
DGRP_309	F	24
DGRP_309	M	38
DGRP_309	M	31
DGRP_309	M	31
DGRP_309	F	31
DGRP_309	F	31
DGRP_309	M	45
DGRP_309	M	42
DGRP_309	M	3
DGRP_309	F	40
DGRP_309	F	39
DGRP_309	F	38
DGRP_309	M	31
DGRP_309	M	31
DGRP_309	M	21
DGRP_309	F	41
DGRP_309	F	20
DGRP_309	F	14
DGRP_309	M	40
DGRP_309	M	38
DGRP_309	M	35
DGRP_309	F	45
DGRP_309	F	40
DGRP_309	F	38
DGRP_309	M	38
DGRP_309	M	10
DGRP_309	F	14
DGRP_309	F	14
DGRP_309	F	3
DGRP_309	M	42
DGRP_309	M	19
DGRP_309	M	3
DGRP_309	F	20
DGRP_309	F	6
DGRP_309	M	40
DGRP_309	M	38
DGRP_309	M	3
DGRP_309	F	38
DGRP_309	F	28
DGRP_309	F	17
DGRP_309	M	45
DGRP_309	M	43
DGRP_309	M	17
DGRP_309	F	33
DGRP_309	F	24
DGRP_309	M	41
DGRP_309	M	40
DGRP_309	M	35
DGRP_309	F	46
DGRP_309	F	40
DGRP_309	F	31
DGRP_309	M	45
DGRP_309	M	45
DGRP_309	M	38
DGRP_309	F	38
DGRP_309	F	38
DGRP_309	F	38
DGRP_309	M	38
DGRP_309	M	31
DGRP_309	M	19
DGRP_309	F	31
DGRP_309	F	24
DGRP_309	F	12
DGRP_309	M	31
DGRP_309	M	28
DGRP_309	M	16
DGRP_309	F	38
DGRP_309	F	28
DGRP_309	M	35
DGRP_309	M	28
DGRP_309	M	19
DGRP_309	F	42
DGRP_309	F	40
DGRP_309	F	24
DGRP_309	M	46
DGRP_309	M	42
DGRP_309	M	31
DGRP_309	F	42
DGRP_309	F	41
DGRP_309	F	3
DGRP_309	M	28
DGRP_309	M	24
DGRP_309	M	24
DGRP_309	F	24
DGRP_309	F	19
DGRP_309	M	45
DGRP_309	M	38
DGRP_309	F	39
DGRP_309	F	35
DGRP_309	F	25
DGRP_310	M	24
DGRP_310	M	17
DGRP_310	M	3
DGRP_310	F	21
DGRP_310	F	17
DGRP_310	F	4
DGRP_310	M	28
DGRP_310	M	24
DGRP_310	M	17
DGRP_310	F	24
DGRP_310	F	21
DGRP_310	F	3
DGRP_310	M	24
DGRP_310	M	24
DGRP_310	F	34
DGRP_310	F	17
DGRP_310	F	11
DGRP_310	M	14
DGRP_310	M	10
DGRP_310	M	3
DGRP_310	F	24
DGRP_310	F	19
DGRP_310	F	19
DGRP_310	M	24
DGRP_310	M	19
DGRP_310	M	17
DGRP_310	F	26
DGRP_310	F	24
DGRP_310	F	21
DGRP_310	M	23
DGRP_310	M	21
DGRP_310	M	16
DGRP_310	F	30
DGRP_310	F	16
DGRP_310	F	10
DGRP_310	M	16
DGRP_310	M	2
DGRP_310	F	18
DGRP_310	F	16
DGRP_310	F	4
DGRP_310	M	25
DGRP_310	M	23
DGRP_310	M	21
DGRP_310	F	23
DGRP_310	F	14
DGRP_310	F	2
DGRP_310	M	35
DGRP_310	M	35
DGRP_310	M	23
DGRP_310	F	17
DGRP_310	F	14
DGRP_310	F	9
DGRP_310	M	28
DGRP_310	M	14
DGRP_310	M	9
DGRP_310	F	21
DGRP_310	F	21
DGRP_310	F	18
DGRP_310	M	33
DGRP_310	M	20
DGRP_310	M	3
DGRP_310	F	21
DGRP_310	F	3
DGRP_310	F	3
DGRP_310	M	24
DGRP_310	M	24
DGRP_310	M	7
DGRP_310	F	24
DGRP_310	F	3
DGRP_310	F	3
DGRP_310	M	24
DGRP_310	M	24
DGRP_310	M	17
DGRP_310	F	24
DGRP_310	F	24
DGRP_310	F	4
DGRP_310	M	32
DGRP_310	M	24
DGRP_310	M	3
DGRP_310	F	12
DGRP_310	F	5
DGRP_310	F	3
DGRP_310	M	31
DGRP_310	M	24
DGRP_310	M	3
DGRP_310	F	24
DGRP_310	F	24
DGRP_310	F	17
DGRP_310	M	30
DGRP_310	M	21
DGRP_310	M	1
DGRP_310	F	21
DGRP_310	F	18
DGRP_310	F	16
DGRP_310	M	28
DGRP_310	M	25
DGRP_310	M	18
DGRP_310	F	24
DGRP_310	F	11
DGRP_310	F	1
DGRP_310	M	1
DGRP_310	M	1
DGRP_310	M	1
DGRP_310	F	30
DGRP_310	F	14
DGRP_310	F	4
DGRP_310	M	21
DGRP_310	M	2
DGRP_310	M	1
DGRP_310	F	28
DGRP_310	F	21
DGRP_310	F	11
DGRP_310	M	28
DGRP_310	M	24
DGRP_310	M	21
DGRP_310	F	16
DGRP_310	F	18
DGRP_310	F	16
DGRP_310	M	11
DGRP_310	M	7
DGRP_310	M	1
DGRP_310	F	28
DGRP_310	F	24
DGRP_310	F	21
DGRP_310	M	35
DGRP_310	M	25
DGRP_310	M	25
DGRP_310	F	18
DGRP_310	F	17
DGRP_310	F	14
DGRP_313	F	14
DGRP_313	F	21
DGRP_313	F	23
DGRP_313	M	31
DGRP_313	M	37
DGRP_313	M	44
DGRP_313	F	11
DGRP_313	F	21
DGRP_313	F	35
DGRP_313	M	39
DGRP_313	M	42
DGRP_313	F	7
DGRP_313	F	23
DGRP_313	M	14
DGRP_313	M	21
DGRP_313	M	49
DGRP_313	F	11
DGRP_313	F	28
DGRP_313	M	14
DGRP_313	M	18
DGRP_313	M	21
DGRP_313	F	28
DGRP_313	F	39
DGRP_313	M	28
DGRP_313	M	28
DGRP_313	M	49
DGRP_313	F	14
DGRP_313	F	14
DGRP_313	M	28
DGRP_313	M	31
DGRP_313	M	39
DGRP_313	F	4
DGRP_313	F	14
DGRP_313	F	14
DGRP_313	M	37
DGRP_313	M	42
DGRP_313	M	42
DGRP_313	F	18
DGRP_313	F	28
DGRP_313	M	25
DGRP_313	M	37
DGRP_313	F	16
DGRP_313	F	28
DGRP_313	M	31
DGRP_313	M	37
DGRP_313	M	42
DGRP_313	F	28
DGRP_313	F	31
DGRP_313	M	28
DGRP_313	M	31
DGRP_313	F	8
DGRP_313	F	42
DGRP_313	M	11
DGRP_313	M	31
DGRP_313	F	4
DGRP_313	F	17
DGRP_313	F	42
DGRP_313	M	11
DGRP_313	M	14
DGRP_313	M	21
DGRP_313	F	52
DGRP_313	F	37
DGRP_313	F	11
DGRP_313	M	38
DGRP_313	M	37
DGRP_313	M	22
DGRP_313	F	22
DGRP_313	F	11
DGRP_313	F	11
DGRP_313	M	37
DGRP_313	M	29
DGRP_313	M	11
DGRP_313	F	43
DGRP_313	F	17
DGRP_313	F	16
DGRP_313	M	49
DGRP_313	M	43
DGRP_313	M	42
DGRP_313	F	17
DGRP_313	F	11
DGRP_313	M	37
DGRP_313	M	29
DGRP_313	F	29
DGRP_313	F	21
DGRP_313	F	11
DGRP_313	M	21
DGRP_313	M	21
DGRP_313	M	21
DGRP_313	F	15
DGRP_313	F	11
DGRP_313	F	7
DGRP_313	M	23
DGRP_313	M	22
DGRP_313	M	11
DGRP_313	F	49
DGRP_313	F	29
DGRP_313	F	29
DGRP_313	M	38
DGRP_313	M	29
DGRP_313	M	29
DGRP_313	F	37
DGRP_313	F	18
DGRP_313	F	16
DGRP_313	M	37
DGRP_313	M	29
DGRP_313	F	46
DGRP_313	F	43
DGRP_313	F	21
DGRP_313	M	49
DGRP_313	M	43
DGRP_313	M	39
DGRP_313	F	49
DGRP_313	F	21
DGRP_313	F	16
DGRP_313	M	29
DGRP_313	M	29
DGRP_313	M	21
DGRP_313	F	42
DGRP_313	F	42
DGRP_313	F	18
DGRP_313	M	52
DGRP_313	M	45
DGRP_313	M	24
DGRP_313	F	43
DGRP_313	F	14
DGRP_313	F	4
DGRP_313	M	49
DGRP_313	M	43
DGRP_313	M	23
DGRP_317	M	31
DGRP_317	M	28
DGRP_317	M	17
DGRP_317	F	42
DGRP_317	F	40
DGRP_317	F	35
DGRP_317	M	33
DGRP_317	M	21
DGRP_317	M	17
DGRP_317	F	45
DGRP_317	F	17
DGRP_317	M	38
DGRP_317	M	32
DGRP_317	M	12
DGRP_317	F	31
DGRP_317	F	28
DGRP_317	F	26
DGRP_317	M	45
DGRP_317	M	31
DGRP_317	M	27
DGRP_317	F	27
DGRP_317	F	11
DGRP_317	M	45
DGRP_317	M	24
DGRP_317	F	32
DGRP_317	F	27
DGRP_317	F	18
DGRP_317	M	38
DGRP_317	M	21
DGRP_317	F	35
DGRP_317	F	28
DGRP_317	F	19
DGRP_317	M	38
DGRP_317	M	38
DGRP_317	M	11
DGRP_317	F	38
DGRP_317	F	11
DGRP_317	M	38
DGRP_317	M	38
DGRP_317	M	14
DGRP_317	F	39
DGRP_317	F	33
DGRP_317	F	31
DGRP_317	M	38
DGRP_317	M	35
DGRP_317	F	35
DGRP_317	F	31
DGRP_317	F	19
DGRP_317	M	38
DGRP_317	M	31
DGRP_317	F	33
DGRP_317	F	27
DGRP_317	F	24
DGRP_317	M	40
DGRP_317	M	28
DGRP_317	F	24
DGRP_317	F	21
DGRP_317	M	41
DGRP_317	M	31
DGRP_317	M	24
DGRP_317	F	28
DGRP_317	F	24
DGRP_317	F	24
DGRP_317	M	41
DGRP_317	M	39
DGRP_317	F	39
DGRP_317	F	39
DGRP_317	F	17
DGRP_317	M	47
DGRP_317	M	45
DGRP_317	M	31
DGRP_317	F	27
DGRP_317	F	24
DGRP_317	M	33
DGRP_317	M	32
DGRP_317	F	45
DGRP_317	F	31
DGRP_317	F	17
DGRP_317	M	31
DGRP_317	M	25
DGRP_317	F	25
DGRP_317	F	24
DGRP_317	F	21
DGRP_317	M	31
DGRP_317	M	17
DGRP_317	F	49
DGRP_317	F	17
DGRP_317	M	52
DGRP_317	M	38
DGRP_317	M	32
DGRP_317	F	17
DGRP_317	F	12
DGRP_317	F	3
DGRP_317	M	45
DGRP_317	M	45
DGRP_317	M	38
DGRP_317	F	19
DGRP_317	F	17
DGRP_317	F	12
DGRP_317	M	27
DGRP_317	M	18
DGRP_317	M	14
DGRP_317	F	26
DGRP_317	F	19
DGRP_317	M	35
DGRP_317	M	24
DGRP_317	M	17
DGRP_317	F	45
DGRP_317	F	31
DGRP_317	F	21
DGRP_317	M	45
DGRP_317	M	38
DGRP_317	M	38
DGRP_317	F	34
DGRP_317	F	24
DGRP_317	F	3
DGRP_317	M	40
DGRP_317	M	31
DGRP_317	M	17
DGRP_317	F	42
DGRP_317	F	28
DGRP_317	F	26
DGRP_317	M	38
DGRP_317	M	31
DGRP_317	M	24
DGRP_317	F	47
DGRP_317	F	31
DGRP_317	F	17
DGRP_318	M	38
DGRP_318	M	33
DGRP_318	M	21
DGRP_318	F	38
DGRP_318	F	32
DGRP_318	F	3
DGRP_318	M	38
DGRP_318	M	35
DGRP_318	M	3
DGRP_318	F	38
DGRP_318	F	38
DGRP_318	F	3
DGRP_318	M	38
DGRP_318	M	38
DGRP_318	M	31
DGRP_318	F	38
DGRP_318	F	38
DGRP_318	F	31
DGRP_318	M	33
DGRP_318	M	21
DGRP_318	M	3
DGRP_318	F	38
DGRP_318	F	38
DGRP_318	F	31
DGRP_318	M	35
DGRP_318	M	33
DGRP_318	M	31
DGRP_318	F	34
DGRP_318	F	33
DGRP_318	F	31
DGRP_318	M	38
DGRP_318	M	38
DGRP_318	M	31
DGRP_318	F	28
DGRP_318	F	19
DGRP_318	M	31
DGRP_318	M	31
DGRP_318	M	3
DGRP_318	F	35
DGRP_318	F	31
DGRP_318	F	21
DGRP_318	M	33
DGRP_318	M	21
DGRP_318	M	3
DGRP_318	F	38
DGRP_318	F	31
DGRP_318	M	40
DGRP_318	M	34
DGRP_318	F	38
DGRP_318	F	38
DGRP_318	F	38
DGRP_318	M	38
DGRP_318	M	21
DGRP_318	M	3
DGRP_318	F	24
DGRP_318	F	19
DGRP_318	F	17
DGRP_318	M	31
DGRP_318	M	24
DGRP_318	M	14
DGRP_318	F	38
DGRP_318	F	34
DGRP_318	F	28
DGRP_318	M	21
DGRP_318	M	19
DGRP_318	F	25
DGRP_318	F	3
DGRP_318	F	3
DGRP_318	M	38
DGRP_318	M	38
DGRP_318	M	5
DGRP_318	F	42
DGRP_318	F	10
DGRP_318	M	38
DGRP_318	M	38
DGRP_318	M	33
DGRP_318	F	3
DGRP_318	F	25
DGRP_318	M	35
DGRP_318	M	35
DGRP_318	M	21
DGRP_318	F	31
DGRP_318	F	21
DGRP_318	F	4
DGRP_318	M	38
DGRP_318	M	17
DGRP_318	M	17
DGRP_318	F	40
DGRP_318	F	32
DGRP_318	F	24
DGRP_318	M	38
DGRP_318	M	24
DGRP_318	F	34
DGRP_318	F	31
DGRP_318	M	33
DGRP_318	M	31
DGRP_318	M	26
DGRP_318	F	38
DGRP_318	F	31
DGRP_318	F	19
DGRP_318	M	35
DGRP_318	M	34
DGRP_318	F	38
DGRP_318	F	38
DGRP_318	F	33
DGRP_318	M	26
DGRP_318	M	24
DGRP_318	M	19
DGRP_318	F	26
DGRP_318	F	24
DGRP_318	F	12
DGRP_318	M	31
DGRP_318	M	28
DGRP_318	M	10
DGRP_318	F	38
DGRP_318	F	38
DGRP_318	F	32
DGRP_318	M	45
DGRP_318	M	38
DGRP_318	M	26
DGRP_318	F	28
DGRP_318	F	17
DGRP_318	F	3
DGRP_318	M	33
DGRP_318	M	33
DGRP_318	M	26
DGRP_318	F	35
DGRP_318	F	35
DGRP_318	F	35
DGRP_320	M	45
DGRP_320	M	38
DGRP_320	F	45
DGRP_320	F	33
DGRP_320	F	24
DGRP_320	M	52
DGRP_320	M	38
DGRP_320	M	31
DGRP_320	F	35
DGRP_320	F	17
DGRP_320	F	14
DGRP_320	M	45
DGRP_320	M	24
DGRP_320	M	7
DGRP_320	F	45
DGRP_320	F	45
DGRP_320	F	42
DGRP_320	M	45
DGRP_320	M	45
DGRP_320	M	33
DGRP_320	F	49
DGRP_320	F	45
DGRP_320	F	31
DGRP_320	M	42
DGRP_320	M	35
DGRP_320	F	52
DGRP_320	F	52
DGRP_320	F	52
DGRP_320	M	38
DGRP_320	M	35
DGRP_320	F	45
DGRP_320	F	31
DGRP_320	F	19
DGRP_320	M	45
DGRP_320	M	38
DGRP_320	M	31
DGRP_320	F	52
DGRP_320	F	48
DGRP_320	F	45
DGRP_320	M	45
DGRP_320	M	45
DGRP_320	F	52
DGRP_320	F	45
DGRP_320	F	31
DGRP_320	M	45
DGRP_320	M	38
DGRP_320	M	38
DGRP_320	F	45
DGRP_320	F	42
DGRP_320	F	38
DGRP_320	M	45
DGRP_320	M	38
DGRP_320	M	14
DGRP_320	F	52
DGRP_320	F	34
DGRP_320	F	3
DGRP_320	M	45
DGRP_320	M	45
DGRP_320	M	45
DGRP_320	F	52
DGRP_320	F	52
DGRP_320	F	19
DGRP_320	M	45
DGRP_320	M	40
DGRP_320	F	45
DGRP_320	F	24
DGRP_320	F	14
DGRP_320	M	45
DGRP_320	M	42
DGRP_320	M	42
DGRP_320	F	45
DGRP_320	F	42
DGRP_320	F	41
DGRP_320	M	40
DGRP_320	M	38
DGRP_320	M	38
DGRP_320	F	45
DGRP_320	F	45
DGRP_320	F	39
DGRP_320	M	45
DGRP_320	M	31
DGRP_320	F	45
DGRP_320	F	45
DGRP_320	F	45
DGRP_320	M	47
DGRP_320	M	45
DGRP_320	M	38
DGRP_320	F	52
DGRP_320	F	52
DGRP_320	F	39
DGRP_320	M	52
DGRP_320	M	45
DGRP_320	M	33
DGRP_320	F	52
DGRP_320	F	52
DGRP_320	F	45
DGRP_320	M	45
DGRP_320	M	45
DGRP_320	M	32
DGRP_320	F	42
DGRP_320	F	12
DGRP_320	F	12
DGRP_320	M	45
DGRP_320	M	45
DGRP_320	M	17
DGRP_320	F	52
DGRP_320	F	31
DGRP_320	M	45
DGRP_320	M	38
DGRP_320	M	38
DGRP_320	F	45
DGRP_320	F	33
DGRP_320	F	21
DGRP_320	M	42
DGRP_320	M	38
DGRP_320	M	38
DGRP_320	F	47
DGRP_320	F	45
DGRP_320	F	38
DGRP_320	M	45
DGRP_320	M	45
DGRP_320	M	35
DGRP_320	F	38
DGRP_320	F	38
DGRP_320	F	27
DGRP_320	M	42
DGRP_320	M	38
DGRP_320	M	33
DGRP_320	F	42
DGRP_320	F	5
DGRP_320	M	45
DGRP_320	M	38
DGRP_320	M	38
DGRP_320	F	40
DGRP_320	F	38
DGRP_320	F	31
DGRP_321	M	21
DGRP_321	M	19
DGRP_321	M	10
DGRP_321	F	40
DGRP_321	F	33
DGRP_321	F	21
DGRP_321	M	12
DGRP_321	M	12
DGRP_321	M	10
DGRP_321	F	38
DGRP_321	F	21
DGRP_321	F	10
DGRP_321	M	17
DGRP_321	M	3
DGRP_321	M	3
DGRP_321	F	10
DGRP_321	M	12
DGRP_321	M	11
DGRP_321	M	3
DGRP_321	F	11
DGRP_321	F	3
DGRP_321	F	3
DGRP_321	M	3
DGRP_321	M	3
DGRP_321	M	3
DGRP_321	F	35
DGRP_321	F	3
DGRP_321	F	3
DGRP_321	M	12
DGRP_321	M	10
DGRP_321	F	26
DGRP_321	F	3
DGRP_321	M	20
DGRP_321	M	7
DGRP_321	M	3
DGRP_321	F	19
DGRP_321	F	19
DGRP_321	F	3
DGRP_321	M	31
DGRP_321	M	12
DGRP_321	M	10
DGRP_321	F	38
DGRP_321	F	17
DGRP_321	M	28
DGRP_321	M	26
DGRP_321	M	24
DGRP_321	F	19
DGRP_321	F	5
DGRP_321	F	3
DGRP_321	M	35
DGRP_321	M	33
DGRP_321	M	14
DGRP_321	F	38
DGRP_321	F	26
DGRP_321	F	24
DGRP_321	M	31
DGRP_321	M	31
DGRP_321	M	20
DGRP_321	F	38
DGRP_321	F	24
DGRP_321	F	24
DGRP_321	M	31
DGRP_321	M	19
DGRP_321	F	38
DGRP_321	F	19
DGRP_321	F	14
DGRP_321	M	26
DGRP_321	M	26
DGRP_321	M	24
DGRP_321	F	34
DGRP_321	F	5
DGRP_321	M	26
DGRP_321	M	17
DGRP_321	M	17
DGRP_321	F	20
DGRP_321	F	17
DGRP_321	M	28
DGRP_321	M	26
DGRP_321	M	3
DGRP_321	F	32
DGRP_321	F	28
DGRP_321	F	3
DGRP_321	M	24
DGRP_321	M	17
DGRP_321	M	4
DGRP_321	F	3
DGRP_321	F	3
DGRP_321	M	42
DGRP_321	M	38
DGRP_321	M	24
DGRP_321	F	24
DGRP_321	F	3
DGRP_321	M	38
DGRP_321	M	38
DGRP_321	F	19
DGRP_321	F	4
DGRP_321	F	4
DGRP_321	M	12
DGRP_321	M	5
DGRP_321	F	33
DGRP_321	F	24
DGRP_321	F	21
DGRP_321	M	24
DGRP_321	M	12
DGRP_321	F	31
DGRP_321	F	31
DGRP_321	F	31
DGRP_321	M	35
DGRP_321	M	31
DGRP_321	M	19
DGRP_321	F	17
DGRP_321	F	10
DGRP_324	F	32
DGRP_324	F	32
DGRP_324	F	42
DGRP_324	M	30
DGRP_324	M	35
DGRP_324	F	37
DGRP_324	F	37
DGRP_324	F	37
DGRP_324	M	28
DGRP_324	M	32
DGRP_324	F	32
DGRP_324	F	35
DGRP_324	F	35
DGRP_324	M	28
DGRP_324	M	35
DGRP_324	F	30
DGRP_324	F	38
DGRP_324	F	39
DGRP_324	M	25
DGRP_324	M	35
DGRP_324	F	28
DGRP_324	F	37
DGRP_324	F	37
DGRP_324	M	30
DGRP_324	M	35
DGRP_324	F	38
DGRP_324	F	42
DGRP_324	F	42
DGRP_324	M	4
DGRP_324	M	35
DGRP_324	F	18
DGRP_324	F	37
DGRP_324	M	22
DGRP_324	M	23
DGRP_324	M	37
DGRP_324	F	35
DGRP_324	F	42
DGRP_324	M	32
DGRP_324	M	32
DGRP_324	M	35
DGRP_324	F	31
DGRP_324	F	42
DGRP_324	F	46
DGRP_324	M	21
DGRP_324	M	28
DGRP_324	M	32
DGRP_324	F	39
DGRP_324	F	44
DGRP_324	F	49
DGRP_324	M	21
DGRP_324	M	35
DGRP_324	M	35
DGRP_324	F	35
DGRP_324	F	35
DGRP_324	F	35
DGRP_324	M	32
DGRP_324	M	32
DGRP_324	M	35
DGRP_324	F	35
DGRP_324	F	37
DGRP_324	F	42
DGRP_324	M	25
DGRP_324	M	28
DGRP_324	F	36
DGRP_324	F	29
DGRP_324	M	36
DGRP_324	M	30
DGRP_324	M	22
DGRP_324	F	36
DGRP_324	F	35
DGRP_324	F	35
DGRP_324	M	42
DGRP_324	M	36
DGRP_324	M	25
DGRP_324	F	35
DGRP_324	F	35
DGRP_324	F	32
DGRP_324	M	38
DGRP_324	M	32
DGRP_324	M	25
DGRP_324	F	36
DGRP_324	F	36
DGRP_324	F	35
DGRP_324	M	36
DGRP_324	M	35
DGRP_324	M	30
DGRP_324	F	35
DGRP_324	F	31
DGRP_324	F	11
DGRP_324	M	42
DGRP_324	M	35
DGRP_324	M	35
DGRP_324	F	38
DGRP_324	F	38
DGRP_324	M	38
DGRP_324	M	35
DGRP_324	F	38
DGRP_324	F	36
DGRP_324	F	29
DGRP_324	M	42
DGRP_324	M	36
DGRP_324	F	31
DGRP_324	F	31
DGRP_324	F	30
DGRP_324	M	35
DGRP_324	M	31
DGRP_324	M	30
DGRP_324	F	36
DGRP_324	F	35
DGRP_324	F	31
DGRP_324	M	42
DGRP_324	M	36
DGRP_324	M	35
DGRP_324	F	36
DGRP_324	F	36
DGRP_324	F	31
DGRP_324	M	42
DGRP_324	M	36
DGRP_324	M	31
DGRP_324	F	35
DGRP_324	F	30
DGRP_324	F	28
DGRP_324	M	43
DGRP_324	M	39
DGRP_324	M	30
DGRP_332	M	38
DGRP_332	M	31
DGRP_332	M	25
DGRP_332	F	17
DGRP_332	F	12
DGRP_332	F	4
DGRP_332	M	45
DGRP_332	M	24
DGRP_332	M	21
DGRP_332	F	26
DGRP_332	F	19
DGRP_332	F	19
DGRP_332	M	31
DGRP_332	M	31
DGRP_332	M	28
DGRP_332	F	14
DGRP_332	F	7
DGRP_332	F	3
DGRP_332	M	35
DGRP_332	M	30
DGRP_332	M	10
DGRP_332	F	35
DGRP_332	F	35
DGRP_332	F	23
DGRP_332	M	31
DGRP_332	M	26
DGRP_332	M	24
DGRP_332	F	35
DGRP_332	F	26
DGRP_332	F	24
DGRP_332	M	17
DGRP_332	M	5
DGRP_332	M	3
DGRP_332	F	17
DGRP_332	F	17
DGRP_332	M	28
DGRP_332	M	17
DGRP_332	F	28
DGRP_332	F	17
DGRP_332	F	12
DGRP_332	M	31
DGRP_332	M	20
DGRP_332	M	3
DGRP_332	F	35
DGRP_332	F	31
DGRP_332	M	31
DGRP_332	M	31
DGRP_332	M	31
DGRP_332	F	31
DGRP_332	F	31
DGRP_332	F	28
DGRP_332	M	38
DGRP_332	M	24
DGRP_332	M	14
DGRP_332	F	17
DGRP_332	F	10
DGRP_332	F	3
DGRP_332	M	39
DGRP_332	M	14
DGRP_332	M	3
DGRP_332	F	25
DGRP_332	F	10
DGRP_332	F	3
DGRP_332	M	31
DGRP_332	M	6
DGRP_332	M	5
DGRP_332	F	33
DGRP_332	F	31
DGRP_332	F	7
DGRP_332	M	28
DGRP_332	M	24
DGRP_332	M	21
DGRP_332	F	21
DGRP_332	F	17
DGRP_332	F	12
DGRP_332	M	26
DGRP_332	M	17
DGRP_332	M	17
DGRP_332	F	28
DGRP_332	F	12
DGRP_332	F	11
DGRP_332	M	35
DGRP_332	M	21
DGRP_332	M	21
DGRP_332	F	14
DGRP_332	F	4
DGRP_332	F	2
DGRP_332	M	32
DGRP_332	M	24
DGRP_332	M	10
DGRP_332	F	42
DGRP_332	F	34
DGRP_332	F	3
DGRP_332	M	31
DGRP_332	M	3
DGRP_332	M	3
DGRP_332	F	32
DGRP_332	F	32
DGRP_332	F	5
DGRP_332	M	28
DGRP_332	M	24
DGRP_332	M	3
DGRP_332	F	28
DGRP_332	F	21
DGRP_332	F	17
DGRP_332	M	26
DGRP_332	M	24
DGRP_332	M	3
DGRP_332	F	40
DGRP_332	F	31
DGRP_332	F	17
DGRP_332	M	19
DGRP_332	M	18
DGRP_332	M	17
DGRP_332	F	24
DGRP_332	F	19
DGRP_332	F	4
DGRP_332	M	31
DGRP_332	M	24
DGRP_332	M	14
DGRP_332	F	31
DGRP_332	F	17
DGRP_332	F	3
DGRP_332	M	26
DGRP_332	M	24
DGRP_332	M	24
DGRP_332	F	40
DGRP_332	F	21
DGRP_332	F	4
DGRP_332	M	32
DGRP_332	M	10
DGRP_332	M	6
DGRP_332	F	12
DGRP_332	F	5
DGRP_332	F	4
DGRP_335	F	4
DGRP_335	F	21
DGRP_335	F	30
DGRP_335	M	11
DGRP_335	M	14
DGRP_335	M	16
DGRP_335	F	32
DGRP_335	F	35
DGRP_335	F	35
DGRP_335	M	14
DGRP_335	M	16
DGRP_335	M	16
DGRP_335	F	31
DGRP_335	F	35
DGRP_335	F	35
DGRP_335	M	14
DGRP_335	M	14
DGRP_335	M	21
DGRP_335	F	23
DGRP_335	F	24
DGRP_335	M	21
DGRP_335	M	25
DGRP_335	M	28
DGRP_335	F	21
DGRP_335	F	28
DGRP_335	F	28
DGRP_335	M	7
DGRP_335	M	14
DGRP_335	M	17
DGRP_335	F	4
DGRP_335	F	14
DGRP_335	F	35
DGRP_335	M	4
DGRP_335	M	15
DGRP_335	M	21
DGRP_335	F	28
DGRP_335	F	28
DGRP_335	F	28
DGRP_335	M	21
DGRP_335	M	28
DGRP_335	F	14
DGRP_335	F	28
DGRP_335	F	28
DGRP_335	M	21
DGRP_335	M	25
DGRP_335	M	28
DGRP_335	F	15
DGRP_335	F	22
DGRP_335	F	28
DGRP_335	M	14
DGRP_335	M	21
DGRP_335	M	25
DGRP_335	F	29
DGRP_335	F	30
DGRP_335	F	30
DGRP_335	M	15
DGRP_335	M	18
DGRP_335	F	11
DGRP_335	F	17
DGRP_335	F	28
DGRP_335	M	17
DGRP_335	M	23
DGRP_335	M	23
DGRP_335	F	35
DGRP_335	F	35
DGRP_335	M	17
DGRP_335	M	21
DGRP_335	F	35
DGRP_335	F	32
DGRP_335	F	28
DGRP_335	M	28
DGRP_335	M	24
DGRP_335	M	14
DGRP_335	F	25
DGRP_335	F	23
DGRP_335	F	22
DGRP_335	M	14
DGRP_335	M	7
DGRP_335	M	4
DGRP_335	F	36
DGRP_335	F	31
DGRP_335	F	25
DGRP_335	M	36
DGRP_335	M	25
DGRP_335	M	25
DGRP_335	F	41
DGRP_335	F	25
DGRP_335	F	16
DGRP_335	M	25
DGRP_335	M	23
DGRP_335	M	22
DGRP_335	F	28
DGRP_335	F	9
DGRP_335	M	14
DGRP_335	M	14
DGRP_335	M	4
DGRP_335	F	22
DGRP_335	F	22
DGRP_335	F	22
DGRP_335	M	25
DGRP_335	M	22
DGRP_335	M	22
DGRP_335	F	22
DGRP_335	F	22
DGRP_335	F	22
DGRP_335	M	22
DGRP_335	M	22
DGRP_335	M	14
DGRP_335	F	36
DGRP_335	F	35
DGRP_335	M	28
DGRP_335	M	22
DGRP_335	M	14
DGRP_335	F	32
DGRP_335	F	28
DGRP_335	F	28
DGRP_335	M	35
DGRP_335	M	28
DGRP_335	M	28
DGRP_335	F	35
DGRP_335	F	31
DGRP_335	M	31
DGRP_335	M	16
DGRP_335	M	10
DGRP_335	F	22
DGRP_335	F	17
DGRP_335	M	25
DGRP_335	M	22
DGRP_335	M	4
DGRP_335	F	22
DGRP_335	F	4
DGRP_335	M	23
DGRP_335	M	22
DGRP_335	M	14
DGRP_336	M	31
DGRP_336	M	31
DGRP_336	M	24
DGRP_336	F	31
DGRP_336	F	19
DGRP_336	F	5
DGRP_336	M	38
DGRP_336	M	24
DGRP_336	M	24
DGRP_336	F	41
DGRP_336	F	7
DGRP_336	F	3
DGRP_336	M	38
DGRP_336	M	28
DGRP_336	M	21
DGRP_336	F	45
DGRP_336	F	27
DGRP_336	F	13
DGRP_336	M	35
DGRP_336	M	17
DGRP_336	M	10
DGRP_336	F	38
DGRP_336	F	38
DGRP_336	F	35
DGRP_336	M	33
DGRP_336	M	26
DGRP_336	M	13
DGRP_336	F	40
DGRP_336	F	28
DGRP_336	F	17
DGRP_336	M	28
DGRP_336	M	24
DGRP_336	M	17
DGRP_336	F	40
DGRP_336	F	38
DGRP_336	F	3
DGRP_336	M	24
DGRP_336	M	17
DGRP_336	M	12
DGRP_336	F	24
DGRP_336	F	24
DGRP_336	F	19
DGRP_336	M	33
DGRP_336	M	28
DGRP_336	M	21
DGRP_336	F	38
DGRP_336	F	27
DGRP_336	F	24
DGRP_336	M	31
DGRP_336	M	21
DGRP_336	F	38
DGRP_336	F	38
DGRP_336	F	28
DGRP_336	M	33
DGRP_336	M	24
DGRP_336	M	21
DGRP_336	F	38
DGRP_336	F	33
DGRP_336	F	17
DGRP_336	M	40
DGRP_336	M	33
DGRP_336	M	24
DGRP_336	F	31
DGRP_336	F	25
DGRP_336	F	21
DGRP_336	M	24
DGRP_336	M	10
DGRP_336	F	45
DGRP_336	F	38
DGRP_336	F	10
DGRP_336	M	33
DGRP_336	M	24
DGRP_336	M	4
DGRP_336	F	28
DGRP_336	F	28
DGRP_336	F	20
DGRP_336	M	31
DGRP_336	M	28
DGRP_336	M	21
DGRP_336	F	35
DGRP_336	F	28
DGRP_336	F	24
DGRP_336	M	38
DGRP_336	M	24
DGRP_336	M	20
DGRP_336	F	41
DGRP_336	F	27
DGRP_336	F	21
DGRP_336	M	41
DGRP_336	M	33
DGRP_336	F	20
DGRP_336	F	19
DGRP_336	F	3
DGRP_336	M	24
DGRP_336	M	21
DGRP_336	M	13
DGRP_336	F	48
DGRP_336	F	38
DGRP_336	F	38
DGRP_336	M	21
DGRP_336	M	21
DGRP_336	M	3
DGRP_336	F	38
DGRP_336	F	21
DGRP_336	F	17
DGRP_336	M	21
DGRP_336	M	17
DGRP_336	M	17
DGRP_336	F	45
DGRP_336	F	17
DGRP_336	M	24
DGRP_336	M	24
DGRP_336	M	21
DGRP_336	F	42
DGRP_336	F	35
DGRP_336	F	21
DGRP_336	M	31
DGRP_336	M	17
DGRP_336	M	7
DGRP_336	F	49
DGRP_336	F	32
DGRP_336	F	21
DGRP_336	M	35
DGRP_336	M	35
DGRP_336	M	24
DGRP_336	F	3
DGRP_336	F	3
DGRP_336	F	3
DGRP_336	M	38
DGRP_336	M	33
DGRP_336	M	31
DGRP_336	F	41
DGRP_336	F	21
DGRP_336	F	10
DGRP_338	M	41
DGRP_338	M	33
DGRP_338	M	31
DGRP_338	F	19
DGRP_338	F	17
DGRP_338	F	14
DGRP_338	M	45
DGRP_338	M	24
DGRP_338	M	17
DGRP_338	F	21
DGRP_338	F	17
DGRP_338	F	17
DGRP_338	M	26
DGRP_338	M	19
DGRP_338	F	27
DGRP_338	F	24
DGRP_338	F	20
DGRP_338	M	38
DGRP_338	M	35
DGRP_338	M	19
DGRP_338	F	17
DGRP_338	F	17
DGRP_338	F	14
DGRP_338	M	45
DGRP_338	M	45
DGRP_338	M	41
DGRP_338	F	24
DGRP_338	F	19
DGRP_338	F	11
DGRP_338	M	45
DGRP_338	M	38
DGRP_338	M	26
DGRP_338	F	17
DGRP_338	F	13
DGRP_338	F	12
DGRP_338	M	38
DGRP_338	M	35
DGRP_338	F	42
DGRP_338	F	24
DGRP_338	F	19
DGRP_338	M	45
DGRP_338	M	35
DGRP_338	M	28
DGRP_338	F	20
DGRP_338	F	18
DGRP_338	F	14
DGRP_338	M	40
DGRP_338	M	40
DGRP_338	M	17
DGRP_338	F	28
DGRP_338	F	19
DGRP_338	F	14
DGRP_338	M	24
DGRP_338	M	18
DGRP_338	M	17
DGRP_338	F	20
DGRP_338	F	18
DGRP_338	F	14
DGRP_338	M	24
DGRP_338	M	21
DGRP_338	M	3
DGRP_338	F	34
DGRP_338	F	31
DGRP_338	F	24
DGRP_338	M	45
DGRP_338	M	24
DGRP_338	M	21
DGRP_338	F	20
DGRP_338	F	17
DGRP_338	F	17
DGRP_338	M	31
DGRP_338	M	14
DGRP_338	M	5
DGRP_338	F	24
DGRP_338	F	19
DGRP_338	F	17
DGRP_338	M	40
DGRP_338	M	39
DGRP_338	M	3
DGRP_338	F	19
DGRP_338	F	19
DGRP_338	M	45
DGRP_338	M	35
DGRP_338	M	33
DGRP_338	F	25
DGRP_338	F	17
DGRP_338	F	3
DGRP_338	M	33
DGRP_338	M	21
DGRP_338	M	19
DGRP_338	F	17
DGRP_338	F	11
DGRP_338	M	34
DGRP_338	M	3
DGRP_338	F	17
DGRP_338	F	12
DGRP_338	F	11
DGRP_338	M	24
DGRP_338	M	17
DGRP_338	F	18
DGRP_338	F	17
DGRP_338	M	45
DGRP_338	M	26
DGRP_338	F	33
DGRP_338	F	24
DGRP_338	M	33
DGRP_338	M	33
DGRP_338	M	19
DGRP_338	F	24
DGRP_338	F	17
DGRP_338	F	17
DGRP_338	M	21
DGRP_338	M	19
DGRP_338	M	17
DGRP_338	F	38
DGRP_338	F	19
DGRP_338	F	19
DGRP_338	M	33
DGRP_338	M	25
DGRP_338	M	17
DGRP_338	F	20
DGRP_338	F	14
DGRP_338	F	12
DGRP_340	M	39
DGRP_340	M	38
DGRP_340	M	20
DGRP_340	F	42
DGRP_340	F	31
DGRP_340	F	20
DGRP_340	M	33
DGRP_340	M	32
DGRP_340	M	32
DGRP_340	F	42
DGRP_340	F	32
DGRP_340	F	24
DGRP_340	M	38
DGRP_340	M	33
DGRP_340	M	33
DGRP_340	F	31
DGRP_340	F	24
DGRP_340	F	21
DGRP_340	M	33
DGRP_340	M	33
DGRP_340	M	31
DGRP_340	F	31
DGRP_340	F	20
DGRP_340	F	17
DGRP_340	M	38
DGRP_340	M	24
DGRP_340	M	19
DGRP_340	F	26
DGRP_340	F	24
DGRP_340	F	21
DGRP_340	M	31
DGRP_340	M	26
DGRP_340	M	3
DGRP_340	F	28
DGRP_340	F	24
DGRP_340	F	18
DGRP_340	M	31
DGRP_340	M	19
DGRP_340	M	19
DGRP_340	F	34
DGRP_340	F	28
DGRP_340	F	20
DGRP_340	M	38
DGRP_340	M	31
DGRP_340	M	31
DGRP_340	F	28
DGRP_340	F	18
DGRP_340	F	10
DGRP_340	M	42
DGRP_340	M	40
DGRP_340	M	40
DGRP_340	F	33
DGRP_340	F	31
DGRP_340	F	3
DGRP_340	M	35
DGRP_340	M	31
DGRP_340	M	24
DGRP_340	F	31
DGRP_340	F	26
DGRP_340	F	24
DGRP_340	M	27
DGRP_340	M	24
DGRP_340	M	24
DGRP_340	F	31
DGRP_340	F	24
DGRP_340	F	17
DGRP_340	M	31
DGRP_340	M	31
DGRP_340	M	25
DGRP_340	F	31
DGRP_340	F	31
DGRP_340	F	24
DGRP_340	M	24
DGRP_340	M	24
DGRP_340	M	24
DGRP_340	F	35
DGRP_340	F	31
DGRP_340	F	24
DGRP_340	M	33
DGRP_340	M	33
DGRP_340	M	20
DGRP_340	F	28
DGRP_340	F	28
DGRP_340	F	3
DGRP_340	M	31
DGRP_340	M	27
DGRP_340	M	14
DGRP_340	F	31
DGRP_340	F	26
DGRP_340	F	24
DGRP_340	M	38
DGRP_340	M	26
DGRP_340	M	10
DGRP_340	F	38
DGRP_340	F	24
DGRP_340	F	11
DGRP_340	M	31
DGRP_340	M	31
DGRP_340	M	26
DGRP_340	F	38
DGRP_340	F	38
DGRP_340	F	33
DGRP_340	M	40
DGRP_340	M	33
DGRP_340	M	32
DGRP_340	F	42
DGRP_340	F	28
DGRP_340	M	33
DGRP_340	M	26
DGRP_340	F	38
DGRP_340	F	33
DGRP_340	F	31
DGRP_340	M	31
DGRP_340	M	26
DGRP_340	M	17
DGRP_340	F	35
DGRP_340	F	21
DGRP_340	F	17
DGRP_340	M	38
DGRP_340	M	31
DGRP_340	M	3
DGRP_340	F	28
DGRP_340	F	28
DGRP_340	M	38
DGRP_340	M	38
DGRP_340	M	24
DGRP_340	F	25
DGRP_340	F	10
DGRP_340	M	41
DGRP_340	M	38
DGRP_340	M	34
DGRP_340	F	32
DGRP_340	F	27
DGRP_340	F	21
DGRP_340	M	31
DGRP_340	M	27
DGRP_340	M	24
DGRP_340	F	40
DGRP_340	F	35
DGRP_340	F	19
DGRP_350	M	45
DGRP_350	M	41
DGRP_350	F	31
DGRP_350	F	21
DGRP_350	F	18
DGRP_350	M	31
DGRP_350	M	31
DGRP_350	M	3
DGRP_350	F	32
DGRP_350	F	10
DGRP_350	F	10
DGRP_350	M	38
DGRP_350	M	31
DGRP_350	M	31
DGRP_350	F	38
DGRP_350	F	38
DGRP_350	F	33
DGRP_350	M	45
DGRP_350	M	45
DGRP_350	M	6
DGRP_350	F	10
DGRP_350	F	10
DGRP_350	F	10
DGRP_350	M	45
DGRP_350	M	31
DGRP_350	F	32
DGRP_350	F	24
DGRP_350	F	17
DGRP_350	M	38
DGRP_350	M	33
DGRP_350	M	17
DGRP_350	F	32
DGRP_350	F	25
DGRP_350	F	17
DGRP_350	M	52
DGRP_350	M	38
DGRP_350	F	34
DGRP_350	F	19
DGRP_350	M	45
DGRP_350	M	41
DGRP_350	F	14
DGRP_350	F	12
DGRP_350	F	11
DGRP_350	M	40
DGRP_350	M	35
DGRP_350	M	25
DGRP_350	F	35
DGRP_350	F	34
DGRP_350	F	20
DGRP_350	M	38
DGRP_350	M	38
DGRP_350	M	10
DGRP_350	F	40
DGRP_350	F	38
DGRP_350	F	18
DGRP_350	M	38
DGRP_350	M	24
DGRP_350	M	17
DGRP_350	F	38
DGRP_350	F	31
DGRP_350	F	27
DGRP_350	M	42
DGRP_350	M	41
DGRP_350	M	24
DGRP_350	F	32
DGRP_350	F	24
DGRP_350	F	21
DGRP_350	M	38
DGRP_350	M	31
DGRP_350	M	31
DGRP_350	F	31
DGRP_350	F	31
DGRP_350	F	12
DGRP_350	M	17
DGRP_350	M	11
DGRP_350	F	47
DGRP_350	F	38
DGRP_350	F	32
DGRP_350	M	31
DGRP_350	M	24
DGRP_350	F	38
DGRP_350	F	31
DGRP_350	F	24
DGRP_350	M	42
DGRP_350	M	17
DGRP_350	F	40
DGRP_350	F	35
DGRP_350	M	42
DGRP_350	M	27
DGRP_350	F	38
DGRP_350	F	21
DGRP_350	F	10
DGRP_350	M	41
DGRP_350	M	40
DGRP_350	M	38
DGRP_350	F	31
DGRP_350	F	14
DGRP_350	F	10
DGRP_350	M	45
DGRP_350	M	40
DGRP_350	F	47
DGRP_350	F	47
DGRP_350	F	38
DGRP_350	M	52
DGRP_350	M	20
DGRP_350	F	40
DGRP_350	F	31
DGRP_350	F	28
DGRP_350	M	42
DGRP_350	M	39
DGRP_350	M	3
DGRP_350	F	41
DGRP_350	F	31
DGRP_350	F	24
DGRP_350	M	45
DGRP_350	M	24
DGRP_350	F	24
DGRP_350	F	17
DGRP_350	F	11
DGRP_352	M	38
DGRP_352	M	38
DGRP_352	M	31
DGRP_352	F	39
DGRP_352	F	38
DGRP_352	F	34
DGRP_352	M	35
DGRP_352	M	31
DGRP_352	M	24
DGRP_352	F	38
DGRP_352	F	31
DGRP_352	F	21
DGRP_352	M	40
DGRP_352	M	38
DGRP_352	M	18
DGRP_352	F	42
DGRP_352	F	38
DGRP_352	F	3
DGRP_352	M	28
DGRP_352	M	24
DGRP_352	M	24
DGRP_352	F	45
DGRP_352	F	28
DGRP_352	F	7
DGRP_352	M	42
DGRP_352	M	33
DGRP_352	M	17
DGRP_352	F	38
DGRP_352	F	38
DGRP_352	F	34
DGRP_352	M	38
DGRP_352	M	34
DGRP_352	M	34
DGRP_352	F	42
DGRP_352	F	41
DGRP_352	F	21
DGRP_352	M	34
DGRP_352	M	28
DGRP_352	M	24
DGRP_352	F	40
DGRP_352	F	40
DGRP_352	F	19
DGRP_352	M	39
DGRP_352	M	38
DGRP_352	M	38
DGRP_352	F	39
DGRP_352	F	35
DGRP_352	F	35
DGRP_352	M	35
DGRP_352	M	28
DGRP_352	M	24
DGRP_352	F	33
DGRP_352	F	33
DGRP_352	F	31
DGRP_352	M	35
DGRP_352	M	33
DGRP_352	M	26
DGRP_352	F	35
DGRP_352	F	33
DGRP_352	F	24
DGRP_352	M	40
DGRP_352	M	34
DGRP_352	M	33
DGRP_352	F	33
DGRP_352	F	31
DGRP_352	F	28
DGRP_352	M	39
DGRP_352	M	38
DGRP_352	M	28
DGRP_352	F	38
DGRP_352	F	34
DGRP_352	F	17
DGRP_352	M	38
DGRP_352	M	19
DGRP_352	M	3
DGRP_352	F	41
DGRP_352	F	39
DGRP_352	M	31
DGRP_352	M	31
DGRP_352	M	24
DGRP_352	F	35
DGRP_352	F	17
DGRP_352	M	35
DGRP_352	M	34
DGRP_352	F	46
DGRP_352	F	38
DGRP_352	F	31
DGRP_352	M	38
DGRP_352	M	35
DGRP_352	M	24
DGRP_352	F	41
DGRP_352	F	10
DGRP_352	M	4
DGRP_352	M	35
DGRP_352	M	33
DGRP_352	M	31
DGRP_352	F	38
DGRP_352	F	34
DGRP_352	F	28
DGRP_352	M	40
DGRP_352	M	38
DGRP_352	M	38
DGRP_352	F	40
DGRP_352	F	26
DGRP_352	M	33
DGRP_352	M	33
DGRP_352	M	31
DGRP_352	F	28
DGRP_352	F	3
DGRP_352	M	33
DGRP_352	M	31
DGRP_352	M	27
DGRP_352	F	39
DGRP_352	F	27
DGRP_352	F	10
DGRP_352	M	35
DGRP_352	M	34
DGRP_352	M	31
DGRP_352	F	38
DGRP_352	F	31
DGRP_352	F	31
DGRP_352	M	38
DGRP_352	M	34
DGRP_352	F	38
DGRP_352	F	38
DGRP_352	F	34
DGRP_352	M	38
DGRP_352	M	31
DGRP_352	M	27
DGRP_352	F	38
DGRP_352	F	31
DGRP_352	F	31
DGRP_356	M	19
DGRP_356	M	17
DGRP_356	M	12
DGRP_356	F	19
DGRP_356	F	14
DGRP_356	F	10
DGRP_356	M	24
DGRP_356	M	17
DGRP_356	M	17
DGRP_356	F	17
DGRP_356	F	10
DGRP_356	M	19
DGRP_356	M	17
DGRP_356	M	12
DGRP_356	F	18
DGRP_356	F	11
DGRP_356	F	10
DGRP_356	M	17
DGRP_356	M	10
DGRP_356	M	3
DGRP_356	F	21
DGRP_356	F	17
DGRP_356	F	17
DGRP_356	M	18
DGRP_356	M	17
DGRP_356	M	17
DGRP_356	F	14
DGRP_356	F	7
DGRP_356	F	3
DGRP_356	M	21
DGRP_356	M	19
DGRP_356	M	5
DGRP_356	F	21
DGRP_356	F	21
DGRP_356	F	17
DGRP_356	M	24
DGRP_356	M	7
DGRP_356	M	4
DGRP_356	F	21
DGRP_356	F	21
DGRP_356	F	17
DGRP_356	M	24
DGRP_356	M	21
DGRP_356	M	17
DGRP_356	F	21
DGRP_356	F	12
DGRP_356	F	5
DGRP_356	M	21
DGRP_356	M	21
DGRP_356	M	21
DGRP_356	F	31
DGRP_356	F	12
DGRP_356	F	3
DGRP_356	M	38
DGRP_356	M	24
DGRP_356	M	19
DGRP_356	F	17
DGRP_356	F	17
DGRP_356	F	17
DGRP_356	M	40
DGRP_356	M	33
DGRP_356	M	21
DGRP_356	F	17
DGRP_356	F	17
DGRP_356	F	10
DGRP_356	M	20
DGRP_356	M	17
DGRP_356	M	6
DGRP_356	F	24
DGRP_356	F	17
DGRP_356	F	12
DGRP_356	M	24
DGRP_356	M	24
DGRP_356	M	19
DGRP_356	F	21
DGRP_356	F	21
DGRP_356	M	31
DGRP_356	M	17
DGRP_356	M	17
DGRP_356	F	17
DGRP_356	F	14
DGRP_356	F	5
DGRP_356	M	49
DGRP_356	M	31
DGRP_356	M	17
DGRP_356	F	17
DGRP_356	F	17
DGRP_356	F	3
DGRP_356	M	24
DGRP_356	M	17
DGRP_356	M	12
DGRP_356	F	24
DGRP_356	F	24
DGRP_356	F	17
DGRP_356	M	24
DGRP_356	M	3
DGRP_356	F	21
DGRP_356	F	17
DGRP_356	F	3
DGRP_356	M	17
DGRP_356	M	5
DGRP_356	F	17
DGRP_356	F	17
DGRP_356	F	17
DGRP_356	M	17
DGRP_356	M	17
DGRP_356	M	12
DGRP_356	F	25
DGRP_356	F	17
DGRP_356	F	17
DGRP_356	M	17
DGRP_356	M	17
DGRP_356	M	26
DGRP_356	F	17
DGRP_356	F	13
DGRP_356	F	14
DGRP_356	M	24
DGRP_356	M	24
DGRP_356	F	21
DGRP_356	F	19
DGRP_356	F	10
DGRP_356	M	17
DGRP_356	M	4
DGRP_356	F	24
DGRP_356	F	17
DGRP_356	F	4
DGRP_356	M	26
DGRP_356	M	17
DGRP_356	M	14
DGRP_356	F	24
DGRP_356	F	10
DGRP_356	F	5
DGRP_356	M	24
DGRP_356	M	24
DGRP_356	M	4
DGRP_356	F	21
DGRP_356	F	17
DGRP_357	F	17
DGRP_357	F	21
DGRP_357	F	28
DGRP_357	M	17
DGRP_357	M	18
DGRP_357	F	25
DGRP_357	F	28
DGRP_357	F	28
DGRP_357	M	7
DGRP_357	M	25
DGRP_357	F	21
DGRP_357	F	21
DGRP_357	F	25
DGRP_357	M	7
DGRP_357	M	9
DGRP_357	M	14
DGRP_357	F	18
DGRP_357	F	18
DGRP_357	F	21
DGRP_357	M	14
DGRP_357	M	14
DGRP_357	M	21
DGRP_357	F	21
DGRP_357	F	25
DGRP_357	F	28
DGRP_357	M	21
DGRP_357	M	21
DGRP_357	F	18
DGRP_357	F	18
DGRP_357	F	21
DGRP_357	M	8
DGRP_357	M	14
DGRP_357	M	18
DGRP_357	F	21
DGRP_357	F	21
DGRP_357	F	21
DGRP_357	M	11
DGRP_357	M	17
DGRP_357	F	4
DGRP_357	F	17
DGRP_357	F	23
DGRP_357	M	9
DGRP_357	M	9
DGRP_357	M	18
DGRP_357	F	18
DGRP_357	F	21
DGRP_357	F	21
DGRP_357	M	14
DGRP_357	M	14
DGRP_357	M	21
DGRP_357	F	21
DGRP_357	F	21
DGRP_357	F	21
DGRP_357	M	10
DGRP_357	M	14
DGRP_357	M	14
DGRP_357	F	15
DGRP_357	F	25
DGRP_357	M	8
DGRP_357	M	21
DGRP_357	F	18
DGRP_357	F	21
DGRP_357	M	11
DGRP_357	M	21
DGRP_357	M	21
DGRP_357	F	30
DGRP_357	F	22
DGRP_357	F	22
DGRP_357	M	22
DGRP_357	M	14
DGRP_357	M	8
DGRP_357	F	22
DGRP_357	F	22
DGRP_357	F	14
DGRP_357	M	36
DGRP_357	M	14
DGRP_357	M	9
DGRP_357	F	22
DGRP_357	F	22
DGRP_357	F	7
DGRP_357	M	22
DGRP_357	M	11
DGRP_357	M	8
DGRP_357	F	25
DGRP_357	F	22
DGRP_357	F	22
DGRP_357	M	22
DGRP_357	M	14
DGRP_357	M	10
DGRP_357	F	23
DGRP_357	F	22
DGRP_357	F	22
DGRP_357	M	11
DGRP_357	M	9
DGRP_357	M	8
DGRP_357	F	22
DGRP_357	F	22
DGRP_357	M	22
DGRP_357	M	22
DGRP_357	F	24
DGRP_357	F	22
DGRP_357	F	22
DGRP_357	M	22
DGRP_357	M	11
DGRP_357	M	8
DGRP_357	F	22
DGRP_357	F	22
DGRP_357	F	22
DGRP_357	M	22
DGRP_357	M	22
DGRP_357	M	8
DGRP_357	F	22
DGRP_357	F	22
DGRP_357	F	9
DGRP_357	M	22
DGRP_357	M	22
DGRP_357	F	30
DGRP_357	F	22
DGRP_357	M	25
DGRP_357	M	22
DGRP_357	M	22
DGRP_357	F	22
DGRP_357	F	22
DGRP_357	F	22
DGRP_357	M	23
DGRP_357	M	22
DGRP_357	M	9
DGRP_357	F	22
DGRP_357	F	22
DGRP_357	F	22
DGRP_357	M	22
DGRP_357	M	22
DGRP_357	M	14
DGRP_358	F	28
DGRP_358	F	28
DGRP_358	F	29
DGRP_358	M	46
DGRP_358	M	46
DGRP_358	M	46
DGRP_358	F	14
DGRP_358	F	28
DGRP_358	F	28
DGRP_358	M	28
DGRP_358	M	28
DGRP_358	M	28
DGRP_358	F	28
DGRP_358	F	42
DGRP_358	M	30
DGRP_358	M	32
DGRP_358	M	44
DGRP_358	F	30
DGRP_358	F	35
DGRP_358	F	35
DGRP_358	M	32
DGRP_358	M	32
DGRP_358	M	35
DGRP_358	F	28
DGRP_358	F	28
DGRP_358	F	28
DGRP_358	M	25
DGRP_358	M	35
DGRP_358	F	23
DGRP_358	F	28
DGRP_358	M	28
DGRP_358	M	28
DGRP_358	M	32
DGRP_358	F	23
DGRP_358	F	24
DGRP_358	F	24
DGRP_358	M	25
DGRP_358	M	25
DGRP_358	M	28
DGRP_358	F	11
DGRP_358	F	30
DGRP_358	F	32
DGRP_358	M	35
DGRP_358	M	35
DGRP_358	M	43
DGRP_358	F	28
DGRP_358	F	28
DGRP_358	F	42
DGRP_358	M	31
DGRP_358	M	32
DGRP_358	M	35
DGRP_358	F	28
DGRP_358	F	30
DGRP_358	F	35
DGRP_358	M	35
DGRP_358	M	35
DGRP_358	F	35
DGRP_358	F	36
DGRP_358	F	39
DGRP_358	M	35
DGRP_358	M	35
DGRP_358	F	15
DGRP_358	F	35
DGRP_358	M	21
DGRP_358	M	22
DGRP_358	M	22
DGRP_358	F	36
DGRP_358	F	35
DGRP_358	F	29
DGRP_358	M	36
DGRP_358	M	35
DGRP_358	M	31
DGRP_358	F	42
DGRP_358	F	35
DGRP_358	M	42
DGRP_358	M	36
DGRP_358	M	35
DGRP_358	F	38
DGRP_358	F	36
DGRP_358	M	50
DGRP_358	M	38
DGRP_358	F	36
DGRP_358	F	35
DGRP_358	M	35
DGRP_358	M	22
DGRP_358	M	14
DGRP_358	F	31
DGRP_358	F	23
DGRP_358	M	36
DGRP_358	M	32
DGRP_358	M	28
DGRP_358	F	36
DGRP_358	F	35
DGRP_358	F	28
DGRP_358	M	36
DGRP_358	M	35
DGRP_358	M	29
DGRP_358	F	31
DGRP_358	F	29
DGRP_358	F	29
DGRP_358	M	42
DGRP_358	M	36
DGRP_358	M	36
DGRP_358	F	38
DGRP_358	F	32
DGRP_358	M	35
DGRP_358	M	32
DGRP_358	M	22
DGRP_358	F	30
DGRP_358	F	28
DGRP_358	F	25
DGRP_358	M	42
DGRP_358	M	42
DGRP_358	M	25
DGRP_358	F	35
DGRP_358	F	35
DGRP_358	F	14
DGRP_358	M	42
DGRP_358	M	31
DGRP_358	M	22
DGRP_358	F	28
DGRP_358	F	28
DGRP_358	F	28
DGRP_358	M	28
DGRP_358	M	28
DGRP_358	M	22
DGRP_359	M	45
DGRP_359	M	38
DGRP_359	M	35
DGRP_359	F	48
DGRP_359	F	45
DGRP_359	F	14
DGRP_359	M	38
DGRP_359	M	31
DGRP_359	M	24
DGRP_359	F	46
DGRP_359	F	42
DGRP_359	F	42
DGRP_359	M	33
DGRP_359	M	33
DGRP_359	M	31
DGRP_359	F	49
DGRP_359	F	45
DGRP_359	F	38
DGRP_359	M	49
DGRP_359	M	35
DGRP_359	M	31
DGRP_359	F	52
DGRP_359	F	45
DGRP_359	F	45
DGRP_359	M	45
DGRP_359	M	38
DGRP_359	M	35
DGRP_359	F	39
DGRP_359	F	38
DGRP_359	F	35
DGRP_359	M	21
DGRP_359	M	19
DGRP_359	M	14
DGRP_359	F	40
DGRP_359	F	38
DGRP_359	F	33
DGRP_359	M	34
DGRP_359	M	31
DGRP_359	M	24
DGRP_359	F	35
DGRP_359	F	34
DGRP_359	F	32
DGRP_359	M	38
DGRP_359	M	38
DGRP_359	M	3
DGRP_359	F	45
DGRP_359	F	42
DGRP_359	F	24
DGRP_359	M	45
DGRP_359	M	45
DGRP_359	M	35
DGRP_359	F	45
DGRP_359	F	38
DGRP_359	F	24
DGRP_359	M	38
DGRP_359	M	35
DGRP_359	M	19
DGRP_359	F	38
DGRP_359	F	24
DGRP_359	F	24
DGRP_359	M	52
DGRP_359	M	45
DGRP_359	M	31
DGRP_359	F	48
DGRP_359	F	21
DGRP_359	F	21
DGRP_359	M	28
DGRP_359	M	24
DGRP_359	M	24
DGRP_359	F	38
DGRP_359	F	31
DGRP_359	F	19
DGRP_359	M	31
DGRP_359	M	31
DGRP_359	M	26
DGRP_359	F	45
DGRP_359	F	44
DGRP_359	F	19
DGRP_359	M	31
DGRP_359	M	21
DGRP_359	M	19
DGRP_359	F	38
DGRP_359	F	38
DGRP_359	F	24
DGRP_359	M	31
DGRP_359	M	24
DGRP_359	M	19
DGRP_359	F	45
DGRP_359	F	45
DGRP_359	F	26
DGRP_359	M	31
DGRP_359	M	31
DGRP_359	M	31
DGRP_359	F	38
DGRP_359	F	31
DGRP_359	F	24
DGRP_359	M	38
DGRP_359	M	24
DGRP_359	M	12
DGRP_359	F	47
DGRP_359	F	21
DGRP_359	M	38
DGRP_359	M	31
DGRP_359	F	31
DGRP_359	F	26
DGRP_359	M	26
DGRP_359	M	24
DGRP_359	M	21
DGRP_359	F	38
DGRP_359	F	31
DGRP_359	F	7
DGRP_359	M	28
DGRP_359	M	21
DGRP_359	M	14
DGRP_359	F	52
DGRP_359	F	28
DGRP_359	F	28
DGRP_359	M	38
DGRP_359	M	38
DGRP_359	M	33
DGRP_359	F	47
DGRP_359	F	14
DGRP_359	M	38
DGRP_359	M	31
DGRP_359	M	31
DGRP_359	F	38
DGRP_359	F	38
DGRP_359	F	38
DGRP_359	M	31
DGRP_359	M	27
DGRP_359	M	24
DGRP_359	F	38
DGRP_359	F	35
DGRP_359	F	31
DGRP_359	M	49
DGRP_359	M	38
DGRP_359	M	31
DGRP_359	F	47
DGRP_359	F	27
DGRP_360	F	21
DGRP_360	F	25
DGRP_360	F	28
DGRP_360	M	4
DGRP_360	M	28
DGRP_360	F	16
DGRP_360	F	21
DGRP_360	F	23
DGRP_360	M	18
DGRP_360	M	25
DGRP_360	F	18
DGRP_360	F	21
DGRP_360	F	25
DGRP_360	M	7
DGRP_360	M	21
DGRP_360	M	29
DGRP_360	F	16
DGRP_360	F	21
DGRP_360	F	24
DGRP_360	M	28
DGRP_360	M	28
DGRP_360	M	28
DGRP_360	F	24
DGRP_360	F	25
DGRP_360	F	28
DGRP_360	M	17
DGRP_360	M	28
DGRP_360	M	28
DGRP_360	F	21
DGRP_360	F	28
DGRP_360	M	21
DGRP_360	M	29
DGRP_360	M	32
DGRP_360	F	18
DGRP_360	F	21
DGRP_360	F	28
DGRP_360	M	21
DGRP_360	M	25
DGRP_360	M	28
DGRP_360	F	21
DGRP_360	F	25
DGRP_360	M	4
DGRP_360	M	21
DGRP_360	M	25
DGRP_360	F	18
DGRP_360	F	21
DGRP_360	F	28
DGRP_360	M	25
DGRP_360	M	28
DGRP_360	M	28
DGRP_360	F	21
DGRP_360	F	23
DGRP_360	F	28
DGRP_360	M	23
DGRP_360	M	28
DGRP_360	M	28
DGRP_360	F	21
DGRP_360	F	22
DGRP_360	F	23
DGRP_360	M	23
DGRP_360	M	25
DGRP_360	M	28
DGRP_360	F	16
DGRP_360	F	21
DGRP_360	F	21
DGRP_360	M	23
DGRP_360	M	24
DGRP_360	M	28
DGRP_360	F	30
DGRP_360	F	15
DGRP_360	M	35
DGRP_360	M	25
DGRP_360	M	23
DGRP_360	F	21
DGRP_360	F	18
DGRP_360	F	9
DGRP_360	M	28
DGRP_360	M	21
DGRP_360	M	21
DGRP_360	F	21
DGRP_360	F	21
DGRP_360	F	18
DGRP_360	M	30
DGRP_360	M	30
DGRP_360	F	28
DGRP_360	F	28
DGRP_360	F	24
DGRP_360	M	30
DGRP_360	M	29
DGRP_360	M	24
DGRP_360	F	28
DGRP_360	F	25
DGRP_360	F	23
DGRP_360	M	32
DGRP_360	M	28
DGRP_360	M	25
DGRP_360	F	25
DGRP_360	F	25
DGRP_360	F	25
DGRP_360	M	25
DGRP_360	M	25
DGRP_360	M	25
DGRP_360	F	23
DGRP_360	F	14
DGRP_360	F	8
DGRP_360	M	23
DGRP_360	M	21
DGRP_360	M	18
DGRP_360	F	24
DGRP_360	F	24
DGRP_360	F	21
DGRP_360	M	35
DGRP_360	M	35
DGRP_360	M	24
DGRP_360	F	21
DGRP_360	F	18
DGRP_360	F	17
DGRP_360	M	31
DGRP_360	M	28
DGRP_360	M	25
DGRP_360	F	29
DGRP_360	F	21
DGRP_360	F	16
DGRP_360	M	32
DGRP_360	M	24
DGRP_360	M	16
DGRP_360	F	25
DGRP_360	F	23
DGRP_360	F	17
DGRP_360	M	35
DGRP_360	M	28
DGRP_360	M	17
DGRP_360	F	28
DGRP_360	F	24
DGRP_360	F	21
DGRP_360	M	35
DGRP_360	M	23
DGRP_360	M	15
DGRP_361	M	33
DGRP_361	M	24
DGRP_361	M	18
DGRP_361	F	33
DGRP_361	F	33
DGRP_361	F	3
DGRP_361	M	17
DGRP_361	M	17
DGRP_361	M	17
DGRP_361	F	17
DGRP_361	F	17
DGRP_361	F	14
DGRP_361	M	24
DGRP_361	M	21
DGRP_361	M	17
DGRP_361	F	31
DGRP_361	F	27
DGRP_361	F	17
DGRP_361	M	25
DGRP_361	M	14
DGRP_361	M	12
DGRP_361	F	21
DGRP_361	F	19
DGRP_361	F	14
DGRP_361	M	21
DGRP_361	M	20
DGRP_361	M	17
DGRP_361	F	45
DGRP_361	F	28
DGRP_361	F	21
DGRP_361	M	17
DGRP_361	M	17
DGRP_361	M	14
DGRP_361	F	17
DGRP_361	F	14
DGRP_361	F	10
DGRP_361	M	17
DGRP_361	M	13
DGRP_361	M	7
DGRP_361	F	21
DGRP_361	F	20
DGRP_361	F	17
DGRP_361	M	31
DGRP_361	M	19
DGRP_361	M	17
DGRP_361	F	25
DGRP_361	F	17
DGRP_361	F	5
DGRP_361	M	31
DGRP_361	M	25
DGRP_361	M	14
DGRP_361	F	38
DGRP_361	F	31
DGRP_361	F	17
DGRP_361	M	31
DGRP_361	M	28
DGRP_361	M	10
DGRP_361	F	31
DGRP_361	F	31
DGRP_361	F	14
DGRP_361	M	19
DGRP_361	M	17
DGRP_361	M	11
DGRP_361	F	31
DGRP_361	F	11
DGRP_361	F	5
DGRP_361	M	17
DGRP_361	M	11
DGRP_361	M	5
DGRP_361	F	24
DGRP_361	F	17
DGRP_361	F	13
DGRP_361	M	25
DGRP_361	M	17
DGRP_361	M	6
DGRP_361	F	24
DGRP_361	F	24
DGRP_361	M	31
DGRP_361	M	27
DGRP_361	M	17
DGRP_361	F	40
DGRP_361	F	17
DGRP_361	F	5
DGRP_361	M	24
DGRP_361	M	24
DGRP_361	M	17
DGRP_361	F	25
DGRP_361	F	24
DGRP_361	F	14
DGRP_361	M	17
DGRP_361	M	10
DGRP_361	M	10
DGRP_361	F	45
DGRP_361	F	45
DGRP_361	F	10
DGRP_361	M	31
DGRP_361	M	31
DGRP_361	M	28
DGRP_361	F	35
DGRP_361	F	35
DGRP_361	F	31
DGRP_361	M	31
DGRP_361	M	17
DGRP_361	M	12
DGRP_361	F	24
DGRP_361	F	21
DGRP_361	F	7
DGRP_361	M	35
DGRP_361	M	19
DGRP_361	M	17
DGRP_361	F	35
DGRP_361	F	19
DGRP_361	M	31
DGRP_361	M	28
DGRP_361	M	7
DGRP_361	F	38
DGRP_361	F	38
DGRP_361	F	13
DGRP_361	M	31
DGRP_361	M	17
DGRP_361	F	24
DGRP_361	F	17
DGRP_361	F	10
DGRP_361	M	31
DGRP_361	M	24
DGRP_361	M	17
DGRP_361	F	31
DGRP_361	F	31
DGRP_361	M	31
DGRP_361	M	24
DGRP_361	M	10
DGRP_361	F	38
DGRP_361	F	38
DGRP_361	F	26
DGRP_362	F	14
DGRP_362	F	14
DGRP_362	M	28
DGRP_362	M	32
DGRP_362	F	7
DGRP_362	F	21
DGRP_362	M	18
DGRP_362	M	18
DGRP_362	M	18
DGRP_362	F	21
DGRP_362	F	28
DGRP_362	F	30
DGRP_362	M	37
DGRP_362	M	37
DGRP_362	F	21
DGRP_362	F	28
DGRP_362	F	35
DGRP_362	M	8
DGRP_362	M	35
DGRP_362	F	22
DGRP_362	F	37
DGRP_362	M	28
DGRP_362	M	30
DGRP_362	M	37
DGRP_362	F	21
DGRP_362	F	28
DGRP_362	F	32
DGRP_362	M	14
DGRP_362	M	32
DGRP_362	F	14
DGRP_362	F	30
DGRP_362	F	32
DGRP_362	M	30
DGRP_362	M	30
DGRP_362	M	44
DGRP_362	F	35
DGRP_362	F	37
DGRP_362	M	25
DGRP_362	M	30
DGRP_362	M	35
DGRP_362	F	23
DGRP_362	F	35
DGRP_362	F	37
DGRP_362	M	35
DGRP_362	M	37
DGRP_362	F	14
DGRP_362	F	32
DGRP_362	F	35
DGRP_362	M	28
DGRP_362	M	35
DGRP_362	F	9
DGRP_362	F	30
DGRP_362	F	35
DGRP_362	M	32
DGRP_362	M	35
DGRP_362	M	35
DGRP_362	F	39
DGRP_362	F	21
DGRP_362	F	21
DGRP_362	M	42
DGRP_362	M	39
DGRP_362	M	14
DGRP_362	F	37
DGRP_362	F	35
DGRP_362	F	25
DGRP_362	M	42
DGRP_362	M	38
DGRP_362	M	37
DGRP_362	F	32
DGRP_362	F	28
DGRP_362	F	23
DGRP_362	M	39
DGRP_362	M	38
DGRP_362	M	14
DGRP_362	F	49
DGRP_362	F	35
DGRP_362	F	35
DGRP_362	M	37
DGRP_362	M	25
DGRP_362	M	11
DGRP_362	F	42
DGRP_362	F	38
DGRP_362	F	35
DGRP_362	M	42
DGRP_362	M	35
DGRP_362	M	35
DGRP_362	F	42
DGRP_362	F	39
DGRP_362	F	21
DGRP_362	M	44
DGRP_362	M	42
DGRP_362	M	31
DGRP_362	F	42
DGRP_362	F	42
DGRP_362	F	28
DGRP_362	M	53
DGRP_362	M	38
DGRP_362	M	38
DGRP_362	F	42
DGRP_362	F	39
DGRP_362	F	21
DGRP_362	M	39
DGRP_362	M	35
DGRP_362	M	21
DGRP_362	F	42
DGRP_362	F	35
DGRP_362	F	28
DGRP_362	M	42
DGRP_362	M	42
DGRP_362	M	37
DGRP_362	F	31
DGRP_362	F	30
DGRP_362	F	16
DGRP_362	M	35
DGRP_362	M	35
DGRP_362	M	21
DGRP_362	F	42
DGRP_362	F	38
DGRP_362	F	35
DGRP_362	M	42
DGRP_362	M	42
DGRP_362	M	31
DGRP_362	F	35
DGRP_362	F	25
DGRP_362	F	21
DGRP_362	M	35
DGRP_362	M	32
DGRP_362	M	32
DGRP_365	F	28
DGRP_365	F	28
DGRP_365	F	32
DGRP_365	M	25
DGRP_365	M	28
DGRP_365	M	28
DGRP_365	F	35
DGRP_365	F	37
DGRP_365	M	32
DGRP_365	M	35
DGRP_365	M	35
DGRP_365	F	28
DGRP_365	F	32
DGRP_365	F	32
DGRP_365	M	22
DGRP_365	M	32
DGRP_365	F	21
DGRP_365	F	35
DGRP_365	F	35
DGRP_365	M	28
DGRP_365	M	35
DGRP_365	M	35
DGRP_365	F	7
DGRP_365	F	23
DGRP_365	M	35
DGRP_365	M	35
DGRP_365	M	42
DGRP_365	F	4
DGRP_365	F	7
DGRP_365	F	28
DGRP_365	M	28
DGRP_365	M	29
DGRP_365	M	35
DGRP_365	F	25
DGRP_365	F	28
DGRP_365	M	18
DGRP_365	M	28
DGRP_365	M	30
DGRP_365	F	28
DGRP_365	F	30
DGRP_365	F	35
DGRP_365	M	21
DGRP_365	M	23
DGRP_365	M	32
DGRP_365	F	28
DGRP_365	F	28
DGRP_365	F	30
DGRP_365	M	25
DGRP_365	M	29
DGRP_365	F	31
DGRP_365	F	32
DGRP_365	F	35
DGRP_365	M	4
DGRP_365	M	28
DGRP_365	M	37
DGRP_365	F	8
DGRP_365	F	28
DGRP_365	F	30
DGRP_365	M	25
DGRP_365	M	28
DGRP_365	M	35
DGRP_365	F	35
DGRP_365	F	30
DGRP_365	F	21
DGRP_365	M	38
DGRP_365	M	35
DGRP_365	M	11
DGRP_365	F	38
DGRP_365	F	35
DGRP_365	F	25
DGRP_365	M	32
DGRP_365	M	30
DGRP_365	M	28
DGRP_365	F	35
DGRP_365	F	30
DGRP_365	F	28
DGRP_365	M	31
DGRP_365	M	28
DGRP_365	M	28
DGRP_365	F	32
DGRP_365	F	30
DGRP_365	F	18
DGRP_365	M	32
DGRP_365	M	32
DGRP_365	M	28
DGRP_365	F	30
DGRP_365	F	28
DGRP_365	F	17
DGRP_365	M	35
DGRP_365	M	25
DGRP_365	M	24
DGRP_365	F	35
DGRP_365	F	31
DGRP_365	F	21
DGRP_365	M	35
DGRP_365	M	31
DGRP_365	M	4
DGRP_365	F	35
DGRP_365	F	21
DGRP_365	F	21
DGRP_365	M	28
DGRP_365	M	28
DGRP_365	M	21
DGRP_365	F	28
DGRP_365	F	28
DGRP_365	F	18
DGRP_365	M	32
DGRP_365	M	28
DGRP_365	M	23
DGRP_365	F	32
DGRP_365	F	28
DGRP_365	F	8
DGRP_365	M	32
DGRP_365	M	31
DGRP_365	M	24
DGRP_365	F	30
DGRP_365	F	30
DGRP_365	F	18
DGRP_365	M	49
DGRP_365	M	30
DGRP_365	M	25
DGRP_365	F	23
DGRP_365	F	15
DGRP_365	F	11
DGRP_365	M	23
DGRP_365	M	11
DGRP_365	F	35
DGRP_365	F	30
DGRP_365	F	9
DGRP_365	M	28
DGRP_365	M	28
DGRP_365	M	28
DGRP_367	M	31
DGRP_367	M	28
DGRP_367	M	24
DGRP_367	F	31
DGRP_367	F	27
DGRP_367	F	24
DGRP_367	M	38
DGRP_367	M	31
DGRP_367	M	24
DGRP_367	F	24
DGRP_367	F	21
DGRP_367	F	21
DGRP_367	M	38
DGRP_367	M	24
DGRP_367	M	4
DGRP_367	F	24
DGRP_367	F	17
DGRP_367	F	3
DGRP_367	M	31
DGRP_367	M	19
DGRP_367	M	17
DGRP_367	F	24
DGRP_367	F	24
DGRP_367	F	24
DGRP_367	M	24
DGRP_367	M	24
DGRP_367	M	17
DGRP_367	F	31
DGRP_367	F	24
DGRP_367	F	3
DGRP_367	M	21
DGRP_367	M	21
DGRP_367	M	14
DGRP_367	F	21
DGRP_367	F	21
DGRP_367	F	21
DGRP_367	M	38
DGRP_367	M	15
DGRP_367	M	14
DGRP_367	F	21
DGRP_367	F	21
DGRP_367	F	7
DGRP_367	M	30
DGRP_367	M	28
DGRP_367	M	16
DGRP_367	F	28
DGRP_367	F	23
DGRP_367	F	15
DGRP_367	M	32
DGRP_367	M	14
DGRP_367	M	14
DGRP_367	F	39
DGRP_367	F	14
DGRP_367	F	14
DGRP_367	M	18
DGRP_367	M	17
DGRP_367	M	7
DGRP_367	F	39
DGRP_367	F	22
DGRP_367	F	10
DGRP_367	M	21
DGRP_367	M	18
DGRP_367	M	11
DGRP_367	F	28
DGRP_367	F	28
DGRP_367	F	21
DGRP_367	M	31
DGRP_367	M	31
DGRP_367	M	31
DGRP_367	F	24
DGRP_367	F	19
DGRP_367	F	13
DGRP_367	M	31
DGRP_367	M	31
DGRP_367	M	20
DGRP_367	F	24
DGRP_367	F	21
DGRP_367	F	14
DGRP_367	M	24
DGRP_367	M	19
DGRP_367	F	38
DGRP_367	F	21
DGRP_367	F	10
DGRP_367	M	31
DGRP_367	M	31
DGRP_367	M	19
DGRP_367	F	24
DGRP_367	F	18
DGRP_367	M	35
DGRP_367	M	21
DGRP_367	M	14
DGRP_367	F	21
DGRP_367	F	21
DGRP_367	F	21
DGRP_367	M	30
DGRP_367	M	24
DGRP_367	M	8
DGRP_367	F	42
DGRP_367	F	25
DGRP_367	F	21
DGRP_367	M	25
DGRP_367	M	18
DGRP_367	M	1
DGRP_367	F	18
DGRP_367	F	18
DGRP_367	F	4
DGRP_367	M	22
DGRP_367	M	18
DGRP_367	M	14
DGRP_367	F	22
DGRP_367	F	18
DGRP_367	F	1
DGRP_367	M	24
DGRP_367	M	21
DGRP_367	F	24
DGRP_367	F	24
DGRP_367	F	11
DGRP_367	M	24
DGRP_367	M	19
DGRP_367	F	33
DGRP_367	F	24
DGRP_367	F	17
DGRP_370	M	28
DGRP_370	M	26
DGRP_370	M	24
DGRP_370	F	38
DGRP_370	F	4
DGRP_370	M	24
DGRP_370	M	24
DGRP_370	M	7
DGRP_370	F	24
DGRP_370	F	13
DGRP_370	F	3
DGRP_370	M	26
DGRP_370	M	20
DGRP_370	M	18
DGRP_370	F	31
DGRP_370	F	28
DGRP_370	F	27
DGRP_370	M	26
DGRP_370	M	19
DGRP_370	M	11
DGRP_370	F	24
DGRP_370	F	19
DGRP_370	F	3
DGRP_370	M	34
DGRP_370	M	31
DGRP_370	M	28
DGRP_370	F	31
DGRP_370	F	31
DGRP_370	F	21
DGRP_370	M	10
DGRP_370	M	7
DGRP_370	F	24
DGRP_370	F	18
DGRP_370	F	17
DGRP_370	M	21
DGRP_370	M	19
DGRP_370	M	17
DGRP_370	F	24
DGRP_370	F	24
DGRP_370	F	21
DGRP_370	M	31
DGRP_370	M	31
DGRP_370	M	26
DGRP_370	F	35
DGRP_370	F	33
DGRP_370	F	19
DGRP_370	M	21
DGRP_370	M	19
DGRP_370	M	3
DGRP_370	F	33
DGRP_370	F	33
DGRP_370	F	3
DGRP_370	M	38
DGRP_370	M	28
DGRP_370	M	21
DGRP_370	F	38
DGRP_370	F	26
DGRP_370	F	14
DGRP_370	M	27
DGRP_370	M	13
DGRP_370	M	11
DGRP_370	F	38
DGRP_370	F	28
DGRP_370	F	26
DGRP_370	M	24
DGRP_370	M	12
DGRP_370	M	3
DGRP_370	F	17
DGRP_370	F	6
DGRP_370	F	3
DGRP_370	M	31
DGRP_370	M	26
DGRP_370	F	25
DGRP_370	F	24
DGRP_370	F	21
DGRP_370	M	18
DGRP_370	M	3
DGRP_370	M	3
DGRP_370	F	34
DGRP_370	F	31
DGRP_370	F	3
DGRP_370	M	19
DGRP_370	M	18
DGRP_370	M	12
DGRP_370	F	33
DGRP_370	F	31
DGRP_370	F	31
DGRP_370	M	24
DGRP_370	M	21
DGRP_370	M	18
DGRP_370	F	33
DGRP_370	F	33
DGRP_370	F	11
DGRP_370	M	24
DGRP_370	M	21
DGRP_370	M	18
DGRP_370	F	18
DGRP_370	F	3
DGRP_370	F	3
DGRP_370	M	31
DGRP_370	M	10
DGRP_370	M	10
DGRP_370	F	10
DGRP_370	F	4
DGRP_370	F	3
DGRP_370	M	18
DGRP_370	M	18
DGRP_370	M	12
DGRP_370	F	21
DGRP_370	F	10
DGRP_370	F	4
DGRP_370	M	38
DGRP_370	M	25
DGRP_370	M	19
DGRP_370	F	21
DGRP_370	F	19
DGRP_370	F	19
DGRP_370	M	26
DGRP_370	M	24
DGRP_370	F	28
DGRP_370	F	24
DGRP_370	F	10
DGRP_370	M	24
DGRP_370	M	14
DGRP_370	F	24
DGRP_370	F	7
DGRP_370	F	3
DGRP_370	M	24
DGRP_370	M	21
DGRP_370	M	3
DGRP_370	F	31
DGRP_370	F	31
DGRP_370	F	24
DGRP_370	M	26
DGRP_370	M	26
DGRP_370	F	26
DGRP_370	F	24
DGRP_370	F	18
DGRP_371	M	24
DGRP_371	M	19
DGRP_371	M	18
DGRP_371	F	18
DGRP_371	F	17
DGRP_371	F	17
DGRP_371	M	18
DGRP_371	M	17
DGRP_371	F	19
DGRP_371	F	18
DGRP_371	F	3
DGRP_371	M	21
DGRP_371	M	20
DGRP_371	M	18
DGRP_371	F	17
DGRP_371	F	3
DGRP_371	M	24
DGRP_371	M	21
DGRP_371	M	18
DGRP_371	F	19
DGRP_371	F	17
DGRP_371	F	17
DGRP_371	M	24
DGRP_371	M	19
DGRP_371	M	18
DGRP_371	F	19
DGRP_371	F	18
DGRP_371	F	17
DGRP_371	M	20
DGRP_371	M	19
DGRP_371	M	18
DGRP_371	F	17
DGRP_371	F	17
DGRP_371	F	17
DGRP_371	M	24
DGRP_371	M	21
DGRP_371	M	18
DGRP_371	F	20
DGRP_371	F	20
DGRP_371	F	20
DGRP_371	M	24
DGRP_371	M	20
DGRP_371	M	20
DGRP_371	F	24
DGRP_371	F	24
DGRP_371	F	7
DGRP_371	M	24
DGRP_371	M	24
DGRP_371	M	21
DGRP_371	F	24
DGRP_371	F	20
DGRP_371	F	18
DGRP_371	M	21
DGRP_371	M	21
DGRP_371	M	17
DGRP_371	F	20
DGRP_371	F	17
DGRP_371	F	17
DGRP_371	M	24
DGRP_371	M	21
DGRP_371	M	19
DGRP_371	F	17
DGRP_371	F	17
DGRP_371	F	12
DGRP_371	M	18
DGRP_371	M	17
DGRP_371	M	17
DGRP_371	F	19
DGRP_371	F	18
DGRP_371	F	6
DGRP_371	M	21
DGRP_371	M	21
DGRP_371	M	17
DGRP_371	F	24
DGRP_371	F	17
DGRP_371	F	12
DGRP_371	M	24
DGRP_371	M	24
DGRP_371	M	24
DGRP_371	F	17
DGRP_371	F	17
DGRP_371	F	17
DGRP_371	M	24
DGRP_371	M	24
DGRP_371	M	17
DGRP_371	F	24
DGRP_371	F	19
DGRP_371	F	3
DGRP_371	M	24
DGRP_371	M	24
DGRP_371	M	21
DGRP_371	F	24
DGRP_371	F	20
DGRP_371	M	24
DGRP_371	M	17
DGRP_371	M	3
DGRP_371	F	18
DGRP_371	F	17
DGRP_371	F	3
DGRP_371	M	24
DGRP_371	M	17
DGRP_371	F	24
DGRP_371	F	21
DGRP_371	F	17
DGRP_371	M	20
DGRP_371	M	20
DGRP_371	M	20
DGRP_371	F	21
DGRP_371	F	10
DGRP_371	F	10
DGRP_371	M	21
DGRP_371	M	20
DGRP_371	M	3
DGRP_371	F	20
DGRP_371	F	20
DGRP_371	M	24
DGRP_371	M	24
DGRP_371	M	10
DGRP_371	F	17
DGRP_371	F	17
DGRP_371	F	3
DGRP_371	M	21
DGRP_371	M	20
DGRP_371	M	3
DGRP_371	F	20
DGRP_371	F	17
DGRP_371	F	17
DGRP_371	M	6
DGRP_371	M	3
DGRP_371	F	24
DGRP_371	F	19
DGRP_371	F	3
DGRP_371	M	21
DGRP_371	M	1
DGRP_371	F	17
DGRP_371	F	17
DGRP_371	F	17
DGRP_373	M	35
DGRP_373	M	24
DGRP_373	M	21
DGRP_373	F	38
DGRP_373	F	38
DGRP_373	F	35
DGRP_373	M	33
DGRP_373	M	24
DGRP_373	M	3
DGRP_373	F	40
DGRP_373	F	38
DGRP_373	F	26
DGRP_373	M	45
DGRP_373	M	24
DGRP_373	M	24
DGRP_373	F	21
DGRP_373	F	5
DGRP_373	M	28
DGRP_373	M	25
DGRP_373	F	35
DGRP_373	F	32
DGRP_373	F	28
DGRP_373	M	21
DGRP_373	M	21
DGRP_373	M	7
DGRP_373	F	39
DGRP_373	F	35
DGRP_373	F	2
DGRP_373	M	32
DGRP_373	M	21
DGRP_373	M	9
DGRP_373	F	42
DGRP_373	F	42
DGRP_373	F	35
DGRP_373	M	29
DGRP_373	M	21
DGRP_373	M	7
DGRP_373	F	45
DGRP_373	F	44
DGRP_373	M	31
DGRP_373	M	28
DGRP_373	M	24
DGRP_373	F	45
DGRP_373	F	41
DGRP_373	F	38
DGRP_373	M	24
DGRP_373	M	21
DGRP_373	F	38
DGRP_373	F	31
DGRP_373	M	35
DGRP_373	M	33
DGRP_373	M	10
DGRP_373	F	35
DGRP_373	F	35
DGRP_373	M	31
DGRP_373	M	31
DGRP_373	M	31
DGRP_373	F	31
DGRP_373	F	31
DGRP_373	F	5
DGRP_373	M	31
DGRP_373	M	17
DGRP_373	F	38
DGRP_373	F	35
DGRP_373	F	35
DGRP_373	M	21
DGRP_373	M	17
DGRP_373	M	11
DGRP_373	F	21
DGRP_373	F	17
DGRP_373	F	3
DGRP_373	M	45
DGRP_373	M	42
DGRP_373	F	45
DGRP_373	F	3
DGRP_373	M	42
DGRP_373	M	21
DGRP_373	M	21
DGRP_373	F	43
DGRP_373	F	42
DGRP_373	F	35
DGRP_373	M	25
DGRP_373	M	21
DGRP_373	M	14
DGRP_373	F	42
DGRP_373	F	42
DGRP_373	F	36
DGRP_373	M	35
DGRP_373	M	23
DGRP_373	M	8
DGRP_373	F	7
DGRP_373	F	4
DGRP_373	F	2
DGRP_373	M	45
DGRP_373	M	45
DGRP_373	M	31
DGRP_373	F	59
DGRP_373	F	45
DGRP_373	F	38
DGRP_373	M	31
DGRP_373	M	24
DGRP_373	F	45
DGRP_373	F	42
DGRP_373	M	33
DGRP_373	M	32
DGRP_373	M	17
DGRP_373	F	42
DGRP_373	F	41
DGRP_373	F	24
DGRP_373	M	33
DGRP_373	M	24
DGRP_373	M	24
DGRP_373	F	42
DGRP_373	F	42
DGRP_373	F	42
DGRP_373	M	31
DGRP_373	M	26
DGRP_373	M	24
DGRP_373	F	40
DGRP_373	F	40
DGRP_373	F	4
DGRP_373	M	42
DGRP_373	M	38
DGRP_373	M	38
DGRP_373	F	45
DGRP_373	F	42
DGRP_373	F	42
DGRP_373	M	34
DGRP_373	M	31
DGRP_373	M	28
DGRP_373	F	42
DGRP_373	F	42
DGRP_373	F	31
DGRP_374	M	38
DGRP_374	M	21
DGRP_374	M	10
DGRP_374	F	45
DGRP_374	F	38
DGRP_374	F	3
DGRP_374	M	47
DGRP_374	M	45
DGRP_374	M	38
DGRP_374	F	52
DGRP_374	F	45
DGRP_374	F	24
DGRP_374	M	45
DGRP_374	M	45
DGRP_374	M	40
DGRP_374	F	52
DGRP_374	F	52
DGRP_374	F	45
DGRP_374	M	42
DGRP_374	M	38
DGRP_374	F	34
DGRP_374	F	10
DGRP_374	M	49
DGRP_374	M	42
DGRP_374	M	17
DGRP_374	F	47
DGRP_374	F	42
DGRP_374	F	39
DGRP_374	M	47
DGRP_374	M	45
DGRP_374	M	38
DGRP_374	F	34
DGRP_374	F	26
DGRP_374	F	7
DGRP_374	M	45
DGRP_374	M	45
DGRP_374	F	45
DGRP_374	F	45
DGRP_374	F	38
DGRP_374	M	31
DGRP_374	M	19
DGRP_374	M	3
DGRP_374	F	52
DGRP_374	F	42
DGRP_374	F	24
DGRP_374	M	49
DGRP_374	M	45
DGRP_374	M	45
DGRP_374	F	31
DGRP_374	F	14
DGRP_374	F	3
DGRP_374	M	42
DGRP_374	M	38
DGRP_374	F	38
DGRP_374	F	38
DGRP_374	F	38
DGRP_374	M	52
DGRP_374	M	45
DGRP_374	M	32
DGRP_374	F	47
DGRP_374	F	45
DGRP_374	F	38
DGRP_374	M	45
DGRP_374	M	45
DGRP_374	M	41
DGRP_374	F	45
DGRP_374	F	38
DGRP_374	F	38
DGRP_374	M	31
DGRP_374	M	31
DGRP_374	F	45
DGRP_374	F	45
DGRP_374	F	12
DGRP_374	M	45
DGRP_374	M	35
DGRP_374	F	49
DGRP_374	F	45
DGRP_374	F	31
DGRP_374	M	45
DGRP_374	M	42
DGRP_374	M	17
DGRP_374	F	52
DGRP_374	F	40
DGRP_374	F	40
DGRP_374	M	45
DGRP_374	M	42
DGRP_374	M	3
DGRP_374	F	45
DGRP_374	F	42
DGRP_374	F	38
DGRP_374	M	47
DGRP_374	M	45
DGRP_374	M	33
DGRP_374	F	45
DGRP_374	F	45
DGRP_374	F	38
DGRP_374	M	45
DGRP_374	M	39
DGRP_374	F	49
DGRP_374	F	45
DGRP_374	F	45
DGRP_374	M	45
DGRP_374	M	45
DGRP_374	M	45
DGRP_374	F	45
DGRP_374	F	34
DGRP_374	F	21
DGRP_374	M	45
DGRP_374	M	45
DGRP_374	M	39
DGRP_374	F	45
DGRP_374	F	45
DGRP_374	F	32
DGRP_374	M	42
DGRP_374	M	28
DGRP_374	F	48
DGRP_374	F	45
DGRP_374	M	47
DGRP_374	M	47
DGRP_374	M	47
DGRP_374	F	52
DGRP_374	F	47
DGRP_374	F	45
DGRP_374	M	49
DGRP_374	M	45
DGRP_374	M	40
DGRP_374	F	48
DGRP_374	F	46
DGRP_375	F	21
DGRP_375	F	42
DGRP_375	M	8
DGRP_375	M	28
DGRP_375	M	37
DGRP_375	F	18
DGRP_375	F	36
DGRP_375	M	35
DGRP_375	M	35
DGRP_375	M	44
DGRP_375	F	35
DGRP_375	F	35
DGRP_375	F	39
DGRP_375	M	28
DGRP_375	M	42
DGRP_375	M	42
DGRP_375	F	28
DGRP_375	F	35
DGRP_375	F	38
DGRP_375	M	21
DGRP_375	M	37
DGRP_375	M	42
DGRP_375	F	21
DGRP_375	F	39
DGRP_375	M	28
DGRP_375	M	36
DGRP_375	F	18
DGRP_375	F	38
DGRP_375	F	42
DGRP_375	M	38
DGRP_375	M	42
DGRP_375	M	42
DGRP_375	F	42
DGRP_375	F	49
DGRP_375	M	28
DGRP_375	M	28
DGRP_375	M	42
DGRP_375	F	28
DGRP_375	F	28
DGRP_375	F	32
DGRP_375	M	11
DGRP_375	M	22
DGRP_375	M	30
DGRP_375	F	30
DGRP_375	F	36
DGRP_375	F	37
DGRP_375	M	28
DGRP_375	M	28
DGRP_375	M	28
DGRP_375	F	7
DGRP_375	F	35
DGRP_375	F	36
DGRP_375	M	28
DGRP_375	M	36
DGRP_375	M	42
DGRP_375	F	7
DGRP_375	F	9
DGRP_375	F	32
DGRP_375	M	14
DGRP_375	M	23
DGRP_375	M	28
DGRP_375	F	35
DGRP_375	F	35
DGRP_375	F	21
DGRP_375	M	46
DGRP_375	M	35
DGRP_375	M	30
DGRP_375	F	32
DGRP_375	F	31
DGRP_375	F	4
DGRP_375	M	32
DGRP_375	M	32
DGRP_375	M	31
DGRP_375	F	42
DGRP_375	F	35
DGRP_375	F	28
DGRP_375	M	28
DGRP_375	M	25
DGRP_375	F	35
DGRP_375	F	24
DGRP_375	F	15
DGRP_375	M	42
DGRP_375	M	35
DGRP_375	M	21
DGRP_375	F	43
DGRP_375	F	35
DGRP_375	F	28
DGRP_375	M	35
DGRP_375	M	35
DGRP_375	M	30
DGRP_375	F	35
DGRP_375	F	22
DGRP_375	F	7
DGRP_375	M	42
DGRP_375	M	39
DGRP_375	M	35
DGRP_375	F	42
DGRP_375	F	28
DGRP_375	F	23
DGRP_375	M	42
DGRP_375	M	42
DGRP_375	M	28
DGRP_375	F	21
DGRP_375	F	7
DGRP_375	M	38
DGRP_375	M	32
DGRP_375	M	15
DGRP_375	F	28
DGRP_375	F	25
DGRP_375	F	25
DGRP_375	M	35
DGRP_375	M	35
DGRP_375	M	28
DGRP_375	F	28
DGRP_375	F	28
DGRP_375	F	25
DGRP_375	M	43
DGRP_375	M	31
DGRP_375	M	30
DGRP_375	F	46
DGRP_375	F	44
DGRP_375	F	42
DGRP_375	M	46
DGRP_375	M	44
DGRP_375	M	42
DGRP_377	M	26
DGRP_377	M	26
DGRP_377	M	14
DGRP_377	F	33
DGRP_377	F	31
DGRP_377	F	27
DGRP_377	M	31
DGRP_377	M	27
DGRP_377	M	5
DGRP_377	F	35
DGRP_377	F	27
DGRP_377	F	10
DGRP_377	M	33
DGRP_377	M	26
DGRP_377	M	3
DGRP_377	F	26
DGRP_377	F	21
DGRP_377	F	20
DGRP_377	M	31
DGRP_377	M	10
DGRP_377	M	3
DGRP_377	F	31
DGRP_377	F	21
DGRP_377	M	35
DGRP_377	M	35
DGRP_377	M	33
DGRP_377	F	38
DGRP_377	F	35
DGRP_377	F	24
DGRP_377	M	26
DGRP_377	M	26
DGRP_377	F	33
DGRP_377	F	28
DGRP_377	F	26
DGRP_377	M	31
DGRP_377	M	28
DGRP_377	M	26
DGRP_377	F	45
DGRP_377	F	28
DGRP_377	F	19
DGRP_377	M	38
DGRP_377	M	31
DGRP_377	M	31
DGRP_377	F	38
DGRP_377	F	33
DGRP_377	F	31
DGRP_377	M	34
DGRP_377	M	31
DGRP_377	M	28
DGRP_377	F	38
DGRP_377	F	38
DGRP_377	F	26
DGRP_377	M	31
DGRP_377	M	31
DGRP_377	M	27
DGRP_377	F	33
DGRP_377	F	27
DGRP_377	F	26
DGRP_377	M	27
DGRP_377	M	27
DGRP_377	M	3
DGRP_377	F	27
DGRP_377	F	26
DGRP_377	F	10
DGRP_377	M	34
DGRP_377	M	31
DGRP_377	M	17
DGRP_377	F	39
DGRP_377	F	38
DGRP_377	F	31
DGRP_377	M	28
DGRP_377	M	26
DGRP_377	M	21
DGRP_377	F	38
DGRP_377	F	38
DGRP_377	F	25
DGRP_377	M	31
DGRP_377	M	28
DGRP_377	M	27
DGRP_377	F	33
DGRP_377	F	31
DGRP_377	F	24
DGRP_377	M	31
DGRP_377	M	31
DGRP_377	M	28
DGRP_377	F	33
DGRP_377	F	26
DGRP_377	F	21
DGRP_377	M	33
DGRP_377	M	31
DGRP_377	M	13
DGRP_377	F	43
DGRP_377	F	31
DGRP_377	F	19
DGRP_377	M	33
DGRP_377	M	28
DGRP_377	M	14
DGRP_377	F	38
DGRP_377	F	28
DGRP_377	F	24
DGRP_377	M	31
DGRP_377	M	31
DGRP_377	M	24
DGRP_377	F	43
DGRP_377	F	39
DGRP_377	F	33
DGRP_377	M	25
DGRP_377	M	7
DGRP_377	F	28
DGRP_377	F	3
DGRP_377	M	25
DGRP_377	M	24
DGRP_377	M	3
DGRP_377	F	31
DGRP_377	F	27
DGRP_377	F	26
DGRP_377	M	31
DGRP_377	M	31
DGRP_377	M	31
DGRP_377	F	35
DGRP_377	F	31
DGRP_377	F	24
DGRP_377	M	31
DGRP_377	M	31
DGRP_377	M	26
DGRP_377	F	31
DGRP_377	F	26
DGRP_377	F	24
DGRP_377	M	28
DGRP_377	M	27
DGRP_377	M	24
DGRP_377	F	28
DGRP_377	F	24
DGRP_377	F	10
DGRP_379	F	28
DGRP_379	F	30
DGRP_379	F	35
DGRP_379	M	21
DGRP_379	M	23
DGRP_379	M	23
DGRP_379	F	32
DGRP_379	F	44
DGRP_379	F	56
DGRP_379	M	17
DGRP_379	M	35
DGRP_379	M	35
DGRP_379	F	42
DGRP_379	F	42
DGRP_379	F	49
DGRP_379	M	18
DGRP_379	M	42
DGRP_379	F	42
DGRP_379	F	46
DGRP_379	F	49
DGRP_379	M	21
DGRP_379	M	32
DGRP_379	M	35
DGRP_379	F	35
DGRP_379	F	46
DGRP_379	F	46
DGRP_379	M	35
DGRP_379	M	39
DGRP_379	M	39
DGRP_379	F	36
DGRP_379	F	42
DGRP_379	F	42
DGRP_379	M	18
DGRP_379	M	23
DGRP_379	M	28
DGRP_379	F	37
DGRP_379	F	44
DGRP_379	F	46
DGRP_379	M	24
DGRP_379	M	28
DGRP_379	M	35
DGRP_379	F	28
DGRP_379	F	42
DGRP_379	F	42
DGRP_379	M	25
DGRP_379	M	35
DGRP_379	M	39
DGRP_379	F	25
DGRP_379	F	44
DGRP_379	F	50
DGRP_379	M	28
DGRP_379	M	32
DGRP_379	F	30
DGRP_379	F	42
DGRP_379	M	30
DGRP_379	M	35
DGRP_379	F	24
DGRP_379	F	28
DGRP_379	F	42
DGRP_379	M	35
DGRP_379	M	42
DGRP_379	F	21
DGRP_379	F	38
DGRP_379	F	42
DGRP_379	M	7
DGRP_379	M	36
DGRP_379	M	37
DGRP_379	F	53
DGRP_379	F	35
DGRP_379	F	24
DGRP_379	M	35
DGRP_379	M	28
DGRP_379	M	24
DGRP_379	F	46
DGRP_379	F	45
DGRP_379	M	35
DGRP_379	M	28
DGRP_379	M	21
DGRP_379	F	44
DGRP_379	F	44
DGRP_379	F	39
DGRP_379	M	35
DGRP_379	M	35
DGRP_379	M	35
DGRP_379	F	42
DGRP_379	F	30
DGRP_379	F	25
DGRP_379	M	44
DGRP_379	M	30
DGRP_379	M	28
DGRP_379	F	51
DGRP_379	F	35
DGRP_379	M	37
DGRP_379	M	25
DGRP_379	M	21
DGRP_379	F	51
DGRP_379	F	44
DGRP_379	F	39
DGRP_379	M	30
DGRP_379	M	28
DGRP_379	M	23
DGRP_379	F	39
DGRP_379	F	37
DGRP_379	F	30
DGRP_379	M	35
DGRP_379	M	35
DGRP_379	F	46
DGRP_379	F	35
DGRP_379	F	30
DGRP_379	M	31
DGRP_379	M	28
DGRP_379	M	14
DGRP_379	F	49
DGRP_379	F	46
DGRP_379	F	35
DGRP_379	M	42
DGRP_379	M	30
DGRP_379	M	28
DGRP_379	F	43
DGRP_379	F	35
DGRP_379	F	35
DGRP_379	M	30
DGRP_379	M	28
DGRP_379	M	28
DGRP_379	F	44
DGRP_379	F	42
DGRP_379	M	32
DGRP_379	M	30
DGRP_379	M	24
DGRP_379	F	46
DGRP_379	F	30
DGRP_379	F	21
DGRP_379	M	37
DGRP_379	M	30
DGRP_379	M	21
DGRP_380	F	38
DGRP_380	F	42
DGRP_380	F	49
DGRP_380	M	42
DGRP_380	M	42
DGRP_380	M	45
DGRP_380	F	35
DGRP_380	F	42
DGRP_380	F	42
DGRP_380	M	35
DGRP_380	M	37
DGRP_380	M	37
DGRP_380	F	21
DGRP_380	F	37
DGRP_380	F	42
DGRP_380	M	35
DGRP_380	M	37
DGRP_380	F	28
DGRP_380	F	32
DGRP_380	F	35
DGRP_380	M	42
DGRP_380	M	42
DGRP_380	M	42
DGRP_380	F	31
DGRP_380	F	32
DGRP_380	M	32
DGRP_380	M	32
DGRP_380	M	32
DGRP_380	F	42
DGRP_380	F	49
DGRP_380	M	21
DGRP_380	M	37
DGRP_380	M	37
DGRP_380	F	42
DGRP_380	F	42
DGRP_380	F	44
DGRP_380	M	42
DGRP_380	M	42
DGRP_380	F	35
DGRP_380	F	37
DGRP_380	M	4
DGRP_380	M	23
DGRP_380	M	28
DGRP_380	F	35
DGRP_380	F	42
DGRP_380	M	28
DGRP_380	M	32
DGRP_380	M	42
DGRP_380	F	8
DGRP_380	F	35
DGRP_380	F	42
DGRP_380	M	35
DGRP_380	M	42
DGRP_380	F	42
DGRP_380	F	42
DGRP_380	M	35
DGRP_380	M	44
DGRP_380	F	28
DGRP_380	F	35
DGRP_380	F	43
DGRP_380	M	8
DGRP_380	M	39
DGRP_380	M	42
DGRP_380	F	42
DGRP_380	F	39
DGRP_380	F	32
DGRP_380	M	42
DGRP_380	M	30
DGRP_380	M	11
DGRP_380	F	42
DGRP_380	F	28
DGRP_380	M	42
DGRP_380	M	28
DGRP_380	F	38
DGRP_380	F	30
DGRP_380	F	21
DGRP_380	M	35
DGRP_380	M	35
DGRP_380	M	28
DGRP_380	F	42
DGRP_380	F	28
DGRP_380	F	8
DGRP_380	M	35
DGRP_380	M	35
DGRP_380	M	28
DGRP_380	F	42
DGRP_380	F	42
DGRP_380	F	23
DGRP_380	M	38
DGRP_380	M	37
DGRP_380	F	35
DGRP_380	F	32
DGRP_380	M	32
DGRP_380	M	31
DGRP_380	F	39
DGRP_380	F	29
DGRP_380	F	15
DGRP_380	M	35
DGRP_380	M	32
DGRP_380	M	28
DGRP_380	F	51
DGRP_380	F	51
DGRP_380	F	42
DGRP_380	M	42
DGRP_380	M	35
DGRP_380	M	28
DGRP_380	F	42
DGRP_380	F	42
DGRP_380	F	42
DGRP_380	M	42
DGRP_380	M	39
DGRP_380	M	23
DGRP_380	F	37
DGRP_380	F	21
DGRP_380	F	14
DGRP_380	M	42
DGRP_380	M	38
DGRP_380	M	4
DGRP_380	F	49
DGRP_380	F	44
DGRP_380	F	42
DGRP_380	M	44
DGRP_380	M	42
DGRP_380	M	42
DGRP_380	F	46
DGRP_380	F	38
DGRP_380	F	35
DGRP_380	M	24
DGRP_380	M	8
DGRP_381	M	24
DGRP_381	M	24
DGRP_381	M	21
DGRP_381	F	24
DGRP_381	F	24
DGRP_381	F	24
DGRP_381	M	28
DGRP_381	M	24
DGRP_381	M	21
DGRP_381	F	24
DGRP_381	F	12
DGRP_381	F	12
DGRP_381	M	28
DGRP_381	M	24
DGRP_381	M	14
DGRP_381	F	31
DGRP_381	F	25
DGRP_381	F	24
DGRP_381	M	24
DGRP_381	M	12
DGRP_381	M	12
DGRP_381	F	31
DGRP_381	F	24
DGRP_381	F	18
DGRP_381	M	21
DGRP_381	M	17
DGRP_381	F	31
DGRP_381	F	31
DGRP_381	F	24
DGRP_381	M	27
DGRP_381	M	25
DGRP_381	M	24
DGRP_381	F	31
DGRP_381	F	31
DGRP_381	F	24
DGRP_381	M	20
DGRP_381	M	10
DGRP_381	M	5
DGRP_381	F	31
DGRP_381	F	26
DGRP_381	F	24
DGRP_381	M	17
DGRP_381	M	17
DGRP_381	M	17
DGRP_381	F	35
DGRP_381	F	24
DGRP_381	F	10
DGRP_381	M	26
DGRP_381	M	24
DGRP_381	M	3
DGRP_381	F	26
DGRP_381	F	25
DGRP_381	F	10
DGRP_381	M	24
DGRP_381	M	17
DGRP_381	M	10
DGRP_381	F	35
DGRP_381	F	33
DGRP_381	F	31
DGRP_381	M	38
DGRP_381	M	24
DGRP_381	M	21
DGRP_381	F	28
DGRP_381	F	24
DGRP_381	F	24
DGRP_381	M	17
DGRP_381	M	17
DGRP_381	M	14
DGRP_381	F	31
DGRP_381	F	31
DGRP_381	F	19
DGRP_381	M	25
DGRP_381	M	21
DGRP_381	M	20
DGRP_381	F	42
DGRP_381	F	28
DGRP_381	F	28
DGRP_381	M	24
DGRP_381	M	24
DGRP_381	M	11
DGRP_381	F	45
DGRP_381	F	24
DGRP_381	F	21
DGRP_381	M	10
DGRP_381	M	10
DGRP_381	F	42
DGRP_381	F	25
DGRP_381	F	25
DGRP_381	M	28
DGRP_381	M	17
DGRP_381	M	10
DGRP_381	F	38
DGRP_381	F	35
DGRP_381	M	31
DGRP_381	M	31
DGRP_381	M	31
DGRP_381	F	34
DGRP_381	F	33
DGRP_381	F	31
DGRP_381	M	19
DGRP_381	M	17
DGRP_381	M	10
DGRP_381	F	20
DGRP_381	F	19
DGRP_381	F	10
DGRP_381	M	24
DGRP_381	M	19
DGRP_381	M	14
DGRP_381	F	35
DGRP_381	F	28
DGRP_381	F	24
DGRP_381	M	24
DGRP_381	M	24
DGRP_381	M	10
DGRP_381	F	31
DGRP_381	F	24
DGRP_381	M	17
DGRP_381	M	17
DGRP_381	M	10
DGRP_381	F	38
DGRP_381	F	31
DGRP_381	F	10
DGRP_381	M	17
DGRP_381	M	12
DGRP_381	M	3
DGRP_381	F	26
DGRP_381	F	17
DGRP_381	M	17
DGRP_381	M	10
DGRP_381	M	3
DGRP_381	F	28
DGRP_381	F	13
DGRP_381	F	10
DGRP_382	M	31
DGRP_382	M	31
DGRP_382	M	24
DGRP_382	F	31
DGRP_382	F	26
DGRP_382	F	24
DGRP_382	M	31
DGRP_382	M	31
DGRP_382	M	28
DGRP_382	F	26
DGRP_382	F	26
DGRP_382	F	24
DGRP_382	M	24
DGRP_382	M	17
DGRP_382	M	14
DGRP_382	F	24
DGRP_382	F	24
DGRP_382	F	3
DGRP_382	M	31
DGRP_382	M	31
DGRP_382	M	19
DGRP_382	F	24
DGRP_382	F	24
DGRP_382	F	3
DGRP_382	M	24
DGRP_382	M	24
DGRP_382	M	17
DGRP_382	F	41
DGRP_382	F	24
DGRP_382	F	3
DGRP_382	M	31
DGRP_382	M	24
DGRP_382	M	21
DGRP_382	F	31
DGRP_382	F	31
DGRP_382	F	27
DGRP_382	M	19
DGRP_382	M	17
DGRP_382	M	10
DGRP_382	F	38
DGRP_382	F	31
DGRP_382	F	11
DGRP_382	M	24
DGRP_382	M	18
DGRP_382	M	14
DGRP_382	F	33
DGRP_382	F	21
DGRP_382	F	21
DGRP_382	M	28
DGRP_382	M	21
DGRP_382	M	17
DGRP_382	F	21
DGRP_382	F	17
DGRP_382	F	17
DGRP_382	M	24
DGRP_382	M	19
DGRP_382	M	17
DGRP_382	F	19
DGRP_382	F	19
DGRP_382	M	38
DGRP_382	M	32
DGRP_382	M	31
DGRP_382	F	33
DGRP_382	F	28
DGRP_382	F	28
DGRP_382	M	38
DGRP_382	M	24
DGRP_382	M	10
DGRP_382	F	31
DGRP_382	F	31
DGRP_382	F	31
DGRP_382	M	24
DGRP_382	M	17
DGRP_382	M	3
DGRP_382	F	35
DGRP_382	F	27
DGRP_382	F	24
DGRP_382	M	28
DGRP_382	M	24
DGRP_382	F	31
DGRP_382	F	24
DGRP_382	F	24
DGRP_382	M	21
DGRP_382	M	19
DGRP_382	M	17
DGRP_382	F	31
DGRP_382	F	31
DGRP_382	F	19
DGRP_382	M	32
DGRP_382	M	24
DGRP_382	M	24
DGRP_382	F	31
DGRP_382	F	3
DGRP_382	M	24
DGRP_382	M	24
DGRP_382	M	19
DGRP_382	F	24
DGRP_382	F	24
DGRP_382	F	19
DGRP_382	M	42
DGRP_382	M	28
DGRP_382	M	20
DGRP_382	F	41
DGRP_382	F	31
DGRP_382	M	34
DGRP_382	M	26
DGRP_382	M	26
DGRP_382	F	34
DGRP_382	F	26
DGRP_382	F	18
DGRP_382	M	31
DGRP_382	M	20
DGRP_382	F	26
DGRP_382	F	25
DGRP_383	M	24
DGRP_383	M	17
DGRP_383	M	3
DGRP_383	F	31
DGRP_383	F	31
DGRP_383	F	18
DGRP_383	M	38
DGRP_383	M	31
DGRP_383	M	3
DGRP_383	F	19
DGRP_383	F	17
DGRP_383	F	3
DGRP_383	M	33
DGRP_383	M	28
DGRP_383	M	24
DGRP_383	F	18
DGRP_383	F	18
DGRP_383	F	10
DGRP_383	M	21
DGRP_383	M	12
DGRP_383	M	12
DGRP_383	F	25
DGRP_383	F	3
DGRP_383	M	35
DGRP_383	M	17
DGRP_383	M	1
DGRP_383	F	21
DGRP_383	F	14
DGRP_383	F	1
DGRP_383	M	35
DGRP_383	M	32
DGRP_383	M	23
DGRP_383	F	21
DGRP_383	F	14
DGRP_383	F	7
DGRP_383	M	33
DGRP_383	M	28
DGRP_383	M	26
DGRP_383	F	28
DGRP_383	F	26
DGRP_383	F	19
DGRP_383	M	27
DGRP_383	M	21
DGRP_383	F	24
DGRP_383	F	24
DGRP_383	F	17
DGRP_383	M	26
DGRP_383	M	26
DGRP_383	M	24
DGRP_383	F	28
DGRP_383	F	10
DGRP_383	M	28
DGRP_383	M	24
DGRP_383	M	24
DGRP_383	F	38
DGRP_383	F	24
DGRP_383	M	28
DGRP_383	M	28
DGRP_383	M	24
DGRP_383	F	28
DGRP_383	F	24
DGRP_383	F	21
DGRP_383	M	31
DGRP_383	M	24
DGRP_383	M	24
DGRP_383	F	38
DGRP_383	F	34
DGRP_383	F	31
DGRP_383	M	38
DGRP_383	M	31
DGRP_383	M	26
DGRP_383	F	24
DGRP_383	F	21
DGRP_383	M	31
DGRP_383	M	21
DGRP_383	M	14
DGRP_383	F	33
DGRP_383	F	27
DGRP_383	F	14
DGRP_383	M	31
DGRP_383	M	31
DGRP_383	M	12
DGRP_383	F	26
DGRP_383	F	17
DGRP_383	F	3
DGRP_383	M	26
DGRP_383	M	21
DGRP_383	M	20
DGRP_383	F	18
DGRP_383	F	17
DGRP_383	M	30
DGRP_383	M	30
DGRP_383	M	24
DGRP_383	F	23
DGRP_383	F	9
DGRP_383	F	2
DGRP_383	M	24
DGRP_383	M	24
DGRP_383	F	26
DGRP_383	F	17
DGRP_383	M	35
DGRP_383	M	31
DGRP_383	M	27
DGRP_383	F	27
DGRP_383	F	21
DGRP_383	F	17
DGRP_383	M	31
DGRP_383	M	28
DGRP_383	M	7
DGRP_383	F	24
DGRP_383	F	24
DGRP_383	F	10
DGRP_383	M	28
DGRP_383	M	24
DGRP_383	F	35
DGRP_383	F	24
DGRP_383	F	17
DGRP_383	M	28
DGRP_383	M	26
DGRP_383	M	25
DGRP_383	F	31
DGRP_383	F	31
DGRP_383	F	10
DGRP_383	M	29
DGRP_383	M	34
DGRP_383	M	31
DGRP_383	F	28
DGRP_383	F	28
DGRP_383	F	27
DGRP_383	M	35
DGRP_383	M	26
DGRP_383	M	26
DGRP_383	F	21
DGRP_383	F	19
DGRP_383	F	19
DGRP_385	M	31
DGRP_385	M	21
DGRP_385	M	19
DGRP_385	F	33
DGRP_385	F	32
DGRP_385	F	28
DGRP_385	M	35
DGRP_385	M	33
DGRP_385	M	31
DGRP_385	F	38
DGRP_385	F	38
DGRP_385	F	31
DGRP_385	M	28
DGRP_385	M	21
DGRP_385	M	19
DGRP_385	F	28
DGRP_385	F	26
DGRP_385	F	24
DGRP_385	M	26
DGRP_385	M	21
DGRP_385	M	14
DGRP_385	F	31
DGRP_385	F	31
DGRP_385	F	21
DGRP_385	M	31
DGRP_385	M	31
DGRP_385	M	31
DGRP_385	F	38
DGRP_385	F	31
DGRP_385	F	24
DGRP_385	M	26
DGRP_385	M	24
DGRP_385	M	17
DGRP_385	F	42
DGRP_385	F	38
DGRP_385	F	3
DGRP_385	M	38
DGRP_385	M	38
DGRP_385	M	31
DGRP_385	F	38
DGRP_385	F	31
DGRP_385	F	31
DGRP_385	M	21
DGRP_385	M	19
DGRP_385	M	10
DGRP_385	F	26
DGRP_385	F	24
DGRP_385	F	24
DGRP_385	M	24
DGRP_385	M	10
DGRP_385	M	3
DGRP_385	F	24
DGRP_385	F	20
DGRP_385	F	14
DGRP_385	M	24
DGRP_385	M	24
DGRP_385	M	21
DGRP_385	F	39
DGRP_385	F	38
DGRP_385	F	27
DGRP_385	M	26
DGRP_385	M	24
DGRP_385	M	24
DGRP_385	F	31
DGRP_385	F	20
DGRP_385	F	18
DGRP_385	M	26
DGRP_385	M	26
DGRP_385	M	24
DGRP_385	F	38
DGRP_385	F	35
DGRP_385	F	21
DGRP_385	M	39
DGRP_385	M	32
DGRP_385	M	28
DGRP_385	F	38
DGRP_385	F	28
DGRP_385	F	24
DGRP_385	M	31
DGRP_385	M	24
DGRP_385	M	21
DGRP_385	F	38
DGRP_385	F	33
DGRP_385	F	27
DGRP_385	M	45
DGRP_385	M	31
DGRP_385	M	24
DGRP_385	F	45
DGRP_385	F	38
DGRP_385	F	21
DGRP_385	M	24
DGRP_385	M	21
DGRP_385	M	19
DGRP_385	F	31
DGRP_385	F	31
DGRP_385	F	26
DGRP_385	M	45
DGRP_385	M	24
DGRP_385	M	19
DGRP_385	F	31
DGRP_385	F	17
DGRP_385	F	5
DGRP_385	M	31
DGRP_385	M	31
DGRP_385	M	31
DGRP_385	F	21
DGRP_385	F	11
DGRP_385	M	28
DGRP_385	M	27
DGRP_385	M	21
DGRP_385	F	38
DGRP_385	F	24
DGRP_385	F	24
DGRP_385	M	21
DGRP_385	M	10
DGRP_385	M	3
DGRP_385	F	38
DGRP_385	F	25
DGRP_385	F	5
DGRP_385	M	24
DGRP_385	M	24
DGRP_385	M	3
DGRP_385	F	31
DGRP_385	F	31
DGRP_385	M	38
DGRP_385	M	31
DGRP_385	M	24
DGRP_385	F	38
DGRP_385	F	24
DGRP_385	F	3
DGRP_386	M	33
DGRP_386	M	25
DGRP_386	M	24
DGRP_386	F	42
DGRP_386	F	35
DGRP_386	F	31
DGRP_386	M	38
DGRP_386	M	34
DGRP_386	M	19
DGRP_386	F	38
DGRP_386	F	31
DGRP_386	F	28
DGRP_386	M	42
DGRP_386	M	40
DGRP_386	M	40
DGRP_386	F	45
DGRP_386	F	38
DGRP_386	F	10
DGRP_386	M	33
DGRP_386	M	27
DGRP_386	F	46
DGRP_386	F	45
DGRP_386	F	26
DGRP_386	M	38
DGRP_386	M	38
DGRP_386	M	32
DGRP_386	F	38
DGRP_386	F	31
DGRP_386	F	31
DGRP_386	M	38
DGRP_386	M	12
DGRP_386	M	4
DGRP_386	F	38
DGRP_386	F	24
DGRP_386	F	18
DGRP_386	M	38
DGRP_386	M	38
DGRP_386	M	38
DGRP_386	F	38
DGRP_386	F	35
DGRP_386	F	27
DGRP_386	M	38
DGRP_386	M	38
DGRP_386	M	10
DGRP_386	F	38
DGRP_386	F	38
DGRP_386	F	38
DGRP_386	M	33
DGRP_386	M	21
DGRP_386	M	12
DGRP_386	F	38
DGRP_386	F	38
DGRP_386	F	33
DGRP_386	M	35
DGRP_386	M	34
DGRP_386	F	38
DGRP_386	F	35
DGRP_386	F	31
DGRP_386	M	38
DGRP_386	M	31
DGRP_386	M	3
DGRP_386	F	31
DGRP_386	F	21
DGRP_386	F	10
DGRP_386	M	34
DGRP_386	M	33
DGRP_386	M	33
DGRP_386	F	38
DGRP_386	F	33
DGRP_386	F	27
DGRP_386	M	31
DGRP_386	M	3
DGRP_386	F	38
DGRP_386	F	31
DGRP_386	M	34
DGRP_386	M	26
DGRP_386	M	11
DGRP_386	F	40
DGRP_386	F	34
DGRP_386	F	17
DGRP_386	M	49
DGRP_386	M	38
DGRP_386	M	38
DGRP_386	F	33
DGRP_386	F	10
DGRP_386	M	31
DGRP_386	M	31
DGRP_386	M	19
DGRP_386	F	45
DGRP_386	F	38
DGRP_386	F	19
DGRP_386	M	33
DGRP_386	M	33
DGRP_386	M	24
DGRP_386	F	38
DGRP_386	F	32
DGRP_386	F	31
DGRP_386	M	33
DGRP_386	M	31
DGRP_386	M	12
DGRP_386	F	45
DGRP_386	F	33
DGRP_386	F	33
DGRP_386	M	38
DGRP_386	M	35
DGRP_386	M	24
DGRP_386	F	33
DGRP_386	F	17
DGRP_386	M	38
DGRP_386	M	31
DGRP_386	M	31
DGRP_386	F	38
DGRP_386	F	38
DGRP_386	F	17
DGRP_386	M	33
DGRP_386	M	32
DGRP_386	M	24
DGRP_386	F	41
DGRP_386	F	24
DGRP_386	F	3
DGRP_386	M	31
DGRP_386	M	24
DGRP_386	M	14
DGRP_386	F	38
DGRP_386	F	6
DGRP_391	F	24
DGRP_391	F	28
DGRP_391	F	42
DGRP_391	M	28
DGRP_391	M	35
DGRP_391	M	35
DGRP_391	F	28
DGRP_391	F	35
DGRP_391	F	37
DGRP_391	M	35
DGRP_391	M	35
DGRP_391	M	37
DGRP_391	F	7
DGRP_391	F	28
DGRP_391	F	42
DGRP_391	M	25
DGRP_391	M	28
DGRP_391	M	35
DGRP_391	F	35
DGRP_391	F	38
DGRP_391	F	42
DGRP_391	M	28
DGRP_391	M	28
DGRP_391	M	28
DGRP_391	F	28
DGRP_391	F	35
DGRP_391	F	35
DGRP_391	M	25
DGRP_391	M	28
DGRP_391	M	28
DGRP_391	F	35
DGRP_391	F	37
DGRP_391	M	28
DGRP_391	M	28
DGRP_391	M	29
DGRP_391	F	35
DGRP_391	F	39
DGRP_391	F	42
DGRP_391	M	28
DGRP_391	M	31
DGRP_391	M	35
DGRP_391	F	28
DGRP_391	F	31
DGRP_391	F	32
DGRP_391	M	28
DGRP_391	M	28
DGRP_391	M	35
DGRP_391	F	35
DGRP_391	F	37
DGRP_391	F	42
DGRP_391	M	30
DGRP_391	M	35
DGRP_391	F	30
DGRP_391	F	39
DGRP_391	F	42
DGRP_391	M	21
DGRP_391	M	28
DGRP_391	M	35
DGRP_391	F	14
DGRP_391	F	21
DGRP_391	F	28
DGRP_391	M	35
DGRP_391	M	35
DGRP_391	F	35
DGRP_391	F	37
DGRP_391	F	39
DGRP_391	M	28
DGRP_391	M	28
DGRP_391	M	35
DGRP_391	F	42
DGRP_391	F	38
DGRP_391	F	29
DGRP_391	M	30
DGRP_391	M	30
DGRP_391	M	28
DGRP_391	F	42
DGRP_391	F	39
DGRP_391	F	28
DGRP_391	M	28
DGRP_391	M	28
DGRP_391	F	35
DGRP_391	F	28
DGRP_391	F	14
DGRP_391	M	29
DGRP_391	M	25
DGRP_391	M	18
DGRP_391	F	38
DGRP_391	F	37
DGRP_391	M	23
DGRP_391	M	21
DGRP_391	F	44
DGRP_391	F	42
DGRP_391	F	28
DGRP_391	M	39
DGRP_391	M	35
DGRP_391	M	31
DGRP_391	F	42
DGRP_391	F	37
DGRP_391	F	28
DGRP_391	M	35
DGRP_391	M	28
DGRP_391	M	28
DGRP_391	F	39
DGRP_391	F	35
DGRP_391	F	28
DGRP_391	M	35
DGRP_391	M	28
DGRP_391	M	28
DGRP_391	F	42
DGRP_391	F	37
DGRP_391	F	35
DGRP_391	M	38
DGRP_391	M	35
DGRP_391	M	28
DGRP_391	F	38
DGRP_391	F	30
DGRP_391	F	28
DGRP_391	M	39
DGRP_391	M	28
DGRP_391	M	28
DGRP_391	F	42
DGRP_391	F	42
DGRP_391	F	39
DGRP_391	M	39
DGRP_391	M	29
DGRP_391	M	28
DGRP_391	F	44
DGRP_391	F	38
DGRP_391	F	28
DGRP_391	M	28
DGRP_391	M	25
DGRP_391	M	24
DGRP_391	F	35
DGRP_391	F	30
DGRP_391	F	30
DGRP_391	M	29
DGRP_391	M	28
DGRP_391	M	14
DGRP_392	M	33
DGRP_392	M	21
DGRP_392	F	38
DGRP_392	F	31
DGRP_392	F	28
DGRP_392	M	31
DGRP_392	M	27
DGRP_392	M	27
DGRP_392	F	28
DGRP_392	F	25
DGRP_392	F	5
DGRP_392	M	31
DGRP_392	M	28
DGRP_392	M	19
DGRP_392	F	26
DGRP_392	F	26
DGRP_392	F	26
DGRP_392	M	26
DGRP_392	M	10
DGRP_392	F	31
DGRP_392	F	31
DGRP_392	F	28
DGRP_392	M	31
DGRP_392	M	31
DGRP_392	M	28
DGRP_392	F	31
DGRP_392	F	28
DGRP_392	F	28
DGRP_392	M	24
DGRP_392	M	24
DGRP_392	M	24
DGRP_392	F	31
DGRP_392	F	31
DGRP_392	F	19
DGRP_392	M	24
DGRP_392	M	24
DGRP_392	M	17
DGRP_392	F	38
DGRP_392	F	35
DGRP_392	F	35
DGRP_392	M	35
DGRP_392	M	34
DGRP_392	M	26
DGRP_392	F	28
DGRP_392	F	26
DGRP_392	F	26
DGRP_392	M	28
DGRP_392	M	28
DGRP_392	M	18
DGRP_392	F	38
DGRP_392	F	33
DGRP_392	F	28
DGRP_392	M	17
DGRP_392	M	12
DGRP_392	M	11
DGRP_392	F	39
DGRP_392	F	38
DGRP_392	F	17
DGRP_392	M	14
DGRP_392	M	3
DGRP_392	M	3
DGRP_392	F	35
DGRP_392	F	34
DGRP_392	F	33
DGRP_392	M	31
DGRP_392	M	28
DGRP_392	M	28
DGRP_392	F	33
DGRP_392	F	31
DGRP_392	F	17
DGRP_392	M	17
DGRP_392	M	4
DGRP_392	F	35
DGRP_392	F	19
DGRP_392	M	31
DGRP_392	M	31
DGRP_392	M	26
DGRP_392	F	31
DGRP_392	F	31
DGRP_392	F	31
DGRP_392	M	38
DGRP_392	M	17
DGRP_392	M	7
DGRP_392	F	38
DGRP_392	F	33
DGRP_392	M	33
DGRP_392	M	31
DGRP_392	M	26
DGRP_392	F	35
DGRP_392	F	33
DGRP_392	F	31
DGRP_392	M	35
DGRP_392	M	32
DGRP_392	M	26
DGRP_392	F	38
DGRP_392	F	35
DGRP_392	F	33
DGRP_392	M	38
DGRP_392	M	38
DGRP_392	M	38
DGRP_392	F	38
DGRP_392	F	33
DGRP_392	M	31
DGRP_392	M	31
DGRP_392	M	10
DGRP_392	F	31
DGRP_392	F	31
DGRP_392	F	20
DGRP_392	M	34
DGRP_392	M	31
DGRP_392	M	6
DGRP_392	F	26
DGRP_392	F	14
DGRP_392	M	38
DGRP_392	M	31
DGRP_392	M	31
DGRP_392	F	31
DGRP_392	F	17
DGRP_392	M	33
DGRP_392	M	21
DGRP_392	F	38
DGRP_392	F	32
DGRP_392	M	24
DGRP_392	M	17
DGRP_392	F	31
DGRP_392	F	31
DGRP_392	F	26
DGRP_392	M	38
DGRP_392	M	38
DGRP_392	F	38
DGRP_392	F	24
DGRP_399	F	35
DGRP_399	F	37
DGRP_399	F	38
DGRP_399	M	28
DGRP_399	M	37
DGRP_399	F	16
DGRP_399	F	39
DGRP_399	F	39
DGRP_399	M	39
DGRP_399	M	42
DGRP_399	M	42
DGRP_399	F	37
DGRP_399	F	39
DGRP_399	M	28
DGRP_399	M	32
DGRP_399	F	28
DGRP_399	F	35
DGRP_399	F	37
DGRP_399	M	35
DGRP_399	M	35
DGRP_399	F	37
DGRP_399	F	39
DGRP_399	F	42
DGRP_399	M	28
DGRP_399	M	37
DGRP_399	M	37
DGRP_399	F	35
DGRP_399	F	37
DGRP_399	M	35
DGRP_399	M	35
DGRP_399	M	39
DGRP_399	F	9
DGRP_399	F	42
DGRP_399	M	29
DGRP_399	M	35
DGRP_399	M	35
DGRP_399	F	8
DGRP_399	F	39
DGRP_399	F	39
DGRP_399	M	35
DGRP_399	M	35
DGRP_399	M	42
DGRP_399	F	32
DGRP_399	F	39
DGRP_399	F	42
DGRP_399	M	37
DGRP_399	M	42
DGRP_399	F	35
DGRP_399	F	39
DGRP_399	F	42
DGRP_399	M	35
DGRP_399	M	35
DGRP_399	M	36
DGRP_399	F	37
DGRP_399	F	38
DGRP_399	F	43
DGRP_399	M	14
DGRP_399	M	28
DGRP_399	M	31
DGRP_399	F	29
DGRP_399	F	32
DGRP_399	M	32
DGRP_399	M	35
DGRP_399	M	36
DGRP_399	F	35
DGRP_399	F	32
DGRP_399	F	28
DGRP_399	M	35
DGRP_399	M	32
DGRP_399	M	21
DGRP_399	F	42
DGRP_399	F	39
DGRP_399	F	35
DGRP_399	M	42
DGRP_399	M	37
DGRP_399	M	35
DGRP_399	F	37
DGRP_399	F	35
DGRP_399	F	30
DGRP_399	M	39
DGRP_399	M	35
DGRP_399	M	35
DGRP_399	F	38
DGRP_399	F	35
DGRP_399	F	35
DGRP_399	M	42
DGRP_399	M	35
DGRP_399	M	28
DGRP_399	F	39
DGRP_399	F	39
DGRP_399	F	38
DGRP_399	M	35
DGRP_399	M	35
DGRP_399	M	35
DGRP_399	F	35
DGRP_399	F	35
DGRP_399	F	31
DGRP_399	M	31
DGRP_399	M	28
DGRP_399	M	15
DGRP_399	F	45
DGRP_399	F	42
DGRP_399	F	42
DGRP_399	M	42
DGRP_399	M	42
DGRP_399	M	30
DGRP_399	F	43
DGRP_399	F	42
DGRP_399	F	32
DGRP_399	M	32
DGRP_399	M	28
DGRP_399	M	28
DGRP_399	F	36
DGRP_399	F	35
DGRP_399	F	35
DGRP_399	M	31
DGRP_399	M	25
DGRP_399	M	9
DGRP_399	F	42
DGRP_399	F	35
DGRP_399	F	35
DGRP_399	M	38
DGRP_399	M	35
DGRP_399	M	35
DGRP_399	F	42
DGRP_399	F	42
DGRP_399	F	37
DGRP_399	M	46
DGRP_399	M	32
DGRP_399	M	30
DGRP_399	F	42
DGRP_399	F	31
DGRP_399	F	18
DGRP_399	M	39
DGRP_399	M	36
DGRP_399	M	35
DGRP_405	M	35
DGRP_405	M	35
DGRP_405	M	35
DGRP_405	F	40
DGRP_405	F	40
DGRP_405	F	38
DGRP_405	M	38
DGRP_405	M	35
DGRP_405	M	34
DGRP_405	F	38
DGRP_405	F	35
DGRP_405	F	31
DGRP_405	M	35
DGRP_405	M	31
DGRP_405	M	31
DGRP_405	F	39
DGRP_405	F	38
DGRP_405	F	35
DGRP_405	M	38
DGRP_405	M	38
DGRP_405	M	33
DGRP_405	F	41
DGRP_405	F	41
DGRP_405	F	40
DGRP_405	M	38
DGRP_405	M	38
DGRP_405	M	21
DGRP_405	F	38
DGRP_405	F	31
DGRP_405	F	14
DGRP_405	M	35
DGRP_405	M	33
DGRP_405	M	31
DGRP_405	F	38
DGRP_405	F	38
DGRP_405	F	34
DGRP_405	M	33
DGRP_405	M	32
DGRP_405	M	31
DGRP_405	F	38
DGRP_405	F	33
DGRP_405	F	28
DGRP_405	M	34
DGRP_405	M	34
DGRP_405	M	11
DGRP_405	F	40
DGRP_405	F	34
DGRP_405	F	34
DGRP_405	M	34
DGRP_405	M	31
DGRP_405	M	31
DGRP_405	F	42
DGRP_405	F	38
DGRP_405	F	38
DGRP_405	M	34
DGRP_405	M	34
DGRP_405	M	3
DGRP_405	F	38
DGRP_405	F	34
DGRP_405	F	33
DGRP_405	M	31
DGRP_405	M	31
DGRP_405	M	21
DGRP_405	F	41
DGRP_405	F	38
DGRP_405	F	38
DGRP_405	M	35
DGRP_405	M	31
DGRP_405	M	24
DGRP_405	F	38
DGRP_405	F	38
DGRP_405	F	34
DGRP_405	M	32
DGRP_405	M	31
DGRP_405	M	28
DGRP_405	F	33
DGRP_405	F	31
DGRP_405	F	17
DGRP_405	M	38
DGRP_405	M	31
DGRP_405	F	38
DGRP_405	F	38
DGRP_405	F	38
DGRP_405	M	38
DGRP_405	M	35
DGRP_405	M	33
DGRP_405	F	38
DGRP_405	F	38
DGRP_405	F	32
DGRP_405	M	33
DGRP_405	M	32
DGRP_405	M	31
DGRP_405	F	38
DGRP_405	F	38
DGRP_405	F	38
DGRP_405	M	31
DGRP_405	M	24
DGRP_405	M	10
DGRP_405	F	38
DGRP_405	F	38
DGRP_405	F	38
DGRP_405	M	35
DGRP_405	M	35
DGRP_405	M	33
DGRP_405	F	27
DGRP_405	F	3
DGRP_405	M	38
DGRP_405	M	38
DGRP_405	F	32
DGRP_405	F	5
DGRP_405	M	31
DGRP_405	M	7
DGRP_405	M	3
DGRP_405	F	41
DGRP_405	F	40
DGRP_405	F	39
DGRP_405	M	31
DGRP_405	M	28
DGRP_405	M	5
DGRP_405	F	35
DGRP_405	F	32
DGRP_405	F	31
DGRP_405	M	38
DGRP_405	M	31
DGRP_405	M	31
DGRP_405	F	38
DGRP_405	F	31
DGRP_405	F	31
DGRP_405	M	35
DGRP_405	M	31
DGRP_405	F	41
DGRP_405	F	35
DGRP_405	F	31
DGRP_406	M	42
DGRP_406	M	14
DGRP_406	M	12
DGRP_406	F	24
DGRP_406	F	21
DGRP_406	F	17
DGRP_406	M	42
DGRP_406	M	21
DGRP_406	M	17
DGRP_406	F	38
DGRP_406	F	31
DGRP_406	M	40
DGRP_406	M	31
DGRP_406	F	26
DGRP_406	F	17
DGRP_406	M	28
DGRP_406	M	24
DGRP_406	M	11
DGRP_406	F	26
DGRP_406	F	25
DGRP_406	F	24
DGRP_406	M	44
DGRP_406	M	43
DGRP_406	F	46
DGRP_406	F	44
DGRP_406	F	35
DGRP_406	M	30
DGRP_406	M	1
DGRP_406	F	35
DGRP_406	F	28
DGRP_406	F	22
DGRP_406	M	28
DGRP_406	M	23
DGRP_406	M	23
DGRP_406	F	28
DGRP_406	F	21
DGRP_406	F	14
DGRP_406	M	42
DGRP_406	M	28
DGRP_406	M	23
DGRP_406	F	35
DGRP_406	F	22
DGRP_406	F	21
DGRP_406	M	35
DGRP_406	M	21
DGRP_406	M	16
DGRP_406	F	36
DGRP_406	F	31
DGRP_406	F	30
DGRP_406	M	46
DGRP_406	M	44
DGRP_406	F	42
DGRP_406	F	29
DGRP_406	M	19
DGRP_406	M	17
DGRP_406	F	26
DGRP_406	F	24
DGRP_406	F	19
DGRP_406	M	24
DGRP_406	M	17
DGRP_406	M	14
DGRP_406	F	24
DGRP_406	F	19
DGRP_406	F	3
DGRP_406	M	28
DGRP_406	M	26
DGRP_406	M	24
DGRP_406	F	38
DGRP_406	F	33
DGRP_406	F	10
DGRP_406	M	27
DGRP_406	M	19
DGRP_406	M	5
DGRP_406	F	31
DGRP_406	F	24
DGRP_406	F	24
DGRP_406	M	28
DGRP_406	M	28
DGRP_406	F	42
DGRP_406	F	4
DGRP_406	M	11
DGRP_406	M	1
DGRP_406	F	46
DGRP_406	F	22
DGRP_406	F	18
DGRP_406	M	23
DGRP_406	M	21
DGRP_406	M	16
DGRP_406	F	28
DGRP_406	F	21
DGRP_406	F	16
DGRP_406	M	32
DGRP_406	M	30
DGRP_406	M	21
DGRP_406	F	30
DGRP_406	F	21
DGRP_406	F	21
DGRP_406	M	28
DGRP_406	M	21
DGRP_406	M	14
DGRP_406	F	35
DGRP_406	F	28
DGRP_406	F	25
DGRP_406	M	39
DGRP_406	M	30
DGRP_406	M	21
DGRP_406	F	37
DGRP_406	F	25
DGRP_406	F	21
DGRP_406	M	21
DGRP_406	M	21
DGRP_406	M	21
DGRP_406	F	30
DGRP_406	F	28
DGRP_406	F	18
DGRP_406	M	24
DGRP_406	M	21
DGRP_406	M	10
DGRP_406	F	32
DGRP_406	F	28
DGRP_406	F	11
DGRP_409	M	17
DGRP_409	M	13
DGRP_409	M	13
DGRP_409	F	40
DGRP_409	F	32
DGRP_409	F	24
DGRP_409	M	17
DGRP_409	M	17
DGRP_409	M	13
DGRP_409	F	31
DGRP_409	F	26
DGRP_409	F	21
DGRP_409	M	19
DGRP_409	M	17
DGRP_409	M	10
DGRP_409	F	40
DGRP_409	F	18
DGRP_409	F	12
DGRP_409	M	27
DGRP_409	M	27
DGRP_409	M	17
DGRP_409	F	24
DGRP_409	F	17
DGRP_409	F	13
DGRP_409	M	21
DGRP_409	M	17
DGRP_409	M	17
DGRP_409	F	38
DGRP_409	F	28
DGRP_409	F	13
DGRP_409	M	24
DGRP_409	M	18
DGRP_409	M	12
DGRP_409	F	33
DGRP_409	F	33
DGRP_409	F	20
DGRP_409	M	18
DGRP_409	M	14
DGRP_409	M	3
DGRP_409	F	35
DGRP_409	F	33
DGRP_409	F	28
DGRP_409	M	19
DGRP_409	M	19
DGRP_409	M	10
DGRP_409	F	31
DGRP_409	F	28
DGRP_409	F	7
DGRP_409	M	24
DGRP_409	M	18
DGRP_409	M	13
DGRP_409	F	40
DGRP_409	F	28
DGRP_409	F	18
DGRP_409	M	31
DGRP_409	M	18
DGRP_409	M	17
DGRP_409	F	35
DGRP_409	F	34
DGRP_409	F	17
DGRP_409	M	17
DGRP_409	M	14
DGRP_409	M	12
DGRP_409	F	24
DGRP_409	F	24
DGRP_409	F	24
DGRP_409	M	24
DGRP_409	M	20
DGRP_409	M	10
DGRP_409	F	31
DGRP_409	F	28
DGRP_409	F	24
DGRP_409	M	24
DGRP_409	M	19
DGRP_409	M	17
DGRP_409	F	40
DGRP_409	F	24
DGRP_409	F	24
DGRP_409	M	17
DGRP_409	M	17
DGRP_409	F	41
DGRP_409	F	31
DGRP_409	M	14
DGRP_409	M	14
DGRP_409	M	12
DGRP_409	F	33
DGRP_409	F	26
DGRP_409	F	12
DGRP_409	M	24
DGRP_409	M	19
DGRP_409	M	10
DGRP_409	F	41
DGRP_409	F	14
DGRP_409	F	3
DGRP_409	M	20
DGRP_409	M	17
DGRP_409	M	17
DGRP_409	F	31
DGRP_409	F	24
DGRP_409	M	34
DGRP_409	M	19
DGRP_409	F	34
DGRP_409	F	27
DGRP_409	F	24
DGRP_409	M	17
DGRP_409	M	14
DGRP_409	M	14
DGRP_409	F	35
DGRP_409	F	39
DGRP_409	F	31
DGRP_409	M	20
DGRP_409	M	17
DGRP_409	M	17
DGRP_409	F	39
DGRP_409	F	17
DGRP_409	F	17
DGRP_409	M	24
DGRP_409	M	19
DGRP_409	M	12
DGRP_409	F	32
DGRP_409	F	19
DGRP_409	F	3
DGRP_409	M	28
DGRP_409	M	17
DGRP_409	M	17
DGRP_409	F	17
DGRP_409	F	3
DGRP_409	F	3
DGRP_409	M	19
DGRP_409	M	19
DGRP_409	M	17
DGRP_409	F	31
DGRP_409	F	24
DGRP_409	F	17
DGRP_426	M	38
DGRP_426	M	38
DGRP_426	F	42
DGRP_426	F	17
DGRP_426	M	38
DGRP_426	M	19
DGRP_426	M	18
DGRP_426	F	18
DGRP_426	F	17
DGRP_426	F	3
DGRP_426	M	24
DGRP_426	M	19
DGRP_426	M	18
DGRP_426	F	28
DGRP_426	F	17
DGRP_426	F	10
DGRP_426	M	38
DGRP_426	M	31
DGRP_426	F	38
DGRP_426	F	24
DGRP_426	F	17
DGRP_426	M	45
DGRP_426	M	31
DGRP_426	M	4
DGRP_426	F	24
DGRP_426	F	17
DGRP_426	F	12
DGRP_426	M	45
DGRP_426	M	27
DGRP_426	M	26
DGRP_426	F	31
DGRP_426	F	31
DGRP_426	F	31
DGRP_426	M	42
DGRP_426	M	17
DGRP_426	M	10
DGRP_426	F	39
DGRP_426	F	19
DGRP_426	F	19
DGRP_426	M	39
DGRP_426	M	30
DGRP_426	M	14
DGRP_426	F	35
DGRP_426	F	21
DGRP_426	F	11
DGRP_426	M	30
DGRP_426	M	30
DGRP_426	M	30
DGRP_426	F	31
DGRP_426	F	28
DGRP_426	F	14
DGRP_426	M	42
DGRP_426	M	39
DGRP_426	M	28
DGRP_426	F	35
DGRP_426	F	28
DGRP_426	F	28
DGRP_426	M	30
DGRP_426	M	23
DGRP_426	M	23
DGRP_426	F	43
DGRP_426	F	23
DGRP_426	M	33
DGRP_426	M	24
DGRP_426	F	38
DGRP_426	F	21
DGRP_426	M	45
DGRP_426	M	40
DGRP_426	M	24
DGRP_426	F	41
DGRP_426	F	38
DGRP_426	F	33
DGRP_426	M	33
DGRP_426	M	26
DGRP_426	M	26
DGRP_426	F	17
DGRP_426	F	7
DGRP_426	F	3
DGRP_426	M	24
DGRP_426	M	24
DGRP_426	M	17
DGRP_426	F	17
DGRP_426	F	17
DGRP_426	F	3
DGRP_426	M	26
DGRP_426	M	19
DGRP_426	M	3
DGRP_426	F	34
DGRP_426	F	33
DGRP_426	F	31
DGRP_426	M	35
DGRP_426	M	36
DGRP_426	M	33
DGRP_426	F	45
DGRP_426	F	24
DGRP_426	F	24
DGRP_426	M	40
DGRP_426	M	25
DGRP_426	M	3
DGRP_426	F	45
DGRP_426	F	45
DGRP_426	F	27
DGRP_426	M	42
DGRP_426	M	38
DGRP_426	M	17
DGRP_426	F	32
DGRP_426	F	25
DGRP_426	F	3
DGRP_426	M	35
DGRP_426	M	32
DGRP_426	M	30
DGRP_426	F	25
DGRP_426	F	21
DGRP_426	F	21
DGRP_426	M	36
DGRP_426	M	21
DGRP_426	M	14
DGRP_426	F	24
DGRP_426	F	18
DGRP_426	F	16
DGRP_426	M	32
DGRP_426	M	23
DGRP_426	M	21
DGRP_426	F	37
DGRP_426	F	21
DGRP_426	F	15
DGRP_426	M	42
DGRP_426	M	37
DGRP_426	M	35
DGRP_426	F	21
DGRP_426	F	18
DGRP_426	F	18
DGRP_427	F	17
DGRP_427	F	28
DGRP_427	F	39
DGRP_427	M	24
DGRP_427	M	25
DGRP_427	M	28
DGRP_427	F	39
DGRP_427	F	44
DGRP_427	M	16
DGRP_427	M	32
DGRP_427	M	39
DGRP_427	F	35
DGRP_427	F	37
DGRP_427	F	39
DGRP_427	M	14
DGRP_427	M	18
DGRP_427	M	21
DGRP_427	F	7
DGRP_427	F	32
DGRP_427	F	39
DGRP_427	M	25
DGRP_427	M	28
DGRP_427	F	8
DGRP_427	F	21
DGRP_427	F	42
DGRP_427	M	21
DGRP_427	M	21
DGRP_427	F	37
DGRP_427	F	39
DGRP_427	F	39
DGRP_427	M	21
DGRP_427	M	21
DGRP_427	F	30
DGRP_427	F	37
DGRP_427	F	42
DGRP_427	M	18
DGRP_427	M	28
DGRP_427	F	35
DGRP_427	F	35
DGRP_427	M	21
DGRP_427	M	21
DGRP_427	M	28
DGRP_427	F	30
DGRP_427	F	31
DGRP_427	F	32
DGRP_427	M	21
DGRP_427	M	25
DGRP_427	M	32
DGRP_427	F	31
DGRP_427	F	35
DGRP_427	F	35
DGRP_427	M	18
DGRP_427	M	22
DGRP_427	M	28
DGRP_427	F	35
DGRP_427	F	42
DGRP_427	M	25
DGRP_427	M	42
DGRP_427	F	37
DGRP_427	F	37
DGRP_427	F	42
DGRP_427	M	21
DGRP_427	M	21
DGRP_427	F	49
DGRP_427	F	39
DGRP_427	M	28
DGRP_427	M	25
DGRP_427	M	21
DGRP_427	F	35
DGRP_427	F	17
DGRP_427	F	4
DGRP_427	M	35
DGRP_427	M	23
DGRP_427	F	42
DGRP_427	F	30
DGRP_427	F	14
DGRP_427	M	42
DGRP_427	M	28
DGRP_427	M	21
DGRP_427	F	32
DGRP_427	F	15
DGRP_427	F	11
DGRP_427	M	24
DGRP_427	M	24
DGRP_427	M	21
DGRP_427	F	44
DGRP_427	F	38
DGRP_427	F	37
DGRP_427	M	39
DGRP_427	M	30
DGRP_427	M	23
DGRP_427	F	35
DGRP_427	F	30
DGRP_427	F	28
DGRP_427	M	35
DGRP_427	M	25
DGRP_427	M	14
DGRP_427	F	45
DGRP_427	F	28
DGRP_427	F	21
DGRP_427	M	30
DGRP_427	M	28
DGRP_427	M	28
DGRP_427	F	42
DGRP_427	F	35
DGRP_427	F	35
DGRP_427	M	24
DGRP_427	M	21
DGRP_427	M	21
DGRP_427	F	35
DGRP_427	F	30
DGRP_427	F	30
DGRP_427	M	30
DGRP_427	M	24
DGRP_427	M	14
DGRP_427	F	44
DGRP_427	F	44
DGRP_427	F	39
DGRP_427	M	35
DGRP_427	M	25
DGRP_427	M	23
DGRP_427	F	28
DGRP_427	F	14
DGRP_427	M	28
DGRP_427	M	21
DGRP_427	M	16
DGRP_427	F	42
DGRP_427	F	42
DGRP_427	F	38
DGRP_427	M	28
DGRP_427	M	21
DGRP_427	M	21
DGRP_437	F	37
DGRP_437	F	37
DGRP_437	F	42
DGRP_437	M	28
DGRP_437	M	35
DGRP_437	M	42
DGRP_437	F	28
DGRP_437	F	49
DGRP_437	M	49
DGRP_437	M	49
DGRP_437	M	49
DGRP_437	F	37
DGRP_437	F	44
DGRP_437	F	49
DGRP_437	M	28
DGRP_437	M	49
DGRP_437	F	35
DGRP_437	F	42
DGRP_437	M	28
DGRP_437	M	28
DGRP_437	M	42
DGRP_437	F	30
DGRP_437	F	45
DGRP_437	F	49
DGRP_437	M	36
DGRP_437	M	38
DGRP_437	M	44
DGRP_437	F	44
DGRP_437	F	49
DGRP_437	F	50
DGRP_437	M	42
DGRP_437	M	44
DGRP_437	M	49
DGRP_437	F	39
DGRP_437	F	42
DGRP_437	M	28
DGRP_437	M	42
DGRP_437	F	16
DGRP_437	F	39
DGRP_437	F	49
DGRP_437	M	39
DGRP_437	M	42
DGRP_437	M	49
DGRP_437	F	38
DGRP_437	F	49
DGRP_437	M	35
DGRP_437	M	44
DGRP_437	F	22
DGRP_437	F	39
DGRP_437	F	44
DGRP_437	M	28
DGRP_437	M	28
DGRP_437	M	49
DGRP_437	F	14
DGRP_437	F	16
DGRP_437	F	38
DGRP_437	M	7
DGRP_437	M	21
DGRP_437	M	42
DGRP_437	F	21
DGRP_437	F	49
DGRP_437	F	49
DGRP_437	M	37
DGRP_437	M	42
DGRP_437	F	46
DGRP_437	F	42
DGRP_437	F	28
DGRP_437	M	42
DGRP_437	M	39
DGRP_437	M	37
DGRP_437	F	44
DGRP_437	F	42
DGRP_437	F	35
DGRP_437	M	56
DGRP_437	M	44
DGRP_437	M	42
DGRP_437	F	67
DGRP_437	F	39
DGRP_437	F	14
DGRP_437	M	56
DGRP_437	M	49
DGRP_437	M	49
DGRP_437	F	37
DGRP_437	F	25
DGRP_437	M	49
DGRP_437	M	43
DGRP_437	M	38
DGRP_437	F	44
DGRP_437	F	38
DGRP_437	F	21
DGRP_437	M	56
DGRP_437	M	44
DGRP_437	M	24
DGRP_437	F	42
DGRP_437	F	42
DGRP_437	F	15
DGRP_437	M	44
DGRP_437	M	39
DGRP_437	M	38
DGRP_437	F	44
DGRP_437	F	38
DGRP_437	F	36
DGRP_437	M	49
DGRP_437	M	38
DGRP_437	M	17
DGRP_437	F	45
DGRP_437	F	42
DGRP_437	F	28
DGRP_437	M	49
DGRP_437	M	49
DGRP_437	M	35
DGRP_437	F	42
DGRP_437	F	42
DGRP_437	F	28
DGRP_437	M	28
DGRP_437	M	25
DGRP_437	M	21
DGRP_437	F	35
DGRP_437	F	23
DGRP_437	F	21
DGRP_437	M	44
DGRP_437	M	35
DGRP_437	M	29
DGRP_437	F	46
DGRP_437	F	44
DGRP_437	F	42
DGRP_437	M	49
DGRP_437	M	35
DGRP_437	M	35
DGRP_437	F	44
DGRP_437	F	42
DGRP_437	F	42
DGRP_437	M	44
DGRP_437	M	37
DGRP_437	M	30
DGRP_439	M	33
DGRP_439	M	26
DGRP_439	M	24
DGRP_439	F	35
DGRP_439	F	33
DGRP_439	F	17
DGRP_439	M	19
DGRP_439	M	17
DGRP_439	M	17
DGRP_439	F	31
DGRP_439	F	28
DGRP_439	F	24
DGRP_439	M	45
DGRP_439	M	24
DGRP_439	M	17
DGRP_439	F	21
DGRP_439	F	17
DGRP_439	F	17
DGRP_439	M	35
DGRP_439	M	31
DGRP_439	M	17
DGRP_439	F	38
DGRP_439	F	35
DGRP_439	F	14
DGRP_439	M	28
DGRP_439	M	26
DGRP_439	M	21
DGRP_439	F	28
DGRP_439	F	19
DGRP_439	F	10
DGRP_439	M	24
DGRP_439	M	17
DGRP_439	M	17
DGRP_439	F	24
DGRP_439	F	17
DGRP_439	M	38
DGRP_439	M	24
DGRP_439	M	10
DGRP_439	F	38
DGRP_439	F	24
DGRP_439	F	17
DGRP_439	M	35
DGRP_439	M	31
DGRP_439	M	28
DGRP_439	F	10
DGRP_439	F	10
DGRP_439	M	17
DGRP_439	M	12
DGRP_439	M	7
DGRP_439	F	38
DGRP_439	F	38
DGRP_439	F	35
DGRP_439	M	38
DGRP_439	M	24
DGRP_439	M	12
DGRP_439	F	24
DGRP_439	F	24
DGRP_439	F	21
DGRP_439	M	24
DGRP_439	M	17
DGRP_439	F	19
DGRP_439	F	17
DGRP_439	F	17
DGRP_439	M	31
DGRP_439	M	31
DGRP_439	M	24
DGRP_439	F	25
DGRP_439	F	19
DGRP_439	F	17
DGRP_439	M	17
DGRP_439	M	17
DGRP_439	M	10
DGRP_439	F	38
DGRP_439	F	35
DGRP_439	F	17
DGRP_439	M	21
DGRP_439	M	17
DGRP_439	M	17
DGRP_439	F	31
DGRP_439	F	21
DGRP_439	F	17
DGRP_439	M	40
DGRP_439	M	31
DGRP_439	M	31
DGRP_439	F	31
DGRP_439	F	21
DGRP_439	F	17
DGRP_439	M	38
DGRP_439	M	17
DGRP_439	F	24
DGRP_439	F	17
DGRP_439	M	31
DGRP_439	M	31
DGRP_439	M	17
DGRP_439	F	38
DGRP_439	F	38
DGRP_439	F	38
DGRP_439	M	38
DGRP_439	M	26
DGRP_439	M	17
DGRP_439	F	17
DGRP_439	F	3
DGRP_439	M	28
DGRP_439	M	28
DGRP_439	M	19
DGRP_439	F	45
DGRP_439	F	17
DGRP_439	F	3
DGRP_439	M	24
DGRP_439	M	24
DGRP_439	F	35
DGRP_439	F	31
DGRP_439	F	19
DGRP_439	M	31
DGRP_439	M	24
DGRP_439	M	17
DGRP_439	F	31
DGRP_439	F	24
DGRP_439	F	12
DGRP_439	M	38
DGRP_439	M	33
DGRP_439	M	17
DGRP_439	F	33
DGRP_439	F	21
DGRP_439	F	17
DGRP_439	M	31
DGRP_439	M	27
DGRP_439	M	27
DGRP_439	F	42
DGRP_439	F	19
DGRP_439	F	17
DGRP_440	M	45
DGRP_440	M	45
DGRP_440	M	21
DGRP_440	F	24
DGRP_440	F	19
DGRP_440	F	17
DGRP_440	M	25
DGRP_440	M	24
DGRP_440	F	26
DGRP_440	F	19
DGRP_440	F	17
DGRP_440	M	24
DGRP_440	M	24
DGRP_440	M	17
DGRP_440	F	24
DGRP_440	F	24
DGRP_440	F	24
DGRP_440	M	31
DGRP_440	M	20
DGRP_440	M	3
DGRP_440	F	19
DGRP_440	F	19
DGRP_440	F	10
DGRP_440	M	52
DGRP_440	M	49
DGRP_440	M	31
DGRP_440	F	24
DGRP_440	F	19
DGRP_440	F	10
DGRP_440	M	7
DGRP_440	M	3
DGRP_440	M	3
DGRP_440	F	35
DGRP_440	F	32
DGRP_440	F	3
DGRP_440	M	38
DGRP_440	M	31
DGRP_440	M	24
DGRP_440	F	24
DGRP_440	F	24
DGRP_440	M	14
DGRP_440	M	4
DGRP_440	M	2
DGRP_440	F	49
DGRP_440	F	25
DGRP_440	F	2
DGRP_440	M	45
DGRP_440	M	42
DGRP_440	F	24
DGRP_440	F	21
DGRP_440	F	7
DGRP_440	M	45
DGRP_440	M	2
DGRP_440	F	18
DGRP_440	F	4
DGRP_440	M	46
DGRP_440	M	44
DGRP_440	M	28
DGRP_440	F	21
DGRP_440	F	2
DGRP_440	F	2
DGRP_440	M	43
DGRP_440	M	32
DGRP_440	M	16
DGRP_440	F	29
DGRP_440	F	21
DGRP_440	F	21
DGRP_440	M	42
DGRP_440	M	42
DGRP_440	M	31
DGRP_440	F	21
DGRP_440	F	19
DGRP_440	F	19
DGRP_440	M	45
DGRP_440	M	42
DGRP_440	M	24
DGRP_440	F	10
DGRP_440	F	10
DGRP_440	F	3
DGRP_440	M	38
DGRP_440	M	26
DGRP_440	M	17
DGRP_440	F	20
DGRP_440	F	19
DGRP_440	F	7
DGRP_440	M	45
DGRP_440	M	19
DGRP_440	M	3
DGRP_440	F	28
DGRP_440	F	26
DGRP_440	F	21
DGRP_440	M	45
DGRP_440	M	24
DGRP_440	M	24
DGRP_440	F	40
DGRP_440	F	19
DGRP_440	F	7
DGRP_440	M	45
DGRP_440	M	31
DGRP_440	M	24
DGRP_440	F	24
DGRP_440	F	19
DGRP_440	F	18
DGRP_440	M	43
DGRP_440	M	35
DGRP_440	F	21
DGRP_440	F	18
DGRP_440	F	17
DGRP_440	M	51
DGRP_440	M	35
DGRP_440	M	35
DGRP_440	F	21
DGRP_440	F	18
DGRP_440	F	18
DGRP_440	M	49
DGRP_440	M	37
DGRP_440	F	21
DGRP_440	F	16
DGRP_440	F	7
DGRP_440	M	49
DGRP_440	M	35
DGRP_440	M	21
DGRP_440	F	21
DGRP_440	F	14
DGRP_440	F	2
DGRP_440	M	42
DGRP_440	M	42
DGRP_440	F	21
DGRP_440	F	21
DGRP_440	F	21
DGRP_441	M	38
DGRP_441	M	38
DGRP_441	M	38
DGRP_441	F	39
DGRP_441	F	31
DGRP_441	M	45
DGRP_441	M	38
DGRP_441	M	35
DGRP_441	F	42
DGRP_441	F	42
DGRP_441	F	32
DGRP_441	M	35
DGRP_441	M	35
DGRP_441	M	32
DGRP_441	F	42
DGRP_441	F	40
DGRP_441	F	40
DGRP_441	M	38
DGRP_441	M	34
DGRP_441	M	24
DGRP_441	F	38
DGRP_441	F	38
DGRP_441	F	38
DGRP_441	M	45
DGRP_441	M	31
DGRP_441	M	3
DGRP_441	F	38
DGRP_441	F	7
DGRP_441	F	6
DGRP_441	M	38
DGRP_441	M	38
DGRP_441	M	32
DGRP_441	F	35
DGRP_441	F	26
DGRP_441	F	25
DGRP_441	M	45
DGRP_441	M	42
DGRP_441	M	42
DGRP_441	F	45
DGRP_441	F	42
DGRP_441	F	31
DGRP_441	M	38
DGRP_441	M	38
DGRP_441	M	24
DGRP_441	F	38
DGRP_441	F	38
DGRP_441	F	3
DGRP_441	M	38
DGRP_441	M	38
DGRP_441	M	31
DGRP_441	F	38
DGRP_441	F	38
DGRP_441	F	38
DGRP_441	M	45
DGRP_441	M	38
DGRP_441	M	38
DGRP_441	F	40
DGRP_441	F	38
DGRP_441	F	35
DGRP_441	M	21
DGRP_441	M	19
DGRP_441	F	38
DGRP_441	F	34
DGRP_441	F	20
DGRP_441	M	26
DGRP_441	M	24
DGRP_441	F	38
DGRP_441	F	38
DGRP_441	F	24
DGRP_441	M	42
DGRP_441	M	42
DGRP_441	M	38
DGRP_441	F	35
DGRP_441	F	33
DGRP_441	F	27
DGRP_441	M	38
DGRP_441	M	27
DGRP_441	M	24
DGRP_441	F	47
DGRP_441	F	33
DGRP_441	F	28
DGRP_441	M	38
DGRP_441	M	38
DGRP_441	M	26
DGRP_441	F	38
DGRP_441	F	32
DGRP_441	F	31
DGRP_441	M	42
DGRP_441	M	42
DGRP_441	F	41
DGRP_441	F	38
DGRP_441	F	38
DGRP_441	M	33
DGRP_441	M	33
DGRP_441	M	17
DGRP_441	F	34
DGRP_441	F	17
DGRP_441	M	41
DGRP_441	M	38
DGRP_441	M	3
DGRP_441	F	45
DGRP_441	F	31
DGRP_441	F	3
DGRP_441	M	52
DGRP_441	M	38
DGRP_441	M	33
DGRP_441	F	38
DGRP_441	F	35
DGRP_441	F	31
DGRP_441	M	42
DGRP_441	M	38
DGRP_441	M	17
DGRP_441	F	42
DGRP_441	F	38
DGRP_441	F	3
DGRP_441	M	38
DGRP_441	M	31
DGRP_441	M	28
DGRP_441	F	45
DGRP_441	F	34
DGRP_441	F	28
DGRP_441	M	45
DGRP_441	M	45
DGRP_441	M	42
DGRP_441	F	45
DGRP_441	F	10
DGRP_441	F	3
DGRP_441	M	38
DGRP_441	M	19
DGRP_441	F	38
DGRP_441	F	25
DGRP_441	M	45
DGRP_441	M	45
DGRP_441	M	38
DGRP_441	F	41
DGRP_441	F	27
DGRP_441	F	3
DGRP_443	M	33
DGRP_443	M	31
DGRP_443	M	6
DGRP_443	F	45
DGRP_443	F	39
DGRP_443	F	28
DGRP_443	M	49
DGRP_443	M	42
DGRP_443	M	35
DGRP_443	F	42
DGRP_443	F	31
DGRP_443	M	38
DGRP_443	M	24
DGRP_443	M	24
DGRP_443	F	38
DGRP_443	F	38
DGRP_443	F	38
DGRP_443	M	47
DGRP_443	M	24
DGRP_443	M	24
DGRP_443	F	24
DGRP_443	F	24
DGRP_443	F	10
DGRP_443	M	52
DGRP_443	M	52
DGRP_443	M	24
DGRP_443	F	38
DGRP_443	F	35
DGRP_443	F	14
DGRP_443	M	38
DGRP_443	M	31
DGRP_443	M	17
DGRP_443	F	45
DGRP_443	F	45
DGRP_443	F	42
DGRP_443	M	47
DGRP_443	M	31
DGRP_443	F	45
DGRP_443	F	42
DGRP_443	F	31
DGRP_443	M	48
DGRP_443	M	31
DGRP_443	M	24
DGRP_443	F	25
DGRP_443	F	24
DGRP_443	F	13
DGRP_443	M	45
DGRP_443	M	24
DGRP_443	M	24
DGRP_443	F	45
DGRP_443	F	42
DGRP_443	F	14
DGRP_443	M	52
DGRP_443	M	42
DGRP_443	M	38
DGRP_443	F	34
DGRP_443	F	26
DGRP_443	F	24
DGRP_443	M	38
DGRP_443	M	38
DGRP_443	M	31
DGRP_443	F	40
DGRP_443	F	24
DGRP_443	F	24
DGRP_443	M	47
DGRP_443	M	24
DGRP_443	M	24
DGRP_443	F	42
DGRP_443	F	31
DGRP_443	F	31
DGRP_443	M	46
DGRP_443	M	31
DGRP_443	F	41
DGRP_443	F	35
DGRP_443	F	31
DGRP_443	M	47
DGRP_443	M	31
DGRP_443	F	49
DGRP_443	F	47
DGRP_443	F	45
DGRP_443	M	31
DGRP_443	M	28
DGRP_443	M	24
DGRP_443	F	31
DGRP_443	F	24
DGRP_443	F	10
DGRP_443	M	45
DGRP_443	M	45
DGRP_443	M	31
DGRP_443	F	31
DGRP_443	F	17
DGRP_443	F	14
DGRP_443	M	47
DGRP_443	M	40
DGRP_443	M	33
DGRP_443	F	45
DGRP_443	F	45
DGRP_443	F	27
DGRP_443	M	31
DGRP_443	M	31
DGRP_443	F	43
DGRP_443	F	12
DGRP_443	M	31
DGRP_443	M	25
DGRP_443	M	25
DGRP_443	F	38
DGRP_443	F	17
DGRP_443	F	5
DGRP_443	M	45
DGRP_443	M	31
DGRP_443	M	26
DGRP_443	F	40
DGRP_443	F	38
DGRP_443	F	31
DGRP_443	M	47
DGRP_443	M	31
DGRP_443	M	31
DGRP_443	F	33
DGRP_443	F	10
DGRP_443	M	31
DGRP_443	M	31
DGRP_443	M	31
DGRP_443	F	45
DGRP_443	F	14
DGRP_443	F	10
DGRP_443	M	28
DGRP_443	M	28
DGRP_443	M	21
DGRP_443	F	41
DGRP_443	F	12
DGRP_443	F	12
DGRP_461	M	24
DGRP_461	M	19
DGRP_461	M	10
DGRP_461	F	24
DGRP_461	F	17
DGRP_461	M	31
DGRP_461	M	10
DGRP_461	M	3
DGRP_461	F	17
DGRP_461	F	17
DGRP_461	F	5
DGRP_461	M	24
DGRP_461	M	17
DGRP_461	M	14
DGRP_461	F	21
DGRP_461	F	17
DGRP_461	F	4
DGRP_461	M	26
DGRP_461	M	26
DGRP_461	M	7
DGRP_461	F	7
DGRP_461	F	7
DGRP_461	M	21
DGRP_461	M	21
DGRP_461	M	10
DGRP_461	F	24
DGRP_461	F	21
DGRP_461	F	21
DGRP_461	M	28
DGRP_461	M	23
DGRP_461	M	21
DGRP_461	F	35
DGRP_461	F	21
DGRP_461	F	21
DGRP_461	M	14
DGRP_461	M	7
DGRP_461	M	7
DGRP_461	F	30
DGRP_461	F	7
DGRP_461	F	7
DGRP_461	M	18
DGRP_461	M	14
DGRP_461	M	7
DGRP_461	F	28
DGRP_461	F	28
DGRP_461	F	21
DGRP_461	M	21
DGRP_461	M	14
DGRP_461	M	14
DGRP_461	F	14
DGRP_461	F	7
DGRP_461	F	7
DGRP_461	M	21
DGRP_461	M	17
DGRP_461	M	14
DGRP_461	F	16
DGRP_461	F	16
DGRP_461	M	23
DGRP_461	M	23
DGRP_461	M	14
DGRP_461	F	25
DGRP_461	F	21
DGRP_461	F	14
DGRP_461	M	21
DGRP_461	M	21
DGRP_461	M	16
DGRP_461	F	28
DGRP_461	F	21
DGRP_461	F	18
DGRP_461	M	10
DGRP_461	M	4
DGRP_461	M	4
DGRP_461	F	21
DGRP_461	F	13
DGRP_461	F	12
DGRP_461	M	28
DGRP_461	M	10
DGRP_461	F	26
DGRP_461	F	20
DGRP_461	F	19
DGRP_461	M	27
DGRP_461	M	14
DGRP_461	M	10
DGRP_461	F	14
DGRP_461	F	10
DGRP_461	F	10
DGRP_461	M	26
DGRP_461	M	24
DGRP_461	M	10
DGRP_461	F	31
DGRP_461	F	24
DGRP_461	F	10
DGRP_461	M	24
DGRP_461	M	24
DGRP_461	M	24
DGRP_461	F	24
DGRP_461	F	10
DGRP_461	F	10
DGRP_461	M	23
DGRP_461	M	21
DGRP_461	M	21
DGRP_461	F	21
DGRP_461	F	21
DGRP_461	F	17
DGRP_461	M	14
DGRP_461	M	8
DGRP_461	M	3
DGRP_461	F	28
DGRP_461	F	21
DGRP_461	F	21
DGRP_461	M	16
DGRP_461	M	10
DGRP_461	F	21
DGRP_461	F	21
DGRP_461	F	16
DGRP_461	M	21
DGRP_461	M	18
DGRP_461	M	14
DGRP_461	F	28
DGRP_461	F	23
DGRP_461	F	21
DGRP_461	M	21
DGRP_461	M	17
DGRP_461	M	11
DGRP_461	F	28
DGRP_461	F	24
DGRP_461	F	14
DGRP_461	M	15
DGRP_461	M	11
DGRP_461	M	2
DGRP_461	F	25
DGRP_461	F	23
DGRP_461	F	4
DGRP_461	M	17
DGRP_461	M	17
DGRP_461	M	17
DGRP_461	F	18
DGRP_461	F	14
DGRP_461	F	14
DGRP_486	F	28
DGRP_486	F	28
DGRP_486	M	16
DGRP_486	M	28
DGRP_486	M	32
DGRP_486	F	10
DGRP_486	F	37
DGRP_486	F	42
DGRP_486	M	30
DGRP_486	M	30
DGRP_486	M	32
DGRP_486	F	25
DGRP_486	F	35
DGRP_486	F	35
DGRP_486	M	28
DGRP_486	M	28
DGRP_486	M	28
DGRP_486	F	35
DGRP_486	F	36
DGRP_486	F	42
DGRP_486	M	11
DGRP_486	M	35
DGRP_486	M	35
DGRP_486	F	28
DGRP_486	F	32
DGRP_486	F	36
DGRP_486	M	30
DGRP_486	M	35
DGRP_486	F	16
DGRP_486	F	37
DGRP_486	F	44
DGRP_486	M	35
DGRP_486	M	36
DGRP_486	F	35
DGRP_486	F	35
DGRP_486	F	35
DGRP_486	M	28
DGRP_486	M	35
DGRP_486	F	21
DGRP_486	F	35
DGRP_486	F	35
DGRP_486	M	23
DGRP_486	M	28
DGRP_486	M	28
DGRP_486	F	35
DGRP_486	F	37
DGRP_486	F	42
DGRP_486	M	28
DGRP_486	M	39
DGRP_486	F	21
DGRP_486	F	29
DGRP_486	F	35
DGRP_486	M	21
DGRP_486	M	28
DGRP_486	F	18
DGRP_486	F	35
DGRP_486	M	28
DGRP_486	M	28
DGRP_486	M	28
DGRP_486	F	38
DGRP_486	F	39
DGRP_486	F	44
DGRP_486	M	35
DGRP_486	M	35
DGRP_486	M	42
DGRP_486	F	32
DGRP_486	F	32
DGRP_486	F	11
DGRP_486	M	32
DGRP_486	M	24
DGRP_486	M	23
DGRP_486	F	39
DGRP_486	F	32
DGRP_486	F	31
DGRP_486	M	32
DGRP_486	M	31
DGRP_486	M	30
DGRP_486	F	35
DGRP_486	F	35
DGRP_486	F	17
DGRP_486	M	24
DGRP_486	M	21
DGRP_486	M	21
DGRP_486	F	45
DGRP_486	F	35
DGRP_486	F	35
DGRP_486	M	35
DGRP_486	M	31
DGRP_486	M	30
DGRP_486	F	32
DGRP_486	F	24
DGRP_486	F	22
DGRP_486	M	21
DGRP_486	M	21
DGRP_486	M	21
DGRP_486	F	37
DGRP_486	F	35
DGRP_486	F	31
DGRP_486	M	30
DGRP_486	M	28
DGRP_486	M	7
DGRP_486	F	44
DGRP_486	F	32
DGRP_486	F	32
DGRP_486	M	32
DGRP_486	M	10
DGRP_486	M	8
DGRP_486	F	43
DGRP_486	F	35
DGRP_486	F	18
DGRP_486	M	15
DGRP_486	M	15
DGRP_486	M	15
DGRP_486	F	46
DGRP_486	F	42
DGRP_486	F	39
DGRP_486	M	35
DGRP_486	M	31
DGRP_486	F	38
DGRP_486	F	35
DGRP_486	F	30
DGRP_486	M	42
DGRP_486	M	37
DGRP_486	M	30
DGRP_486	F	32
DGRP_486	F	31
DGRP_486	F	22
DGRP_486	M	28
DGRP_486	M	28
DGRP_486	M	23
DGRP_486	F	31
DGRP_486	F	30
DGRP_486	F	28
DGRP_486	M	28
DGRP_486	M	28
DGRP_486	M	28
DGRP_491	M	47
DGRP_491	M	47
DGRP_491	M	47
DGRP_491	F	42
DGRP_491	F	31
DGRP_491	M	49
DGRP_491	M	45
DGRP_491	M	42
DGRP_491	F	45
DGRP_491	F	45
DGRP_491	M	45
DGRP_491	M	45
DGRP_491	M	35
DGRP_491	F	45
DGRP_491	F	42
DGRP_491	F	33
DGRP_491	M	45
DGRP_491	M	45
DGRP_491	M	45
DGRP_491	F	49
DGRP_491	F	47
DGRP_491	F	40
DGRP_491	M	52
DGRP_491	M	45
DGRP_491	M	17
DGRP_491	F	45
DGRP_491	F	35
DGRP_491	F	28
DGRP_491	M	45
DGRP_491	M	38
DGRP_491	M	31
DGRP_491	F	45
DGRP_491	F	38
DGRP_491	F	31
DGRP_491	M	45
DGRP_491	M	45
DGRP_491	M	35
DGRP_491	F	45
DGRP_491	F	40
DGRP_491	F	35
DGRP_491	M	45
DGRP_491	M	45
DGRP_491	M	28
DGRP_491	F	35
DGRP_491	F	24
DGRP_491	F	21
DGRP_491	M	45
DGRP_491	M	45
DGRP_491	M	41
DGRP_491	F	45
DGRP_491	F	38
DGRP_491	M	45
DGRP_491	M	42
DGRP_491	M	3
DGRP_491	F	41
DGRP_491	F	27
DGRP_491	F	26
DGRP_491	M	45
DGRP_491	M	45
DGRP_491	M	31
DGRP_491	F	45
DGRP_491	F	42
DGRP_491	F	35
DGRP_491	M	45
DGRP_491	M	45
DGRP_491	M	41
DGRP_491	F	52
DGRP_491	F	49
DGRP_491	F	39
DGRP_491	M	49
DGRP_491	M	42
DGRP_491	F	35
DGRP_491	F	31
DGRP_491	F	25
DGRP_491	M	47
DGRP_491	M	45
DGRP_491	M	38
DGRP_491	F	48
DGRP_491	F	48
DGRP_491	M	45
DGRP_491	M	42
DGRP_491	M	31
DGRP_491	F	47
DGRP_491	F	47
DGRP_491	F	31
DGRP_491	M	38
DGRP_491	M	38
DGRP_491	M	21
DGRP_491	F	47
DGRP_491	F	47
DGRP_491	M	42
DGRP_491	M	42
DGRP_491	M	31
DGRP_491	F	45
DGRP_491	F	40
DGRP_491	F	24
DGRP_491	M	45
DGRP_491	M	38
DGRP_491	M	35
DGRP_491	F	35
DGRP_491	F	28
DGRP_491	F	26
DGRP_491	M	45
DGRP_491	M	38
DGRP_491	F	49
DGRP_491	F	45
DGRP_491	F	24
DGRP_491	M	47
DGRP_491	M	46
DGRP_491	M	45
DGRP_491	F	47
DGRP_491	F	42
DGRP_491	F	3
DGRP_491	M	48
DGRP_491	M	42
DGRP_491	M	40
DGRP_491	F	48
DGRP_491	F	45
DGRP_491	F	43
DGRP_491	M	45
DGRP_491	M	45
DGRP_491	M	38
DGRP_491	F	45
DGRP_491	F	41
DGRP_491	F	40
DGRP_491	M	45
DGRP_491	M	45
DGRP_491	M	38
DGRP_491	F	48
DGRP_491	F	45
DGRP_491	F	43
DGRP_492	M	42
DGRP_492	M	40
DGRP_492	M	31
DGRP_492	F	31
DGRP_492	F	24
DGRP_492	F	10
DGRP_492	M	38
DGRP_492	M	35
DGRP_492	M	35
DGRP_492	F	38
DGRP_492	F	38
DGRP_492	F	17
DGRP_492	M	42
DGRP_492	M	35
DGRP_492	M	31
DGRP_492	F	35
DGRP_492	F	35
DGRP_492	F	24
DGRP_492	M	38
DGRP_492	M	38
DGRP_492	M	31
DGRP_492	F	33
DGRP_492	F	28
DGRP_492	F	26
DGRP_492	M	38
DGRP_492	M	35
DGRP_492	M	7
DGRP_492	F	42
DGRP_492	F	35
DGRP_492	F	31
DGRP_492	M	38
DGRP_492	M	31
DGRP_492	M	17
DGRP_492	F	36
DGRP_492	F	31
DGRP_492	F	26
DGRP_492	M	40
DGRP_492	M	31
DGRP_492	M	24
DGRP_492	F	38
DGRP_492	F	31
DGRP_492	F	12
DGRP_492	M	38
DGRP_492	M	38
DGRP_492	M	26
DGRP_492	F	38
DGRP_492	F	35
DGRP_492	F	35
DGRP_492	M	40
DGRP_492	M	38
DGRP_492	M	35
DGRP_492	F	35
DGRP_492	F	32
DGRP_492	F	31
DGRP_492	M	38
DGRP_492	M	38
DGRP_492	M	5
DGRP_492	F	24
DGRP_492	F	24
DGRP_492	F	21
DGRP_492	M	38
DGRP_492	M	35
DGRP_492	M	31
DGRP_492	F	33
DGRP_492	F	24
DGRP_492	F	17
DGRP_492	M	35
DGRP_492	M	35
DGRP_492	M	31
DGRP_492	F	35
DGRP_492	F	34
DGRP_492	F	28
DGRP_492	M	42
DGRP_492	M	42
DGRP_492	M	38
DGRP_492	F	24
DGRP_492	F	3
DGRP_492	F	3
DGRP_492	M	40
DGRP_492	M	40
DGRP_492	M	40
DGRP_492	F	40
DGRP_492	F	35
DGRP_492	F	31
DGRP_492	M	31
DGRP_492	M	31
DGRP_492	F	32
DGRP_492	F	24
DGRP_492	F	21
DGRP_492	M	42
DGRP_492	M	31
DGRP_492	M	31
DGRP_492	F	31
DGRP_492	F	28
DGRP_492	F	24
DGRP_492	M	33
DGRP_492	M	24
DGRP_492	F	34
DGRP_492	F	33
DGRP_492	F	3
DGRP_492	M	33
DGRP_492	M	33
DGRP_492	M	28
DGRP_492	F	33
DGRP_492	F	31
DGRP_492	F	31
DGRP_492	M	33
DGRP_492	M	31
DGRP_492	F	45
DGRP_492	F	38
DGRP_492	F	35
DGRP_492	M	45
DGRP_492	M	31
DGRP_492	F	31
DGRP_492	F	28
DGRP_492	F	28
DGRP_492	M	45
DGRP_492	M	38
DGRP_492	M	33
DGRP_492	F	35
DGRP_492	F	34
DGRP_492	M	33
DGRP_492	M	32
DGRP_492	F	35
DGRP_492	F	25
DGRP_492	F	19
DGRP_492	M	39
DGRP_492	M	38
DGRP_492	F	38
DGRP_492	F	35
DGRP_492	F	31
DGRP_492	M	38
DGRP_492	M	31
DGRP_492	M	19
DGRP_492	F	35
DGRP_492	F	31
DGRP_492	F	25
DGRP_502	M	52
DGRP_502	M	38
DGRP_502	F	31
DGRP_502	F	24
DGRP_502	M	56
DGRP_502	M	45
DGRP_502	M	38
DGRP_502	F	38
DGRP_502	F	17
DGRP_502	M	52
DGRP_502	M	52
DGRP_502	M	24
DGRP_502	F	45
DGRP_502	F	45
DGRP_502	F	45
DGRP_502	M	41
DGRP_502	M	38
DGRP_502	F	38
DGRP_502	F	31
DGRP_502	F	13
DGRP_502	M	45
DGRP_502	M	31
DGRP_502	F	45
DGRP_502	F	40
DGRP_502	F	24
DGRP_502	M	40
DGRP_502	M	38
DGRP_502	M	31
DGRP_502	F	38
DGRP_502	F	10
DGRP_502	M	45
DGRP_502	M	42
DGRP_502	F	49
DGRP_502	F	42
DGRP_502	F	35
DGRP_502	M	24
DGRP_502	M	21
DGRP_502	M	3
DGRP_502	F	40
DGRP_502	F	24
DGRP_502	F	18
DGRP_502	M	44
DGRP_502	M	21
DGRP_502	M	21
DGRP_502	F	18
DGRP_502	F	14
DGRP_502	F	14
DGRP_502	M	35
DGRP_502	M	14
DGRP_502	F	46
DGRP_502	F	43
DGRP_502	F	14
DGRP_502	M	53
DGRP_502	M	36
DGRP_502	M	14
DGRP_502	F	22
DGRP_502	F	16
DGRP_502	F	16
DGRP_502	M	42
DGRP_502	M	16
DGRP_502	M	14
DGRP_502	F	42
DGRP_502	F	28
DGRP_502	F	14
DGRP_502	M	32
DGRP_502	M	21
DGRP_502	M	3
DGRP_502	F	52
DGRP_502	F	40
DGRP_502	F	14
DGRP_502	M	38
DGRP_502	M	17
DGRP_502	F	35
DGRP_502	F	31
DGRP_502	F	31
DGRP_502	M	42
DGRP_502	M	34
DGRP_502	M	31
DGRP_502	F	41
DGRP_502	F	34
DGRP_502	F	19
DGRP_502	M	38
DGRP_502	M	38
DGRP_502	M	31
DGRP_502	F	33
DGRP_502	F	14
DGRP_502	M	31
DGRP_502	M	21
DGRP_502	F	24
DGRP_502	F	17
DGRP_502	F	3
DGRP_502	M	38
DGRP_502	M	32
DGRP_502	M	26
DGRP_502	F	34
DGRP_502	F	31
DGRP_502	F	31
DGRP_502	M	52
DGRP_502	M	33
DGRP_502	M	4
DGRP_502	F	34
DGRP_502	F	33
DGRP_502	F	24
DGRP_502	M	38
DGRP_502	M	17
DGRP_502	F	33
DGRP_502	F	31
DGRP_502	M	45
DGRP_502	M	18
DGRP_502	M	17
DGRP_502	F	52
DGRP_502	F	45
DGRP_502	F	45
DGRP_502	M	45
DGRP_502	M	33
DGRP_502	F	38
DGRP_502	F	19
DGRP_502	M	38
DGRP_502	M	21
DGRP_502	M	19
DGRP_502	F	42
DGRP_502	F	26
DGRP_502	F	4
DGRP_508	M	38
DGRP_508	M	33
DGRP_508	F	38
DGRP_508	F	35
DGRP_508	F	17
DGRP_508	M	26
DGRP_508	M	12
DGRP_508	F	38
DGRP_508	F	24
DGRP_508	F	5
DGRP_508	M	27
DGRP_508	M	17
DGRP_508	M	17
DGRP_508	F	38
DGRP_508	F	3
DGRP_508	F	3
DGRP_508	M	31
DGRP_508	M	17
DGRP_508	F	31
DGRP_508	F	20
DGRP_508	M	10
DGRP_508	M	10
DGRP_508	F	38
DGRP_508	F	38
DGRP_508	F	33
DGRP_508	M	35
DGRP_508	M	28
DGRP_508	F	38
DGRP_508	F	38
DGRP_508	F	28
DGRP_508	M	35
DGRP_508	M	17
DGRP_508	M	10
DGRP_508	F	38
DGRP_508	F	33
DGRP_508	M	31
DGRP_508	M	24
DGRP_508	F	39
DGRP_508	F	7
DGRP_508	F	3
DGRP_508	M	38
DGRP_508	M	31
DGRP_508	F	32
DGRP_508	F	31
DGRP_508	F	26
DGRP_508	M	34
DGRP_508	M	24
DGRP_508	M	10
DGRP_508	F	31
DGRP_508	F	28
DGRP_508	M	10
DGRP_508	M	3
DGRP_508	F	38
DGRP_508	F	31
DGRP_508	F	28
DGRP_508	M	42
DGRP_508	M	28
DGRP_508	M	17
DGRP_508	F	31
DGRP_508	F	27
DGRP_508	M	45
DGRP_508	M	31
DGRP_508	M	31
DGRP_508	F	31
DGRP_508	F	31
DGRP_508	F	19
DGRP_508	M	33
DGRP_508	M	31
DGRP_508	M	31
DGRP_508	F	32
DGRP_508	F	32
DGRP_508	M	31
DGRP_508	M	31
DGRP_508	M	24
DGRP_508	F	31
DGRP_508	F	31
DGRP_508	F	26
DGRP_508	M	38
DGRP_508	M	31
DGRP_508	M	31
DGRP_508	F	38
DGRP_508	F	31
DGRP_508	F	25
DGRP_508	M	38
DGRP_508	M	18
DGRP_508	M	14
DGRP_508	F	31
DGRP_508	F	31
DGRP_508	M	24
DGRP_508	M	17
DGRP_508	M	3
DGRP_508	F	31
DGRP_508	F	26
DGRP_508	F	24
DGRP_508	M	38
DGRP_508	M	31
DGRP_508	M	12
DGRP_508	F	40
DGRP_508	F	39
DGRP_508	F	31
DGRP_508	M	31
DGRP_508	M	31
DGRP_508	M	27
DGRP_508	F	33
DGRP_508	F	32
DGRP_508	F	31
DGRP_508	M	35
DGRP_508	M	33
DGRP_508	M	21
DGRP_508	F	38
DGRP_508	F	31
DGRP_508	F	3
DGRP_508	M	31
DGRP_508	M	31
DGRP_508	M	12
DGRP_508	F	38
DGRP_508	F	32
DGRP_508	F	28
DGRP_508	M	24
DGRP_508	M	17
DGRP_508	F	27
DGRP_508	F	26
DGRP_508	F	10
DGRP_508	M	33
DGRP_508	F	38
DGRP_508	F	35
DGRP_508	F	34
DGRP_509	M	38
DGRP_509	M	31
DGRP_509	M	28
DGRP_509	F	35
DGRP_509	F	21
DGRP_509	F	6
DGRP_509	M	24
DGRP_509	M	3
DGRP_509	F	25
DGRP_509	F	4
DGRP_509	M	45
DGRP_509	M	35
DGRP_509	F	19
DGRP_509	F	14
DGRP_509	F	3
DGRP_509	M	38
DGRP_509	M	33
DGRP_509	M	10
DGRP_509	F	45
DGRP_509	F	24
DGRP_509	F	5
DGRP_509	M	38
DGRP_509	M	33
DGRP_509	M	24
DGRP_509	F	38
DGRP_509	F	38
DGRP_509	F	32
DGRP_509	M	38
DGRP_509	M	31
DGRP_509	F	45
DGRP_509	F	34
DGRP_509	F	24
DGRP_509	M	39
DGRP_509	M	14
DGRP_509	F	40
DGRP_509	F	17
DGRP_509	F	5
DGRP_509	M	38
DGRP_509	M	38
DGRP_509	M	38
DGRP_509	F	38
DGRP_509	F	38
DGRP_509	F	38
DGRP_509	M	45
DGRP_509	M	40
DGRP_509	M	38
DGRP_509	F	45
DGRP_509	F	42
DGRP_509	F	38
DGRP_509	M	49
DGRP_509	M	38
DGRP_509	M	38
DGRP_509	F	19
DGRP_509	F	7
DGRP_509	F	3
DGRP_509	M	38
DGRP_509	M	38
DGRP_509	M	31
DGRP_509	F	38
DGRP_509	F	35
DGRP_509	F	31
DGRP_509	M	38
DGRP_509	M	38
DGRP_509	F	38
DGRP_509	F	35
DGRP_509	F	18
DGRP_509	M	40
DGRP_509	M	35
DGRP_509	M	31
DGRP_509	F	38
DGRP_509	F	38
DGRP_509	F	10
DGRP_509	M	38
DGRP_509	M	31
DGRP_509	M	31
DGRP_509	F	19
DGRP_509	F	4
DGRP_509	F	3
DGRP_509	M	41
DGRP_509	M	31
DGRP_509	M	31
DGRP_509	F	31
DGRP_509	F	31
DGRP_509	F	7
DGRP_509	M	45
DGRP_509	M	31
DGRP_509	M	31
DGRP_509	F	32
DGRP_509	F	26
DGRP_509	F	3
DGRP_509	M	31
DGRP_509	M	31
DGRP_509	F	42
DGRP_509	F	36
DGRP_509	F	36
DGRP_509	M	45
DGRP_509	M	38
DGRP_509	M	38
DGRP_509	F	42
DGRP_509	F	40
DGRP_509	F	38
DGRP_509	M	40
DGRP_509	M	40
DGRP_509	M	24
DGRP_509	F	24
DGRP_509	F	7
DGRP_509	F	3
DGRP_509	M	40
DGRP_509	M	24
DGRP_509	M	10
DGRP_509	F	42
DGRP_509	F	38
DGRP_509	F	25
DGRP_509	M	38
DGRP_509	M	38
DGRP_509	M	31
DGRP_509	F	42
DGRP_509	F	41
DGRP_509	F	31
DGRP_509	M	38
DGRP_509	M	35
DGRP_509	M	34
DGRP_509	F	40
DGRP_509	F	35
DGRP_509	F	28
DGRP_509	M	41
DGRP_509	M	28
DGRP_509	M	10
DGRP_509	F	45
DGRP_509	F	34
DGRP_509	F	6
DGRP_513	M	31
DGRP_513	M	31
DGRP_513	M	31
DGRP_513	F	31
DGRP_513	F	17
DGRP_513	M	31
DGRP_513	M	21
DGRP_513	M	21
DGRP_513	F	31
DGRP_513	F	31
DGRP_513	F	26
DGRP_513	M	24
DGRP_513	M	20
DGRP_513	F	31
DGRP_513	F	26
DGRP_513	F	17
DGRP_513	M	31
DGRP_513	M	28
DGRP_513	M	7
DGRP_513	F	45
DGRP_513	F	7
DGRP_513	M	24
DGRP_513	M	17
DGRP_513	F	38
DGRP_513	F	27
DGRP_513	F	3
DGRP_513	M	37
DGRP_513	M	35
DGRP_513	M	29
DGRP_513	F	39
DGRP_513	F	25
DGRP_513	F	23
DGRP_513	M	49
DGRP_513	M	23
DGRP_513	M	14
DGRP_513	F	28
DGRP_513	F	8
DGRP_513	M	32
DGRP_513	M	23
DGRP_513	F	31
DGRP_513	F	23
DGRP_513	M	30
DGRP_513	M	28
DGRP_513	M	25
DGRP_513	F	39
DGRP_513	F	35
DGRP_513	F	35
DGRP_513	M	28
DGRP_513	M	28
DGRP_513	M	7
DGRP_513	F	35
DGRP_513	F	32
DGRP_513	M	28
DGRP_513	M	28
DGRP_513	M	25
DGRP_513	F	30
DGRP_513	F	28
DGRP_513	F	25
DGRP_513	M	29
DGRP_513	M	14
DGRP_513	F	39
DGRP_513	F	35
DGRP_513	F	30
DGRP_513	M	31
DGRP_513	M	31
DGRP_513	M	19
DGRP_513	F	42
DGRP_513	F	18
DGRP_513	M	42
DGRP_513	M	32
DGRP_513	M	21
DGRP_513	F	42
DGRP_513	F	42
DGRP_513	F	40
DGRP_513	M	31
DGRP_513	M	31
DGRP_513	M	24
DGRP_513	F	31
DGRP_513	F	31
DGRP_513	F	24
DGRP_513	M	42
DGRP_513	M	42
DGRP_513	M	17
DGRP_513	F	42
DGRP_513	F	42
DGRP_513	M	24
DGRP_513	M	14
DGRP_513	F	24
DGRP_513	F	24
DGRP_513	M	38
DGRP_513	M	28
DGRP_513	M	26
DGRP_513	F	45
DGRP_513	F	45
DGRP_513	F	42
DGRP_513	M	35
DGRP_513	M	28
DGRP_513	M	28
DGRP_513	F	39
DGRP_513	F	35
DGRP_513	F	21
DGRP_513	M	28
DGRP_513	M	21
DGRP_513	M	21
DGRP_513	F	31
DGRP_513	F	9
DGRP_513	F	7
DGRP_513	M	25
DGRP_513	M	16
DGRP_513	M	9
DGRP_513	F	32
DGRP_513	F	28
DGRP_513	F	28
DGRP_513	M	28
DGRP_513	M	25
DGRP_513	F	28
DGRP_513	F	28
DGRP_513	F	21
DGRP_513	M	28
DGRP_513	M	28
DGRP_513	M	4
DGRP_513	F	42
DGRP_513	F	21
DGRP_513	M	35
DGRP_513	M	23
DGRP_513	M	16
DGRP_513	F	35
DGRP_513	F	35
DGRP_513	F	35
DGRP_517	F	11
DGRP_517	F	35
DGRP_517	F	42
DGRP_517	M	28
DGRP_517	M	32
DGRP_517	F	25
DGRP_517	F	37
DGRP_517	F	39
DGRP_517	M	21
DGRP_517	M	25
DGRP_517	F	42
DGRP_517	F	43
DGRP_517	F	49
DGRP_517	M	35
DGRP_517	M	35
DGRP_517	F	35
DGRP_517	F	42
DGRP_517	F	46
DGRP_517	M	28
DGRP_517	M	28
DGRP_517	F	28
DGRP_517	F	39
DGRP_517	F	42
DGRP_517	M	14
DGRP_517	M	32
DGRP_517	F	42
DGRP_517	F	42
DGRP_517	M	28
DGRP_517	M	28
DGRP_517	M	35
DGRP_517	F	32
DGRP_517	F	42
DGRP_517	F	45
DGRP_517	M	28
DGRP_517	M	32
DGRP_517	M	42
DGRP_517	F	43
DGRP_517	F	43
DGRP_517	F	43
DGRP_517	M	18
DGRP_517	M	22
DGRP_517	F	18
DGRP_517	F	35
DGRP_517	F	42
DGRP_517	M	14
DGRP_517	M	30
DGRP_517	M	32
DGRP_517	F	44
DGRP_517	F	49
DGRP_517	F	49
DGRP_517	M	35
DGRP_517	M	42
DGRP_517	M	42
DGRP_517	F	18
DGRP_517	F	49
DGRP_517	M	35
DGRP_517	M	43
DGRP_517	M	43
DGRP_517	F	44
DGRP_517	F	42
DGRP_517	F	38
DGRP_517	M	42
DGRP_517	M	35
DGRP_517	M	14
DGRP_517	F	49
DGRP_517	F	35
DGRP_517	F	35
DGRP_517	M	32
DGRP_517	M	30
DGRP_517	M	28
DGRP_517	F	42
DGRP_517	F	39
DGRP_517	F	23
DGRP_517	M	42
DGRP_517	M	39
DGRP_517	M	28
DGRP_517	F	49
DGRP_517	F	35
DGRP_517	F	28
DGRP_517	M	24
DGRP_517	M	14
DGRP_517	M	8
DGRP_517	F	37
DGRP_517	F	35
DGRP_517	F	8
DGRP_517	M	37
DGRP_517	M	35
DGRP_517	M	31
DGRP_517	F	49
DGRP_517	F	49
DGRP_517	M	35
DGRP_517	M	31
DGRP_517	M	8
DGRP_517	F	49
DGRP_517	F	44
DGRP_517	F	16
DGRP_517	M	46
DGRP_517	M	35
DGRP_517	M	32
DGRP_517	F	53
DGRP_517	F	43
DGRP_517	F	43
DGRP_517	M	35
DGRP_517	M	32
DGRP_517	M	28
DGRP_517	F	49
DGRP_517	F	42
DGRP_517	F	38
DGRP_517	M	38
DGRP_517	M	38
DGRP_517	M	28
DGRP_517	F	46
DGRP_517	F	39
DGRP_517	F	35
DGRP_517	M	35
DGRP_517	M	35
DGRP_517	M	31
DGRP_517	F	39
DGRP_517	F	25
DGRP_517	F	18
DGRP_517	M	32
DGRP_517	M	9
DGRP_517	M	4
DGRP_517	F	46
DGRP_517	F	44
DGRP_517	F	37
DGRP_517	M	45
DGRP_517	M	28
DGRP_517	M	25
DGRP_530	M	31
DGRP_530	M	28
DGRP_530	M	28
DGRP_530	F	31
DGRP_530	F	26
DGRP_530	F	24
DGRP_530	M	38
DGRP_530	M	31
DGRP_530	M	31
DGRP_530	F	38
DGRP_530	F	34
DGRP_530	F	24
DGRP_530	M	38
DGRP_530	M	38
DGRP_530	M	38
DGRP_530	F	42
DGRP_530	F	38
DGRP_530	F	27
DGRP_530	M	33
DGRP_530	M	13
DGRP_530	F	28
DGRP_530	F	26
DGRP_530	F	24
DGRP_530	M	38
DGRP_530	M	31
DGRP_530	F	38
DGRP_530	F	25
DGRP_530	F	3
DGRP_530	M	38
DGRP_530	M	38
DGRP_530	M	38
DGRP_530	F	38
DGRP_530	F	38
DGRP_530	F	34
DGRP_530	M	40
DGRP_530	M	33
DGRP_530	M	31
DGRP_530	F	38
DGRP_530	F	33
DGRP_530	F	31
DGRP_530	M	45
DGRP_530	M	42
DGRP_530	M	38
DGRP_530	F	34
DGRP_530	F	34
DGRP_530	F	34
DGRP_530	M	38
DGRP_530	M	38
DGRP_530	M	31
DGRP_530	F	38
DGRP_530	F	38
DGRP_530	F	31
DGRP_530	M	41
DGRP_530	M	38
DGRP_530	M	17
DGRP_530	F	42
DGRP_530	F	39
DGRP_530	M	33
DGRP_530	M	31
DGRP_530	M	31
DGRP_530	F	45
DGRP_530	F	39
DGRP_530	F	39
DGRP_530	M	31
DGRP_530	M	31
DGRP_530	M	10
DGRP_530	F	38
DGRP_530	F	35
DGRP_530	F	32
DGRP_530	M	40
DGRP_530	M	40
DGRP_530	M	38
DGRP_530	F	40
DGRP_530	F	38
DGRP_530	M	38
DGRP_530	M	31
DGRP_530	F	31
DGRP_530	F	27
DGRP_530	F	24
DGRP_530	M	38
DGRP_530	M	38
DGRP_530	M	31
DGRP_530	F	38
DGRP_530	F	31
DGRP_530	F	3
DGRP_530	M	38
DGRP_530	M	31
DGRP_530	M	17
DGRP_530	F	38
DGRP_530	F	38
DGRP_530	F	38
DGRP_530	M	45
DGRP_530	M	39
DGRP_530	M	35
DGRP_530	F	39
DGRP_530	F	38
DGRP_530	F	24
DGRP_530	M	45
DGRP_530	M	45
DGRP_530	M	42
DGRP_530	F	38
DGRP_530	F	31
DGRP_530	F	27
DGRP_530	M	42
DGRP_530	M	42
DGRP_530	M	40
DGRP_530	F	40
DGRP_530	F	39
DGRP_530	M	35
DGRP_530	M	35
DGRP_530	M	26
DGRP_530	F	32
DGRP_530	F	18
DGRP_530	M	41
DGRP_530	M	24
DGRP_530	M	10
DGRP_530	F	40
DGRP_530	F	38
DGRP_530	F	24
DGRP_530	M	31
DGRP_530	M	24
DGRP_530	F	38
DGRP_530	F	38
DGRP_530	F	35
DGRP_530	M	38
DGRP_530	M	38
DGRP_530	M	25
DGRP_530	F	38
DGRP_530	F	38
DGRP_530	F	38
DGRP_530	M	38
DGRP_530	M	35
DGRP_530	M	31
DGRP_530	F	45
DGRP_530	F	38
DGRP_530	F	38
DGRP_531	M	35
DGRP_531	M	35
DGRP_531	M	33
DGRP_531	F	35
DGRP_531	F	28
DGRP_531	F	27
DGRP_531	M	41
DGRP_531	M	38
DGRP_531	M	35
DGRP_531	F	35
DGRP_531	F	28
DGRP_531	F	24
DGRP_531	M	38
DGRP_531	M	32
DGRP_531	F	38
DGRP_531	F	31
DGRP_531	M	38
DGRP_531	M	31
DGRP_531	M	31
DGRP_531	F	24
DGRP_531	F	21
DGRP_531	F	21
DGRP_531	M	35
DGRP_531	M	28
DGRP_531	M	28
DGRP_531	F	32
DGRP_531	F	28
DGRP_531	F	28
DGRP_531	M	38
DGRP_531	M	32
DGRP_531	M	24
DGRP_531	F	38
DGRP_531	F	26
DGRP_531	M	52
DGRP_531	M	38
DGRP_531	M	17
DGRP_531	F	38
DGRP_531	F	33
DGRP_531	F	17
DGRP_531	M	38
DGRP_531	M	38
DGRP_531	M	32
DGRP_531	F	32
DGRP_531	F	28
DGRP_531	F	25
DGRP_531	M	38
DGRP_531	M	33
DGRP_531	M	33
DGRP_531	F	33
DGRP_531	F	31
DGRP_531	F	11
DGRP_531	M	45
DGRP_531	M	45
DGRP_531	M	26
DGRP_531	F	38
DGRP_531	F	34
DGRP_531	F	12
DGRP_531	M	38
DGRP_531	M	35
DGRP_531	F	38
DGRP_531	F	38
DGRP_531	F	14
DGRP_531	M	28
DGRP_531	M	25
DGRP_531	M	5
DGRP_531	F	35
DGRP_531	F	31
DGRP_531	F	26
DGRP_531	M	40
DGRP_531	M	40
DGRP_531	M	31
DGRP_531	F	34
DGRP_531	F	34
DGRP_531	F	5
DGRP_531	M	31
DGRP_531	M	31
DGRP_531	M	31
DGRP_531	F	40
DGRP_531	F	33
DGRP_531	F	5
DGRP_531	M	35
DGRP_531	M	35
DGRP_531	M	32
DGRP_531	F	31
DGRP_531	F	31
DGRP_531	F	6
DGRP_531	M	35
DGRP_531	M	33
DGRP_531	M	3
DGRP_531	F	35
DGRP_531	F	33
DGRP_531	F	4
DGRP_531	M	32
DGRP_531	M	28
DGRP_531	M	25
DGRP_531	F	35
DGRP_531	F	21
DGRP_531	F	21
DGRP_531	M	24
DGRP_531	M	24
DGRP_531	M	10
DGRP_531	F	45
DGRP_531	F	31
DGRP_531	M	35
DGRP_531	M	31
DGRP_531	M	31
DGRP_531	F	49
DGRP_531	F	31
DGRP_531	F	3
DGRP_531	M	33
DGRP_531	M	28
DGRP_531	M	28
DGRP_531	F	35
DGRP_531	F	24
DGRP_531	F	3
DGRP_531	M	45
DGRP_531	M	28
DGRP_531	M	24
DGRP_531	F	17
DGRP_531	F	3
DGRP_531	F	3
DGRP_531	M	45
DGRP_531	M	24
DGRP_531	M	21
DGRP_531	F	42
DGRP_531	F	38
DGRP_531	F	28
DGRP_531	M	42
DGRP_531	M	35
DGRP_531	M	14
DGRP_531	F	45
DGRP_531	F	31
DGRP_531	F	28
DGRP_531	M	35
DGRP_531	M	24
DGRP_531	M	24
DGRP_531	F	45
DGRP_531	F	10
DGRP_531	F	3
DGRP_535	M	21
DGRP_535	M	17
DGRP_535	M	17
DGRP_535	F	31
DGRP_535	F	31
DGRP_535	F	20
DGRP_535	M	38
DGRP_535	M	21
DGRP_535	M	21
DGRP_535	F	38
DGRP_535	F	31
DGRP_535	F	3
DGRP_535	M	28
DGRP_535	M	21
DGRP_535	M	12
DGRP_535	F	33
DGRP_535	F	31
DGRP_535	F	26
DGRP_535	M	26
DGRP_535	M	24
DGRP_535	M	17
DGRP_535	F	27
DGRP_535	F	27
DGRP_535	F	26
DGRP_535	M	31
DGRP_535	M	12
DGRP_535	M	3
DGRP_535	F	38
DGRP_535	F	31
DGRP_535	F	28
DGRP_535	M	24
DGRP_535	M	21
DGRP_535	M	17
DGRP_535	F	31
DGRP_535	F	10
DGRP_535	F	4
DGRP_535	M	28
DGRP_535	M	24
DGRP_535	M	17
DGRP_535	F	45
DGRP_535	F	34
DGRP_535	F	21
DGRP_535	M	24
DGRP_535	M	17
DGRP_535	M	17
DGRP_535	F	19
DGRP_535	F	3
DGRP_535	F	3
DGRP_535	M	31
DGRP_535	M	31
DGRP_535	M	17
DGRP_535	F	31
DGRP_535	F	31
DGRP_535	F	31
DGRP_535	M	26
DGRP_535	M	24
DGRP_535	M	17
DGRP_535	F	38
DGRP_535	F	31
DGRP_535	F	31
DGRP_535	M	24
DGRP_535	M	21
DGRP_535	M	17
DGRP_535	F	31
DGRP_535	F	17
DGRP_535	M	21
DGRP_535	M	3
DGRP_535	F	7
DGRP_535	F	3
DGRP_535	M	42
DGRP_535	M	26
DGRP_535	M	3
DGRP_535	F	10
DGRP_535	F	10
DGRP_535	F	7
DGRP_535	M	24
DGRP_535	M	21
DGRP_535	M	19
DGRP_535	F	31
DGRP_535	F	17
DGRP_535	F	10
DGRP_535	M	26
DGRP_535	M	21
DGRP_535	M	12
DGRP_535	F	38
DGRP_535	F	31
DGRP_535	F	24
DGRP_535	M	31
DGRP_535	M	17
DGRP_535	M	17
DGRP_535	F	39
DGRP_535	F	31
DGRP_535	F	7
DGRP_535	M	24
DGRP_535	M	17
DGRP_535	F	28
DGRP_535	F	10
DGRP_535	F	4
DGRP_535	M	28
DGRP_535	M	26
DGRP_535	M	12
DGRP_535	F	31
DGRP_535	F	31
DGRP_535	F	14
DGRP_535	M	26
DGRP_535	M	26
DGRP_535	M	17
DGRP_535	F	40
DGRP_535	F	31
DGRP_535	F	10
DGRP_535	M	26
DGRP_535	M	26
DGRP_535	M	17
DGRP_535	F	38
DGRP_535	F	32
DGRP_535	M	17
DGRP_535	M	17
DGRP_535	F	35
DGRP_535	F	35
DGRP_535	F	31
DGRP_535	M	26
DGRP_535	M	21
DGRP_535	F	26
DGRP_535	F	21
DGRP_535	F	3
DGRP_535	M	27
DGRP_535	M	12
DGRP_535	F	35
DGRP_535	F	10
DGRP_535	M	31
DGRP_535	M	10
DGRP_535	F	31
DGRP_535	F	31
DGRP_555	F	25
DGRP_555	F	25
DGRP_555	F	32
DGRP_555	M	28
DGRP_555	M	35
DGRP_555	M	35
DGRP_555	F	18
DGRP_555	F	28
DGRP_555	F	35
DGRP_555	M	30
DGRP_555	M	35
DGRP_555	M	35
DGRP_555	F	21
DGRP_555	F	25
DGRP_555	F	42
DGRP_555	M	18
DGRP_555	M	21
DGRP_555	M	28
DGRP_555	F	25
DGRP_555	F	28
DGRP_555	F	35
DGRP_555	M	21
DGRP_555	M	35
DGRP_555	F	17
DGRP_555	F	36
DGRP_555	M	14
DGRP_555	M	28
DGRP_555	F	21
DGRP_555	F	25
DGRP_555	F	29
DGRP_555	M	21
DGRP_555	M	35
DGRP_555	F	36
DGRP_555	F	37
DGRP_555	F	39
DGRP_555	M	32
DGRP_555	M	35
DGRP_555	F	16
DGRP_555	F	37
DGRP_555	F	39
DGRP_555	M	14
DGRP_555	M	16
DGRP_555	M	25
DGRP_555	F	32
DGRP_555	F	35
DGRP_555	F	35
DGRP_555	M	35
DGRP_555	M	42
DGRP_555	F	35
DGRP_555	F	35
DGRP_555	M	35
DGRP_555	M	35
DGRP_555	M	39
DGRP_555	F	30
DGRP_555	F	35
DGRP_555	M	35
DGRP_555	M	35
DGRP_555	M	35
DGRP_555	F	14
DGRP_555	F	21
DGRP_555	F	23
DGRP_555	M	28
DGRP_555	M	35
DGRP_555	M	38
DGRP_555	F	35
DGRP_555	F	35
DGRP_555	F	32
DGRP_555	M	36
DGRP_555	M	31
DGRP_555	M	30
DGRP_555	F	28
DGRP_555	F	28
DGRP_555	F	21
DGRP_555	M	32
DGRP_555	M	32
DGRP_555	M	24
DGRP_555	F	35
DGRP_555	F	30
DGRP_555	M	35
DGRP_555	M	30
DGRP_555	M	4
DGRP_555	F	35
DGRP_555	F	35
DGRP_555	F	35
DGRP_555	M	35
DGRP_555	M	29
DGRP_555	M	21
DGRP_555	F	24
DGRP_555	F	22
DGRP_555	F	18
DGRP_555	M	35
DGRP_555	M	18
DGRP_555	M	17
DGRP_555	F	35
DGRP_555	F	32
DGRP_555	F	7
DGRP_555	M	36
DGRP_555	M	28
DGRP_555	M	28
DGRP_555	F	31
DGRP_555	F	28
DGRP_555	F	28
DGRP_555	M	36
DGRP_555	M	30
DGRP_555	M	28
DGRP_555	F	35
DGRP_555	F	28
DGRP_555	F	23
DGRP_555	M	32
DGRP_555	M	31
DGRP_555	M	28
DGRP_555	F	39
DGRP_555	F	35
DGRP_555	F	32
DGRP_555	M	30
DGRP_555	M	28
DGRP_555	M	28
DGRP_555	F	35
DGRP_555	F	35
DGRP_555	F	32
DGRP_555	M	39
DGRP_555	M	31
DGRP_555	M	22
DGRP_555	F	31
DGRP_555	F	30
DGRP_555	F	23
DGRP_555	M	32
DGRP_555	M	31
DGRP_555	M	28
DGRP_563	M	45
DGRP_563	M	42
DGRP_563	F	17
DGRP_563	F	14
DGRP_563	F	10
DGRP_563	M	38
DGRP_563	M	38
DGRP_563	M	38
DGRP_563	F	31
DGRP_563	F	24
DGRP_563	F	21
DGRP_563	M	38
DGRP_563	M	38
DGRP_563	F	14
DGRP_563	F	12
DGRP_563	F	3
DGRP_563	M	33
DGRP_563	M	33
DGRP_563	F	38
DGRP_563	F	33
DGRP_563	F	31
DGRP_563	M	38
DGRP_563	M	3
DGRP_563	F	33
DGRP_563	F	33
DGRP_563	F	32
DGRP_563	M	38
DGRP_563	M	33
DGRP_563	M	3
DGRP_563	F	26
DGRP_563	F	3
DGRP_563	M	31
DGRP_563	M	31
DGRP_563	M	24
DGRP_563	F	24
DGRP_563	F	24
DGRP_563	F	17
DGRP_563	M	38
DGRP_563	M	34
DGRP_563	M	26
DGRP_563	F	34
DGRP_563	F	13
DGRP_563	F	3
DGRP_563	M	35
DGRP_563	M	21
DGRP_563	F	35
DGRP_563	F	33
DGRP_563	F	21
DGRP_563	M	38
DGRP_563	M	31
DGRP_563	M	7
DGRP_563	F	33
DGRP_563	F	18
DGRP_563	F	3
DGRP_563	M	40
DGRP_563	M	18
DGRP_563	M	10
DGRP_563	F	28
DGRP_563	F	21
DGRP_563	F	3
DGRP_563	M	31
DGRP_563	M	3
DGRP_563	F	27
DGRP_563	F	3
DGRP_563	M	45
DGRP_563	M	40
DGRP_563	M	31
DGRP_563	F	4
DGRP_563	F	4
DGRP_563	F	3
DGRP_563	M	38
DGRP_563	M	7
DGRP_563	F	45
DGRP_563	F	38
DGRP_563	F	10
DGRP_563	M	40
DGRP_563	M	38
DGRP_563	M	31
DGRP_563	F	31
DGRP_563	F	31
DGRP_563	F	3
DGRP_563	M	38
DGRP_563	M	26
DGRP_563	M	10
DGRP_563	F	24
DGRP_563	F	24
DGRP_563	F	21
DGRP_563	M	40
DGRP_563	M	40
DGRP_563	M	38
DGRP_563	F	40
DGRP_563	F	31
DGRP_563	F	31
DGRP_563	M	45
DGRP_563	M	31
DGRP_563	M	7
DGRP_563	F	31
DGRP_563	F	31
DGRP_563	F	25
DGRP_563	M	45
DGRP_563	M	40
DGRP_563	M	38
DGRP_563	F	17
DGRP_563	F	12
DGRP_563	F	10
DGRP_563	M	38
DGRP_563	M	26
DGRP_563	F	31
DGRP_563	F	31
DGRP_563	F	19
DGRP_563	M	40
DGRP_563	M	31
DGRP_563	M	17
DGRP_563	F	24
DGRP_563	F	24
DGRP_563	F	17
DGRP_563	M	42
DGRP_563	M	31
DGRP_563	M	3
DGRP_563	F	33
DGRP_563	F	3
DGRP_563	M	42
DGRP_563	M	26
DGRP_563	M	3
DGRP_563	F	33
DGRP_563	F	26
DGRP_563	F	17
DGRP_584	M	31
DGRP_584	M	25
DGRP_584	M	24
DGRP_584	F	35
DGRP_584	F	31
DGRP_584	F	28
DGRP_584	M	31
DGRP_584	M	18
DGRP_584	F	38
DGRP_584	F	38
DGRP_584	F	33
DGRP_584	M	21
DGRP_584	M	17
DGRP_584	M	17
DGRP_584	F	31
DGRP_584	F	31
DGRP_584	F	28
DGRP_584	M	24
DGRP_584	M	7
DGRP_584	F	42
DGRP_584	F	33
DGRP_584	F	21
DGRP_584	M	38
DGRP_584	M	19
DGRP_584	M	13
DGRP_584	F	35
DGRP_584	F	35
DGRP_584	F	28
DGRP_584	M	17
DGRP_584	M	7
DGRP_584	F	46
DGRP_584	F	38
DGRP_584	F	33
DGRP_584	M	45
DGRP_584	M	24
DGRP_584	M	21
DGRP_584	F	26
DGRP_584	F	7
DGRP_584	M	45
DGRP_584	M	38
DGRP_584	M	31
DGRP_584	F	31
DGRP_584	F	14
DGRP_584	M	31
DGRP_584	M	31
DGRP_584	M	28
DGRP_584	F	31
DGRP_584	F	10
DGRP_584	F	7
DGRP_584	M	40
DGRP_584	M	31
DGRP_584	M	28
DGRP_584	F	28
DGRP_584	F	27
DGRP_584	F	3
DGRP_584	M	38
DGRP_584	M	24
DGRP_584	M	12
DGRP_584	F	24
DGRP_584	F	24
DGRP_584	F	3
DGRP_584	M	28
DGRP_584	M	24
DGRP_584	F	35
DGRP_584	F	33
DGRP_584	F	14
DGRP_584	M	33
DGRP_584	M	28
DGRP_584	M	24
DGRP_584	F	45
DGRP_584	F	38
DGRP_584	F	21
DGRP_584	M	24
DGRP_584	M	24
DGRP_584	M	10
DGRP_584	F	32
DGRP_584	F	31
DGRP_584	F	21
DGRP_584	M	12
DGRP_584	M	10
DGRP_584	F	38
DGRP_584	F	34
DGRP_584	F	24
DGRP_584	M	26
DGRP_584	M	24
DGRP_584	M	17
DGRP_584	F	33
DGRP_584	F	31
DGRP_584	F	14
DGRP_584	M	28
DGRP_584	M	19
DGRP_584	F	35
DGRP_584	F	26
DGRP_584	F	26
DGRP_584	M	38
DGRP_584	M	31
DGRP_584	M	24
DGRP_584	F	31
DGRP_584	F	21
DGRP_584	M	26
DGRP_584	M	26
DGRP_584	M	17
DGRP_584	F	31
DGRP_584	F	28
DGRP_584	F	11
DGRP_584	M	31
DGRP_584	M	28
DGRP_584	M	12
DGRP_584	F	38
DGRP_584	F	31
DGRP_584	F	24
DGRP_584	M	31
DGRP_584	M	24
DGRP_584	M	3
DGRP_584	F	28
DGRP_584	F	25
DGRP_584	F	19
DGRP_584	M	31
DGRP_584	M	24
DGRP_584	M	17
DGRP_584	F	27
DGRP_584	F	26
DGRP_584	F	25
DGRP_584	M	24
DGRP_584	M	21
DGRP_584	M	18
DGRP_584	F	31
DGRP_584	F	28
DGRP_584	F	18
DGRP_584	M	21
DGRP_584	M	12
DGRP_584	M	3
DGRP_584	F	40
DGRP_584	F	31
DGRP_584	F	31
DGRP_589	M	45
DGRP_589	M	35
DGRP_589	M	4
DGRP_589	F	59
DGRP_589	F	38
DGRP_589	F	10
DGRP_589	M	45
DGRP_589	M	40
DGRP_589	M	35
DGRP_589	F	45
DGRP_589	F	42
DGRP_589	M	46
DGRP_589	M	45
DGRP_589	M	20
DGRP_589	F	59
DGRP_589	F	24
DGRP_589	M	47
DGRP_589	M	45
DGRP_589	M	38
DGRP_589	F	52
DGRP_589	F	45
DGRP_589	F	38
DGRP_589	M	38
DGRP_589	M	32
DGRP_589	M	31
DGRP_589	F	45
DGRP_589	F	40
DGRP_589	F	32
DGRP_589	M	52
DGRP_589	M	49
DGRP_589	M	38
DGRP_589	F	32
DGRP_589	F	31
DGRP_589	F	12
DGRP_589	M	47
DGRP_589	M	45
DGRP_589	M	40
DGRP_589	F	52
DGRP_589	F	42
DGRP_589	M	52
DGRP_589	M	38
DGRP_589	M	33
DGRP_589	F	42
DGRP_589	F	26
DGRP_589	M	42
DGRP_589	M	34
DGRP_589	F	45
DGRP_589	F	45
DGRP_589	F	38
DGRP_589	M	45
DGRP_589	M	45
DGRP_589	M	24
DGRP_589	F	52
DGRP_589	F	52
DGRP_589	F	38
DGRP_589	M	40
DGRP_589	M	38
DGRP_589	M	35
DGRP_589	F	59
DGRP_589	F	21
DGRP_589	F	10
DGRP_589	M	42
DGRP_589	M	41
DGRP_589	M	31
DGRP_589	F	45
DGRP_589	F	42
DGRP_589	F	28
DGRP_589	M	26
DGRP_589	M	26
DGRP_589	F	52
DGRP_589	F	45
DGRP_589	M	31
DGRP_589	M	19
DGRP_589	M	10
DGRP_589	F	49
DGRP_589	F	45
DGRP_589	M	45
DGRP_589	M	38
DGRP_589	F	52
DGRP_589	F	45
DGRP_589	M	52
DGRP_589	M	42
DGRP_589	M	40
DGRP_589	F	59
DGRP_589	F	59
DGRP_589	F	42
DGRP_589	M	45
DGRP_589	M	38
DGRP_589	M	34
DGRP_589	F	60
DGRP_589	F	41
DGRP_589	F	38
DGRP_589	M	38
DGRP_589	M	38
DGRP_589	F	52
DGRP_589	F	45
DGRP_589	F	33
DGRP_589	M	45
DGRP_589	M	45
DGRP_589	M	33
DGRP_589	F	45
DGRP_589	F	35
DGRP_589	M	45
DGRP_589	M	17
DGRP_589	F	47
DGRP_589	F	47
DGRP_589	F	45
DGRP_589	M	45
DGRP_589	M	45
DGRP_589	M	38
DGRP_589	F	45
DGRP_589	F	45
DGRP_589	F	3
DGRP_589	M	14
DGRP_589	M	3
DGRP_589	F	61
DGRP_589	F	61
DGRP_589	F	52
DGRP_595	M	28
DGRP_595	M	24
DGRP_595	M	24
DGRP_595	F	26
DGRP_595	F	21
DGRP_595	F	10
DGRP_595	M	24
DGRP_595	M	17
DGRP_595	M	17
DGRP_595	F	31
DGRP_595	F	26
DGRP_595	F	24
DGRP_595	M	28
DGRP_595	M	28
DGRP_595	M	28
DGRP_595	F	31
DGRP_595	F	28
DGRP_595	F	28
DGRP_595	M	24
DGRP_595	M	24
DGRP_595	M	17
DGRP_595	F	24
DGRP_595	F	21
DGRP_595	M	27
DGRP_595	M	24
DGRP_595	M	14
DGRP_595	F	28
DGRP_595	F	28
DGRP_595	M	31
DGRP_595	M	31
DGRP_595	M	24
DGRP_595	F	24
DGRP_595	F	24
DGRP_595	F	24
DGRP_595	M	28
DGRP_595	M	24
DGRP_595	M	24
DGRP_595	F	24
DGRP_595	F	21
DGRP_595	F	17
DGRP_595	M	31
DGRP_595	M	24
DGRP_595	M	12
DGRP_595	F	24
DGRP_595	F	20
DGRP_595	F	17
DGRP_595	M	26
DGRP_595	M	24
DGRP_595	M	21
DGRP_595	F	31
DGRP_595	F	31
DGRP_595	F	24
DGRP_595	M	31
DGRP_595	M	24
DGRP_595	M	24
DGRP_595	F	31
DGRP_595	F	26
DGRP_595	F	25
DGRP_595	M	31
DGRP_595	M	31
DGRP_595	M	28
DGRP_595	F	31
DGRP_595	F	28
DGRP_595	F	26
DGRP_595	M	35
DGRP_595	M	31
DGRP_595	M	10
DGRP_595	F	31
DGRP_595	F	28
DGRP_595	F	27
DGRP_595	M	35
DGRP_595	M	31
DGRP_595	M	24
DGRP_595	F	31
DGRP_595	F	31
DGRP_595	F	25
DGRP_595	M	31
DGRP_595	M	17
DGRP_595	M	17
DGRP_595	F	31
DGRP_595	F	26
DGRP_595	M	31
DGRP_595	M	31
DGRP_595	M	24
DGRP_595	F	31
DGRP_595	F	25
DGRP_595	F	25
DGRP_595	M	31
DGRP_595	M	31
DGRP_595	M	24
DGRP_595	F	31
DGRP_595	F	31
DGRP_595	F	19
DGRP_595	M	31
DGRP_595	M	31
DGRP_595	M	31
DGRP_595	F	31
DGRP_595	F	31
DGRP_595	F	31
DGRP_595	M	24
DGRP_595	M	24
DGRP_595	F	31
DGRP_595	F	31
DGRP_595	F	21
DGRP_595	M	31
DGRP_595	M	28
DGRP_595	M	10
DGRP_595	F	26
DGRP_595	F	26
DGRP_595	F	24
DGRP_595	M	31
DGRP_595	M	31
DGRP_595	M	24
DGRP_595	F	31
DGRP_595	F	31
DGRP_595	F	24
DGRP_595	M	28
DGRP_595	M	28
DGRP_595	M	28
DGRP_595	F	28
DGRP_595	F	28
DGRP_595	F	19
DGRP_595	M	31
DGRP_595	M	24
DGRP_595	M	24
DGRP_595	F	31
DGRP_595	F	31
DGRP_595	F	28
DGRP_595	M	26
DGRP_595	M	26
DGRP_595	M	17
DGRP_595	F	31
DGRP_595	F	31
DGRP_595	F	24
DGRP_642	M	38
DGRP_642	M	31
DGRP_642	F	24
DGRP_642	F	24
DGRP_642	M	31
DGRP_642	M	28
DGRP_642	M	10
DGRP_642	F	38
DGRP_642	F	31
DGRP_642	F	10
DGRP_642	M	38
DGRP_642	M	28
DGRP_642	M	10
DGRP_642	F	38
DGRP_642	F	31
DGRP_642	F	27
DGRP_642	M	38
DGRP_642	M	35
DGRP_642	M	28
DGRP_642	F	35
DGRP_642	F	33
DGRP_642	F	31
DGRP_642	M	31
DGRP_642	M	31
DGRP_642	M	10
DGRP_642	F	35
DGRP_642	F	31
DGRP_642	F	31
DGRP_642	M	31
DGRP_642	M	26
DGRP_642	M	17
DGRP_642	F	38
DGRP_642	F	38
DGRP_642	F	31
DGRP_642	M	24
DGRP_642	M	3
DGRP_642	M	3
DGRP_642	F	31
DGRP_642	F	31
DGRP_642	F	25
DGRP_642	M	34
DGRP_642	M	31
DGRP_642	M	31
DGRP_642	F	38
DGRP_642	F	34
DGRP_642	F	28
DGRP_642	M	31
DGRP_642	M	31
DGRP_642	M	5
DGRP_642	F	38
DGRP_642	F	35
DGRP_642	F	31
DGRP_642	M	31
DGRP_642	M	24
DGRP_642	M	7
DGRP_642	F	31
DGRP_642	F	28
DGRP_642	F	7
DGRP_642	M	28
DGRP_642	M	28
DGRP_642	M	26
DGRP_642	F	42
DGRP_642	F	31
DGRP_642	F	28
DGRP_642	M	31
DGRP_642	M	28
DGRP_642	M	6
DGRP_642	F	38
DGRP_642	F	31
DGRP_642	F	10
DGRP_642	M	40
DGRP_642	M	26
DGRP_642	M	14
DGRP_642	F	45
DGRP_642	F	27
DGRP_642	F	14
DGRP_642	M	31
DGRP_642	M	17
DGRP_642	F	38
DGRP_642	F	33
DGRP_642	F	17
DGRP_642	M	28
DGRP_642	M	26
DGRP_642	M	19
DGRP_642	F	34
DGRP_642	F	31
DGRP_642	F	26
DGRP_642	M	42
DGRP_642	M	32
DGRP_642	M	21
DGRP_642	F	17
DGRP_642	F	10
DGRP_642	M	31
DGRP_642	M	31
DGRP_642	M	6
DGRP_642	F	33
DGRP_642	F	24
DGRP_642	F	12
DGRP_642	M	38
DGRP_642	M	35
DGRP_642	M	24
DGRP_642	F	28
DGRP_642	F	26
DGRP_642	F	7
DGRP_642	M	24
DGRP_642	M	24
DGRP_642	M	17
DGRP_642	F	38
DGRP_642	F	38
DGRP_642	F	31
DGRP_642	M	32
DGRP_642	M	3
DGRP_642	M	3
DGRP_642	F	45
DGRP_642	F	38
DGRP_642	F	28
DGRP_642	M	31
DGRP_642	M	24
DGRP_642	F	38
DGRP_642	F	31
DGRP_642	F	31
DGRP_642	M	31
DGRP_642	M	31
DGRP_642	M	31
DGRP_642	F	38
DGRP_642	F	5
DGRP_642	F	4
DGRP_642	M	31
DGRP_642	M	7
DGRP_642	F	45
DGRP_642	F	31
DGRP_642	F	31
DGRP_642	M	31
DGRP_642	M	31
DGRP_642	M	21
DGRP_642	F	38
DGRP_642	F	35
DGRP_642	F	31
DGRP_703	M	13
DGRP_703	M	10
DGRP_703	M	10
DGRP_703	F	26
DGRP_703	F	24
DGRP_703	F	3
DGRP_703	M	19
DGRP_703	M	17
DGRP_703	M	12
DGRP_703	F	24
DGRP_703	F	24
DGRP_703	F	21
DGRP_703	M	17
DGRP_703	M	5
DGRP_703	M	3
DGRP_703	F	24
DGRP_703	F	24
DGRP_703	F	10
DGRP_703	M	24
DGRP_703	M	10
DGRP_703	F	31
DGRP_703	F	10
DGRP_703	M	27
DGRP_703	M	24
DGRP_703	M	10
DGRP_703	F	31
DGRP_703	F	27
DGRP_703	M	17
DGRP_703	M	14
DGRP_703	M	10
DGRP_703	F	37
DGRP_703	F	18
DGRP_703	M	11
DGRP_703	M	9
DGRP_703	M	2
DGRP_703	F	25
DGRP_703	F	21
DGRP_703	F	14
DGRP_703	M	21
DGRP_703	M	16
DGRP_703	M	7
DGRP_703	F	28
DGRP_703	F	25
DGRP_703	F	14
DGRP_703	M	18
DGRP_703	M	9
DGRP_703	M	4
DGRP_703	F	28
DGRP_703	F	22
DGRP_703	F	11
DGRP_703	M	28
DGRP_703	M	14
DGRP_703	M	14
DGRP_703	F	18
DGRP_703	F	18
DGRP_703	F	18
DGRP_703	M	18
DGRP_703	M	16
DGRP_703	M	9
DGRP_703	F	28
DGRP_703	F	23
DGRP_703	F	21
DGRP_703	M	21
DGRP_703	M	14
DGRP_703	M	4
DGRP_703	F	25
DGRP_703	F	25
DGRP_703	F	4
DGRP_703	M	17
DGRP_703	M	10
DGRP_703	M	5
DGRP_703	F	31
DGRP_703	F	24
DGRP_703	F	21
DGRP_703	M	14
DGRP_703	M	4
DGRP_703	M	3
DGRP_703	F	31
DGRP_703	F	26
DGRP_703	F	21
DGRP_703	M	12
DGRP_703	M	6
DGRP_703	M	3
DGRP_703	F	28
DGRP_703	F	21
DGRP_703	F	18
DGRP_703	M	16
DGRP_703	M	16
DGRP_703	F	28
DGRP_703	F	25
DGRP_703	F	11
DGRP_703	M	18
DGRP_703	M	17
DGRP_703	M	2
DGRP_703	F	25
DGRP_703	F	21
DGRP_703	F	7
DGRP_703	M	24
DGRP_703	M	22
DGRP_703	M	7
DGRP_703	F	18
DGRP_703	F	11
DGRP_703	M	16
DGRP_703	M	14
DGRP_703	M	8
DGRP_703	F	28
DGRP_703	F	28
DGRP_703	F	25
DGRP_703	M	21
DGRP_703	M	15
DGRP_703	M	11
DGRP_703	F	25
DGRP_703	F	21
DGRP_703	F	21
DGRP_703	M	14
DGRP_703	M	14
DGRP_703	M	7
DGRP_703	F	23
DGRP_703	F	23
DGRP_703	F	23
DGRP_703	M	16
DGRP_703	M	9
DGRP_703	M	2
DGRP_703	F	25
DGRP_703	F	23
DGRP_703	F	15
DGRP_703	M	18
DGRP_703	M	16
DGRP_703	M	15
DGRP_703	F	24
DGRP_703	F	16
DGRP_703	F	15
DGRP_703	M	18
DGRP_703	M	11
DGRP_703	M	3
DGRP_703	F	24
DGRP_703	F	21
DGRP_703	F	14
DGRP_705	F	26
DGRP_705	F	38
DGRP_705	F	49
DGRP_705	M	26
DGRP_705	M	28
DGRP_705	F	18
DGRP_705	F	24
DGRP_705	F	24
DGRP_705	M	24
DGRP_705	M	35
DGRP_705	F	17
DGRP_705	F	31
DGRP_705	F	31
DGRP_705	M	26
DGRP_705	M	38
DGRP_705	F	20
DGRP_705	F	28
DGRP_705	F	33
DGRP_705	M	24
DGRP_705	M	26
DGRP_705	M	31
DGRP_705	F	10
DGRP_705	F	24
DGRP_705	M	10
DGRP_705	M	18
DGRP_705	M	38
DGRP_705	F	19
DGRP_705	F	24
DGRP_705	M	21
DGRP_705	M	26
DGRP_705	F	24
DGRP_705	F	31
DGRP_705	F	31
DGRP_705	M	24
DGRP_705	M	38
DGRP_705	F	17
DGRP_705	F	18
DGRP_705	M	35
DGRP_705	M	38
DGRP_705	M	38
DGRP_705	F	17
DGRP_705	F	24
DGRP_705	F	24
DGRP_705	M	19
DGRP_705	M	45
DGRP_705	F	19
DGRP_705	F	24
DGRP_705	F	24
DGRP_705	M	12
DGRP_705	M	17
DGRP_705	F	21
DGRP_705	F	21
DGRP_705	F	30
DGRP_705	M	14
DGRP_705	M	28
DGRP_705	F	28
DGRP_705	F	21
DGRP_705	F	17
DGRP_705	M	28
DGRP_705	M	27
DGRP_705	M	24
DGRP_705	F	38
DGRP_705	F	24
DGRP_705	F	20
DGRP_705	M	24
DGRP_705	M	17
DGRP_705	M	17
DGRP_705	F	31
DGRP_705	F	24
DGRP_705	F	17
DGRP_705	M	42
DGRP_705	M	21
DGRP_705	F	27
DGRP_705	F	24
DGRP_705	F	19
DGRP_705	M	38
DGRP_705	M	38
DGRP_705	M	35
DGRP_705	F	31
DGRP_705	F	27
DGRP_705	F	14
DGRP_705	M	38
DGRP_705	M	33
DGRP_705	M	24
DGRP_705	F	26
DGRP_705	F	17
DGRP_705	F	17
DGRP_705	M	42
DGRP_705	M	42
DGRP_705	M	38
DGRP_705	F	38
DGRP_705	F	28
DGRP_705	F	24
DGRP_705	M	33
DGRP_705	M	28
DGRP_705	M	28
DGRP_705	F	33
DGRP_705	F	27
DGRP_705	F	19
DGRP_705	M	42
DGRP_705	M	31
DGRP_705	M	24
DGRP_705	F	20
DGRP_705	F	19
DGRP_705	F	17
DGRP_705	M	31
DGRP_705	M	28
DGRP_705	M	26
DGRP_705	F	28
DGRP_705	F	19
DGRP_705	F	17
DGRP_705	M	42
DGRP_705	M	31
DGRP_705	M	17
DGRP_705	F	32
DGRP_705	F	31
DGRP_705	F	28
DGRP_705	M	28
DGRP_705	M	27
DGRP_705	F	31
DGRP_705	F	27
DGRP_705	F	24
DGRP_705	M	38
DGRP_705	M	24
DGRP_705	M	19
DGRP_707	F	28
DGRP_707	F	39
DGRP_707	F	42
DGRP_707	M	17
DGRP_707	M	35
DGRP_707	M	49
DGRP_707	F	28
DGRP_707	F	30
DGRP_707	F	39
DGRP_707	M	28
DGRP_707	M	28
DGRP_707	M	28
DGRP_707	F	18
DGRP_707	F	28
DGRP_707	F	28
DGRP_707	M	25
DGRP_707	M	25
DGRP_707	F	37
DGRP_707	F	37
DGRP_707	M	28
DGRP_707	M	42
DGRP_707	M	44
DGRP_707	F	32
DGRP_707	F	35
DGRP_707	M	14
DGRP_707	M	28
DGRP_707	F	28
DGRP_707	F	35
DGRP_707	M	23
DGRP_707	M	23
DGRP_707	M	25
DGRP_707	F	35
DGRP_707	F	35
DGRP_707	M	28
DGRP_707	M	28
DGRP_707	F	35
DGRP_707	F	35
DGRP_707	F	46
DGRP_707	M	25
DGRP_707	M	28
DGRP_707	F	30
DGRP_707	F	30
DGRP_707	F	35
DGRP_707	M	17
DGRP_707	M	28
DGRP_707	F	23
DGRP_707	F	28
DGRP_707	F	30
DGRP_707	M	16
DGRP_707	M	23
DGRP_707	M	28
DGRP_707	F	21
DGRP_707	F	22
DGRP_707	F	23
DGRP_707	M	23
DGRP_707	M	30
DGRP_707	F	30
DGRP_707	F	29
DGRP_707	F	22
DGRP_707	M	25
DGRP_707	M	23
DGRP_707	M	22
DGRP_707	F	28
DGRP_707	F	22
DGRP_707	F	22
DGRP_707	M	25
DGRP_707	M	25
DGRP_707	M	22
DGRP_707	F	42
DGRP_707	F	25
DGRP_707	M	28
DGRP_707	M	22
DGRP_707	M	22
DGRP_707	F	31
DGRP_707	F	25
DGRP_707	M	31
DGRP_707	M	14
DGRP_707	F	31
DGRP_707	F	25
DGRP_707	F	7
DGRP_707	M	29
DGRP_707	M	25
DGRP_707	F	45
DGRP_707	F	44
DGRP_707	F	36
DGRP_707	M	22
DGRP_707	M	22
DGRP_707	F	31
DGRP_707	F	25
DGRP_707	M	25
DGRP_707	M	25
DGRP_707	M	4
DGRP_707	F	43
DGRP_707	F	42
DGRP_707	F	42
DGRP_707	M	25
DGRP_707	M	22
DGRP_707	M	22
DGRP_707	F	36
DGRP_707	F	24
DGRP_707	M	36
DGRP_707	M	29
DGRP_707	F	35
DGRP_707	F	30
DGRP_707	F	14
DGRP_707	M	22
DGRP_707	M	15
DGRP_707	F	32
DGRP_707	F	22
DGRP_707	M	23
DGRP_707	M	22
DGRP_707	M	22
DGRP_707	F	44
DGRP_707	F	30
DGRP_707	F	28
DGRP_707	M	22
DGRP_707	M	22
DGRP_707	M	16
DGRP_712	F	35
DGRP_712	F	35
DGRP_712	M	35
DGRP_712	M	35
DGRP_712	M	35
DGRP_712	F	11
DGRP_712	F	18
DGRP_712	M	22
DGRP_712	M	23
DGRP_712	M	28
DGRP_712	F	35
DGRP_712	F	36
DGRP_712	F	37
DGRP_712	M	23
DGRP_712	M	37
DGRP_712	F	22
DGRP_712	F	28
DGRP_712	F	29
DGRP_712	M	28
DGRP_712	M	37
DGRP_712	M	39
DGRP_712	F	28
DGRP_712	F	35
DGRP_712	M	35
DGRP_712	M	35
DGRP_712	F	35
DGRP_712	F	35
DGRP_712	F	38
DGRP_712	M	28
DGRP_712	M	32
DGRP_712	F	23
DGRP_712	F	29
DGRP_712	F	37
DGRP_712	M	28
DGRP_712	M	30
DGRP_712	F	29
DGRP_712	F	29
DGRP_712	M	23
DGRP_712	M	28
DGRP_712	F	7
DGRP_712	F	25
DGRP_712	M	30
DGRP_712	M	30
DGRP_712	M	31
DGRP_712	F	32
DGRP_712	F	32
DGRP_712	F	37
DGRP_712	M	30
DGRP_712	M	32
DGRP_712	M	35
DGRP_712	F	28
DGRP_712	F	35
DGRP_712	M	39
DGRP_712	M	42
DGRP_712	F	31
DGRP_712	F	29
DGRP_712	F	28
DGRP_712	M	36
DGRP_712	M	31
DGRP_712	M	30
DGRP_712	F	30
DGRP_712	F	28
DGRP_712	F	28
DGRP_712	M	35
DGRP_712	M	35
DGRP_712	M	31
DGRP_712	F	36
DGRP_712	F	32
DGRP_712	F	32
DGRP_712	M	38
DGRP_712	M	36
DGRP_712	M	30
DGRP_712	F	35
DGRP_712	F	32
DGRP_712	F	22
DGRP_712	M	30
DGRP_712	M	28
DGRP_712	F	28
DGRP_712	F	28
DGRP_712	M	36
DGRP_712	M	4
DGRP_712	F	31
DGRP_712	F	28
DGRP_712	F	25
DGRP_712	M	35
DGRP_712	M	32
DGRP_712	M	22
DGRP_712	F	35
DGRP_712	F	28
DGRP_712	F	9
DGRP_712	M	36
DGRP_712	M	22
DGRP_712	F	31
DGRP_712	F	30
DGRP_712	F	30
DGRP_712	M	39
DGRP_712	M	31
DGRP_712	M	28
DGRP_712	F	28
DGRP_712	F	28
DGRP_712	M	39
DGRP_712	M	38
DGRP_712	M	28
DGRP_712	F	36
DGRP_712	F	35
DGRP_712	F	25
DGRP_712	M	39
DGRP_712	M	36
DGRP_712	M	36
DGRP_714	F	21
DGRP_714	F	24
DGRP_714	F	28
DGRP_714	M	25
DGRP_714	M	28
DGRP_714	M	28
DGRP_714	F	21
DGRP_714	F	22
DGRP_714	F	36
DGRP_714	M	14
DGRP_714	M	30
DGRP_714	F	25
DGRP_714	F	25
DGRP_714	F	37
DGRP_714	M	18
DGRP_714	M	23
DGRP_714	M	37
DGRP_714	F	7
DGRP_714	F	14
DGRP_714	F	16
DGRP_714	M	15
DGRP_714	M	39
DGRP_714	F	30
DGRP_714	F	32
DGRP_714	F	37
DGRP_714	M	7
DGRP_714	M	25
DGRP_714	M	37
DGRP_714	F	35
DGRP_714	F	35
DGRP_714	M	7
DGRP_714	M	30
DGRP_714	M	35
DGRP_714	F	26
DGRP_714	F	27
DGRP_714	F	38
DGRP_714	M	26
DGRP_714	M	31
DGRP_714	M	31
DGRP_714	F	14
DGRP_714	F	18
DGRP_714	F	24
DGRP_714	M	17
DGRP_714	M	26
DGRP_714	M	31
DGRP_714	F	31
DGRP_714	F	35
DGRP_714	F	38
DGRP_714	M	12
DGRP_714	M	28
DGRP_714	M	28
DGRP_714	F	31
DGRP_714	F	35
DGRP_714	M	14
DGRP_714	M	17
DGRP_714	M	26
DGRP_714	F	10
DGRP_714	F	28
DGRP_714	M	13
DGRP_714	M	33
DGRP_714	M	45
DGRP_714	F	21
DGRP_714	F	31
DGRP_714	F	33
DGRP_714	M	24
DGRP_714	M	26
DGRP_714	F	35
DGRP_714	F	24
DGRP_714	F	15
DGRP_714	M	31
DGRP_714	M	30
DGRP_714	M	28
DGRP_714	F	15
DGRP_714	F	15
DGRP_714	F	11
DGRP_714	M	28
DGRP_714	M	16
DGRP_714	M	11
DGRP_714	F	28
DGRP_714	F	21
DGRP_714	F	18
DGRP_714	M	28
DGRP_714	M	24
DGRP_714	M	21
DGRP_714	F	21
DGRP_714	F	16
DGRP_714	F	9
DGRP_714	M	23
DGRP_714	M	16
DGRP_714	M	9
DGRP_714	F	28
DGRP_714	F	23
DGRP_714	M	32
DGRP_714	M	28
DGRP_714	M	22
DGRP_714	F	28
DGRP_714	F	28
DGRP_714	F	21
DGRP_714	M	24
DGRP_714	M	23
DGRP_714	M	21
DGRP_714	F	21
DGRP_714	F	21
DGRP_714	M	32
DGRP_714	M	28
DGRP_714	M	22
DGRP_714	F	24
DGRP_714	F	21
DGRP_714	F	7
DGRP_714	M	24
DGRP_714	M	15
DGRP_714	M	11
DGRP_714	F	32
DGRP_714	F	15
DGRP_714	F	10
DGRP_714	M	28
DGRP_714	M	15
DGRP_714	M	10
DGRP_714	F	15
DGRP_714	F	15
DGRP_714	F	15
DGRP_714	M	15
DGRP_714	M	15
DGRP_714	M	15
DGRP_714	F	16
DGRP_714	F	15
DGRP_714	F	11
DGRP_714	M	23
DGRP_714	M	21
DGRP_714	M	7
DGRP_714	F	31
DGRP_714	F	18
DGRP_714	F	16
DGRP_714	M	32
DGRP_714	M	31
DGRP_714	M	28
DGRP_716	M	45
DGRP_716	M	7
DGRP_716	F	31
DGRP_716	F	26
DGRP_716	F	24
DGRP_716	M	49
DGRP_716	M	42
DGRP_716	M	32
DGRP_716	F	39
DGRP_716	F	11
DGRP_716	F	10
DGRP_716	M	49
DGRP_716	M	46
DGRP_716	M	25
DGRP_716	F	28
DGRP_716	F	16
DGRP_716	F	7
DGRP_716	M	39
DGRP_716	M	23
DGRP_716	F	39
DGRP_716	F	39
DGRP_716	M	39
DGRP_716	M	36
DGRP_716	F	42
DGRP_716	F	42
DGRP_716	F	42
DGRP_716	M	32
DGRP_716	M	25
DGRP_716	M	7
DGRP_716	F	42
DGRP_716	F	25
DGRP_716	F	25
DGRP_716	M	49
DGRP_716	M	49
DGRP_716	F	9
DGRP_716	F	9
DGRP_716	F	1
DGRP_716	M	49
DGRP_716	M	42
DGRP_716	M	42
DGRP_716	F	28
DGRP_716	F	28
DGRP_716	M	42
DGRP_716	M	39
DGRP_716	M	30
DGRP_716	F	42
DGRP_716	F	39
DGRP_716	M	21
DGRP_716	M	18
DGRP_716	M	3
DGRP_716	F	42
DGRP_716	F	18
DGRP_716	F	9
DGRP_716	M	46
DGRP_716	M	22
DGRP_716	M	42
DGRP_716	F	42
DGRP_716	F	42
DGRP_716	F	35
DGRP_716	M	39
DGRP_716	M	1
DGRP_716	F	49
DGRP_716	F	42
DGRP_716	M	45
DGRP_716	M	31
DGRP_716	M	31
DGRP_716	F	24
DGRP_716	F	24
DGRP_716	F	14
DGRP_716	M	35
DGRP_716	M	21
DGRP_716	M	18
DGRP_716	F	39
DGRP_716	F	31
DGRP_716	F	28
DGRP_716	M	51
DGRP_716	M	51
DGRP_716	M	35
DGRP_716	F	42
DGRP_716	F	42
DGRP_716	F	25
DGRP_716	M	56
DGRP_716	M	44
DGRP_716	M	35
DGRP_716	F	21
DGRP_716	F	14
DGRP_716	F	9
DGRP_716	M	49
DGRP_716	M	35
DGRP_716	M	21
DGRP_716	F	46
DGRP_716	F	39
DGRP_716	M	49
DGRP_716	M	42
DGRP_716	M	42
DGRP_716	F	49
DGRP_716	F	44
DGRP_716	F	28
DGRP_716	M	38
DGRP_716	M	28
DGRP_716	F	42
DGRP_716	F	28
DGRP_716	F	25
DGRP_716	M	44
DGRP_716	M	44
DGRP_716	M	25
DGRP_716	F	45
DGRP_716	F	29
DGRP_716	M	49
DGRP_716	M	39
DGRP_716	M	35
DGRP_716	F	42
DGRP_716	F	42
DGRP_716	F	35
DGRP_716	M	49
DGRP_716	M	49
DGRP_716	F	16
DGRP_716	F	9
DGRP_716	F	1
DGRP_716	M	46
DGRP_716	M	44
DGRP_716	F	49
DGRP_716	F	44
DGRP_716	M	35
DGRP_716	M	35
DGRP_716	M	21
DGRP_716	F	39
DGRP_716	F	39
DGRP_716	F	16
DGRP_727	M	28
DGRP_727	M	25
DGRP_727	M	19
DGRP_727	F	38
DGRP_727	F	38
DGRP_727	F	34
DGRP_727	M	26
DGRP_727	M	24
DGRP_727	M	10
DGRP_727	F	28
DGRP_727	F	24
DGRP_727	M	26
DGRP_727	M	26
DGRP_727	M	21
DGRP_727	F	28
DGRP_727	F	26
DGRP_727	F	10
DGRP_727	M	45
DGRP_727	M	31
DGRP_727	M	17
DGRP_727	F	31
DGRP_727	F	28
DGRP_727	F	24
DGRP_727	M	31
DGRP_727	M	31
DGRP_727	M	26
DGRP_727	F	38
DGRP_727	F	31
DGRP_727	F	31
DGRP_727	M	31
DGRP_727	M	31
DGRP_727	M	24
DGRP_727	F	31
DGRP_727	F	31
DGRP_727	F	28
DGRP_727	M	24
DGRP_727	M	12
DGRP_727	M	12
DGRP_727	F	38
DGRP_727	F	35
DGRP_727	F	10
DGRP_727	M	28
DGRP_727	M	26
DGRP_727	M	24
DGRP_727	F	40
DGRP_727	F	31
DGRP_727	F	26
DGRP_727	M	26
DGRP_727	M	26
DGRP_727	F	28
DGRP_727	F	19
DGRP_727	F	17
DGRP_727	M	38
DGRP_727	M	38
DGRP_727	M	10
DGRP_727	F	21
DGRP_727	F	7
DGRP_727	F	4
DGRP_727	M	31
DGRP_727	M	28
DGRP_727	M	13
DGRP_727	F	38
DGRP_727	F	31
DGRP_727	F	26
DGRP_727	M	26
DGRP_727	M	26
DGRP_727	F	24
DGRP_727	F	24
DGRP_727	F	6
DGRP_727	M	17
DGRP_727	M	17
DGRP_727	M	4
DGRP_727	F	31
DGRP_727	F	3
DGRP_727	M	19
DGRP_727	M	17
DGRP_727	F	40
DGRP_727	F	18
DGRP_727	F	14
DGRP_727	M	28
DGRP_727	M	24
DGRP_727	M	21
DGRP_727	F	38
DGRP_727	F	24
DGRP_727	F	17
DGRP_727	M	31
DGRP_727	M	24
DGRP_727	M	12
DGRP_727	F	35
DGRP_727	F	31
DGRP_727	F	10
DGRP_727	M	26
DGRP_727	M	19
DGRP_727	M	12
DGRP_727	F	38
DGRP_727	F	26
DGRP_727	F	3
DGRP_727	M	33
DGRP_727	M	31
DGRP_727	M	28
DGRP_727	F	33
DGRP_727	F	31
DGRP_727	F	24
DGRP_727	M	38
DGRP_727	M	38
DGRP_727	M	38
DGRP_727	F	33
DGRP_727	F	28
DGRP_727	F	10
DGRP_727	M	31
DGRP_727	M	25
DGRP_727	M	24
DGRP_727	F	28
DGRP_727	F	28
DGRP_727	F	24
DGRP_727	M	38
DGRP_727	M	24
DGRP_727	M	17
DGRP_727	F	28
DGRP_727	F	28
DGRP_727	F	10
DGRP_727	M	33
DGRP_727	M	31
DGRP_727	M	31
DGRP_727	F	33
DGRP_727	F	31
DGRP_727	F	28
DGRP_727	M	17
DGRP_727	M	17
DGRP_727	M	14
DGRP_727	F	17
DGRP_727	F	17
DGRP_727	F	5
DGRP_727	M	24
DGRP_727	M	24
DGRP_727	M	12
DGRP_727	F	24
DGRP_727	F	24
DGRP_727	F	10
DGRP_730	F	7
DGRP_730	F	17
DGRP_730	M	10
DGRP_730	M	17
DGRP_730	F	10
DGRP_730	F	21
DGRP_730	F	24
DGRP_730	M	10
DGRP_730	M	35
DGRP_730	M	38
DGRP_730	F	10
DGRP_730	F	10
DGRP_730	F	18
DGRP_730	M	31
DGRP_730	M	33
DGRP_730	F	10
DGRP_730	F	10
DGRP_730	F	18
DGRP_730	M	12
DGRP_730	M	19
DGRP_730	M	38
DGRP_730	F	17
DGRP_730	F	19
DGRP_730	F	28
DGRP_730	M	17
DGRP_730	M	17
DGRP_730	F	7
DGRP_730	F	10
DGRP_730	F	17
DGRP_730	M	17
DGRP_730	M	17
DGRP_730	M	28
DGRP_730	F	7
DGRP_730	F	17
DGRP_730	F	17
DGRP_730	M	10
DGRP_730	M	31
DGRP_730	M	31
DGRP_730	F	11
DGRP_730	F	17
DGRP_730	F	17
DGRP_730	M	31
DGRP_730	M	35
DGRP_730	M	40
DGRP_730	F	14
DGRP_730	F	17
DGRP_730	F	17
DGRP_730	M	19
DGRP_730	M	19
DGRP_730	M	33
DGRP_730	F	17
DGRP_730	F	21
DGRP_730	F	24
DGRP_730	M	24
DGRP_730	M	31
DGRP_730	F	2
DGRP_730	F	14
DGRP_730	F	28
DGRP_730	M	21
DGRP_730	M	28
DGRP_730	M	32
DGRP_730	F	14
DGRP_730	F	15
DGRP_730	F	16
DGRP_730	M	14
DGRP_730	M	15
DGRP_730	M	28
DGRP_730	F	21
DGRP_730	F	4
DGRP_730	F	4
DGRP_730	M	35
DGRP_730	M	35
DGRP_730	M	4
DGRP_730	F	9
DGRP_730	F	4
DGRP_730	F	4
DGRP_730	M	16
DGRP_730	M	11
DGRP_730	M	9
DGRP_730	F	24
DGRP_730	F	22
DGRP_730	F	4
DGRP_730	M	30
DGRP_730	M	21
DGRP_730	M	15
DGRP_730	F	21
DGRP_730	F	18
DGRP_730	F	7
DGRP_730	M	25
DGRP_730	M	23
DGRP_730	M	15
DGRP_730	F	28
DGRP_730	F	18
DGRP_730	F	17
DGRP_730	M	35
DGRP_730	M	28
DGRP_730	M	25
DGRP_730	F	16
DGRP_730	F	7
DGRP_730	F	7
DGRP_730	M	28
DGRP_730	M	16
DGRP_730	M	4
DGRP_730	F	24
DGRP_730	F	15
DGRP_730	F	15
DGRP_730	M	28
DGRP_730	M	21
DGRP_730	M	4
DGRP_730	F	22
DGRP_730	F	11
DGRP_730	F	7
DGRP_730	M	11
DGRP_730	M	11
DGRP_730	M	10
DGRP_730	F	24
DGRP_730	F	15
DGRP_730	F	15
DGRP_730	M	24
DGRP_730	M	8
DGRP_730	M	4
DGRP_730	F	21
DGRP_730	F	18
DGRP_730	F	17
DGRP_730	M	32
DGRP_730	M	18
DGRP_730	M	4
DGRP_730	F	15
DGRP_730	F	15
DGRP_730	F	11
DGRP_730	M	36
DGRP_730	M	4
DGRP_730	F	16
DGRP_730	F	15
DGRP_730	F	15
DGRP_730	M	37
DGRP_730	M	28
DGRP_730	M	4
DGRP_732	F	33
DGRP_732	F	33
DGRP_732	F	46
DGRP_732	M	40
DGRP_732	M	46
DGRP_732	F	45
DGRP_732	F	38
DGRP_732	M	26
DGRP_732	M	45
DGRP_732	M	45
DGRP_732	F	28
DGRP_732	F	46
DGRP_732	F	52
DGRP_732	M	25
DGRP_732	M	45
DGRP_732	M	45
DGRP_732	F	25
DGRP_732	F	56
DGRP_732	M	42
DGRP_732	M	45
DGRP_732	M	47
DGRP_732	F	28
DGRP_732	F	31
DGRP_732	F	46
DGRP_732	M	38
DGRP_732	M	45
DGRP_732	F	38
DGRP_732	F	38
DGRP_732	F	45
DGRP_732	M	38
DGRP_732	M	45
DGRP_732	M	45
DGRP_732	F	28
DGRP_732	F	31
DGRP_732	F	45
DGRP_732	M	42
DGRP_732	M	42
DGRP_732	F	45
DGRP_732	F	46
DGRP_732	M	31
DGRP_732	M	35
DGRP_732	M	45
DGRP_732	F	48
DGRP_732	F	52
DGRP_732	F	52
DGRP_732	M	38
DGRP_732	M	42
DGRP_732	M	45
DGRP_732	F	28
DGRP_732	F	31
DGRP_732	F	45
DGRP_732	M	21
DGRP_732	M	38
DGRP_732	F	45
DGRP_732	F	52
DGRP_732	F	53
DGRP_732	M	17
DGRP_732	M	35
DGRP_732	F	33
DGRP_732	F	38
DGRP_732	F	52
DGRP_732	M	48
DGRP_732	M	49
DGRP_732	F	41
DGRP_732	F	40
DGRP_732	F	38
DGRP_732	M	45
DGRP_732	M	41
DGRP_732	F	27
DGRP_732	F	26
DGRP_732	F	21
DGRP_732	M	42
DGRP_732	M	42
DGRP_732	M	35
DGRP_732	F	38
DGRP_732	F	38
DGRP_732	F	25
DGRP_732	M	40
DGRP_732	M	34
DGRP_732	M	25
DGRP_732	F	55
DGRP_732	F	24
DGRP_732	F	24
DGRP_732	M	33
DGRP_732	M	28
DGRP_732	M	24
DGRP_732	F	47
DGRP_732	F	35
DGRP_732	F	34
DGRP_732	M	40
DGRP_732	M	39
DGRP_732	M	38
DGRP_732	F	42
DGRP_732	F	41
DGRP_732	F	33
DGRP_732	M	42
DGRP_732	M	41
DGRP_732	M	40
DGRP_732	F	33
DGRP_732	F	31
DGRP_732	F	20
DGRP_732	M	54
DGRP_732	M	48
DGRP_732	M	48
DGRP_732	F	39
DGRP_732	F	26
DGRP_732	F	18
DGRP_732	M	40
DGRP_732	M	34
DGRP_732	M	18
DGRP_732	F	38
DGRP_732	F	28
DGRP_732	F	27
DGRP_732	M	52
DGRP_732	M	47
DGRP_732	M	45
DGRP_732	F	38
DGRP_732	F	38
DGRP_732	F	31
DGRP_732	M	52
DGRP_732	M	42
DGRP_732	M	40
DGRP_732	F	39
DGRP_732	F	36
DGRP_732	F	28
DGRP_732	M	35
DGRP_732	M	28
DGRP_732	M	25
DGRP_737	M	38
DGRP_737	M	24
DGRP_737	M	24
DGRP_737	F	45
DGRP_737	F	38
DGRP_737	F	38
DGRP_737	M	42
DGRP_737	M	42
DGRP_737	M	31
DGRP_737	F	34
DGRP_737	F	31
DGRP_737	F	28
DGRP_737	M	48
DGRP_737	M	35
DGRP_737	M	33
DGRP_737	F	35
DGRP_737	F	4
DGRP_737	F	3
DGRP_737	M	38
DGRP_737	M	17
DGRP_737	F	33
DGRP_737	F	33
DGRP_737	F	31
DGRP_737	M	45
DGRP_737	M	31
DGRP_737	F	35
DGRP_737	F	33
DGRP_737	F	3
DGRP_737	M	42
DGRP_737	M	42
DGRP_737	M	3
DGRP_737	F	33
DGRP_737	F	32
DGRP_737	F	3
DGRP_737	M	35
DGRP_737	M	26
DGRP_737	M	24
DGRP_737	F	38
DGRP_737	F	28
DGRP_737	F	3
DGRP_737	M	52
DGRP_737	M	38
DGRP_737	M	26
DGRP_737	F	31
DGRP_737	F	28
DGRP_737	F	28
DGRP_737	M	53
DGRP_737	M	31
DGRP_737	M	28
DGRP_737	F	31
DGRP_737	F	28
DGRP_737	M	53
DGRP_737	M	42
DGRP_737	M	42
DGRP_737	F	31
DGRP_737	F	24
DGRP_737	F	20
DGRP_737	M	48
DGRP_737	M	42
DGRP_737	M	35
DGRP_737	F	35
DGRP_737	F	34
DGRP_737	F	31
DGRP_737	M	46
DGRP_737	M	3
DGRP_737	M	3
DGRP_737	F	28
DGRP_737	F	18
DGRP_737	F	17
DGRP_737	M	45
DGRP_737	M	38
DGRP_737	M	38
DGRP_737	F	33
DGRP_737	F	31
DGRP_737	F	21
DGRP_737	M	38
DGRP_737	M	38
DGRP_737	F	38
DGRP_737	F	31
DGRP_737	F	31
DGRP_737	M	45
DGRP_737	M	40
DGRP_737	M	38
DGRP_737	F	38
DGRP_737	F	35
DGRP_737	M	56
DGRP_737	M	40
DGRP_737	F	4
DGRP_737	F	4
DGRP_737	M	49
DGRP_737	M	5
DGRP_737	M	3
DGRP_737	F	45
DGRP_737	F	45
DGRP_737	F	42
DGRP_737	M	47
DGRP_737	M	35
DGRP_737	F	42
DGRP_737	F	33
DGRP_737	F	25
DGRP_737	M	38
DGRP_737	M	38
DGRP_737	M	10
DGRP_737	F	33
DGRP_737	F	18
DGRP_737	M	10
DGRP_737	M	5
DGRP_737	F	42
DGRP_737	F	40
DGRP_737	M	45
DGRP_737	M	38
DGRP_737	M	35
DGRP_737	F	35
DGRP_737	F	32
DGRP_737	F	19
DGRP_737	M	38
DGRP_737	M	38
DGRP_737	F	38
DGRP_737	F	33
DGRP_737	M	49
DGRP_737	M	48
DGRP_737	M	31
DGRP_737	F	35
DGRP_737	F	33
DGRP_737	F	3
DGRP_737	M	52
DGRP_737	M	31
DGRP_737	M	31
DGRP_737	F	45
DGRP_737	F	38
DGRP_737	F	35
DGRP_738	M	47
DGRP_738	M	45
DGRP_738	F	38
DGRP_738	F	34
DGRP_738	F	31
DGRP_738	M	24
DGRP_738	M	10
DGRP_738	M	4
DGRP_738	F	28
DGRP_738	F	27
DGRP_738	F	13
DGRP_738	M	33
DGRP_738	M	10
DGRP_738	F	45
DGRP_738	F	31
DGRP_738	M	24
DGRP_738	M	4
DGRP_738	M	3
DGRP_738	F	38
DGRP_738	F	31
DGRP_738	F	24
DGRP_738	M	41
DGRP_738	M	38
DGRP_738	M	21
DGRP_738	F	35
DGRP_738	F	25
DGRP_738	F	17
DGRP_738	M	38
DGRP_738	M	38
DGRP_738	M	33
DGRP_738	F	38
DGRP_738	F	33
DGRP_738	F	31
DGRP_738	M	45
DGRP_738	M	31
DGRP_738	M	31
DGRP_738	F	38
DGRP_738	F	33
DGRP_738	F	19
DGRP_738	M	46
DGRP_738	M	38
DGRP_738	M	31
DGRP_738	F	33
DGRP_738	F	31
DGRP_738	F	21
DGRP_738	M	28
DGRP_738	M	17
DGRP_738	M	14
DGRP_738	F	26
DGRP_738	F	24
DGRP_738	F	4
DGRP_738	M	49
DGRP_738	M	42
DGRP_738	M	31
DGRP_738	F	24
DGRP_738	F	19
DGRP_738	F	14
DGRP_738	M	47
DGRP_738	M	40
DGRP_738	M	31
DGRP_738	F	42
DGRP_738	F	40
DGRP_738	F	31
DGRP_738	M	31
DGRP_738	M	19
DGRP_738	M	3
DGRP_738	F	31
DGRP_738	F	24
DGRP_738	F	17
DGRP_738	M	35
DGRP_738	M	24
DGRP_738	M	24
DGRP_738	F	35
DGRP_738	F	31
DGRP_738	F	26
DGRP_738	M	38
DGRP_738	M	38
DGRP_738	M	31
DGRP_738	F	31
DGRP_738	F	24
DGRP_738	F	24
DGRP_738	M	47
DGRP_738	M	38
DGRP_738	M	38
DGRP_738	F	42
DGRP_738	F	21
DGRP_738	F	3
DGRP_738	M	49
DGRP_738	M	47
DGRP_738	M	42
DGRP_738	F	33
DGRP_738	F	24
DGRP_738	F	21
DGRP_738	M	38
DGRP_738	M	31
DGRP_738	M	28
DGRP_738	F	40
DGRP_738	F	31
DGRP_738	F	24
DGRP_738	M	31
DGRP_738	M	31
DGRP_738	M	3
DGRP_738	F	40
DGRP_738	F	34
DGRP_738	F	31
DGRP_738	M	38
DGRP_738	M	28
DGRP_738	M	3
DGRP_738	F	42
DGRP_738	F	42
DGRP_738	F	38
DGRP_738	M	40
DGRP_738	M	26
DGRP_738	M	25
DGRP_738	F	38
DGRP_738	F	28
DGRP_738	F	25
DGRP_738	M	38
DGRP_738	M	13
DGRP_738	M	3
DGRP_738	F	38
DGRP_738	F	38
DGRP_738	F	31
DGRP_738	M	45
DGRP_738	M	45
DGRP_738	F	42
DGRP_738	F	38
DGRP_738	F	19
DGRP_738	M	45
DGRP_738	M	38
DGRP_738	M	24
DGRP_738	F	32
DGRP_738	F	31
DGRP_738	F	21
DGRP_738	M	40
DGRP_738	M	31
DGRP_738	M	21
DGRP_738	F	40
DGRP_738	F	31
DGRP_738	F	24
DGRP_748	M	34
DGRP_748	M	24
DGRP_748	M	5
DGRP_748	F	21
DGRP_748	F	21
DGRP_748	F	3
DGRP_748	M	12
DGRP_748	M	10
DGRP_748	F	40
DGRP_748	F	24
DGRP_748	F	10
DGRP_748	M	24
DGRP_748	M	21
DGRP_748	F	28
DGRP_748	F	10
DGRP_748	F	4
DGRP_748	M	31
DGRP_748	M	21
DGRP_748	M	7
DGRP_748	F	24
DGRP_748	F	14
DGRP_748	M	24
DGRP_748	M	14
DGRP_748	M	3
DGRP_748	F	17
DGRP_748	F	10
DGRP_748	M	40
DGRP_748	M	7
DGRP_748	M	3
DGRP_748	F	40
DGRP_748	F	10
DGRP_748	F	5
DGRP_748	M	31
DGRP_748	M	7
DGRP_748	M	3
DGRP_748	F	38
DGRP_748	F	31
DGRP_748	F	5
DGRP_748	M	24
DGRP_748	M	10
DGRP_748	M	10
DGRP_748	F	17
DGRP_748	F	3
DGRP_748	M	10
DGRP_748	M	3
DGRP_748	M	3
DGRP_748	F	42
DGRP_748	F	31
DGRP_748	F	19
DGRP_748	M	38
DGRP_748	M	38
DGRP_748	M	31
DGRP_748	F	28
DGRP_748	F	17
DGRP_748	F	10
DGRP_748	M	38
DGRP_748	M	33
DGRP_748	M	31
DGRP_748	F	38
DGRP_748	F	24
DGRP_748	M	17
DGRP_748	M	10
DGRP_748	M	3
DGRP_748	F	45
DGRP_748	F	38
DGRP_748	F	38
DGRP_748	M	25
DGRP_748	M	10
DGRP_748	M	4
DGRP_748	F	38
DGRP_748	F	32
DGRP_748	F	4
DGRP_748	M	10
DGRP_748	M	10
DGRP_748	M	4
DGRP_748	F	12
DGRP_748	F	11
DGRP_748	F	11
DGRP_748	M	38
DGRP_748	M	10
DGRP_748	M	4
DGRP_748	F	31
DGRP_748	F	21
DGRP_748	F	19
DGRP_748	M	45
DGRP_748	M	10
DGRP_748	M	7
DGRP_748	F	38
DGRP_748	F	17
DGRP_748	F	10
DGRP_748	M	10
DGRP_748	M	10
DGRP_748	M	3
DGRP_748	F	49
DGRP_748	F	33
DGRP_748	F	28
DGRP_748	M	10
DGRP_748	M	4
DGRP_748	M	4
DGRP_748	F	40
DGRP_748	F	28
DGRP_748	F	17
DGRP_748	M	28
DGRP_748	M	14
DGRP_748	F	31
DGRP_748	F	31
DGRP_748	M	21
DGRP_748	M	5
DGRP_748	M	3
DGRP_748	F	31
DGRP_748	F	19
DGRP_748	M	31
DGRP_748	M	7
DGRP_748	M	3
DGRP_748	F	38
DGRP_748	F	31
DGRP_748	F	3
DGRP_748	M	28
DGRP_748	M	24
DGRP_748	M	24
DGRP_748	F	31
DGRP_748	F	28
DGRP_748	F	20
DGRP_748	M	24
DGRP_748	M	24
DGRP_748	M	17
DGRP_748	F	19
DGRP_748	F	17
DGRP_748	F	3
DGRP_757	M	5
DGRP_757	M	3
DGRP_757	F	21
DGRP_757	F	10
DGRP_757	M	10
DGRP_757	M	5
DGRP_757	F	14
DGRP_757	F	14
DGRP_757	F	13
DGRP_757	M	24
DGRP_757	M	14
DGRP_757	M	10
DGRP_757	F	10
DGRP_757	F	3
DGRP_757	F	3
DGRP_757	M	14
DGRP_757	M	14
DGRP_757	M	5
DGRP_757	F	10
DGRP_757	F	10
DGRP_757	F	5
DGRP_757	M	26
DGRP_757	M	19
DGRP_757	M	6
DGRP_757	F	12
DGRP_757	F	12
DGRP_757	F	3
DGRP_757	M	14
DGRP_757	M	14
DGRP_757	M	10
DGRP_757	F	17
DGRP_757	F	17
DGRP_757	M	17
DGRP_757	M	10
DGRP_757	M	7
DGRP_757	F	13
DGRP_757	F	10
DGRP_757	F	3
DGRP_757	M	12
DGRP_757	M	10
DGRP_757	M	3
DGRP_757	F	17
DGRP_757	F	11
DGRP_757	F	3
DGRP_757	M	38
DGRP_757	M	19
DGRP_757	M	3
DGRP_757	F	20
DGRP_757	F	19
DGRP_757	F	10
DGRP_757	M	11
DGRP_757	M	3
DGRP_757	M	3
DGRP_757	F	14
DGRP_757	F	3
DGRP_757	F	3
DGRP_757	M	14
DGRP_757	M	3
DGRP_757	M	3
DGRP_757	F	17
DGRP_757	F	14
DGRP_757	F	7
DGRP_757	M	7
DGRP_757	M	3
DGRP_757	F	10
DGRP_757	F	6
DGRP_757	F	3
DGRP_757	M	21
DGRP_757	M	14
DGRP_757	M	10
DGRP_757	F	19
DGRP_757	F	18
DGRP_757	F	14
DGRP_757	M	10
DGRP_757	M	7
DGRP_757	M	3
DGRP_757	F	13
DGRP_757	F	5
DGRP_757	F	3
DGRP_757	M	19
DGRP_757	M	14
DGRP_757	M	3
DGRP_757	F	19
DGRP_757	F	5
DGRP_757	F	3
DGRP_757	M	3
DGRP_757	M	3
DGRP_757	M	3
DGRP_757	F	21
DGRP_757	F	14
DGRP_757	F	5
DGRP_757	M	10
DGRP_757	M	10
DGRP_757	M	7
DGRP_757	F	10
DGRP_757	F	10
DGRP_757	F	7
DGRP_757	M	3
DGRP_757	M	3
DGRP_757	F	19
DGRP_757	F	12
DGRP_757	F	10
DGRP_757	M	11
DGRP_757	M	10
DGRP_757	M	7
DGRP_757	F	14
DGRP_757	F	11
DGRP_757	F	10
DGRP_757	M	12
DGRP_757	M	10
DGRP_757	M	10
DGRP_757	F	18
DGRP_757	F	3
DGRP_757	F	3
DGRP_757	M	20
DGRP_757	M	7
DGRP_757	M	3
DGRP_757	F	10
DGRP_757	F	10
DGRP_757	F	3
DGRP_757	M	18
DGRP_757	M	14
DGRP_757	M	4
DGRP_757	F	18
DGRP_757	F	13
DGRP_757	F	12
DGRP_757	M	14
DGRP_757	M	11
DGRP_757	M	10
DGRP_757	F	19
DGRP_757	F	14
DGRP_757	F	10
DGRP_757	M	20
DGRP_757	M	19
DGRP_757	M	3
DGRP_757	F	17
DGRP_757	F	17
DGRP_757	F	13
DGRP_761	M	31
DGRP_761	M	28
DGRP_761	F	10
DGRP_761	F	10
DGRP_761	F	6
DGRP_761	M	38
DGRP_761	M	31
DGRP_761	M	7
DGRP_761	F	13
DGRP_761	F	10
DGRP_761	M	31
DGRP_761	M	31
DGRP_761	M	19
DGRP_761	F	35
DGRP_761	F	33
DGRP_761	F	31
DGRP_761	M	17
DGRP_761	M	11
DGRP_761	M	5
DGRP_761	F	28
DGRP_761	F	19
DGRP_761	F	10
DGRP_761	M	38
DGRP_761	M	31
DGRP_761	M	31
DGRP_761	F	17
DGRP_761	F	11
DGRP_761	M	31
DGRP_761	M	12
DGRP_761	F	28
DGRP_761	F	24
DGRP_761	F	7
DGRP_761	M	28
DGRP_761	M	11
DGRP_761	M	11
DGRP_761	F	21
DGRP_761	F	12
DGRP_761	F	3
DGRP_761	M	31
DGRP_761	M	11
DGRP_761	M	11
DGRP_761	F	26
DGRP_761	F	11
DGRP_761	F	11
DGRP_761	M	38
DGRP_761	M	35
DGRP_761	M	32
DGRP_761	F	24
DGRP_761	F	12
DGRP_761	F	3
DGRP_761	M	12
DGRP_761	M	11
DGRP_761	M	11
DGRP_761	F	33
DGRP_761	F	11
DGRP_761	F	11
DGRP_761	M	11
DGRP_761	M	11
DGRP_761	M	7
DGRP_761	F	11
DGRP_761	F	11
DGRP_761	F	10
DGRP_761	M	24
DGRP_761	M	12
DGRP_761	M	3
DGRP_761	F	19
DGRP_761	F	12
DGRP_761	F	4
DGRP_761	M	38
DGRP_761	M	38
DGRP_761	M	17
DGRP_761	F	21
DGRP_761	F	18
DGRP_761	F	18
DGRP_761	M	31
DGRP_761	M	10
DGRP_761	M	3
DGRP_761	F	31
DGRP_761	F	10
DGRP_761	F	3
DGRP_761	M	31
DGRP_761	M	31
DGRP_761	M	5
DGRP_761	F	24
DGRP_761	F	10
DGRP_761	F	7
DGRP_761	M	24
DGRP_761	M	17
DGRP_761	M	14
DGRP_761	F	31
DGRP_761	F	14
DGRP_761	F	14
DGRP_761	M	40
DGRP_761	M	17
DGRP_761	M	17
DGRP_761	F	17
DGRP_761	F	14
DGRP_761	F	5
DGRP_761	M	38
DGRP_761	M	31
DGRP_761	F	14
DGRP_761	F	10
DGRP_761	F	7
DGRP_761	M	38
DGRP_761	M	33
DGRP_761	M	31
DGRP_761	F	17
DGRP_761	F	14
DGRP_761	F	3
DGRP_761	M	27
DGRP_761	M	24
DGRP_761	M	3
DGRP_761	F	24
DGRP_761	F	21
DGRP_761	F	3
DGRP_761	M	38
DGRP_761	M	26
DGRP_761	M	17
DGRP_761	F	27
DGRP_761	F	24
DGRP_761	F	12
DGRP_761	M	31
DGRP_761	M	31
DGRP_761	M	24
DGRP_761	F	19
DGRP_761	F	18
DGRP_761	F	17
DGRP_765	F	17
DGRP_765	F	19
DGRP_765	M	17
DGRP_765	M	19
DGRP_765	F	12
DGRP_765	F	17
DGRP_765	M	17
DGRP_765	M	19
DGRP_765	M	21
DGRP_765	F	17
DGRP_765	F	17
DGRP_765	F	17
DGRP_765	M	19
DGRP_765	M	19
DGRP_765	M	20
DGRP_765	F	10
DGRP_765	F	17
DGRP_765	F	17
DGRP_765	M	14
DGRP_765	M	17
DGRP_765	M	17
DGRP_765	F	12
DGRP_765	F	17
DGRP_765	F	21
DGRP_765	M	14
DGRP_765	M	17
DGRP_765	M	19
DGRP_765	F	7
DGRP_765	F	17
DGRP_765	F	17
DGRP_765	M	14
DGRP_765	M	17
DGRP_765	F	14
DGRP_765	F	17
DGRP_765	F	20
DGRP_765	M	14
DGRP_765	M	19
DGRP_765	M	19
DGRP_765	F	15
DGRP_765	F	16
DGRP_765	F	21
DGRP_765	M	7
DGRP_765	M	14
DGRP_765	M	16
DGRP_765	F	17
DGRP_765	F	6
DGRP_765	F	4
DGRP_765	M	21
DGRP_765	M	17
DGRP_765	M	12
DGRP_765	F	21
DGRP_765	F	13
DGRP_765	F	10
DGRP_765	M	10
DGRP_765	M	7
DGRP_765	F	20
DGRP_765	F	10
DGRP_765	F	10
DGRP_765	M	14
DGRP_765	M	10
DGRP_765	M	10
DGRP_765	F	11
DGRP_765	F	7
DGRP_765	F	4
DGRP_765	M	14
DGRP_765	M	14
DGRP_765	M	7
DGRP_765	F	24
DGRP_765	F	24
DGRP_765	F	17
DGRP_765	M	21
DGRP_765	M	21
DGRP_765	M	21
DGRP_765	F	21
DGRP_765	F	17
DGRP_765	F	17
DGRP_765	M	24
DGRP_765	M	21
DGRP_765	M	17
DGRP_765	F	21
DGRP_765	F	21
DGRP_765	F	20
DGRP_765	M	20
DGRP_765	M	19
DGRP_765	M	3
DGRP_765	F	24
DGRP_765	F	17
DGRP_765	M	24
DGRP_765	M	19
DGRP_765	M	17
DGRP_765	F	24
DGRP_765	F	24
DGRP_765	F	14
DGRP_765	M	21
DGRP_765	M	19
DGRP_765	M	17
DGRP_765	F	24
DGRP_765	F	21
DGRP_765	F	21
DGRP_765	M	21
DGRP_765	M	21
DGRP_765	M	21
DGRP_765	F	17
DGRP_765	F	13
DGRP_765	F	12
DGRP_765	M	24
DGRP_765	M	21
DGRP_765	M	19
DGRP_765	F	21
DGRP_765	F	19
DGRP_765	F	17
DGRP_765	M	21
DGRP_765	M	21
DGRP_765	M	21
DGRP_774	M	45
DGRP_774	M	39
DGRP_774	M	31
DGRP_774	F	45
DGRP_774	F	45
DGRP_774	F	31
DGRP_774	M	40
DGRP_774	M	38
DGRP_774	M	35
DGRP_774	F	40
DGRP_774	F	35
DGRP_774	F	21
DGRP_774	M	45
DGRP_774	M	38
DGRP_774	M	24
DGRP_774	F	21
DGRP_774	F	19
DGRP_774	F	7
DGRP_774	M	34
DGRP_774	M	10
DGRP_774	F	24
DGRP_774	F	24
DGRP_774	F	17
DGRP_774	M	42
DGRP_774	M	35
DGRP_774	F	26
DGRP_774	F	25
DGRP_774	F	19
DGRP_774	M	38
DGRP_774	M	33
DGRP_774	F	28
DGRP_774	F	3
DGRP_774	M	40
DGRP_774	M	34
DGRP_774	M	31
DGRP_774	F	24
DGRP_774	F	24
DGRP_774	M	52
DGRP_774	M	31
DGRP_774	M	28
DGRP_774	F	26
DGRP_774	F	14
DGRP_774	F	10
DGRP_774	M	45
DGRP_774	M	45
DGRP_774	F	26
DGRP_774	F	24
DGRP_774	F	14
DGRP_774	M	42
DGRP_774	M	31
DGRP_774	M	31
DGRP_774	F	19
DGRP_774	F	17
DGRP_774	M	52
DGRP_774	M	38
DGRP_774	M	38
DGRP_774	F	45
DGRP_774	F	45
DGRP_774	F	38
DGRP_774	M	47
DGRP_774	M	47
DGRP_774	M	45
DGRP_774	F	47
DGRP_774	F	45
DGRP_774	F	42
DGRP_774	M	52
DGRP_774	M	38
DGRP_774	M	17
DGRP_774	F	21
DGRP_774	F	19
DGRP_774	F	13
DGRP_774	M	47
DGRP_774	M	47
DGRP_774	M	35
DGRP_774	F	45
DGRP_774	F	33
DGRP_774	F	28
DGRP_774	M	40
DGRP_774	M	35
DGRP_774	M	32
DGRP_774	F	38
DGRP_774	F	33
DGRP_774	F	21
DGRP_774	M	40
DGRP_774	M	28
DGRP_774	F	24
DGRP_774	F	24
DGRP_774	F	13
DGRP_774	M	40
DGRP_774	M	40
DGRP_774	M	38
DGRP_774	F	38
DGRP_774	F	38
DGRP_774	M	42
DGRP_774	M	35
DGRP_774	M	24
DGRP_774	F	24
DGRP_774	F	21
DGRP_774	M	45
DGRP_774	M	41
DGRP_774	M	38
DGRP_774	F	28
DGRP_774	F	26
DGRP_774	F	3
DGRP_774	M	35
DGRP_774	M	31
DGRP_774	M	26
DGRP_774	F	26
DGRP_774	F	26
DGRP_774	F	24
DGRP_774	M	46
DGRP_774	M	40
DGRP_774	F	21
DGRP_774	F	3
DGRP_774	M	45
DGRP_774	M	28
DGRP_774	F	17
DGRP_774	F	17
DGRP_774	F	3
DGRP_776	M	24
DGRP_776	M	24
DGRP_776	M	24
DGRP_776	F	24
DGRP_776	F	24
DGRP_776	F	17
DGRP_776	M	24
DGRP_776	M	24
DGRP_776	M	21
DGRP_776	F	24
DGRP_776	F	21
DGRP_776	F	21
DGRP_776	M	26
DGRP_776	M	24
DGRP_776	M	19
DGRP_776	F	21
DGRP_776	F	19
DGRP_776	M	19
DGRP_776	M	19
DGRP_776	M	17
DGRP_776	F	24
DGRP_776	F	21
DGRP_776	F	12
DGRP_776	M	27
DGRP_776	M	27
DGRP_776	M	26
DGRP_776	F	26
DGRP_776	F	18
DGRP_776	F	17
DGRP_776	M	24
DGRP_776	M	21
DGRP_776	M	17
DGRP_776	F	24
DGRP_776	F	21
DGRP_776	F	17
DGRP_776	M	21
DGRP_776	M	19
DGRP_776	M	12
DGRP_776	F	21
DGRP_776	F	18
DGRP_776	F	14
DGRP_776	M	21
DGRP_776	M	21
DGRP_776	M	5
DGRP_776	F	21
DGRP_776	F	21
DGRP_776	F	17
DGRP_776	M	27
DGRP_776	M	24
DGRP_776	M	7
DGRP_776	F	17
DGRP_776	F	14
DGRP_776	M	21
DGRP_776	M	21
DGRP_776	M	17
DGRP_776	F	17
DGRP_776	F	17
DGRP_776	F	17
DGRP_776	M	28
DGRP_776	M	26
DGRP_776	M	24
DGRP_776	F	26
DGRP_776	F	24
DGRP_776	F	20
DGRP_776	M	25
DGRP_776	M	24
DGRP_776	M	17
DGRP_776	F	24
DGRP_776	F	14
DGRP_776	M	24
DGRP_776	M	24
DGRP_776	M	24
DGRP_776	F	24
DGRP_776	F	21
DGRP_776	F	19
DGRP_776	M	21
DGRP_776	M	21
DGRP_776	M	19
DGRP_776	F	21
DGRP_776	F	20
DGRP_776	M	21
DGRP_776	M	21
DGRP_776	M	10
DGRP_776	F	21
DGRP_776	F	19
DGRP_776	F	10
DGRP_776	M	31
DGRP_776	M	31
DGRP_776	M	24
DGRP_776	F	31
DGRP_776	F	28
DGRP_776	F	7
DGRP_776	M	24
DGRP_776	M	24
DGRP_776	M	17
DGRP_776	F	24
DGRP_776	F	24
DGRP_776	F	17
DGRP_776	M	24
DGRP_776	M	24
DGRP_776	M	21
DGRP_776	F	20
DGRP_776	F	17
DGRP_776	F	14
DGRP_776	M	31
DGRP_776	M	28
DGRP_776	M	28
DGRP_776	F	25
DGRP_776	F	24
DGRP_776	M	28
DGRP_776	M	26
DGRP_776	M	24
DGRP_776	F	35
DGRP_776	F	27
DGRP_776	F	27
DGRP_776	M	28
DGRP_776	M	24
DGRP_776	M	12
DGRP_776	F	27
DGRP_776	F	27
DGRP_776	F	21
DGRP_776	M	31
DGRP_776	M	26
DGRP_776	M	24
DGRP_776	F	27
DGRP_776	F	26
DGRP_776	F	24
DGRP_776	M	10
DGRP_776	M	4
DGRP_776	M	3
DGRP_776	F	24
DGRP_776	F	21
DGRP_776	F	18
DGRP_776	M	20
DGRP_776	M	20
DGRP_776	M	17
DGRP_776	F	35
DGRP_776	F	27
DGRP_783	M	24
DGRP_783	M	24
DGRP_783	M	17
DGRP_783	F	31
DGRP_783	F	24
DGRP_783	F	24
DGRP_783	M	33
DGRP_783	M	31
DGRP_783	M	27
DGRP_783	F	32
DGRP_783	F	21
DGRP_783	F	17
DGRP_783	M	35
DGRP_783	M	31
DGRP_783	M	26
DGRP_783	F	24
DGRP_783	F	21
DGRP_783	F	19
DGRP_783	M	31
DGRP_783	M	28
DGRP_783	M	28
DGRP_783	F	31
DGRP_783	F	25
DGRP_783	F	17
DGRP_783	M	28
DGRP_783	M	17
DGRP_783	M	4
DGRP_783	F	31
DGRP_783	F	28
DGRP_783	F	17
DGRP_783	M	38
DGRP_783	M	35
DGRP_783	M	26
DGRP_783	F	35
DGRP_783	F	28
DGRP_783	F	24
DGRP_783	M	38
DGRP_783	M	31
DGRP_783	M	31
DGRP_783	F	35
DGRP_783	F	24
DGRP_783	F	24
DGRP_783	M	38
DGRP_783	M	31
DGRP_783	M	27
DGRP_783	F	31
DGRP_783	F	19
DGRP_783	F	3
DGRP_783	M	26
DGRP_783	M	20
DGRP_783	M	17
DGRP_783	F	31
DGRP_783	F	26
DGRP_783	F	12
DGRP_783	M	38
DGRP_783	M	31
DGRP_783	M	26
DGRP_783	F	31
DGRP_783	F	28
DGRP_783	M	35
DGRP_783	M	31
DGRP_783	F	26
DGRP_783	F	17
DGRP_783	M	35
DGRP_783	M	35
DGRP_783	M	27
DGRP_783	F	27
DGRP_783	F	27
DGRP_783	F	21
DGRP_783	M	38
DGRP_783	M	33
DGRP_783	M	31
DGRP_783	F	31
DGRP_783	F	31
DGRP_783	F	24
DGRP_783	M	40
DGRP_783	M	33
DGRP_783	F	28
DGRP_783	F	24
DGRP_783	F	17
DGRP_783	M	38
DGRP_783	M	38
DGRP_783	F	33
DGRP_783	F	26
DGRP_783	F	24
DGRP_783	M	38
DGRP_783	M	33
DGRP_783	F	31
DGRP_783	F	31
DGRP_783	F	24
DGRP_783	M	31
DGRP_783	M	31
DGRP_783	M	24
DGRP_783	F	31
DGRP_783	F	28
DGRP_783	F	24
DGRP_783	M	35
DGRP_783	M	35
DGRP_783	M	31
DGRP_783	F	31
DGRP_783	F	26
DGRP_783	F	24
DGRP_783	M	33
DGRP_783	M	31
DGRP_783	M	31
DGRP_783	F	33
DGRP_783	F	14
DGRP_783	F	3
DGRP_783	M	31
DGRP_783	M	24
DGRP_783	M	20
DGRP_783	F	38
DGRP_783	F	35
DGRP_783	F	33
DGRP_783	M	38
DGRP_783	M	35
DGRP_783	M	31
DGRP_783	F	26
DGRP_783	F	24
DGRP_783	F	24
DGRP_783	M	31
DGRP_783	M	21
DGRP_783	M	21
DGRP_783	F	28
DGRP_783	F	21
DGRP_783	F	10
DGRP_783	M	38
DGRP_783	M	24
DGRP_783	F	35
DGRP_783	F	24
DGRP_783	F	11
DGRP_783	M	38
DGRP_783	M	31
DGRP_783	M	27
DGRP_783	F	31
DGRP_783	F	31
DGRP_786	F	21
DGRP_786	F	25
DGRP_786	F	28
DGRP_786	M	23
DGRP_786	M	35
DGRP_786	M	35
DGRP_786	F	25
DGRP_786	F	28
DGRP_786	F	28
DGRP_786	M	35
DGRP_786	M	35
DGRP_786	M	35
DGRP_786	F	21
DGRP_786	F	28
DGRP_786	F	35
DGRP_786	M	21
DGRP_786	M	29
DGRP_786	M	32
DGRP_786	F	23
DGRP_786	F	28
DGRP_786	F	35
DGRP_786	M	32
DGRP_786	M	35
DGRP_786	M	35
DGRP_786	F	14
DGRP_786	F	21
DGRP_786	M	21
DGRP_786	M	28
DGRP_786	M	35
DGRP_786	F	28
DGRP_786	F	35
DGRP_786	F	35
DGRP_786	M	25
DGRP_786	M	28
DGRP_786	M	32
DGRP_786	F	29
DGRP_786	F	30
DGRP_786	F	32
DGRP_786	M	35
DGRP_786	M	35
DGRP_786	M	37
DGRP_786	F	16
DGRP_786	F	16
DGRP_786	F	25
DGRP_786	M	23
DGRP_786	M	28
DGRP_786	M	35
DGRP_786	F	30
DGRP_786	F	35
DGRP_786	F	35
DGRP_786	M	25
DGRP_786	M	30
DGRP_786	M	35
DGRP_786	F	25
DGRP_786	F	28
DGRP_786	M	21
DGRP_786	M	32
DGRP_786	M	32
DGRP_786	F	21
DGRP_786	F	23
DGRP_786	F	28
DGRP_786	M	25
DGRP_786	M	35
DGRP_786	M	35
DGRP_786	F	35
DGRP_786	F	28
DGRP_786	F	28
DGRP_786	M	39
DGRP_786	M	39
DGRP_786	M	37
DGRP_786	F	22
DGRP_786	F	21
DGRP_786	F	14
DGRP_786	M	39
DGRP_786	M	39
DGRP_786	M	35
DGRP_786	F	35
DGRP_786	F	32
DGRP_786	F	28
DGRP_786	M	37
DGRP_786	M	30
DGRP_786	M	28
DGRP_786	F	32
DGRP_786	F	28
DGRP_786	F	21
DGRP_786	M	39
DGRP_786	M	30
DGRP_786	M	29
DGRP_786	F	35
DGRP_786	F	29
DGRP_786	F	24
DGRP_786	M	39
DGRP_786	M	35
DGRP_786	M	30
DGRP_786	F	42
DGRP_786	F	35
DGRP_786	F	30
DGRP_786	M	37
DGRP_786	M	32
DGRP_786	M	32
DGRP_786	F	24
DGRP_786	F	21
DGRP_786	F	21
DGRP_786	M	37
DGRP_786	M	32
DGRP_786	M	30
DGRP_786	F	39
DGRP_786	F	35
DGRP_786	F	21
DGRP_786	M	35
DGRP_786	M	31
DGRP_786	M	28
DGRP_786	F	30
DGRP_786	F	7
DGRP_786	F	4
DGRP_786	M	49
DGRP_786	M	28
DGRP_786	F	30
DGRP_786	F	28
DGRP_786	F	21
DGRP_786	M	32
DGRP_786	M	31
DGRP_786	M	31
DGRP_786	F	32
DGRP_786	F	30
DGRP_786	F	28
DGRP_786	M	32
DGRP_786	M	30
DGRP_786	M	28
DGRP_786	F	30
DGRP_786	F	25
DGRP_786	F	21
DGRP_786	M	35
DGRP_786	M	30
DGRP_786	M	28
DGRP_787	M	31
DGRP_787	M	28
DGRP_787	M	28
DGRP_787	F	31
DGRP_787	F	31
DGRP_787	F	26
DGRP_787	M	35
DGRP_787	M	24
DGRP_787	M	19
DGRP_787	F	24
DGRP_787	F	24
DGRP_787	F	24
DGRP_787	M	31
DGRP_787	M	31
DGRP_787	M	21
DGRP_787	F	31
DGRP_787	F	31
DGRP_787	F	31
DGRP_787	M	21
DGRP_787	M	21
DGRP_787	M	17
DGRP_787	F	31
DGRP_787	F	24
DGRP_787	F	21
DGRP_787	M	31
DGRP_787	M	31
DGRP_787	M	28
DGRP_787	F	31
DGRP_787	F	27
DGRP_787	F	24
DGRP_787	M	31
DGRP_787	M	31
DGRP_787	M	14
DGRP_787	F	28
DGRP_787	F	27
DGRP_787	M	28
DGRP_787	M	26
DGRP_787	M	17
DGRP_787	F	31
DGRP_787	F	31
DGRP_787	F	26
DGRP_787	M	20
DGRP_787	M	20
DGRP_787	M	17
DGRP_787	F	33
DGRP_787	F	32
DGRP_787	F	31
DGRP_787	M	38
DGRP_787	M	28
DGRP_787	M	27
DGRP_787	F	28
DGRP_787	F	26
DGRP_787	F	24
DGRP_787	M	28
DGRP_787	M	24
DGRP_787	F	26
DGRP_787	F	26
DGRP_787	F	3
DGRP_787	M	31
DGRP_787	M	31
DGRP_787	M	24
DGRP_787	F	31
DGRP_787	F	31
DGRP_787	F	28
DGRP_787	M	28
DGRP_787	M	24
DGRP_787	F	21
DGRP_787	F	14
DGRP_787	F	7
DGRP_787	M	21
DGRP_787	M	17
DGRP_787	M	17
DGRP_787	F	24
DGRP_787	F	12
DGRP_787	M	33
DGRP_787	M	31
DGRP_787	M	31
DGRP_787	F	33
DGRP_787	F	31
DGRP_787	F	5
DGRP_787	M	28
DGRP_787	M	21
DGRP_787	M	7
DGRP_787	F	31
DGRP_787	F	31
DGRP_787	F	24
DGRP_787	M	35
DGRP_787	M	24
DGRP_787	M	7
DGRP_787	F	24
DGRP_787	F	24
DGRP_787	M	31
DGRP_787	M	28
DGRP_787	M	24
DGRP_787	F	31
DGRP_787	F	26
DGRP_787	F	24
DGRP_787	M	39
DGRP_787	M	20
DGRP_787	F	31
DGRP_787	F	31
DGRP_787	M	21
DGRP_787	M	3
DGRP_787	M	3
DGRP_787	F	31
DGRP_787	F	21
DGRP_787	M	38
DGRP_787	M	21
DGRP_787	M	11
DGRP_787	F	31
DGRP_787	F	26
DGRP_787	M	28
DGRP_787	M	25
DGRP_787	F	28
DGRP_787	F	18
DGRP_787	F	10
DGRP_787	M	28
DGRP_787	M	10
DGRP_787	M	7
DGRP_787	F	38
DGRP_787	F	31
DGRP_787	F	26
DGRP_787	M	38
DGRP_787	M	31
DGRP_787	F	38
DGRP_787	F	25
DGRP_787	M	3
DGRP_787	M	27
DGRP_787	M	19
DGRP_787	F	31
DGRP_787	F	19
DGRP_787	F	12
DGRP_790	M	17
DGRP_790	M	14
DGRP_790	M	14
DGRP_790	F	26
DGRP_790	F	26
DGRP_790	F	20
DGRP_790	M	12
DGRP_790	M	10
DGRP_790	M	6
DGRP_790	F	31
DGRP_790	F	27
DGRP_790	F	3
DGRP_790	M	21
DGRP_790	M	21
DGRP_790	M	17
DGRP_790	F	31
DGRP_790	F	31
DGRP_790	F	31
DGRP_790	M	24
DGRP_790	M	14
DGRP_790	M	11
DGRP_790	F	31
DGRP_790	F	31
DGRP_790	M	27
DGRP_790	M	12
DGRP_790	M	10
DGRP_790	F	28
DGRP_790	F	3
DGRP_790	M	17
DGRP_790	M	17
DGRP_790	M	17
DGRP_790	F	28
DGRP_790	F	28
DGRP_790	F	17
DGRP_790	M	16
DGRP_790	M	16
DGRP_790	M	14
DGRP_790	F	28
DGRP_790	F	21
DGRP_790	M	16
DGRP_790	M	16
DGRP_790	F	25
DGRP_790	F	24
DGRP_790	F	21
DGRP_790	M	16
DGRP_790	M	11
DGRP_790	M	11
DGRP_790	F	28
DGRP_790	F	15
DGRP_790	F	14
DGRP_790	M	11
DGRP_790	M	7
DGRP_790	F	23
DGRP_790	F	11
DGRP_790	F	7
DGRP_790	M	11
DGRP_790	M	8
DGRP_790	F	28
DGRP_790	F	22
DGRP_790	F	22
DGRP_790	M	14
DGRP_790	M	11
DGRP_790	M	11
DGRP_790	F	28
DGRP_790	F	28
DGRP_790	F	16
DGRP_790	M	17
DGRP_790	M	10
DGRP_790	F	31
DGRP_790	F	31
DGRP_790	F	28
DGRP_790	M	24
DGRP_790	M	21
DGRP_790	M	17
DGRP_790	F	24
DGRP_790	F	17
DGRP_790	F	17
DGRP_790	M	21
DGRP_790	M	17
DGRP_790	M	17
DGRP_790	F	27
DGRP_790	F	17
DGRP_790	M	21
DGRP_790	M	17
DGRP_790	M	17
DGRP_790	F	38
DGRP_790	F	31
DGRP_790	F	31
DGRP_790	M	17
DGRP_790	M	17
DGRP_790	M	17
DGRP_790	F	31
DGRP_790	F	28
DGRP_790	F	28
DGRP_790	M	17
DGRP_790	M	17
DGRP_790	M	17
DGRP_790	F	25
DGRP_790	F	24
DGRP_790	F	17
DGRP_790	M	17
DGRP_790	M	17
DGRP_790	F	24
DGRP_790	F	24
DGRP_790	F	10
DGRP_790	M	15
DGRP_790	M	9
DGRP_790	M	3
DGRP_790	F	22
DGRP_790	F	17
DGRP_790	F	14
DGRP_790	M	25
DGRP_790	M	7
DGRP_790	F	28
DGRP_790	F	25
DGRP_790	F	14
DGRP_790	M	14
DGRP_790	M	7
DGRP_790	F	28
DGRP_790	F	25
DGRP_790	F	14
DGRP_790	M	14
DGRP_790	M	9
DGRP_790	M	7
DGRP_790	F	21
DGRP_790	F	14
DGRP_790	F	14
DGRP_790	M	14
DGRP_790	M	9
DGRP_790	F	25
DGRP_790	F	25
DGRP_790	F	22
DGRP_796	M	24
DGRP_796	M	24
DGRP_796	M	24
DGRP_796	F	26
DGRP_796	F	24
DGRP_796	F	21
DGRP_796	M	26
DGRP_796	M	24
DGRP_796	M	21
DGRP_796	F	28
DGRP_796	F	27
DGRP_796	F	24
DGRP_796	M	24
DGRP_796	M	24
DGRP_796	M	24
DGRP_796	F	26
DGRP_796	F	26
DGRP_796	F	24
DGRP_796	M	26
DGRP_796	M	24
DGRP_796	M	24
DGRP_796	F	26
DGRP_796	F	24
DGRP_796	F	24
DGRP_796	M	25
DGRP_796	M	24
DGRP_796	M	24
DGRP_796	F	25
DGRP_796	F	24
DGRP_796	F	24
DGRP_796	M	28
DGRP_796	M	26
DGRP_796	M	24
DGRP_796	F	28
DGRP_796	F	27
DGRP_796	F	27
DGRP_796	M	26
DGRP_796	M	25
DGRP_796	M	24
DGRP_796	F	28
DGRP_796	F	28
DGRP_796	F	27
DGRP_796	M	26
DGRP_796	M	25
DGRP_796	M	24
DGRP_796	F	27
DGRP_796	F	26
DGRP_796	F	25
DGRP_796	M	24
DGRP_796	M	24
DGRP_796	M	24
DGRP_796	F	24
DGRP_796	F	24
DGRP_796	F	24
DGRP_796	M	27
DGRP_796	M	26
DGRP_796	M	25
DGRP_796	F	28
DGRP_796	F	28
DGRP_796	F	27
DGRP_796	M	26
DGRP_796	M	26
DGRP_796	M	26
DGRP_796	F	28
DGRP_796	F	28
DGRP_796	F	24
DGRP_796	M	26
DGRP_796	M	26
DGRP_796	M	26
DGRP_796	F	28
DGRP_796	F	26
DGRP_796	F	26
DGRP_796	M	27
DGRP_796	M	27
DGRP_796	M	26
DGRP_796	F	28
DGRP_796	F	28
DGRP_796	F	27
DGRP_796	M	24
DGRP_796	M	24
DGRP_796	M	24
DGRP_796	F	27
DGRP_796	F	27
DGRP_796	F	25
DGRP_796	M	27
DGRP_796	M	26
DGRP_796	M	25
DGRP_796	F	31
DGRP_796	F	28
DGRP_796	F	27
DGRP_796	M	26
DGRP_796	M	24
DGRP_796	M	24
DGRP_796	F	26
DGRP_796	F	24
DGRP_796	F	24
DGRP_796	M	26
DGRP_796	M	24
DGRP_796	M	19
DGRP_796	F	24
DGRP_796	F	24
DGRP_796	F	13
DGRP_796	M	28
DGRP_796	M	27
DGRP_796	M	24
DGRP_796	F	28
DGRP_796	F	27
DGRP_796	F	27
DGRP_796	M	26
DGRP_796	M	24
DGRP_796	F	26
DGRP_796	F	26
DGRP_796	F	6
DGRP_796	M	26
DGRP_796	M	26
DGRP_796	M	26
DGRP_796	F	28
DGRP_796	F	28
DGRP_796	F	26
DGRP_796	M	28
DGRP_796	M	26
DGRP_796	M	26
DGRP_796	F	28
DGRP_796	F	28
DGRP_796	M	26
DGRP_796	M	24
DGRP_796	M	12
DGRP_796	F	28
DGRP_796	F	24
DGRP_796	F	24
DGRP_796	M	28
DGRP_796	M	27
DGRP_796	M	26
DGRP_796	F	28
DGRP_796	F	28
DGRP_796	M	28
DGRP_796	M	26
DGRP_796	M	24
DGRP_796	F	28
DGRP_796	F	27
DGRP_796	F	26
DGRP_801	M	45
DGRP_801	M	17
DGRP_801	M	17
DGRP_801	F	41
DGRP_801	F	31
DGRP_801	F	31
DGRP_801	M	24
DGRP_801	M	24
DGRP_801	M	7
DGRP_801	F	24
DGRP_801	F	21
DGRP_801	M	33
DGRP_801	M	31
DGRP_801	M	31
DGRP_801	F	45
DGRP_801	F	33
DGRP_801	M	38
DGRP_801	M	21
DGRP_801	F	53
DGRP_801	F	39
DGRP_801	F	21
DGRP_801	M	52
DGRP_801	M	24
DGRP_801	F	25
DGRP_801	F	10
DGRP_801	M	24
DGRP_801	M	24
DGRP_801	M	7
DGRP_801	F	47
DGRP_801	F	45
DGRP_801	F	45
DGRP_801	M	24
DGRP_801	M	17
DGRP_801	M	17
DGRP_801	F	31
DGRP_801	F	24
DGRP_801	M	38
DGRP_801	M	31
DGRP_801	F	45
DGRP_801	F	28
DGRP_801	M	48
DGRP_801	M	24
DGRP_801	M	18
DGRP_801	F	28
DGRP_801	F	3
DGRP_801	F	3
DGRP_801	M	24
DGRP_801	M	21
DGRP_801	M	17
DGRP_801	F	31
DGRP_801	F	31
DGRP_801	F	28
DGRP_801	M	25
DGRP_801	M	25
DGRP_801	F	31
DGRP_801	F	31
DGRP_801	F	28
DGRP_801	M	39
DGRP_801	M	38
DGRP_801	M	31
DGRP_801	F	38
DGRP_801	F	38
DGRP_801	F	35
DGRP_801	M	49
DGRP_801	M	28
DGRP_801	M	17
DGRP_801	F	35
DGRP_801	F	33
DGRP_801	F	12
DGRP_801	M	35
DGRP_801	M	31
DGRP_801	M	28
DGRP_801	F	38
DGRP_801	F	31
DGRP_801	F	24
DGRP_801	M	38
DGRP_801	M	31
DGRP_801	M	33
DGRP_801	F	52
DGRP_801	F	40
DGRP_801	F	31
DGRP_801	M	31
DGRP_801	M	10
DGRP_801	M	5
DGRP_801	F	38
DGRP_801	F	35
DGRP_801	F	31
DGRP_801	M	45
DGRP_801	M	45
DGRP_801	M	45
DGRP_801	F	41
DGRP_801	F	27
DGRP_801	F	3
DGRP_801	M	17
DGRP_801	M	14
DGRP_801	M	3
DGRP_801	F	41
DGRP_801	F	27
DGRP_801	F	19
DGRP_801	M	31
DGRP_801	M	28
DGRP_801	M	31
DGRP_801	F	39
DGRP_801	F	39
DGRP_801	M	41
DGRP_801	M	27
DGRP_801	M	3
DGRP_801	F	49
DGRP_801	F	46
DGRP_801	F	41
DGRP_801	M	45
DGRP_801	M	31
DGRP_801	M	26
DGRP_801	F	48
DGRP_801	F	47
DGRP_801	F	26
DGRP_801	M	45
DGRP_801	M	31
DGRP_801	M	24
DGRP_801	F	45
DGRP_801	F	31
DGRP_801	F	4
DGRP_801	M	38
DGRP_801	M	33
DGRP_801	M	28
DGRP_801	F	38
DGRP_801	F	31
DGRP_801	F	17
DGRP_801	M	18
DGRP_801	M	5
DGRP_801	F	45
DGRP_801	F	42
DGRP_801	F	18
DGRP_802	M	49
DGRP_802	M	38
DGRP_802	M	35
DGRP_802	F	38
DGRP_802	F	31
DGRP_802	F	24
DGRP_802	M	45
DGRP_802	M	45
DGRP_802	M	40
DGRP_802	F	42
DGRP_802	F	31
DGRP_802	F	31
DGRP_802	M	55
DGRP_802	M	45
DGRP_802	M	45
DGRP_802	F	52
DGRP_802	F	31
DGRP_802	F	28
DGRP_802	M	52
DGRP_802	M	52
DGRP_802	M	45
DGRP_802	F	59
DGRP_802	F	53
DGRP_802	F	31
DGRP_802	M	52
DGRP_802	M	24
DGRP_802	M	17
DGRP_802	F	52
DGRP_802	F	52
DGRP_802	F	45
DGRP_802	M	52
DGRP_802	M	31
DGRP_802	M	31
DGRP_802	F	35
DGRP_802	F	25
DGRP_802	F	24
DGRP_802	M	59
DGRP_802	M	49
DGRP_802	M	31
DGRP_802	F	52
DGRP_802	F	47
DGRP_802	F	38
DGRP_802	M	47
DGRP_802	M	38
DGRP_802	M	31
DGRP_802	F	45
DGRP_802	F	38
DGRP_802	F	31
DGRP_802	M	45
DGRP_802	M	45
DGRP_802	M	19
DGRP_802	F	45
DGRP_802	F	45
DGRP_802	F	41
DGRP_802	M	45
DGRP_802	M	38
DGRP_802	M	38
DGRP_802	F	42
DGRP_802	F	38
DGRP_802	F	27
DGRP_802	M	52
DGRP_802	M	33
DGRP_802	M	27
DGRP_802	F	52
DGRP_802	F	31
DGRP_802	F	31
DGRP_802	M	52
DGRP_802	M	21
DGRP_802	F	52
DGRP_802	F	47
DGRP_802	M	52
DGRP_802	M	20
DGRP_802	M	17
DGRP_802	F	38
DGRP_802	F	32
DGRP_802	F	10
DGRP_802	M	45
DGRP_802	M	45
DGRP_802	F	53
DGRP_802	F	47
DGRP_802	F	38
DGRP_802	M	52
DGRP_802	M	52
DGRP_802	M	24
DGRP_802	F	53
DGRP_802	F	48
DGRP_802	M	54
DGRP_802	M	47
DGRP_802	M	41
DGRP_802	F	47
DGRP_802	F	45
DGRP_802	F	42
DGRP_802	M	52
DGRP_802	M	52
DGRP_802	M	45
DGRP_802	F	48
DGRP_802	F	45
DGRP_802	F	3
DGRP_802	M	45
DGRP_802	M	39
DGRP_802	F	52
DGRP_802	F	31
DGRP_802	M	52
DGRP_802	M	28
DGRP_802	F	41
DGRP_802	F	35
DGRP_802	M	48
DGRP_802	M	45
DGRP_802	F	45
DGRP_802	F	42
DGRP_802	F	18
DGRP_804	M	21
DGRP_804	M	17
DGRP_804	M	17
DGRP_804	F	20
DGRP_804	F	19
DGRP_804	F	17
DGRP_804	M	21
DGRP_804	M	17
DGRP_804	M	10
DGRP_804	F	21
DGRP_804	F	21
DGRP_804	F	17
DGRP_804	M	17
DGRP_804	M	17
DGRP_804	M	10
DGRP_804	F	31
DGRP_804	F	31
DGRP_804	F	31
DGRP_804	M	17
DGRP_804	M	14
DGRP_804	M	14
DGRP_804	F	25
DGRP_804	F	13
DGRP_804	M	20
DGRP_804	M	17
DGRP_804	M	17
DGRP_804	F	32
DGRP_804	F	31
DGRP_804	F	17
DGRP_804	M	17
DGRP_804	M	17
DGRP_804	F	31
DGRP_804	F	20
DGRP_804	M	28
DGRP_804	M	24
DGRP_804	M	6
DGRP_804	F	33
DGRP_804	F	24
DGRP_804	F	17
DGRP_804	M	31
DGRP_804	M	24
DGRP_804	M	24
DGRP_804	F	31
DGRP_804	F	25
DGRP_804	M	31
DGRP_804	M	24
DGRP_804	M	14
DGRP_804	F	31
DGRP_804	F	25
DGRP_804	F	14
DGRP_804	M	24
DGRP_804	M	17
DGRP_804	M	14
DGRP_804	F	24
DGRP_804	F	11
DGRP_804	F	11
DGRP_804	M	12
DGRP_804	M	11
DGRP_804	M	10
DGRP_804	F	28
DGRP_804	F	17
DGRP_804	F	7
DGRP_804	M	17
DGRP_804	M	6
DGRP_804	M	3
DGRP_804	F	31
DGRP_804	F	31
DGRP_804	F	24
DGRP_804	M	24
DGRP_804	M	21
DGRP_804	M	17
DGRP_804	F	40
DGRP_804	F	33
DGRP_804	F	26
DGRP_804	M	17
DGRP_804	M	17
DGRP_804	M	17
DGRP_804	F	28
DGRP_804	F	24
DGRP_804	F	3
DGRP_804	M	24
DGRP_804	M	24
DGRP_804	M	17
DGRP_804	F	33
DGRP_804	F	33
DGRP_804	F	31
DGRP_804	M	28
DGRP_804	M	24
DGRP_804	M	21
DGRP_804	F	35
DGRP_804	F	27
DGRP_804	F	24
DGRP_804	M	17
DGRP_804	M	17
DGRP_804	M	17
DGRP_804	F	24
DGRP_804	F	24
DGRP_804	F	14
DGRP_804	M	21
DGRP_804	M	10
DGRP_804	M	5
DGRP_804	F	28
DGRP_804	F	26
DGRP_804	F	24
DGRP_804	M	26
DGRP_804	M	24
DGRP_804	M	14
DGRP_804	F	35
DGRP_804	F	31
DGRP_804	F	24
DGRP_804	M	19
DGRP_804	M	17
DGRP_804	M	12
DGRP_804	F	38
DGRP_804	F	31
DGRP_804	F	26
DGRP_804	M	19
DGRP_804	M	19
DGRP_804	M	17
DGRP_804	F	35
DGRP_804	F	26
DGRP_804	F	24
DGRP_805	M	31
DGRP_805	M	31
DGRP_805	M	10
DGRP_805	F	31
DGRP_805	F	17
DGRP_805	F	3
DGRP_805	M	38
DGRP_805	M	38
DGRP_805	M	38
DGRP_805	F	38
DGRP_805	F	26
DGRP_805	F	26
DGRP_805	M	28
DGRP_805	M	24
DGRP_805	M	5
DGRP_805	F	34
DGRP_805	F	28
DGRP_805	F	24
DGRP_805	M	31
DGRP_805	M	28
DGRP_805	F	33
DGRP_805	F	33
DGRP_805	F	24
DGRP_805	M	38
DGRP_805	M	24
DGRP_805	F	41
DGRP_805	F	38
DGRP_805	F	38
DGRP_805	M	35
DGRP_805	M	28
DGRP_805	M	18
DGRP_805	F	45
DGRP_805	F	38
DGRP_805	F	31
DGRP_805	M	35
DGRP_805	M	31
DGRP_805	M	14
DGRP_805	F	35
DGRP_805	F	28
DGRP_805	F	28
DGRP_805	M	33
DGRP_805	M	33
DGRP_805	M	14
DGRP_805	F	45
DGRP_805	F	40
DGRP_805	F	38
DGRP_805	M	38
DGRP_805	M	31
DGRP_805	M	3
DGRP_805	F	35
DGRP_805	F	33
DGRP_805	F	31
DGRP_805	M	28
DGRP_805	M	24
DGRP_805	M	21
DGRP_805	F	47
DGRP_805	F	40
DGRP_805	F	31
DGRP_805	M	17
DGRP_805	M	3
DGRP_805	F	38
DGRP_805	F	38
DGRP_805	F	3
DGRP_805	M	31
DGRP_805	M	17
DGRP_805	M	3
DGRP_805	F	45
DGRP_805	F	40
DGRP_805	F	40
DGRP_805	M	28
DGRP_805	M	21
DGRP_805	M	12
DGRP_805	F	46
DGRP_805	F	38
DGRP_805	F	33
DGRP_805	M	31
DGRP_805	M	28
DGRP_805	M	28
DGRP_805	F	35
DGRP_805	F	34
DGRP_805	F	26
DGRP_805	M	32
DGRP_805	M	10
DGRP_805	F	45
DGRP_805	F	45
DGRP_805	F	31
DGRP_805	M	35
DGRP_805	M	31
DGRP_805	M	28
DGRP_805	F	38
DGRP_805	F	35
DGRP_805	F	17
DGRP_805	M	39
DGRP_805	M	31
DGRP_805	M	10
DGRP_805	F	45
DGRP_805	F	42
DGRP_805	F	31
DGRP_805	M	38
DGRP_805	M	31
DGRP_805	M	28
DGRP_805	F	35
DGRP_805	F	31
DGRP_805	F	17
DGRP_805	M	35
DGRP_805	M	35
DGRP_805	M	24
DGRP_805	F	26
DGRP_805	F	14
DGRP_805	F	10
DGRP_805	M	33
DGRP_805	M	31
DGRP_805	F	38
DGRP_805	F	33
DGRP_805	F	17
DGRP_805	M	38
DGRP_805	M	26
DGRP_805	M	21
DGRP_805	F	25
DGRP_805	F	25
DGRP_805	F	10
DGRP_805	M	35
DGRP_805	M	31
DGRP_805	M	24
DGRP_805	F	38
DGRP_805	F	32
DGRP_805	F	28
DGRP_805	M	38
DGRP_805	M	28
DGRP_805	M	28
DGRP_805	F	42
DGRP_805	F	41
DGRP_805	F	34
DGRP_805	M	34
DGRP_805	M	31
DGRP_805	M	31
DGRP_805	F	45
DGRP_805	F	45
DGRP_805	F	38
DGRP_808	M	49
DGRP_808	M	38
DGRP_808	M	21
DGRP_808	F	42
DGRP_808	F	38
DGRP_808	M	31
DGRP_808	M	31
DGRP_808	F	31
DGRP_808	F	24
DGRP_808	M	10
DGRP_808	M	7
DGRP_808	M	3
DGRP_808	F	46
DGRP_808	F	41
DGRP_808	F	33
DGRP_808	M	38
DGRP_808	M	38
DGRP_808	M	31
DGRP_808	F	46
DGRP_808	F	45
DGRP_808	F	45
DGRP_808	M	40
DGRP_808	M	38
DGRP_808	M	32
DGRP_808	F	41
DGRP_808	F	40
DGRP_808	F	28
DGRP_808	M	40
DGRP_808	M	38
DGRP_808	M	38
DGRP_808	F	38
DGRP_808	F	33
DGRP_808	F	31
DGRP_808	M	38
DGRP_808	M	31
DGRP_808	M	17
DGRP_808	F	38
DGRP_808	F	24
DGRP_808	F	21
DGRP_808	M	45
DGRP_808	M	35
DGRP_808	M	35
DGRP_808	F	19
DGRP_808	F	3
DGRP_808	M	35
DGRP_808	M	33
DGRP_808	M	3
DGRP_808	F	31
DGRP_808	F	24
DGRP_808	M	33
DGRP_808	M	33
DGRP_808	M	24
DGRP_808	F	35
DGRP_808	F	28
DGRP_808	M	45
DGRP_808	M	35
DGRP_808	M	35
DGRP_808	F	35
DGRP_808	F	31
DGRP_808	F	4
DGRP_808	M	38
DGRP_808	M	33
DGRP_808	M	17
DGRP_808	F	33
DGRP_808	F	31
DGRP_808	F	27
DGRP_808	M	45
DGRP_808	M	38
DGRP_808	M	31
DGRP_808	F	35
DGRP_808	F	31
DGRP_808	F	28
DGRP_808	M	32
DGRP_808	M	31
DGRP_808	M	31
DGRP_808	F	42
DGRP_808	F	42
DGRP_808	F	38
DGRP_808	M	31
DGRP_808	M	31
DGRP_808	M	31
DGRP_808	F	24
DGRP_808	F	17
DGRP_808	M	41
DGRP_808	M	21
DGRP_808	M	14
DGRP_808	F	59
DGRP_808	F	40
DGRP_808	F	40
DGRP_808	M	38
DGRP_808	M	35
DGRP_808	M	24
DGRP_808	F	40
DGRP_808	F	40
DGRP_808	F	10
DGRP_808	M	42
DGRP_808	M	42
DGRP_808	M	38
DGRP_808	F	52
DGRP_808	F	46
DGRP_808	F	27
DGRP_808	M	45
DGRP_808	M	45
DGRP_808	M	38
DGRP_808	F	38
DGRP_808	F	38
DGRP_808	F	35
DGRP_808	M	31
DGRP_808	M	31
DGRP_808	M	31
DGRP_808	F	38
DGRP_808	F	28
DGRP_808	F	25
DGRP_808	M	33
DGRP_808	M	31
DGRP_808	M	6
DGRP_808	F	35
DGRP_808	F	31
DGRP_808	F	10
DGRP_808	M	45
DGRP_808	M	45
DGRP_808	M	42
DGRP_808	F	48
DGRP_808	F	45
DGRP_808	F	45
DGRP_808	M	31
DGRP_808	M	31
DGRP_808	M	28
DGRP_808	F	28
DGRP_808	F	21
DGRP_808	F	3
DGRP_810	M	40
DGRP_810	M	28
DGRP_810	M	3
DGRP_810	F	45
DGRP_810	F	33
DGRP_810	F	5
DGRP_810	M	42
DGRP_810	M	42
DGRP_810	M	35
DGRP_810	F	31
DGRP_810	F	28
DGRP_810	F	25
DGRP_810	M	45
DGRP_810	M	35
DGRP_810	M	31
DGRP_810	F	12
DGRP_810	F	5
DGRP_810	F	3
DGRP_810	M	40
DGRP_810	M	34
DGRP_810	M	3
DGRP_810	F	19
DGRP_810	F	10
DGRP_810	F	4
DGRP_810	M	38
DGRP_810	M	28
DGRP_810	M	3
DGRP_810	F	35
DGRP_810	F	27
DGRP_810	F	3
DGRP_810	M	33
DGRP_810	M	31
DGRP_810	M	31
DGRP_810	F	33
DGRP_810	F	33
DGRP_810	F	21
DGRP_810	M	38
DGRP_810	M	35
DGRP_810	M	33
DGRP_810	F	12
DGRP_810	F	4
DGRP_810	M	17
DGRP_810	M	14
DGRP_810	M	3
DGRP_810	F	26
DGRP_810	F	12
DGRP_810	F	6
DGRP_810	M	35
DGRP_810	M	17
DGRP_810	M	3
DGRP_810	F	24
DGRP_810	F	5
DGRP_810	M	31
DGRP_810	M	7
DGRP_810	F	38
DGRP_810	F	18
DGRP_810	F	3
DGRP_810	M	42
DGRP_810	M	42
DGRP_810	M	4
DGRP_810	F	40
DGRP_810	F	38
DGRP_810	F	12
DGRP_810	M	42
DGRP_810	M	14
DGRP_810	M	10
DGRP_810	F	45
DGRP_810	F	42
DGRP_810	F	28
DGRP_810	M	31
DGRP_810	M	31
DGRP_810	M	24
DGRP_810	F	31
DGRP_810	F	10
DGRP_810	F	4
DGRP_810	M	45
DGRP_810	M	45
DGRP_810	M	45
DGRP_810	F	45
DGRP_810	F	14
DGRP_810	F	3
DGRP_810	M	38
DGRP_810	M	31
DGRP_810	M	3
DGRP_810	F	14
DGRP_810	F	10
DGRP_810	F	3
DGRP_810	M	31
DGRP_810	M	24
DGRP_810	M	3
DGRP_810	F	40
DGRP_810	F	20
DGRP_810	F	17
DGRP_810	M	38
DGRP_810	M	17
DGRP_810	M	5
DGRP_810	F	31
DGRP_810	F	17
DGRP_810	F	3
DGRP_810	M	31
DGRP_810	M	26
DGRP_810	M	14
DGRP_810	F	4
DGRP_810	F	3
DGRP_810	M	31
DGRP_810	M	10
DGRP_810	M	3
DGRP_810	F	42
DGRP_810	F	31
DGRP_810	M	31
DGRP_810	M	10
DGRP_810	F	35
DGRP_810	F	21
DGRP_810	F	14
DGRP_810	M	32
DGRP_810	M	32
DGRP_810	F	42
DGRP_810	F	33
DGRP_810	F	24
DGRP_812	M	38
DGRP_812	M	6
DGRP_812	F	33
DGRP_812	F	26
DGRP_812	F	17
DGRP_812	M	41
DGRP_812	M	33
DGRP_812	M	7
DGRP_812	F	45
DGRP_812	F	42
DGRP_812	F	40
DGRP_812	M	45
DGRP_812	M	31
DGRP_812	M	19
DGRP_812	F	54
DGRP_812	F	42
DGRP_812	F	38
DGRP_812	M	38
DGRP_812	M	33
DGRP_812	M	26
DGRP_812	F	39
DGRP_812	F	24
DGRP_812	F	10
DGRP_812	M	38
DGRP_812	M	24
DGRP_812	M	10
DGRP_812	F	38
DGRP_812	F	38
DGRP_812	F	31
DGRP_812	M	28
DGRP_812	M	28
DGRP_812	M	24
DGRP_812	F	42
DGRP_812	F	34
DGRP_812	M	40
DGRP_812	M	24
DGRP_812	M	3
DGRP_812	F	24
DGRP_812	F	12
DGRP_812	M	52
DGRP_812	M	14
DGRP_812	F	24
DGRP_812	F	24
DGRP_812	F	24
DGRP_812	M	47
DGRP_812	M	38
DGRP_812	M	10
DGRP_812	F	24
DGRP_812	F	17
DGRP_812	F	12
DGRP_812	M	31
DGRP_812	M	28
DGRP_812	M	21
DGRP_812	F	38
DGRP_812	F	38
DGRP_812	F	33
DGRP_812	M	45
DGRP_812	M	10
DGRP_812	M	5
DGRP_812	F	24
DGRP_812	F	17
DGRP_812	F	12
DGRP_812	M	38
DGRP_812	M	31
DGRP_812	M	24
DGRP_812	F	14
DGRP_812	F	14
DGRP_812	F	11
DGRP_812	M	31
DGRP_812	M	24
DGRP_812	M	21
DGRP_812	F	31
DGRP_812	F	31
DGRP_812	F	10
DGRP_812	M	41
DGRP_812	M	21
DGRP_812	M	17
DGRP_812	F	21
DGRP_812	F	10
DGRP_812	F	5
DGRP_812	M	38
DGRP_812	M	31
DGRP_812	M	24
DGRP_812	F	24
DGRP_812	F	24
DGRP_812	M	28
DGRP_812	M	28
DGRP_812	M	18
DGRP_812	F	28
DGRP_812	F	18
DGRP_812	F	18
DGRP_812	M	28
DGRP_812	M	28
DGRP_812	F	45
DGRP_812	F	26
DGRP_812	F	10
DGRP_812	M	31
DGRP_812	M	24
DGRP_812	M	14
DGRP_812	F	45
DGRP_812	F	40
DGRP_812	F	26
DGRP_812	M	52
DGRP_812	M	38
DGRP_812	F	31
DGRP_812	F	31
DGRP_812	F	28
DGRP_812	M	47
DGRP_812	M	38
DGRP_812	M	33
DGRP_812	F	45
DGRP_812	F	42
DGRP_812	F	28
DGRP_812	M	45
DGRP_812	M	28
DGRP_812	M	17
DGRP_812	F	45
DGRP_812	F	45
DGRP_812	F	38
DGRP_812	M	45
DGRP_812	M	17
DGRP_812	M	10
DGRP_812	F	10
DGRP_812	F	10
DGRP_812	F	5
DGRP_812	M	31
DGRP_812	M	12
DGRP_812	M	10
DGRP_812	F	45
DGRP_812	F	33
DGRP_812	F	14
DGRP_812	M	39
DGRP_812	M	21
DGRP_812	F	45
DGRP_812	F	24
DGRP_812	F	17
DGRP_818	M	33
DGRP_818	M	32
DGRP_818	M	31
DGRP_818	F	38
DGRP_818	F	32
DGRP_818	F	17
DGRP_818	M	31
DGRP_818	M	25
DGRP_818	M	24
DGRP_818	F	42
DGRP_818	F	42
DGRP_818	F	35
DGRP_818	M	38
DGRP_818	M	31
DGRP_818	M	31
DGRP_818	F	34
DGRP_818	F	17
DGRP_818	F	17
DGRP_818	M	31
DGRP_818	M	24
DGRP_818	F	31
DGRP_818	F	31
DGRP_818	F	4
DGRP_818	M	28
DGRP_818	M	4
DGRP_818	F	28
DGRP_818	F	28
DGRP_818	F	22
DGRP_818	M	28
DGRP_818	M	9
DGRP_818	M	7
DGRP_818	F	28
DGRP_818	F	28
DGRP_818	F	28
DGRP_818	M	28
DGRP_818	M	28
DGRP_818	M	16
DGRP_818	F	35
DGRP_818	F	28
DGRP_818	F	21
DGRP_818	M	28
DGRP_818	M	16
DGRP_818	F	29
DGRP_818	F	21
DGRP_818	F	7
DGRP_818	M	28
DGRP_818	M	21
DGRP_818	M	17
DGRP_818	F	35
DGRP_818	F	35
DGRP_818	F	23
DGRP_818	M	35
DGRP_818	M	28
DGRP_818	M	28
DGRP_818	F	35
DGRP_818	F	32
DGRP_818	F	28
DGRP_818	M	28
DGRP_818	M	16
DGRP_818	M	9
DGRP_818	F	35
DGRP_818	F	35
DGRP_818	F	30
DGRP_818	M	31
DGRP_818	M	12
DGRP_818	M	6
DGRP_818	F	38
DGRP_818	F	31
DGRP_818	M	28
DGRP_818	M	24
DGRP_818	M	24
DGRP_818	F	31
DGRP_818	F	26
DGRP_818	F	24
DGRP_818	M	26
DGRP_818	M	10
DGRP_818	F	45
DGRP_818	F	33
DGRP_818	F	25
DGRP_818	M	34
DGRP_818	M	33
DGRP_818	M	31
DGRP_818	F	34
DGRP_818	F	33
DGRP_818	F	31
DGRP_818	M	31
DGRP_818	M	31
DGRP_818	M	18
DGRP_818	F	31
DGRP_818	F	4
DGRP_818	F	3
DGRP_818	M	40
DGRP_818	M	39
DGRP_818	F	45
DGRP_818	F	38
DGRP_818	F	26
DGRP_818	M	39
DGRP_818	M	7
DGRP_818	M	1
DGRP_818	F	42
DGRP_818	F	8
DGRP_818	M	29
DGRP_818	M	29
DGRP_818	M	29
DGRP_818	F	30
DGRP_818	F	30
DGRP_818	F	30
DGRP_818	M	28
DGRP_818	M	28
DGRP_818	M	14
DGRP_818	F	28
DGRP_818	F	7
DGRP_818	F	7
DGRP_818	M	14
DGRP_818	M	11
DGRP_818	M	9
DGRP_818	F	28
DGRP_818	F	28
DGRP_818	F	28
DGRP_818	M	42
DGRP_818	M	36
DGRP_818	M	35
DGRP_818	F	42
DGRP_818	F	37
DGRP_818	F	29
DGRP_818	M	23
DGRP_818	M	28
DGRP_818	M	22
DGRP_818	F	35
DGRP_818	F	22
DGRP_818	F	3
DGRP_819	M	24
DGRP_819	M	24
DGRP_819	M	17
DGRP_819	F	28
DGRP_819	F	17
DGRP_819	F	3
DGRP_819	M	25
DGRP_819	M	24
DGRP_819	F	28
DGRP_819	F	10
DGRP_819	M	35
DGRP_819	M	35
DGRP_819	F	35
DGRP_819	F	33
DGRP_819	F	28
DGRP_819	M	24
DGRP_819	M	17
DGRP_819	M	14
DGRP_819	F	24
DGRP_819	F	24
DGRP_819	F	10
DGRP_819	M	35
DGRP_819	M	24
DGRP_819	M	17
DGRP_819	F	31
DGRP_819	F	17
DGRP_819	F	5
DGRP_819	M	19
DGRP_819	M	10
DGRP_819	F	52
DGRP_819	F	38
DGRP_819	F	38
DGRP_819	M	28
DGRP_819	M	26
DGRP_819	M	17
DGRP_819	F	31
DGRP_819	F	31
DGRP_819	F	31
DGRP_819	M	17
DGRP_819	M	17
DGRP_819	F	28
DGRP_819	F	24
DGRP_819	F	21
DGRP_819	M	33
DGRP_819	M	12
DGRP_819	M	3
DGRP_819	F	45
DGRP_819	F	24
DGRP_819	F	14
DGRP_819	M	35
DGRP_819	M	26
DGRP_819	F	21
DGRP_819	F	19
DGRP_819	F	13
DGRP_819	M	24
DGRP_819	M	3
DGRP_819	F	24
DGRP_819	F	24
DGRP_819	F	6
DGRP_819	M	40
DGRP_819	M	24
DGRP_819	F	26
DGRP_819	F	17
DGRP_819	F	14
DGRP_819	M	35
DGRP_819	M	33
DGRP_819	M	3
DGRP_819	F	38
DGRP_819	F	31
DGRP_819	F	17
DGRP_819	M	48
DGRP_819	M	19
DGRP_819	F	35
DGRP_819	F	35
DGRP_819	F	19
DGRP_819	M	38
DGRP_819	M	31
DGRP_819	M	21
DGRP_819	F	45
DGRP_819	F	38
DGRP_819	F	24
DGRP_819	M	45
DGRP_819	M	38
DGRP_819	M	14
DGRP_819	F	40
DGRP_819	F	24
DGRP_819	M	38
DGRP_819	M	33
DGRP_819	M	31
DGRP_819	F	45
DGRP_819	F	38
DGRP_819	F	7
DGRP_819	M	40
DGRP_819	M	24
DGRP_819	M	10
DGRP_819	F	35
DGRP_819	F	24
DGRP_819	M	47
DGRP_819	M	33
DGRP_819	M	21
DGRP_819	F	32
DGRP_819	F	28
DGRP_819	F	5
DGRP_819	M	49
DGRP_819	M	47
DGRP_819	M	45
DGRP_819	F	19
DGRP_819	F	10
DGRP_819	F	3
DGRP_819	M	33
DGRP_819	M	5
DGRP_819	F	21
DGRP_819	F	20
DGRP_819	M	35
DGRP_819	M	3
DGRP_819	M	3
DGRP_819	F	35
DGRP_819	F	26
DGRP_819	F	10
DGRP_819	M	33
DGRP_819	M	24
DGRP_819	M	7
DGRP_819	F	33
DGRP_819	F	33
DGRP_819	F	24
DGRP_820	F	28
DGRP_820	F	32
DGRP_820	F	32
DGRP_820	M	16
DGRP_820	M	31
DGRP_820	F	30
DGRP_820	F	30
DGRP_820	M	21
DGRP_820	M	28
DGRP_820	M	29
DGRP_820	F	28
DGRP_820	F	28
DGRP_820	F	39
DGRP_820	M	21
DGRP_820	M	21
DGRP_820	M	25
DGRP_820	F	25
DGRP_820	F	28
DGRP_820	F	32
DGRP_820	M	18
DGRP_820	M	21
DGRP_820	M	30
DGRP_820	F	25
DGRP_820	F	28
DGRP_820	F	28
DGRP_820	M	17
DGRP_820	M	18
DGRP_820	M	28
DGRP_820	F	25
DGRP_820	F	32
DGRP_820	M	23
DGRP_820	M	25
DGRP_820	M	28
DGRP_820	F	28
DGRP_820	F	32
DGRP_820	M	21
DGRP_820	M	25
DGRP_820	M	35
DGRP_820	F	23
DGRP_820	F	28
DGRP_820	F	30
DGRP_820	M	21
DGRP_820	M	21
DGRP_820	M	42
DGRP_820	F	28
DGRP_820	F	31
DGRP_820	F	32
DGRP_820	M	28
DGRP_820	M	32
DGRP_820	M	35
DGRP_820	F	32
DGRP_820	F	32
DGRP_820	F	35
DGRP_820	M	21
DGRP_820	M	21
DGRP_820	M	25
DGRP_820	F	28
DGRP_820	F	30
DGRP_820	F	32
DGRP_820	M	14
DGRP_820	M	32
DGRP_820	M	35
DGRP_820	F	28
DGRP_820	F	28
DGRP_820	F	32
DGRP_820	M	21
DGRP_820	M	28
DGRP_820	M	28
DGRP_820	F	35
DGRP_820	F	35
DGRP_820	M	28
DGRP_820	M	28
DGRP_820	F	35
DGRP_820	F	32
DGRP_820	F	28
DGRP_820	M	32
DGRP_820	M	21
DGRP_820	M	11
DGRP_820	F	31
DGRP_820	F	28
DGRP_820	F	21
DGRP_820	M	25
DGRP_820	M	25
DGRP_820	F	35
DGRP_820	F	35
DGRP_820	F	32
DGRP_820	M	28
DGRP_820	M	28
DGRP_820	M	16
DGRP_820	F	32
DGRP_820	F	32
DGRP_820	F	30
DGRP_820	M	35
DGRP_820	M	23
DGRP_820	M	17
DGRP_820	F	42
DGRP_820	F	35
DGRP_820	F	30
DGRP_820	M	32
DGRP_820	M	28
DGRP_820	M	21
DGRP_820	F	42
DGRP_820	F	21
DGRP_820	F	21
DGRP_820	M	42
DGRP_820	M	21
DGRP_820	M	21
DGRP_820	F	35
DGRP_820	F	30
DGRP_820	M	24
DGRP_820	M	21
DGRP_820	M	18
DGRP_820	F	35
DGRP_820	F	35
DGRP_820	M	28
DGRP_820	M	28
DGRP_820	M	28
DGRP_820	F	30
DGRP_820	F	28
DGRP_820	F	25
DGRP_820	M	25
DGRP_820	M	21
DGRP_820	M	9
DGRP_820	F	35
DGRP_820	F	32
DGRP_820	F	14
DGRP_820	M	35
DGRP_820	M	32
DGRP_820	M	30
DGRP_820	F	35
DGRP_820	F	28
DGRP_820	F	28
DGRP_820	M	35
DGRP_820	M	18
DGRP_821	M	21
DGRP_821	M	17
DGRP_821	M	11
DGRP_821	F	52
DGRP_821	F	35
DGRP_821	F	33
DGRP_821	M	38
DGRP_821	M	25
DGRP_821	F	39
DGRP_821	F	31
DGRP_821	F	31
DGRP_821	M	11
DGRP_821	M	10
DGRP_821	F	45
DGRP_821	F	35
DGRP_821	F	24
DGRP_821	M	31
DGRP_821	M	24
DGRP_821	M	24
DGRP_821	F	46
DGRP_821	F	33
DGRP_821	F	31
DGRP_821	M	31
DGRP_821	M	31
DGRP_821	M	24
DGRP_821	F	45
DGRP_821	F	39
DGRP_821	F	31
DGRP_821	M	31
DGRP_821	M	24
DGRP_821	F	39
DGRP_821	F	38
DGRP_821	F	33
DGRP_821	M	27
DGRP_821	M	17
DGRP_821	M	13
DGRP_821	F	38
DGRP_821	F	38
DGRP_821	F	28
DGRP_821	M	7
DGRP_821	M	6
DGRP_821	M	6
DGRP_821	F	45
DGRP_821	F	41
DGRP_821	F	32
DGRP_821	M	19
DGRP_821	M	17
DGRP_821	M	10
DGRP_821	F	38
DGRP_821	F	32
DGRP_821	F	3
DGRP_821	M	31
DGRP_821	M	31
DGRP_821	M	24
DGRP_821	F	52
DGRP_821	F	48
DGRP_821	F	35
DGRP_821	M	35
DGRP_821	M	21
DGRP_821	M	17
DGRP_821	F	35
DGRP_821	F	31
DGRP_821	F	21
DGRP_821	M	31
DGRP_821	M	25
DGRP_821	M	17
DGRP_821	F	39
DGRP_821	F	32
DGRP_821	F	17
DGRP_821	M	35
DGRP_821	M	35
DGRP_821	M	24
DGRP_821	F	52
DGRP_821	F	24
DGRP_821	F	12
DGRP_821	M	31
DGRP_821	M	24
DGRP_821	M	18
DGRP_821	F	47
DGRP_821	F	48
DGRP_821	F	31
DGRP_821	M	24
DGRP_821	M	17
DGRP_821	F	39
DGRP_821	F	38
DGRP_821	F	35
DGRP_821	M	45
DGRP_821	M	20
DGRP_821	F	45
DGRP_821	F	35
DGRP_821	F	27
DGRP_821	M	25
DGRP_821	M	24
DGRP_821	M	3
DGRP_821	F	40
DGRP_821	F	38
DGRP_821	M	19
DGRP_821	M	18
DGRP_821	F	31
DGRP_821	F	24
DGRP_821	M	21
DGRP_821	M	18
DGRP_821	M	3
DGRP_821	F	48
DGRP_821	F	42
DGRP_821	F	24
DGRP_821	M	25
DGRP_821	M	24
DGRP_821	M	3
DGRP_821	F	41
DGRP_821	F	38
DGRP_821	F	7
DGRP_821	M	35
DGRP_821	M	33
DGRP_821	M	24
DGRP_821	F	38
DGRP_821	F	32
DGRP_821	F	31
DGRP_821	M	25
DGRP_821	M	17
DGRP_821	M	17
DGRP_821	F	25
DGRP_821	F	21
DGRP_821	F	10
DGRP_821	M	31
DGRP_821	M	24
DGRP_821	M	5
DGRP_821	F	42
DGRP_821	F	35
DGRP_821	F	32
DGRP_822	M	38
DGRP_822	M	33
DGRP_822	M	33
DGRP_822	F	38
DGRP_822	F	35
DGRP_822	F	33
DGRP_822	M	42
DGRP_822	M	40
DGRP_822	M	38
DGRP_822	F	47
DGRP_822	F	45
DGRP_822	F	40
DGRP_822	M	40
DGRP_822	M	28
DGRP_822	M	28
DGRP_822	F	45
DGRP_822	F	40
DGRP_822	F	38
DGRP_822	M	35
DGRP_822	M	35
DGRP_822	M	24
DGRP_822	F	38
DGRP_822	F	38
DGRP_822	F	32
DGRP_822	M	38
DGRP_822	M	38
DGRP_822	M	35
DGRP_822	F	38
DGRP_822	F	38
DGRP_822	F	33
DGRP_822	M	33
DGRP_822	M	31
DGRP_822	M	31
DGRP_822	F	33
DGRP_822	F	31
DGRP_822	M	45
DGRP_822	M	42
DGRP_822	M	40
DGRP_822	F	40
DGRP_822	F	40
DGRP_822	F	38
DGRP_822	M	38
DGRP_822	M	33
DGRP_822	M	31
DGRP_822	F	38
DGRP_822	F	35
DGRP_822	F	26
DGRP_822	M	31
DGRP_822	M	31
DGRP_822	M	10
DGRP_822	F	21
DGRP_822	F	19
DGRP_822	M	42
DGRP_822	M	42
DGRP_822	M	33
DGRP_822	F	45
DGRP_822	F	45
DGRP_822	F	31
DGRP_822	M	42
DGRP_822	M	31
DGRP_822	F	38
DGRP_822	F	35
DGRP_822	M	40
DGRP_822	M	38
DGRP_822	F	35
DGRP_822	F	17
DGRP_822	M	41
DGRP_822	M	35
DGRP_822	M	33
DGRP_822	F	42
DGRP_822	F	35
DGRP_822	F	33
DGRP_822	M	42
DGRP_822	M	40
DGRP_822	M	38
DGRP_822	F	38
DGRP_822	F	17
DGRP_822	M	38
DGRP_822	M	38
DGRP_822	M	38
DGRP_822	F	40
DGRP_822	F	28
DGRP_822	M	31
DGRP_822	M	31
DGRP_822	F	38
DGRP_822	F	28
DGRP_822	M	40
DGRP_822	M	40
DGRP_822	M	38
DGRP_822	F	31
DGRP_822	F	24
DGRP_822	F	10
DGRP_822	M	35
DGRP_822	M	18
DGRP_822	M	3
DGRP_822	F	41
DGRP_822	F	31
DGRP_822	F	31
DGRP_822	M	38
DGRP_822	M	26
DGRP_822	F	40
DGRP_822	F	31
DGRP_822	F	12
DGRP_822	M	41
DGRP_822	M	40
DGRP_822	M	38
DGRP_822	F	41
DGRP_822	F	38
DGRP_822	F	31
DGRP_822	M	45
DGRP_822	M	42
DGRP_822	M	41
DGRP_822	F	45
DGRP_822	F	45
DGRP_822	F	40
DGRP_822	M	38
DGRP_822	M	38
DGRP_822	M	31
DGRP_822	F	40
DGRP_822	F	38
DGRP_822	F	38
DGRP_832	M	24
DGRP_832	M	17
DGRP_832	F	31
DGRP_832	F	24
DGRP_832	F	24
DGRP_832	M	35
DGRP_832	M	33
DGRP_832	M	24
DGRP_832	F	38
DGRP_832	F	35
DGRP_832	F	35
DGRP_832	M	19
DGRP_832	M	14
DGRP_832	M	5
DGRP_832	F	24
DGRP_832	F	20
DGRP_832	F	6
DGRP_832	M	7
DGRP_832	M	7
DGRP_832	F	16
DGRP_832	F	14
DGRP_832	F	7
DGRP_832	M	9
DGRP_832	M	7
DGRP_832	M	7
DGRP_832	F	14
DGRP_832	F	14
DGRP_832	F	9
DGRP_832	M	16
DGRP_832	M	16
DGRP_832	M	7
DGRP_832	F	18
DGRP_832	F	18
DGRP_832	F	14
DGRP_832	M	21
DGRP_832	M	14
DGRP_832	F	21
DGRP_832	F	18
DGRP_832	F	10
DGRP_832	M	7
DGRP_832	M	4
DGRP_832	M	4
DGRP_832	F	14
DGRP_832	F	14
DGRP_832	F	11
DGRP_832	M	22
DGRP_832	M	21
DGRP_832	M	14
DGRP_832	F	22
DGRP_832	F	22
DGRP_832	F	21
DGRP_832	M	28
DGRP_832	M	15
DGRP_832	F	25
DGRP_832	F	23
DGRP_832	F	21
DGRP_832	M	14
DGRP_832	M	14
DGRP_832	M	9
DGRP_832	F	16
DGRP_832	F	14
DGRP_832	F	1
DGRP_832	M	21
DGRP_832	M	21
DGRP_832	M	15
DGRP_832	F	28
DGRP_832	F	23
DGRP_832	F	21
DGRP_832	M	19
DGRP_832	M	17
DGRP_832	M	3
DGRP_832	F	28
DGRP_832	F	28
DGRP_832	M	31
DGRP_832	M	28
DGRP_832	F	31
DGRP_832	F	31
DGRP_832	M	21
DGRP_832	M	10
DGRP_832	M	10
DGRP_832	F	21
DGRP_832	F	11
DGRP_832	F	7
DGRP_832	M	14
DGRP_832	M	14
DGRP_832	M	8
DGRP_832	F	25
DGRP_832	F	14
DGRP_832	M	14
DGRP_832	M	8
DGRP_832	M	8
DGRP_832	F	14
DGRP_832	F	8
DGRP_832	F	7
DGRP_832	M	10
DGRP_832	M	7
DGRP_832	M	2
DGRP_832	F	11
DGRP_832	F	10
DGRP_832	F	8
DGRP_832	M	25
DGRP_832	M	16
DGRP_832	F	11
DGRP_832	F	9
DGRP_832	M	16
DGRP_832	M	7
DGRP_832	M	7
DGRP_832	F	18
DGRP_832	F	11
DGRP_832	F	11
DGRP_832	M	11
DGRP_832	M	7
DGRP_832	M	7
DGRP_832	F	21
DGRP_832	F	8
DGRP_832	F	4
DGRP_832	M	14
DGRP_832	M	7
DGRP_832	F	21
DGRP_832	F	14
DGRP_832	F	14
DGRP_832	M	9
DGRP_832	M	9
DGRP_832	M	9
DGRP_832	F	21
DGRP_832	F	18
DGRP_832	F	10
DGRP_832	M	21
DGRP_832	M	21
DGRP_832	M	15
DGRP_832	F	21
DGRP_832	F	21
DGRP_832	F	4
DGRP_843	M	38
DGRP_843	M	35
DGRP_843	M	11
DGRP_843	F	35
DGRP_843	F	31
DGRP_843	F	24
DGRP_843	M	38
DGRP_843	M	38
DGRP_843	M	24
DGRP_843	F	31
DGRP_843	F	31
DGRP_843	M	45
DGRP_843	M	42
DGRP_843	F	52
DGRP_843	F	31
DGRP_843	F	26
DGRP_843	M	45
DGRP_843	M	40
DGRP_843	M	32
DGRP_843	F	17
DGRP_843	F	7
DGRP_843	F	3
DGRP_843	M	26
DGRP_843	M	19
DGRP_843	M	3
DGRP_843	F	31
DGRP_843	F	31
DGRP_843	F	31
DGRP_843	M	42
DGRP_843	M	38
DGRP_843	M	7
DGRP_843	F	35
DGRP_843	F	33
DGRP_843	F	31
DGRP_843	M	35
DGRP_843	M	35
DGRP_843	F	31
DGRP_843	F	31
DGRP_843	F	28
DGRP_843	M	42
DGRP_843	M	40
DGRP_843	M	38
DGRP_843	F	38
DGRP_843	F	38
DGRP_843	F	38
DGRP_843	M	42
DGRP_843	M	38
DGRP_843	M	38
DGRP_843	F	38
DGRP_843	F	35
DGRP_843	F	31
DGRP_843	M	40
DGRP_843	M	38
DGRP_843	M	38
DGRP_843	F	38
DGRP_843	F	31
DGRP_843	F	24
DGRP_843	M	42
DGRP_843	M	38
DGRP_843	M	3
DGRP_843	F	35
DGRP_843	F	32
DGRP_843	F	32
DGRP_843	M	38
DGRP_843	M	38
DGRP_843	F	38
DGRP_843	F	38
DGRP_843	F	33
DGRP_843	M	45
DGRP_843	M	42
DGRP_843	M	40
DGRP_843	F	40
DGRP_843	F	38
DGRP_843	F	38
DGRP_843	M	45
DGRP_843	M	45
DGRP_843	M	42
DGRP_843	F	45
DGRP_843	F	35
DGRP_843	F	28
DGRP_843	M	42
DGRP_843	M	38
DGRP_843	M	31
DGRP_843	F	38
DGRP_843	F	38
DGRP_843	F	31
DGRP_843	M	42
DGRP_843	M	38
DGRP_843	M	31
DGRP_843	F	33
DGRP_843	F	31
DGRP_843	F	7
DGRP_843	M	42
DGRP_843	M	38
DGRP_843	M	19
DGRP_843	F	33
DGRP_843	F	32
DGRP_843	F	31
DGRP_843	M	42
DGRP_843	M	33
DGRP_843	M	5
DGRP_843	F	33
DGRP_843	F	24
DGRP_843	F	17
DGRP_843	M	35
DGRP_843	M	28
DGRP_843	F	35
DGRP_843	F	33
DGRP_843	F	18
DGRP_843	M	38
DGRP_843	M	25
DGRP_843	M	24
DGRP_843	F	38
DGRP_843	F	35
DGRP_843	F	31
DGRP_843	M	40
DGRP_843	M	40
DGRP_843	M	5
DGRP_843	F	29
DGRP_843	F	20
DGRP_843	F	20
DGRP_843	M	38
DGRP_843	M	38
DGRP_843	M	31
DGRP_843	F	35
DGRP_843	F	31
DGRP_843	F	31
DGRP_843	M	40
DGRP_843	M	40
DGRP_843	M	39
DGRP_843	F	35
DGRP_843	F	31
DGRP_843	F	28
DGRP_849	M	31
DGRP_849	M	24
DGRP_849	M	10
DGRP_849	F	33
DGRP_849	F	33
DGRP_849	F	26
DGRP_849	M	38
DGRP_849	M	31
DGRP_849	M	27
DGRP_849	F	21
DGRP_849	F	12
DGRP_849	F	10
DGRP_849	M	33
DGRP_849	M	31
DGRP_849	M	24
DGRP_849	F	28
DGRP_849	F	12
DGRP_849	F	4
DGRP_849	M	31
DGRP_849	M	31
DGRP_849	M	12
DGRP_849	F	21
DGRP_849	F	12
DGRP_849	F	11
DGRP_849	M	38
DGRP_849	M	24
DGRP_849	M	24
DGRP_849	F	17
DGRP_849	F	13
DGRP_849	F	7
DGRP_849	M	31
DGRP_849	M	24
DGRP_849	M	11
DGRP_849	F	38
DGRP_849	F	38
DGRP_849	M	35
DGRP_849	M	19
DGRP_849	M	3
DGRP_849	F	35
DGRP_849	F	33
DGRP_849	F	17
DGRP_849	M	31
DGRP_849	M	10
DGRP_849	M	4
DGRP_849	F	28
DGRP_849	F	28
DGRP_849	M	35
DGRP_849	M	33
DGRP_849	M	33
DGRP_849	F	38
DGRP_849	F	24
DGRP_849	F	10
DGRP_849	M	35
DGRP_849	M	31
DGRP_849	M	24
DGRP_849	F	38
DGRP_849	F	35
DGRP_849	F	35
DGRP_849	M	31
DGRP_849	M	31
DGRP_849	M	24
DGRP_849	F	24
DGRP_849	F	20
DGRP_849	F	10
DGRP_849	M	21
DGRP_849	M	4
DGRP_849	F	35
DGRP_849	F	33
DGRP_849	F	13
DGRP_849	M	35
DGRP_849	M	31
DGRP_849	M	27
DGRP_849	F	31
DGRP_849	F	24
DGRP_849	F	18
DGRP_849	M	31
DGRP_849	M	24
DGRP_849	M	12
DGRP_849	F	40
DGRP_849	F	35
DGRP_849	F	7
DGRP_849	M	28
DGRP_849	M	26
DGRP_849	F	35
DGRP_849	F	31
DGRP_849	F	31
DGRP_849	M	40
DGRP_849	M	31
DGRP_849	M	28
DGRP_849	F	38
DGRP_849	F	31
DGRP_849	M	26
DGRP_849	M	12
DGRP_849	F	19
DGRP_849	F	17
DGRP_849	F	5
DGRP_849	M	35
DGRP_849	M	31
DGRP_849	F	31
DGRP_849	F	27
DGRP_849	M	31
DGRP_849	M	26
DGRP_849	M	10
DGRP_849	F	28
DGRP_849	F	27
DGRP_849	F	25
DGRP_849	M	38
DGRP_849	M	38
DGRP_849	M	31
DGRP_849	F	31
DGRP_849	F	28
DGRP_849	F	19
DGRP_849	M	31
DGRP_849	M	24
DGRP_849	M	10
DGRP_849	F	38
DGRP_849	F	35
DGRP_849	F	35
DGRP_849	M	28
DGRP_849	M	26
DGRP_849	M	17
DGRP_849	F	31
DGRP_849	F	31
DGRP_849	F	31
DGRP_849	M	35
DGRP_849	M	24
DGRP_849	M	5
DGRP_849	F	35
DGRP_849	F	35
DGRP_849	F	17
DGRP_850	M	21
DGRP_850	M	20
DGRP_850	M	17
DGRP_850	F	24
DGRP_850	F	21
DGRP_850	M	19
DGRP_850	M	17
DGRP_850	M	17
DGRP_850	F	21
DGRP_850	F	21
DGRP_850	F	12
DGRP_850	M	21
DGRP_850	M	17
DGRP_850	M	17
DGRP_850	F	21
DGRP_850	F	21
DGRP_850	F	19
DGRP_850	M	21
DGRP_850	M	17
DGRP_850	M	12
DGRP_850	F	18
DGRP_850	F	17
DGRP_850	F	12
DGRP_850	M	24
DGRP_850	M	19
DGRP_850	M	18
DGRP_850	F	21
DGRP_850	F	21
DGRP_850	F	13
DGRP_850	M	26
DGRP_850	M	24
DGRP_850	M	19
DGRP_850	F	24
DGRP_850	F	24
DGRP_850	F	6
DGRP_850	M	26
DGRP_850	M	21
DGRP_850	F	21
DGRP_850	F	20
DGRP_850	F	19
DGRP_850	M	17
DGRP_850	M	17
DGRP_850	M	10
DGRP_850	F	20
DGRP_850	F	14
DGRP_850	F	10
DGRP_850	M	21
DGRP_850	M	17
DGRP_850	M	5
DGRP_850	F	17
DGRP_850	F	7
DGRP_850	F	7
DGRP_850	M	21
DGRP_850	M	17
DGRP_850	M	3
DGRP_850	F	24
DGRP_850	F	24
DGRP_850	F	19
DGRP_850	M	17
DGRP_850	M	17
DGRP_850	M	12
DGRP_850	F	24
DGRP_850	F	20
DGRP_850	F	20
DGRP_850	M	20
DGRP_850	M	17
DGRP_850	M	11
DGRP_850	F	17
DGRP_850	F	17
DGRP_850	F	12
DGRP_850	M	17
DGRP_850	M	17
DGRP_850	M	17
DGRP_850	F	28
DGRP_850	F	24
DGRP_850	F	17
DGRP_850	M	24
DGRP_850	M	19
DGRP_850	M	14
DGRP_850	F	19
DGRP_850	F	14
DGRP_850	F	7
DGRP_850	M	24
DGRP_850	M	17
DGRP_850	M	12
DGRP_850	F	19
DGRP_850	F	17
DGRP_850	F	10
DGRP_850	M	17
DGRP_850	M	17
DGRP_850	M	17
DGRP_850	F	21
DGRP_850	F	19
DGRP_850	F	11
DGRP_850	M	24
DGRP_850	M	24
DGRP_850	F	17
DGRP_850	F	17
DGRP_850	F	14
DGRP_850	M	20
DGRP_850	M	19
DGRP_850	M	13
DGRP_850	F	24
DGRP_850	F	24
DGRP_850	F	24
DGRP_850	M	24
DGRP_850	M	19
DGRP_850	M	17
DGRP_850	F	24
DGRP_850	F	11
DGRP_850	F	10
DGRP_850	M	17
DGRP_850	M	17
DGRP_850	M	14
DGRP_850	F	17
DGRP_850	F	12
DGRP_850	F	3
DGRP_850	M	17
DGRP_850	M	17
DGRP_850	M	17
DGRP_850	F	17
DGRP_850	F	17
DGRP_850	F	3
DGRP_850	M	24
DGRP_850	M	17
DGRP_850	M	10
DGRP_850	F	24
DGRP_850	F	24
DGRP_850	F	17
DGRP_850	M	20
DGRP_850	M	19
DGRP_850	M	14
DGRP_850	F	20
DGRP_850	F	18
DGRP_850	F	10
DGRP_850	M	21
DGRP_850	M	17
DGRP_850	F	24
DGRP_850	F	19
DGRP_850	F	12
DGRP_853	M	24
DGRP_853	M	20
DGRP_853	M	17
DGRP_853	F	17
DGRP_853	F	13
DGRP_853	M	31
DGRP_853	M	26
DGRP_853	F	33
DGRP_853	F	13
DGRP_853	F	10
DGRP_853	M	47
DGRP_853	M	45
DGRP_853	M	7
DGRP_853	F	12
DGRP_853	F	7
DGRP_853	M	45
DGRP_853	M	42
DGRP_853	M	24
DGRP_853	F	31
DGRP_853	F	24
DGRP_853	F	10
DGRP_853	M	52
DGRP_853	M	33
DGRP_853	M	31
DGRP_853	F	42
DGRP_853	F	17
DGRP_853	F	10
DGRP_853	M	45
DGRP_853	M	31
DGRP_853	M	24
DGRP_853	F	42
DGRP_853	F	35
DGRP_853	F	26
DGRP_853	M	31
DGRP_853	M	31
DGRP_853	M	26
DGRP_853	F	35
DGRP_853	F	26
DGRP_853	F	18
DGRP_853	M	33
DGRP_853	M	3
DGRP_853	F	35
DGRP_853	F	13
DGRP_853	F	11
DGRP_853	M	31
DGRP_853	M	5
DGRP_853	F	45
DGRP_853	F	31
DGRP_853	F	24
DGRP_853	M	28
DGRP_853	M	25
DGRP_853	M	12
DGRP_853	F	25
DGRP_853	F	21
DGRP_853	F	12
DGRP_853	M	35
DGRP_853	M	17
DGRP_853	M	3
DGRP_853	F	32
DGRP_853	F	26
DGRP_853	F	17
DGRP_853	M	46
DGRP_853	M	40
DGRP_853	M	11
DGRP_853	F	24
DGRP_853	F	7
DGRP_853	M	24
DGRP_853	M	24
DGRP_853	M	17
DGRP_853	F	24
DGRP_853	F	17
DGRP_853	F	12
DGRP_853	M	42
DGRP_853	M	10
DGRP_853	M	3
DGRP_853	F	35
DGRP_853	F	33
DGRP_853	F	31
DGRP_853	M	45
DGRP_853	M	6
DGRP_853	F	35
DGRP_853	F	17
DGRP_853	F	7
DGRP_853	M	45
DGRP_853	M	28
DGRP_853	M	26
DGRP_853	F	40
DGRP_853	F	28
DGRP_853	F	7
DGRP_853	M	38
DGRP_853	M	35
DGRP_853	F	10
DGRP_853	F	5
DGRP_853	F	3
DGRP_853	M	40
DGRP_853	M	32
DGRP_853	M	10
DGRP_853	F	35
DGRP_853	F	10
DGRP_853	F	5
DGRP_853	M	24
DGRP_853	M	17
DGRP_853	M	5
DGRP_853	F	24
DGRP_853	F	24
DGRP_853	F	5
DGRP_853	M	19
DGRP_853	M	14
DGRP_853	M	3
DGRP_853	F	24
DGRP_853	F	24
DGRP_853	F	10
DGRP_853	M	38
DGRP_853	M	31
DGRP_853	M	10
DGRP_853	F	31
DGRP_853	F	17
DGRP_853	M	38
DGRP_853	M	10
DGRP_853	M	6
DGRP_853	F	46
DGRP_853	F	35
DGRP_853	F	10
DGRP_853	M	38
DGRP_853	M	33
DGRP_853	M	10
DGRP_853	F	10
DGRP_853	F	3
DGRP_855	M	28
DGRP_855	M	28
DGRP_855	M	24
DGRP_855	F	45
DGRP_855	F	42
DGRP_855	F	31
DGRP_855	M	45
DGRP_855	M	42
DGRP_855	M	38
DGRP_855	F	52
DGRP_855	F	49
DGRP_855	M	45
DGRP_855	M	40
DGRP_855	F	45
DGRP_855	F	10
DGRP_855	M	52
DGRP_855	M	38
DGRP_855	M	21
DGRP_855	F	45
DGRP_855	F	45
DGRP_855	F	31
DGRP_855	M	45
DGRP_855	M	40
DGRP_855	F	52
DGRP_855	F	45
DGRP_855	F	42
DGRP_855	M	40
DGRP_855	M	38
DGRP_855	M	32
DGRP_855	F	49
DGRP_855	F	40
DGRP_855	M	24
DGRP_855	M	19
DGRP_855	F	38
DGRP_855	F	35
DGRP_855	F	28
DGRP_855	M	33
DGRP_855	M	24
DGRP_855	F	38
DGRP_855	F	33
DGRP_855	F	19
DGRP_855	M	45
DGRP_855	M	31
DGRP_855	M	24
DGRP_855	F	31
DGRP_855	F	21
DGRP_855	F	17
DGRP_855	M	31
DGRP_855	M	19
DGRP_855	M	3
DGRP_855	F	46
DGRP_855	F	45
DGRP_855	F	14
DGRP_855	M	45
DGRP_855	M	31
DGRP_855	M	19
DGRP_855	F	45
DGRP_855	F	41
DGRP_855	F	24
DGRP_855	M	45
DGRP_855	M	42
DGRP_855	M	39
DGRP_855	F	47
DGRP_855	F	46
DGRP_855	F	45
DGRP_855	M	45
DGRP_855	M	39
DGRP_855	M	17
DGRP_855	F	45
DGRP_855	F	45
DGRP_855	F	42
DGRP_855	M	49
DGRP_855	M	45
DGRP_855	F	42
DGRP_855	F	3
DGRP_855	M	33
DGRP_855	M	25
DGRP_855	M	12
DGRP_855	F	38
DGRP_855	F	35
DGRP_855	F	19
DGRP_855	M	45
DGRP_855	M	45
DGRP_855	M	45
DGRP_855	F	54
DGRP_855	F	49
DGRP_855	F	28
DGRP_855	M	32
DGRP_855	M	31
DGRP_855	M	3
DGRP_855	F	45
DGRP_855	F	33
DGRP_855	F	32
DGRP_855	M	38
DGRP_855	M	24
DGRP_855	F	38
DGRP_855	F	38
DGRP_855	F	31
DGRP_855	M	38
DGRP_855	M	38
DGRP_855	M	33
DGRP_855	F	45
DGRP_855	F	35
DGRP_855	F	33
DGRP_855	M	45
DGRP_855	M	38
DGRP_855	F	38
DGRP_855	F	35
DGRP_855	F	33
DGRP_855	M	54
DGRP_855	M	10
DGRP_855	F	52
DGRP_855	F	52
DGRP_855	F	49
DGRP_857	M	33
DGRP_857	M	24
DGRP_857	M	19
DGRP_857	F	33
DGRP_857	F	26
DGRP_857	F	17
DGRP_857	M	31
DGRP_857	M	31
DGRP_857	M	24
DGRP_857	F	31
DGRP_857	F	31
DGRP_857	F	31
DGRP_857	M	38
DGRP_857	M	34
DGRP_857	M	28
DGRP_857	F	31
DGRP_857	F	31
DGRP_857	F	26
DGRP_857	M	28
DGRP_857	M	24
DGRP_857	M	4
DGRP_857	F	41
DGRP_857	F	31
DGRP_857	F	24
DGRP_857	M	31
DGRP_857	M	24
DGRP_857	M	24
DGRP_857	F	31
DGRP_857	F	24
DGRP_857	F	24
DGRP_857	M	35
DGRP_857	M	31
DGRP_857	M	10
DGRP_857	F	38
DGRP_857	F	28
DGRP_857	F	20
DGRP_857	M	38
DGRP_857	M	21
DGRP_857	M	18
DGRP_857	F	38
DGRP_857	F	24
DGRP_857	F	17
DGRP_857	M	38
DGRP_857	M	24
DGRP_857	M	24
DGRP_857	F	38
DGRP_857	F	17
DGRP_857	F	10
DGRP_857	M	38
DGRP_857	M	38
DGRP_857	M	28
DGRP_857	F	31
DGRP_857	F	28
DGRP_857	F	24
DGRP_857	M	40
DGRP_857	M	31
DGRP_857	M	24
DGRP_857	F	31
DGRP_857	F	24
DGRP_857	M	38
DGRP_857	M	28
DGRP_857	F	33
DGRP_857	F	31
DGRP_857	F	24
DGRP_857	M	28
DGRP_857	M	26
DGRP_857	M	24
DGRP_857	F	28
DGRP_857	F	28
DGRP_857	F	20
DGRP_857	M	38
DGRP_857	M	38
DGRP_857	M	21
DGRP_857	F	28
DGRP_857	F	33
DGRP_857	F	20
DGRP_857	M	33
DGRP_857	M	33
DGRP_857	M	31
DGRP_857	F	35
DGRP_857	F	34
DGRP_857	F	17
DGRP_857	M	35
DGRP_857	M	35
DGRP_857	F	38
DGRP_857	F	28
DGRP_857	M	31
DGRP_857	M	28
DGRP_857	M	26
DGRP_857	F	28
DGRP_857	F	26
DGRP_857	F	24
DGRP_857	M	28
DGRP_857	M	28
DGRP_857	M	24
DGRP_857	F	34
DGRP_857	F	21
DGRP_857	F	17
DGRP_857	M	33
DGRP_857	M	33
DGRP_857	M	33
DGRP_857	F	35
DGRP_857	F	33
DGRP_857	F	24
DGRP_857	M	31
DGRP_857	M	31
DGRP_857	M	31
DGRP_857	F	34
DGRP_857	F	25
DGRP_857	F	20
DGRP_857	M	33
DGRP_857	M	21
DGRP_857	F	31
DGRP_857	F	24
DGRP_857	M	31
DGRP_857	M	31
DGRP_857	F	33
DGRP_857	F	33
DGRP_857	M	38
DGRP_857	M	35
DGRP_857	M	24
DGRP_857	F	40
DGRP_857	F	34
DGRP_857	F	24
DGRP_861	M	28
DGRP_861	M	28
DGRP_861	M	17
DGRP_861	F	28
DGRP_861	F	24
DGRP_861	F	5
DGRP_861	M	33
DGRP_861	M	32
DGRP_861	M	28
DGRP_861	F	19
DGRP_861	F	4
DGRP_861	M	45
DGRP_861	M	4
DGRP_861	M	4
DGRP_861	F	45
DGRP_861	F	45
DGRP_861	F	42
DGRP_861	M	38
DGRP_861	M	4
DGRP_861	F	38
DGRP_861	F	4
DGRP_861	M	31
DGRP_861	M	10
DGRP_861	M	4
DGRP_861	F	31
DGRP_861	F	28
DGRP_861	F	4
DGRP_861	M	45
DGRP_861	M	35
DGRP_861	F	31
DGRP_861	F	31
DGRP_861	F	28
DGRP_861	M	38
DGRP_861	M	38
DGRP_861	M	4
DGRP_861	F	38
DGRP_861	F	24
DGRP_861	F	4
DGRP_861	M	28
DGRP_861	M	5
DGRP_861	M	5
DGRP_861	F	17
DGRP_861	F	4
DGRP_861	F	4
DGRP_861	M	4
DGRP_861	M	4
DGRP_861	M	4
DGRP_861	F	10
DGRP_861	F	4
DGRP_861	F	4
DGRP_861	M	42
DGRP_861	M	42
DGRP_861	M	35
DGRP_861	F	37
DGRP_861	F	37
DGRP_861	M	42
DGRP_861	M	31
DGRP_861	M	31
DGRP_861	F	39
DGRP_861	F	35
DGRP_861	F	17
DGRP_861	M	42
DGRP_861	M	42
DGRP_861	M	28
DGRP_861	F	37
DGRP_861	F	35
DGRP_861	F	28
DGRP_861	M	35
DGRP_861	M	34
DGRP_861	F	35
DGRP_861	F	34
DGRP_861	F	4
DGRP_861	M	35
DGRP_861	M	33
DGRP_861	F	33
DGRP_861	F	33
DGRP_861	F	4
DGRP_861	M	38
DGRP_861	M	38
DGRP_861	M	3
DGRP_861	F	40
DGRP_861	F	40
DGRP_861	F	40
DGRP_861	M	38
DGRP_861	M	33
DGRP_861	M	3
DGRP_861	F	40
DGRP_861	F	40
DGRP_861	F	40
DGRP_861	M	33
DGRP_861	M	7
DGRP_861	F	38
DGRP_861	F	38
DGRP_861	F	35
DGRP_861	M	24
DGRP_861	M	3
DGRP_861	M	3
DGRP_861	F	38
DGRP_861	F	28
DGRP_861	F	4
DGRP_861	M	31
DGRP_861	M	24
DGRP_861	M	24
DGRP_861	F	31
DGRP_861	F	28
DGRP_861	F	17
DGRP_861	M	26
DGRP_861	M	19
DGRP_861	M	10
DGRP_861	F	31
DGRP_861	F	11
DGRP_861	F	3
DGRP_861	M	38
DGRP_861	M	24
DGRP_861	M	3
DGRP_861	F	38
DGRP_861	F	11
DGRP_861	F	3
DGRP_861	M	21
DGRP_861	M	16
DGRP_861	M	11
DGRP_861	F	37
DGRP_861	F	35
DGRP_861	F	21
DGRP_861	M	42
DGRP_861	M	42
DGRP_861	M	23
DGRP_861	F	42
DGRP_861	F	39
DGRP_861	F	14
DGRP_861	M	42
DGRP_861	M	42
DGRP_861	M	35
DGRP_861	F	37
DGRP_861	F	35
DGRP_861	F	21
DGRP_879	M	52
DGRP_879	M	39
DGRP_879	M	38
DGRP_879	F	45
DGRP_879	F	42
DGRP_879	F	40
DGRP_879	M	38
DGRP_879	M	38
DGRP_879	M	24
DGRP_879	F	47
DGRP_879	F	47
DGRP_879	F	38
DGRP_879	M	47
DGRP_879	M	38
DGRP_879	M	38
DGRP_879	F	47
DGRP_879	F	41
DGRP_879	F	10
DGRP_879	M	40
DGRP_879	M	35
DGRP_879	M	31
DGRP_879	F	48
DGRP_879	F	33
DGRP_879	M	49
DGRP_879	M	42
DGRP_879	M	33
DGRP_879	F	49
DGRP_879	F	48
DGRP_879	F	45
DGRP_879	M	45
DGRP_879	M	45
DGRP_879	M	39
DGRP_879	F	47
DGRP_879	F	38
DGRP_879	F	19
DGRP_879	M	42
DGRP_879	M	40
DGRP_879	M	31
DGRP_879	F	47
DGRP_879	F	45
DGRP_879	F	38
DGRP_879	M	49
DGRP_879	M	31
DGRP_879	M	31
DGRP_879	F	48
DGRP_879	F	47
DGRP_879	M	33
DGRP_879	M	31
DGRP_879	M	31
DGRP_879	F	49
DGRP_879	F	45
DGRP_879	F	31
DGRP_879	M	52
DGRP_879	M	42
DGRP_879	M	31
DGRP_879	F	39
DGRP_879	F	38
DGRP_879	F	38
DGRP_879	M	42
DGRP_879	M	24
DGRP_879	M	10
DGRP_879	F	45
DGRP_879	F	45
DGRP_879	F	45
DGRP_879	M	38
DGRP_879	M	35
DGRP_879	M	26
DGRP_879	F	38
DGRP_879	F	38
DGRP_879	F	35
DGRP_879	M	42
DGRP_879	M	38
DGRP_879	M	19
DGRP_879	F	45
DGRP_879	F	45
DGRP_879	M	35
DGRP_879	M	35
DGRP_879	M	33
DGRP_879	F	49
DGRP_879	F	38
DGRP_879	F	20
DGRP_879	M	27
DGRP_879	M	6
DGRP_879	F	52
DGRP_879	F	46
DGRP_879	F	38
DGRP_879	M	47
DGRP_879	M	41
DGRP_879	F	42
DGRP_879	F	40
DGRP_879	M	31
DGRP_879	M	28
DGRP_879	M	28
DGRP_879	F	49
DGRP_879	F	45
DGRP_879	M	35
DGRP_879	M	17
DGRP_879	M	7
DGRP_879	F	49
DGRP_879	F	38
DGRP_879	M	38
DGRP_879	M	31
DGRP_879	M	28
DGRP_879	F	38
DGRP_879	F	38
DGRP_879	F	31
DGRP_879	M	40
DGRP_879	M	32
DGRP_879	M	26
DGRP_879	F	45
DGRP_879	F	42
DGRP_879	F	42
DGRP_879	M	49
DGRP_879	M	38
DGRP_879	M	24
DGRP_879	F	49
DGRP_879	F	42
DGRP_879	F	42
DGRP_879	M	41
DGRP_879	M	41
DGRP_879	M	31
DGRP_879	F	42
DGRP_879	F	38
DGRP_879	F	35
DGRP_879	M	35
DGRP_879	M	33
DGRP_879	M	32
DGRP_879	F	45
DGRP_879	F	38
DGRP_879	F	19
DGRP_882	M	52
DGRP_882	M	19
DGRP_882	F	24
DGRP_882	F	17
DGRP_882	F	14
DGRP_882	M	26
DGRP_882	M	24
DGRP_882	F	40
DGRP_882	F	38
DGRP_882	F	24
DGRP_882	M	48
DGRP_882	M	10
DGRP_882	M	6
DGRP_882	F	17
DGRP_882	F	14
DGRP_882	F	3
DGRP_882	M	42
DGRP_882	M	17
DGRP_882	F	35
DGRP_882	F	14
DGRP_882	F	5
DGRP_882	M	31
DGRP_882	M	31
DGRP_882	M	31
DGRP_882	F	38
DGRP_882	F	33
DGRP_882	F	31
DGRP_882	M	33
DGRP_882	M	32
DGRP_882	M	19
DGRP_882	F	38
DGRP_882	F	31
DGRP_882	F	24
DGRP_882	M	45
DGRP_882	M	33
DGRP_882	M	31
DGRP_882	F	11
DGRP_882	F	10
DGRP_882	F	5
DGRP_882	M	31
DGRP_882	M	31
DGRP_882	M	31
DGRP_882	F	40
DGRP_882	F	26
DGRP_882	F	4
DGRP_882	M	49
DGRP_882	M	35
DGRP_882	M	17
DGRP_882	F	33
DGRP_882	F	32
DGRP_882	F	28
DGRP_882	M	31
DGRP_882	M	10
DGRP_882	F	45
DGRP_882	F	33
DGRP_882	F	17
DGRP_882	M	28
DGRP_882	M	31
DGRP_882	M	12
DGRP_882	F	38
DGRP_882	F	33
DGRP_882	F	31
DGRP_882	M	31
DGRP_882	M	28
DGRP_882	M	26
DGRP_882	F	33
DGRP_882	F	28
DGRP_882	F	10
DGRP_882	M	28
DGRP_882	M	24
DGRP_882	M	21
DGRP_882	F	38
DGRP_882	F	27
DGRP_882	F	24
DGRP_882	M	31
DGRP_882	M	31
DGRP_882	M	21
DGRP_882	F	33
DGRP_882	F	33
DGRP_882	F	28
DGRP_882	M	31
DGRP_882	M	24
DGRP_882	M	21
DGRP_882	F	33
DGRP_882	F	21
DGRP_882	M	33
DGRP_882	M	28
DGRP_882	M	28
DGRP_882	F	33
DGRP_882	F	24
DGRP_882	F	5
DGRP_882	M	33
DGRP_882	M	31
DGRP_882	M	31
DGRP_882	F	35
DGRP_882	F	24
DGRP_882	F	3
DGRP_882	M	28
DGRP_882	M	28
DGRP_882	M	26
DGRP_882	F	38
DGRP_882	F	38
DGRP_882	F	28
DGRP_882	M	31
DGRP_882	M	6
DGRP_882	M	3
DGRP_882	F	35
DGRP_882	F	21
DGRP_882	M	24
DGRP_882	M	19
DGRP_882	F	38
DGRP_882	F	21
DGRP_882	F	3
DGRP_882	M	35
DGRP_882	M	17
DGRP_882	M	17
DGRP_882	F	31
DGRP_882	F	28
DGRP_882	F	7
DGRP_882	M	31
DGRP_882	M	31
DGRP_882	M	24
DGRP_882	F	35
DGRP_882	F	24
DGRP_884	M	24
DGRP_884	M	24
DGRP_884	M	19
DGRP_884	F	24
DGRP_884	F	19
DGRP_884	F	17
DGRP_884	M	24
DGRP_884	M	24
DGRP_884	M	17
DGRP_884	F	24
DGRP_884	F	21
DGRP_884	F	3
DGRP_884	M	31
DGRP_884	M	28
DGRP_884	M	21
DGRP_884	F	38
DGRP_884	F	33
DGRP_884	F	24
DGRP_884	M	35
DGRP_884	M	31
DGRP_884	M	24
DGRP_884	F	38
DGRP_884	F	7
DGRP_884	F	5
DGRP_884	M	45
DGRP_884	M	21
DGRP_884	M	17
DGRP_884	F	31
DGRP_884	F	21
DGRP_884	F	17
DGRP_884	M	28
DGRP_884	M	24
DGRP_884	F	31
DGRP_884	F	17
DGRP_884	F	10
DGRP_884	M	54
DGRP_884	M	52
DGRP_884	M	28
DGRP_884	F	31
DGRP_884	F	19
DGRP_884	F	17
DGRP_884	M	33
DGRP_884	M	24
DGRP_884	F	33
DGRP_884	F	31
DGRP_884	F	24
DGRP_884	M	45
DGRP_884	M	24
DGRP_884	F	26
DGRP_884	F	26
DGRP_884	F	24
DGRP_884	M	28
DGRP_884	M	24
DGRP_884	M	21
DGRP_884	F	28
DGRP_884	F	24
DGRP_884	F	24
DGRP_884	M	52
DGRP_884	M	24
DGRP_884	M	17
DGRP_884	F	24
DGRP_884	F	20
DGRP_884	F	17
DGRP_884	M	24
DGRP_884	M	24
DGRP_884	M	14
DGRP_884	F	35
DGRP_884	F	24
DGRP_884	F	21
DGRP_884	M	24
DGRP_884	M	14
DGRP_884	F	31
DGRP_884	F	17
DGRP_884	F	14
DGRP_884	M	31
DGRP_884	M	24
DGRP_884	M	21
DGRP_884	F	24
DGRP_884	F	24
DGRP_884	F	19
DGRP_884	M	26
DGRP_884	M	24
DGRP_884	M	19
DGRP_884	F	38
DGRP_884	F	28
DGRP_884	F	24
DGRP_884	M	31
DGRP_884	M	24
DGRP_884	M	21
DGRP_884	F	31
DGRP_884	F	28
DGRP_884	M	24
DGRP_884	M	24
DGRP_884	M	17
DGRP_884	F	24
DGRP_884	F	20
DGRP_884	F	18
DGRP_884	M	38
DGRP_884	M	20
DGRP_884	F	33
DGRP_884	F	24
DGRP_884	F	21
DGRP_884	M	24
DGRP_884	M	24
DGRP_884	M	24
DGRP_884	F	28
DGRP_884	F	24
DGRP_884	F	24
DGRP_884	M	45
DGRP_884	M	38
DGRP_884	M	24
DGRP_884	F	24
DGRP_884	F	20
DGRP_884	F	17
DGRP_884	M	24
DGRP_884	M	21
DGRP_884	M	20
DGRP_884	F	28
DGRP_884	F	17
DGRP_884	F	7
DGRP_884	M	24
DGRP_884	M	21
DGRP_884	M	17
DGRP_884	F	35
DGRP_884	F	28
DGRP_884	F	19
DGRP_884	M	31
DGRP_884	M	24
DGRP_884	M	21
DGRP_884	F	26
DGRP_884	F	24
DGRP_887	M	3
DGRP_887	M	3
DGRP_887	M	3
DGRP_887	F	17
DGRP_887	F	3
DGRP_887	F	3
DGRP_887	M	28
DGRP_887	M	17
DGRP_887	M	3
DGRP_887	F	17
DGRP_887	F	3
DGRP_887	F	3
DGRP_887	M	17
DGRP_887	M	17
DGRP_887	M	17
DGRP_887	F	24
DGRP_887	F	17
DGRP_887	F	14
DGRP_887	M	3
DGRP_887	M	3
DGRP_887	M	3
DGRP_887	F	14
DGRP_887	F	10
DGRP_887	F	10
DGRP_887	M	17
DGRP_887	M	13
DGRP_887	M	3
DGRP_887	F	17
DGRP_887	F	3
DGRP_887	F	3
DGRP_887	M	17
DGRP_887	M	17
DGRP_887	M	3
DGRP_887	F	10
DGRP_887	F	6
DGRP_887	F	3
DGRP_887	M	19
DGRP_887	M	3
DGRP_887	F	5
DGRP_887	F	3
DGRP_887	M	11
DGRP_887	M	3
DGRP_887	M	3
DGRP_887	F	28
DGRP_887	F	10
DGRP_887	F	3
DGRP_887	M	12
DGRP_887	M	10
DGRP_887	M	3
DGRP_887	F	24
DGRP_887	F	17
DGRP_887	F	14
DGRP_887	M	28
DGRP_887	M	7
DGRP_887	M	3
DGRP_887	F	33
DGRP_887	F	3
DGRP_887	F	3
DGRP_887	M	3
DGRP_887	M	3
DGRP_887	M	3
DGRP_887	F	24
DGRP_887	F	4
DGRP_887	F	3
DGRP_887	M	19
DGRP_887	M	6
DGRP_887	M	3
DGRP_887	F	19
DGRP_887	F	3
DGRP_887	M	24
DGRP_887	M	10
DGRP_887	M	3
DGRP_887	F	14
DGRP_887	F	10
DGRP_887	F	10
DGRP_887	M	17
DGRP_887	M	4
DGRP_887	M	4
DGRP_887	F	17
DGRP_887	F	17
DGRP_887	F	10
DGRP_887	M	3
DGRP_887	M	3
DGRP_887	M	3
DGRP_887	F	24
DGRP_887	F	17
DGRP_887	F	3
DGRP_887	M	24
DGRP_887	M	3
DGRP_887	M	3
DGRP_887	F	3
DGRP_887	F	3
DGRP_887	F	3
DGRP_887	M	17
DGRP_887	M	3
DGRP_887	M	3
DGRP_887	F	24
DGRP_887	F	17
DGRP_887	F	14
DGRP_887	M	3
DGRP_887	M	3
DGRP_887	F	5
DGRP_887	F	3
DGRP_887	F	3
DGRP_887	M	3
DGRP_887	M	3
DGRP_887	M	3
DGRP_887	F	14
DGRP_887	F	3
DGRP_887	F	3
DGRP_887	M	3
DGRP_887	M	3
DGRP_887	M	3
DGRP_887	F	24
DGRP_887	F	3
DGRP_887	F	3
DGRP_887	M	31
DGRP_887	M	14
DGRP_887	M	3
DGRP_887	F	24
DGRP_887	F	19
DGRP_887	F	3
DGRP_887	M	10
DGRP_887	M	3
DGRP_887	M	3
DGRP_887	F	28
DGRP_887	F	5
DGRP_887	F	3
DGRP_887	M	24
DGRP_887	M	3
DGRP_887	M	3
DGRP_887	F	10
DGRP_887	F	3
DGRP_887	F	3
DGRP_887	M	24
DGRP_887	M	24
DGRP_887	M	3
DGRP_887	F	14
DGRP_887	F	10
DGRP_890	M	12
DGRP_890	M	10
DGRP_890	M	3
DGRP_890	F	35
DGRP_890	F	31
DGRP_890	F	17
DGRP_890	M	26
DGRP_890	M	12
DGRP_890	M	10
DGRP_890	F	39
DGRP_890	F	31
DGRP_890	F	17
DGRP_890	M	19
DGRP_890	M	10
DGRP_890	M	5
DGRP_890	F	24
DGRP_890	F	21
DGRP_890	F	21
DGRP_890	M	26
DGRP_890	M	21
DGRP_890	M	17
DGRP_890	F	31
DGRP_890	F	26
DGRP_890	F	7
DGRP_890	M	28
DGRP_890	M	24
DGRP_890	M	5
DGRP_890	F	28
DGRP_890	F	26
DGRP_890	F	17
DGRP_890	M	19
DGRP_890	M	17
DGRP_890	F	21
DGRP_890	F	19
DGRP_890	M	17
DGRP_890	M	17
DGRP_890	M	17
DGRP_890	F	17
DGRP_890	F	17
DGRP_890	M	21
DGRP_890	M	17
DGRP_890	F	28
DGRP_890	F	24
DGRP_890	F	19
DGRP_890	M	19
DGRP_890	M	17
DGRP_890	M	12
DGRP_890	F	28
DGRP_890	F	25
DGRP_890	F	17
DGRP_890	M	24
DGRP_890	M	19
DGRP_890	M	17
DGRP_890	F	24
DGRP_890	F	21
DGRP_890	F	19
DGRP_890	M	24
DGRP_890	M	24
DGRP_890	F	28
DGRP_890	F	28
DGRP_890	F	25
DGRP_890	M	21
DGRP_890	M	19
DGRP_890	M	17
DGRP_890	F	19
DGRP_890	F	17
DGRP_890	F	7
DGRP_890	M	25
DGRP_890	M	17
DGRP_890	M	17
DGRP_890	F	21
DGRP_890	F	17
DGRP_890	F	17
DGRP_890	M	20
DGRP_890	M	14
DGRP_890	M	5
DGRP_890	F	24
DGRP_890	F	21
DGRP_890	M	26
DGRP_890	M	12
DGRP_890	M	10
DGRP_890	F	40
DGRP_890	F	26
DGRP_890	F	3
DGRP_890	M	24
DGRP_890	M	10
DGRP_890	M	7
DGRP_890	F	38
DGRP_890	F	31
DGRP_890	M	17
DGRP_890	M	5
DGRP_890	M	3
DGRP_890	F	34
DGRP_890	F	24
DGRP_890	M	17
DGRP_890	M	17
DGRP_890	M	14
DGRP_890	F	24
DGRP_890	F	24
DGRP_890	F	19
DGRP_890	M	31
DGRP_890	M	10
DGRP_890	M	10
DGRP_890	F	35
DGRP_890	F	28
DGRP_890	F	24
DGRP_890	M	28
DGRP_890	M	21
DGRP_890	M	14
DGRP_890	F	21
DGRP_890	F	17
DGRP_890	M	28
DGRP_890	M	25
DGRP_890	F	29
DGRP_890	F	21
DGRP_890	M	30
DGRP_890	M	28
DGRP_890	M	24
DGRP_890	F	28
DGRP_890	F	28
DGRP_890	F	18
DGRP_890	M	23
DGRP_890	M	21
DGRP_890	F	28
DGRP_890	F	21
DGRP_890	F	9
DGRP_892	M	38
DGRP_892	M	33
DGRP_892	F	38
DGRP_892	F	28
DGRP_892	F	17
DGRP_892	M	52
DGRP_892	M	41
DGRP_892	M	24
DGRP_892	F	45
DGRP_892	F	10
DGRP_892	F	3
DGRP_892	M	46
DGRP_892	M	34
DGRP_892	M	19
DGRP_892	F	41
DGRP_892	F	33
DGRP_892	F	31
DGRP_892	M	26
DGRP_892	M	10
DGRP_892	M	7
DGRP_892	F	41
DGRP_892	F	31
DGRP_892	M	45
DGRP_892	M	38
DGRP_892	M	38
DGRP_892	F	38
DGRP_892	F	24
DGRP_892	F	17
DGRP_892	M	38
DGRP_892	M	35
DGRP_892	F	35
DGRP_892	F	31
DGRP_892	F	28
DGRP_892	M	35
DGRP_892	M	24
DGRP_892	M	3
DGRP_892	F	28
DGRP_892	F	24
DGRP_892	F	24
DGRP_892	M	31
DGRP_892	M	10
DGRP_892	F	31
DGRP_892	F	24
DGRP_892	F	24
DGRP_892	M	32
DGRP_892	M	28
DGRP_892	M	26
DGRP_892	F	45
DGRP_892	F	38
DGRP_892	F	26
DGRP_892	M	42
DGRP_892	M	34
DGRP_892	M	21
DGRP_892	F	45
DGRP_892	F	45
DGRP_892	F	31
DGRP_892	M	46
DGRP_892	M	42
DGRP_892	M	40
DGRP_892	F	45
DGRP_892	F	38
DGRP_892	F	35
DGRP_892	M	17
DGRP_892	M	4
DGRP_892	M	4
DGRP_892	F	42
DGRP_892	F	25
DGRP_892	F	17
DGRP_892	M	31
DGRP_892	M	17
DGRP_892	M	10
DGRP_892	F	34
DGRP_892	F	31
DGRP_892	F	28
DGRP_892	M	45
DGRP_892	M	28
DGRP_892	M	3
DGRP_892	F	17
DGRP_892	F	3
DGRP_892	M	52
DGRP_892	M	31
DGRP_892	M	24
DGRP_892	F	38
DGRP_892	F	21
DGRP_892	F	10
DGRP_892	M	45
DGRP_892	M	39
DGRP_892	M	38
DGRP_892	F	40
DGRP_892	F	10
DGRP_892	M	31
DGRP_892	M	28
DGRP_892	M	28
DGRP_892	F	31
DGRP_892	F	26
DGRP_892	F	5
DGRP_892	M	38
DGRP_892	M	24
DGRP_892	M	3
DGRP_892	F	39
DGRP_892	F	31
DGRP_892	F	31
DGRP_892	M	33
DGRP_892	M	10
DGRP_892	M	3
DGRP_892	F	42
DGRP_892	F	42
DGRP_892	F	28
DGRP_892	M	24
DGRP_892	M	17
DGRP_892	F	41
DGRP_892	F	38
DGRP_892	F	10
DGRP_892	M	35
DGRP_892	M	17
DGRP_892	F	33
DGRP_892	F	31
DGRP_892	F	19
DGRP_892	M	47
DGRP_892	M	41
DGRP_892	M	34
DGRP_892	F	52
DGRP_892	F	34
DGRP_892	F	31
DGRP_892	M	31
DGRP_892	M	17
DGRP_892	M	10
DGRP_892	F	52
DGRP_892	F	42
DGRP_892	F	35
DGRP_894	M	28
DGRP_894	M	17
DGRP_894	M	7
DGRP_894	F	33
DGRP_894	F	33
DGRP_894	M	45
DGRP_894	M	38
DGRP_894	M	28
DGRP_894	F	31
DGRP_894	F	18
DGRP_894	F	17
DGRP_894	M	31
DGRP_894	M	10
DGRP_894	F	34
DGRP_894	F	31
DGRP_894	F	12
DGRP_894	M	45
DGRP_894	M	24
DGRP_894	F	38
DGRP_894	F	34
DGRP_894	F	34
DGRP_894	M	38
DGRP_894	M	24
DGRP_894	M	17
DGRP_894	F	24
DGRP_894	F	24
DGRP_894	F	10
DGRP_894	M	31
DGRP_894	M	18
DGRP_894	M	11
DGRP_894	F	31
DGRP_894	F	24
DGRP_894	F	17
DGRP_894	M	31
DGRP_894	M	21
DGRP_894	M	10
DGRP_894	F	34
DGRP_894	F	33
DGRP_894	F	26
DGRP_894	M	31
DGRP_894	M	28
DGRP_894	M	25
DGRP_894	F	31
DGRP_894	F	31
DGRP_894	M	38
DGRP_894	M	35
DGRP_894	F	42
DGRP_894	F	38
DGRP_894	F	17
DGRP_894	M	35
DGRP_894	M	28
DGRP_894	F	31
DGRP_894	F	28
DGRP_894	F	17
DGRP_894	M	38
DGRP_894	M	31
DGRP_894	M	10
DGRP_894	F	45
DGRP_894	F	39
DGRP_894	F	5
DGRP_894	M	45
DGRP_894	M	33
DGRP_894	M	3
DGRP_894	F	38
DGRP_894	F	33
DGRP_894	F	31
DGRP_894	M	45
DGRP_894	M	42
DGRP_894	M	40
DGRP_894	F	42
DGRP_894	F	28
DGRP_894	M	31
DGRP_894	M	31
DGRP_894	M	25
DGRP_894	F	31
DGRP_894	F	31
DGRP_894	F	25
DGRP_894	M	45
DGRP_894	M	31
DGRP_894	M	28
DGRP_894	F	41
DGRP_894	F	34
DGRP_894	F	31
DGRP_894	M	31
DGRP_894	M	18
DGRP_894	F	42
DGRP_894	F	31
DGRP_894	F	28
DGRP_894	M	39
DGRP_894	M	31
DGRP_894	M	19
DGRP_894	F	35
DGRP_894	F	33
DGRP_894	F	18
DGRP_894	M	33
DGRP_894	M	28
DGRP_894	M	3
DGRP_894	F	38
DGRP_894	F	31
DGRP_894	F	28
DGRP_894	M	34
DGRP_894	M	33
DGRP_894	M	3
DGRP_894	F	40
DGRP_894	F	34
DGRP_894	F	31
DGRP_894	M	45
DGRP_894	M	45
DGRP_894	M	41
DGRP_894	F	38
DGRP_894	F	31
DGRP_894	F	14
DGRP_894	M	38
DGRP_894	M	31
DGRP_894	M	20
DGRP_894	F	31
DGRP_894	F	12
DGRP_894	F	3
DGRP_894	M	33
DGRP_894	M	33
DGRP_894	M	31
DGRP_894	F	38
DGRP_894	F	38
DGRP_894	F	17
DGRP_897	M	38
DGRP_897	M	25
DGRP_897	F	42
DGRP_897	F	38
DGRP_897	M	31
DGRP_897	M	28
DGRP_897	F	31
DGRP_897	F	18
DGRP_897	F	12
DGRP_897	M	33
DGRP_897	M	33
DGRP_897	M	20
DGRP_897	F	19
DGRP_897	F	12
DGRP_897	M	24
DGRP_897	M	19
DGRP_897	M	17
DGRP_897	F	38
DGRP_897	F	24
DGRP_897	F	24
DGRP_897	M	13
DGRP_897	M	3
DGRP_897	F	31
DGRP_897	F	24
DGRP_897	F	10
DGRP_897	M	17
DGRP_897	M	4
DGRP_897	F	34
DGRP_897	F	19
DGRP_897	F	14
DGRP_897	M	28
DGRP_897	M	17
DGRP_897	M	12
DGRP_897	F	33
DGRP_897	F	28
DGRP_897	F	13
DGRP_897	M	21
DGRP_897	M	17
DGRP_897	M	12
DGRP_897	F	38
DGRP_897	F	38
DGRP_897	F	38
DGRP_897	M	21
DGRP_897	M	21
DGRP_897	M	17
DGRP_897	F	38
DGRP_897	F	14
DGRP_897	F	3
DGRP_897	M	24
DGRP_897	M	24
DGRP_897	M	17
DGRP_897	F	33
DGRP_897	F	33
DGRP_897	F	32
DGRP_897	M	24
DGRP_897	M	24
DGRP_897	F	35
DGRP_897	F	31
DGRP_897	F	31
DGRP_897	M	17
DGRP_897	M	17
DGRP_897	M	12
DGRP_897	F	21
DGRP_897	F	19
DGRP_897	F	4
DGRP_897	M	24
DGRP_897	M	17
DGRP_897	M	17
DGRP_897	F	38
DGRP_897	F	14
DGRP_897	F	7
DGRP_897	M	38
DGRP_897	M	28
DGRP_897	M	10
DGRP_897	F	38
DGRP_897	F	33
DGRP_897	M	24
DGRP_897	M	24
DGRP_897	M	21
DGRP_897	F	38
DGRP_897	F	24
DGRP_897	F	21
DGRP_897	M	21
DGRP_897	M	19
DGRP_897	M	10
DGRP_897	F	24
DGRP_897	F	24
DGRP_897	F	21
DGRP_897	M	24
DGRP_897	M	14
DGRP_897	M	14
DGRP_897	F	38
DGRP_897	F	38
DGRP_897	F	32
DGRP_897	M	31
DGRP_897	M	24
DGRP_897	M	10
DGRP_897	F	33
DGRP_897	F	31
DGRP_897	F	3
DGRP_897	M	24
DGRP_897	M	21
DGRP_897	M	3
DGRP_897	F	24
DGRP_897	F	19
DGRP_897	F	19
DGRP_897	M	28
DGRP_897	M	17
DGRP_897	M	11
DGRP_897	F	31
DGRP_897	F	28
DGRP_897	F	3
DGRP_897	M	24
DGRP_897	M	24
DGRP_897	M	3
DGRP_897	F	38
DGRP_897	F	38
DGRP_897	F	18
DGRP_897	M	24
DGRP_897	M	24
DGRP_897	F	41
DGRP_897	F	39
DGRP_897	F	31
DGRP_900	M	33
DGRP_900	M	26
DGRP_900	M	24
DGRP_900	F	28
DGRP_900	F	25
DGRP_900	F	17
DGRP_900	M	32
DGRP_900	M	31
DGRP_900	M	21
DGRP_900	F	24
DGRP_900	F	24
DGRP_900	F	21
DGRP_900	M	33
DGRP_900	M	31
DGRP_900	M	31
DGRP_900	F	24
DGRP_900	F	17
DGRP_900	M	35
DGRP_900	M	35
DGRP_900	M	5
DGRP_900	F	21
DGRP_900	F	21
DGRP_900	F	17
DGRP_900	M	31
DGRP_900	M	24
DGRP_900	M	3
DGRP_900	F	31
DGRP_900	F	24
DGRP_900	F	19
DGRP_900	M	38
DGRP_900	M	35
DGRP_900	M	32
DGRP_900	F	31
DGRP_900	F	31
DGRP_900	F	28
DGRP_900	M	38
DGRP_900	M	31
DGRP_900	M	3
DGRP_900	F	38
DGRP_900	F	24
DGRP_900	F	20
DGRP_900	M	26
DGRP_900	M	24
DGRP_900	M	12
DGRP_900	F	31
DGRP_900	F	31
DGRP_900	F	31
DGRP_900	M	31
DGRP_900	M	31
DGRP_900	M	19
DGRP_900	F	28
DGRP_900	F	24
DGRP_900	F	24
DGRP_900	M	38
DGRP_900	M	38
DGRP_900	M	24
DGRP_900	F	33
DGRP_900	F	31
DGRP_900	F	20
DGRP_900	M	33
DGRP_900	M	33
DGRP_900	M	21
DGRP_900	F	19
DGRP_900	F	3
DGRP_900	M	45
DGRP_900	M	40
DGRP_900	M	28
DGRP_900	F	31
DGRP_900	F	26
DGRP_900	F	25
DGRP_900	M	47
DGRP_900	M	38
DGRP_900	M	3
DGRP_900	F	33
DGRP_900	F	12
DGRP_900	F	4
DGRP_900	M	33
DGRP_900	M	33
DGRP_900	M	3
DGRP_900	F	33
DGRP_900	F	31
DGRP_900	M	38
DGRP_900	M	33
DGRP_900	M	28
DGRP_900	F	31
DGRP_900	F	24
DGRP_900	F	19
DGRP_900	M	31
DGRP_900	M	28
DGRP_900	M	24
DGRP_900	F	35
DGRP_900	F	31
DGRP_900	F	31
DGRP_900	M	45
DGRP_900	M	31
DGRP_900	M	28
DGRP_900	F	31
DGRP_900	F	28
DGRP_900	F	24
DGRP_900	M	35
DGRP_900	M	28
DGRP_900	M	19
DGRP_900	F	38
DGRP_900	F	35
DGRP_900	F	35
DGRP_900	M	40
DGRP_900	M	24
DGRP_900	F	20
DGRP_900	F	17
DGRP_900	F	3
DGRP_900	M	35
DGRP_900	M	31
DGRP_900	M	31
DGRP_900	F	33
DGRP_900	F	33
DGRP_900	F	28
DGRP_900	M	28
DGRP_900	M	24
DGRP_900	M	24
DGRP_900	F	31
DGRP_900	F	24
DGRP_900	F	24
DGRP_900	M	45
DGRP_900	M	38
DGRP_900	M	31
DGRP_900	F	38
DGRP_900	F	33
DGRP_900	M	31
DGRP_900	M	31
DGRP_900	M	31
DGRP_900	F	38
DGRP_900	F	28
DGRP_900	F	28
DGRP_907	M	28
DGRP_907	M	12
DGRP_907	M	11
DGRP_907	F	31
DGRP_907	F	21
DGRP_907	M	24
DGRP_907	M	24
DGRP_907	M	17
DGRP_907	F	28
DGRP_907	F	28
DGRP_907	F	26
DGRP_907	M	31
DGRP_907	M	24
DGRP_907	M	24
DGRP_907	F	25
DGRP_907	F	24
DGRP_907	F	3
DGRP_907	M	24
DGRP_907	M	24
DGRP_907	M	21
DGRP_907	F	31
DGRP_907	F	24
DGRP_907	F	19
DGRP_907	M	28
DGRP_907	M	28
DGRP_907	M	17
DGRP_907	F	31
DGRP_907	F	31
DGRP_907	F	31
DGRP_907	M	24
DGRP_907	M	24
DGRP_907	M	19
DGRP_907	F	31
DGRP_907	F	24
DGRP_907	F	24
DGRP_907	M	25
DGRP_907	M	24
DGRP_907	M	24
DGRP_907	F	24
DGRP_907	F	24
DGRP_907	F	24
DGRP_907	M	25
DGRP_907	M	17
DGRP_907	F	34
DGRP_907	F	24
DGRP_907	F	18
DGRP_907	M	28
DGRP_907	M	21
DGRP_907	M	21
DGRP_907	F	28
DGRP_907	F	25
DGRP_907	F	21
DGRP_907	M	19
DGRP_907	M	17
DGRP_907	M	17
DGRP_907	F	31
DGRP_907	F	31
DGRP_907	F	31
DGRP_907	M	19
DGRP_907	M	17
DGRP_907	M	17
DGRP_907	F	24
DGRP_907	F	24
DGRP_907	M	24
DGRP_907	M	24
DGRP_907	M	17
DGRP_907	F	31
DGRP_907	F	26
DGRP_907	M	24
DGRP_907	M	3
DGRP_907	F	31
DGRP_907	F	28
DGRP_907	F	24
DGRP_907	M	31
DGRP_907	M	28
DGRP_907	M	21
DGRP_907	F	38
DGRP_907	F	31
DGRP_907	F	24
DGRP_907	M	24
DGRP_907	M	24
DGRP_907	M	24
DGRP_907	F	31
DGRP_907	F	24
DGRP_907	F	24
DGRP_907	M	24
DGRP_907	M	11
DGRP_907	M	3
DGRP_907	F	28
DGRP_907	F	24
DGRP_907	F	17
DGRP_907	M	24
DGRP_907	M	24
DGRP_907	M	19
DGRP_907	F	26
DGRP_907	F	25
DGRP_907	F	24
DGRP_907	M	24
DGRP_907	M	24
DGRP_907	M	11
DGRP_907	F	31
DGRP_907	F	31
DGRP_907	F	31
DGRP_907	M	24
DGRP_907	M	24
DGRP_907	M	7
DGRP_907	F	31
DGRP_907	F	24
DGRP_907	F	24
DGRP_907	M	24
DGRP_907	M	24
DGRP_907	M	24
DGRP_907	F	31
DGRP_907	F	28
DGRP_907	F	28
DGRP_907	M	24
DGRP_907	M	3
DGRP_907	F	31
DGRP_907	F	31
DGRP_907	F	10
DGRP_907	M	31
DGRP_907	M	24
DGRP_907	M	19
DGRP_907	F	21
DGRP_907	F	21
DGRP_907	F	19
DGRP_907	M	28
DGRP_907	M	19
DGRP_907	M	7
DGRP_907	F	28
DGRP_907	F	24
DGRP_907	F	24
DGRP_908	M	38
DGRP_908	M	38
DGRP_908	M	25
DGRP_908	F	45
DGRP_908	F	45
DGRP_908	M	45
DGRP_908	M	45
DGRP_908	M	17
DGRP_908	F	45
DGRP_908	F	38
DGRP_908	F	24
DGRP_908	M	45
DGRP_908	M	45
DGRP_908	M	39
DGRP_908	F	45
DGRP_908	F	45
DGRP_908	F	31
DGRP_908	M	41
DGRP_908	M	38
DGRP_908	M	17
DGRP_908	F	45
DGRP_908	F	42
DGRP_908	M	39
DGRP_908	M	38
DGRP_908	F	45
DGRP_908	F	42
DGRP_908	F	38
DGRP_908	M	38
DGRP_908	M	31
DGRP_908	M	17
DGRP_908	F	45
DGRP_908	F	28
DGRP_908	M	45
DGRP_908	M	38
DGRP_908	F	45
DGRP_908	F	45
DGRP_908	F	45
DGRP_908	M	45
DGRP_908	M	42
DGRP_908	M	38
DGRP_908	F	45
DGRP_908	F	38
DGRP_908	F	19
DGRP_908	M	39
DGRP_908	M	38
DGRP_908	F	45
DGRP_908	F	45
DGRP_908	F	31
DGRP_908	M	39
DGRP_908	M	38
DGRP_908	F	45
DGRP_908	F	38
DGRP_908	F	38
DGRP_908	M	41
DGRP_908	M	33
DGRP_908	M	31
DGRP_908	F	45
DGRP_908	F	33
DGRP_908	F	32
DGRP_908	M	39
DGRP_908	M	38
DGRP_908	M	31
DGRP_908	F	45
DGRP_908	F	35
DGRP_908	F	17
DGRP_908	M	38
DGRP_908	M	38
DGRP_908	F	45
DGRP_908	F	38
DGRP_908	F	33
DGRP_908	M	45
DGRP_908	M	39
DGRP_908	M	39
DGRP_908	F	45
DGRP_908	F	42
DGRP_908	M	41
DGRP_908	M	39
DGRP_908	M	38
DGRP_908	F	45
DGRP_908	F	38
DGRP_908	F	38
DGRP_908	M	45
DGRP_908	M	45
DGRP_908	M	25
DGRP_908	F	35
DGRP_908	F	33
DGRP_908	F	33
DGRP_908	M	38
DGRP_908	M	38
DGRP_908	M	26
DGRP_908	F	40
DGRP_908	F	38
DGRP_908	F	17
DGRP_908	M	45
DGRP_908	M	34
DGRP_908	F	45
DGRP_908	F	45
DGRP_908	F	38
DGRP_908	M	48
DGRP_908	M	17
DGRP_908	F	45
DGRP_908	F	31
DGRP_908	M	49
DGRP_908	M	40
DGRP_908	M	38
DGRP_908	F	31
DGRP_908	F	28
DGRP_908	F	17
DGRP_908	M	35
DGRP_908	M	28
DGRP_908	M	25
DGRP_908	F	38
DGRP_908	F	38
DGRP_908	F	35
DGRP_908	M	38
DGRP_908	M	38
DGRP_908	M	31
DGRP_908	F	38
DGRP_908	F	34
DGRP_908	F	31
DGRP_911	M	17
DGRP_911	M	17
DGRP_911	M	10
DGRP_911	F	24
DGRP_911	F	17
DGRP_911	F	13
DGRP_911	M	17
DGRP_911	M	12
DGRP_911	F	24
DGRP_911	F	21
DGRP_911	F	10
DGRP_911	M	17
DGRP_911	M	12
DGRP_911	M	10
DGRP_911	F	31
DGRP_911	F	24
DGRP_911	F	21
DGRP_911	M	17
DGRP_911	M	10
DGRP_911	M	5
DGRP_911	F	28
DGRP_911	F	21
DGRP_911	F	17
DGRP_911	M	19
DGRP_911	M	17
DGRP_911	M	17
DGRP_911	F	24
DGRP_911	F	24
DGRP_911	F	24
DGRP_911	M	19
DGRP_911	M	17
DGRP_911	M	14
DGRP_911	F	26
DGRP_911	F	24
DGRP_911	F	13
DGRP_911	M	19
DGRP_911	M	19
DGRP_911	M	17
DGRP_911	F	20
DGRP_911	F	19
DGRP_911	F	19
DGRP_911	M	17
DGRP_911	M	12
DGRP_911	F	20
DGRP_911	F	18
DGRP_911	F	13
DGRP_911	M	21
DGRP_911	M	19
DGRP_911	M	14
DGRP_911	F	21
DGRP_911	F	20
DGRP_911	F	17
DGRP_911	M	17
DGRP_911	M	17
DGRP_911	M	14
DGRP_911	F	20
DGRP_911	F	20
DGRP_911	F	10
DGRP_911	M	21
DGRP_911	M	19
DGRP_911	M	12
DGRP_911	F	17
DGRP_911	F	14
DGRP_911	M	14
DGRP_911	M	10
DGRP_911	M	10
DGRP_911	F	24
DGRP_911	F	21
DGRP_911	F	17
DGRP_911	M	17
DGRP_911	M	17
DGRP_911	F	24
DGRP_911	F	24
DGRP_911	F	10
DGRP_911	M	19
DGRP_911	M	14
DGRP_911	M	10
DGRP_911	F	26
DGRP_911	F	24
DGRP_911	F	14
DGRP_911	M	24
DGRP_911	M	17
DGRP_911	F	17
DGRP_911	F	17
DGRP_911	M	19
DGRP_911	M	18
DGRP_911	M	17
DGRP_911	F	24
DGRP_911	F	14
DGRP_911	M	17
DGRP_911	M	12
DGRP_911	M	12
DGRP_911	F	19
DGRP_911	F	19
DGRP_911	F	18
DGRP_911	M	10
DGRP_911	M	10
DGRP_911	F	19
DGRP_911	F	19
DGRP_911	F	19
DGRP_911	M	24
DGRP_911	M	12
DGRP_911	M	3
DGRP_911	F	31
DGRP_911	F	21
DGRP_911	M	24
DGRP_911	M	24
DGRP_911	M	17
DGRP_911	F	24
DGRP_911	F	24
DGRP_911	F	17
DGRP_911	M	24
DGRP_911	M	24
DGRP_911	F	21
DGRP_911	F	19
DGRP_911	M	17
DGRP_911	M	10
DGRP_911	M	10
DGRP_911	F	17
DGRP_911	F	21
DGRP_911	F	12
DGRP_911	M	19
DGRP_911	M	17
DGRP_911	F	19
DGRP_911	F	17
DGRP_913	M	45
DGRP_913	M	38
DGRP_913	M	3
DGRP_913	F	26
DGRP_913	F	24
DGRP_913	M	45
DGRP_913	M	33
DGRP_913	M	31
DGRP_913	F	42
DGRP_913	F	18
DGRP_913	M	52
DGRP_913	M	45
DGRP_913	M	19
DGRP_913	F	42
DGRP_913	F	40
DGRP_913	F	38
DGRP_913	M	38
DGRP_913	M	32
DGRP_913	F	45
DGRP_913	F	45
DGRP_913	F	32
DGRP_913	M	45
DGRP_913	M	42
DGRP_913	M	33
DGRP_913	F	38
DGRP_913	F	31
DGRP_913	M	45
DGRP_913	M	42
DGRP_913	M	3
DGRP_913	F	42
DGRP_913	F	34
DGRP_913	F	33
DGRP_913	M	45
DGRP_913	M	34
DGRP_913	M	34
DGRP_913	F	42
DGRP_913	F	38
DGRP_913	F	34
DGRP_913	M	41
DGRP_913	M	38
DGRP_913	M	21
DGRP_913	F	40
DGRP_913	F	28
DGRP_913	F	10
DGRP_913	M	52
DGRP_913	M	45
DGRP_913	M	39
DGRP_913	F	45
DGRP_913	F	31
DGRP_913	F	17
DGRP_913	M	38
DGRP_913	M	34
DGRP_913	M	31
DGRP_913	F	38
DGRP_913	F	35
DGRP_913	F	31
DGRP_913	M	45
DGRP_913	M	45
DGRP_913	M	33
DGRP_913	F	38
DGRP_913	F	35
DGRP_913	F	35
DGRP_913	M	47
DGRP_913	M	38
DGRP_913	M	17
DGRP_913	F	38
DGRP_913	F	17
DGRP_913	F	17
DGRP_913	M	45
DGRP_913	M	40
DGRP_913	M	31
DGRP_913	F	38
DGRP_913	F	38
DGRP_913	F	33
DGRP_913	M	45
DGRP_913	M	45
DGRP_913	M	18
DGRP_913	F	34
DGRP_913	F	32
DGRP_913	F	31
DGRP_913	M	45
DGRP_913	M	45
DGRP_913	M	38
DGRP_913	F	40
DGRP_913	F	32
DGRP_913	F	31
DGRP_913	M	38
DGRP_913	M	38
DGRP_913	F	38
DGRP_913	F	35
DGRP_913	F	3
DGRP_913	M	45
DGRP_913	M	13
DGRP_913	M	7
DGRP_913	F	41
DGRP_913	F	38
DGRP_913	M	45
DGRP_913	M	45
DGRP_913	M	45
DGRP_913	F	45
DGRP_913	F	45
DGRP_913	F	45
DGRP_913	M	17
DGRP_913	M	7
DGRP_913	F	33
DGRP_913	F	33
DGRP_913	F	33
DGRP_913	M	47
DGRP_913	M	38
DGRP_913	M	38
DGRP_913	F	47
DGRP_913	F	38
DGRP_913	F	28
DGRP_913	M	45
DGRP_913	M	38
DGRP_913	M	38
DGRP_913	F	42
DGRP_913	F	34
DGRP_913	F	31
DGRP_913	M	41
DGRP_913	M	38
DGRP_913	M	33
DGRP_913	F	38
DGRP_913	F	31
DGRP_913	F	17
DGRP_913	M	38
DGRP_913	M	17
DGRP_913	F	45
DGRP_913	F	41
DGRP_913	F	7
DGRP_913	M	38
DGRP_913	M	26
DGRP_913	M	24
DGRP_913	F	45
DGRP_913	F	38
DGRP_913	F	35
DGRP_721	M	31
DGRP_721	M	31
DGRP_721	M	31
DGRP_721	F	35
DGRP_721	F	28
DGRP_721	F	28
DGRP_721	M	35
DGRP_721	M	32
DGRP_721	M	32
DGRP_721	F	35
DGRP_721	F	35
DGRP_721	F	35
DGRP_721	M	16
DGRP_721	M	2
DGRP_721	M	1
DGRP_721	F	23
DGRP_721	F	18
DGRP_721	F	2
DGRP_721	M	35
DGRP_721	M	35
DGRP_721	M	35
DGRP_721	F	35
DGRP_721	F	35
DGRP_721	F	35
DGRP_721	M	35
DGRP_721	M	4
DGRP_721	M	2
DGRP_721	F	37
DGRP_721	F	35
DGRP_721	F	32
DGRP_721	M	35
DGRP_721	M	32
DGRP_721	F	35
DGRP_721	F	32
DGRP_721	M	28
DGRP_721	M	28
DGRP_721	M	2
DGRP_721	F	35
DGRP_721	F	35
DGRP_721	F	32
DGRP_721	M	21
DGRP_721	M	21
DGRP_721	F	35
DGRP_721	F	21
DGRP_721	F	7
DGRP_721	M	35
DGRP_721	M	2
DGRP_721	F	35
DGRP_721	F	35
DGRP_721	F	30
DGRP_721	M	30
DGRP_721	M	29
DGRP_721	M	25
DGRP_721	F	35
DGRP_721	F	30
DGRP_721	F	7
DGRP_721	M	35
DGRP_721	M	28
DGRP_721	F	39
DGRP_721	F	35
DGRP_721	F	35
DGRP_721	M	30
DGRP_721	M	23
DGRP_721	M	2
DGRP_721	F	39
DGRP_721	F	14
DGRP_721	F	11
DGRP_721	M	33
DGRP_721	M	31
DGRP_721	M	5
DGRP_721	F	38
DGRP_721	F	38
DGRP_721	F	38
DGRP_721	M	31
DGRP_721	M	26
DGRP_721	M	10
DGRP_721	F	38
DGRP_721	F	31
DGRP_721	F	3
DGRP_721	M	31
DGRP_721	M	28
DGRP_721	M	3
DGRP_721	F	31
DGRP_721	F	31
DGRP_721	F	3
DGRP_721	M	33
DGRP_721	M	31
DGRP_721	M	3
DGRP_721	F	40
DGRP_721	F	33
DGRP_721	F	31
DGRP_721	M	37
DGRP_721	M	35
DGRP_721	M	14
DGRP_721	F	37
DGRP_721	F	35
DGRP_721	F	35
DGRP_721	M	37
DGRP_721	M	37
DGRP_721	M	9
DGRP_721	F	42
DGRP_721	F	37
DGRP_721	F	37
DGRP_721	M	30
DGRP_721	M	30
DGRP_721	M	28
DGRP_721	F	37
DGRP_721	F	35
DGRP_721	F	35
DGRP_721	M	14
DGRP_721	M	1
DGRP_721	F	37
DGRP_721	F	35
DGRP_721	F	14
DGRP_721	M	30
DGRP_721	M	22
DGRP_721	F	35
DGRP_721	F	35
DGRP_721	F	30
DGRP_721	M	37
DGRP_721	M	25
DGRP_721	M	16
DGRP_721	F	35
DGRP_721	F	7
DGRP_721	F	3
DGRP_721	M	35
DGRP_721	M	28
DGRP_721	M	9
DGRP_721	F	36
DGRP_721	F	35
DGRP_721	F	1
DGRP_721	M	37
DGRP_721	M	36
DGRP_721	M	35
DGRP_721	F	39
DGRP_721	F	37
DGRP_721	F	32
