DGRP	sex	value
DGRP_021	F	78
DGRP_021	F	97
DGRP_021	M	57
DGRP_021	M	82
DGRP_021	M	90
DGRP_021	F	25
DGRP_021	F	88
DGRP_021	F	95
DGRP_021	M	95
DGRP_021	M	97
DGRP_021	M	123
DGRP_021	F	75
DGRP_021	F	95
DGRP_021	F	127
DGRP_021	M	83
DGRP_021	M	92
DGRP_021	F	53
DGRP_021	F	53
DGRP_021	F	92
DGRP_021	M	95
DGRP_021	M	120
DGRP_021	F	78
DGRP_021	F	82
DGRP_021	M	83
DGRP_021	M	92
DGRP_021	M	123
DGRP_021	F	95
DGRP_021	F	123
DGRP_021	F	127
DGRP_021	M	81
DGRP_021	M	83
DGRP_021	M	95
DGRP_021	F	85
DGRP_021	F	97
DGRP_021	M	85
DGRP_021	M	95
DGRP_021	F	13
DGRP_021	F	97
DGRP_021	M	25
DGRP_021	M	83
DGRP_021	M	137
DGRP_021	F	81
DGRP_021	F	92
DGRP_021	F	109
DGRP_021	M	53
DGRP_021	M	118
DGRP_021	M	126
DGRP_021	F	39
DGRP_021	F	75
DGRP_021	F	116
DGRP_021	M	118
DGRP_021	M	130
DGRP_021	F	92
DGRP_021	F	95
DGRP_021	F	95
DGRP_021	M	92
DGRP_021	M	92
DGRP_021	M	95
DGRP_021	F	109
DGRP_021	F	118
DGRP_021	F	124
DGRP_021	M	71
DGRP_021	M	124
DGRP_021	F	82
DGRP_021	F	139
DGRP_021	M	43
DGRP_021	M	82
DGRP_021	F	68
DGRP_021	F	90
DGRP_021	M	81
DGRP_021	M	82
DGRP_021	M	92
DGRP_021	F	60
DGRP_021	F	105
DGRP_021	M	68
DGRP_021	M	75
DGRP_021	M	75
DGRP_021	F	57
DGRP_021	F	78
DGRP_021	F	90
DGRP_021	M	53
DGRP_021	M	92
DGRP_021	M	92
DGRP_021	F	78
DGRP_021	F	90
DGRP_021	M	64
DGRP_021	M	76
DGRP_021	M	98
DGRP_021	F	99
DGRP_021	F	103
DGRP_021	F	109
DGRP_021	M	89
DGRP_021	M	96
DGRP_021	F	46
DGRP_021	F	67
DGRP_021	F	95
DGRP_021	M	64
DGRP_021	M	70
DGRP_021	M	96
DGRP_021	F	46
DGRP_021	F	56
DGRP_021	F	67
DGRP_021	M	12
DGRP_021	M	74
DGRP_021	M	116
DGRP_021	F	54
DGRP_021	F	84
DGRP_021	F	92
DGRP_021	M	103
DGRP_021	M	145
DGRP_021	F	64
DGRP_021	F	70
DGRP_021	F	76
DGRP_021	M	64
DGRP_021	M	81
DGRP_021	M	85
DGRP_021	F	75
DGRP_021	F	81
DGRP_021	F	83
DGRP_021	M	75
DGRP_021	M	82
DGRP_021	M	132
DGRP_021	F	12
DGRP_021	F	12
DGRP_021	F	82
DGRP_021	M	12
DGRP_021	M	78
DGRP_026	F	40
DGRP_026	F	41
DGRP_026	F	59
DGRP_026	M	53
DGRP_026	M	53
DGRP_026	M	56
DGRP_026	F	52
DGRP_026	F	52
DGRP_026	F	53
DGRP_026	M	40
DGRP_026	M	70
DGRP_026	M	89
DGRP_026	F	41
DGRP_026	F	48
DGRP_026	F	53
DGRP_026	M	53
DGRP_026	M	87
DGRP_026	M	94
DGRP_026	F	46
DGRP_026	F	46
DGRP_026	F	59
DGRP_026	M	70
DGRP_026	M	73
DGRP_026	F	45
DGRP_026	F	45
DGRP_026	F	46
DGRP_026	M	66
DGRP_026	M	70
DGRP_026	M	73
DGRP_026	F	27
DGRP_026	F	39
DGRP_026	F	52
DGRP_026	M	31
DGRP_026	M	31
DGRP_026	M	87
DGRP_026	F	56
DGRP_026	F	70
DGRP_026	F	87
DGRP_026	M	44
DGRP_026	M	52
DGRP_026	M	81
DGRP_026	F	45
DGRP_026	F	51
DGRP_026	M	53
DGRP_026	M	84
DGRP_026	M	91
DGRP_026	F	24
DGRP_026	F	63
DGRP_026	M	22
DGRP_026	M	46
DGRP_026	M	56
DGRP_026	F	49
DGRP_026	F	56
DGRP_026	F	58
DGRP_026	M	53
DGRP_026	M	57
DGRP_026	F	57
DGRP_026	F	98
DGRP_026	M	62
DGRP_026	M	77
DGRP_026	F	31
DGRP_026	F	45
DGRP_026	F	60
DGRP_026	M	53
DGRP_026	M	59
DGRP_026	M	62
DGRP_026	F	46
DGRP_026	F	60
DGRP_026	F	60
DGRP_026	M	56
DGRP_026	M	81
DGRP_026	M	83
DGRP_026	F	46
DGRP_026	F	46
DGRP_026	F	67
DGRP_026	M	49
DGRP_026	M	49
DGRP_026	M	53
DGRP_026	F	21
DGRP_026	F	60
DGRP_026	F	60
DGRP_026	M	60
DGRP_026	M	66
DGRP_026	F	63
DGRP_026	F	64
DGRP_026	F	73
DGRP_026	M	71
DGRP_026	M	71
DGRP_026	M	81
DGRP_026	F	37
DGRP_026	F	43
DGRP_026	F	56
DGRP_026	M	43
DGRP_026	M	78
DGRP_026	M	98
DGRP_026	F	57
DGRP_026	F	60
DGRP_026	F	80
DGRP_026	M	57
DGRP_026	M	64
DGRP_026	M	78
DGRP_026	F	43
DGRP_026	F	63
DGRP_026	F	70
DGRP_026	M	64
DGRP_026	M	70
DGRP_026	F	39
DGRP_026	F	67
DGRP_026	F	75
DGRP_026	M	96
DGRP_026	M	113
DGRP_026	M	120
DGRP_026	F	46
DGRP_026	F	46
DGRP_026	F	64
DGRP_026	M	46
DGRP_026	M	50
DGRP_026	M	62
DGRP_026	F	81
DGRP_026	F	83
DGRP_026	F	123
DGRP_026	M	61
DGRP_026	M	117
DGRP_028	F	123
DGRP_028	F	126
DGRP_028	F	126
DGRP_028	M	78
DGRP_028	M	134
DGRP_028	F	116
DGRP_028	F	126
DGRP_028	M	50
DGRP_028	M	124
DGRP_028	M	127
DGRP_028	F	22
DGRP_028	F	92
DGRP_028	F	95
DGRP_028	M	54
DGRP_028	M	145
DGRP_028	F	39
DGRP_028	F	116
DGRP_028	F	120
DGRP_028	M	97
DGRP_028	M	109
DGRP_028	M	112
DGRP_028	F	102
DGRP_028	F	118
DGRP_028	M	12
DGRP_028	M	104
DGRP_028	M	116
DGRP_028	F	68
DGRP_028	F	76
DGRP_028	F	85
DGRP_028	M	18
DGRP_028	M	34
DGRP_028	M	151
DGRP_028	F	44
DGRP_028	F	85
DGRP_028	F	105
DGRP_028	M	87
DGRP_028	M	88
DGRP_028	F	112
DGRP_028	F	112
DGRP_028	M	119
DGRP_028	M	161
DGRP_028	F	37
DGRP_028	F	93
DGRP_028	F	126
DGRP_028	M	32
DGRP_028	M	43
DGRP_028	F	94
DGRP_028	F	134
DGRP_028	F	140
DGRP_028	M	93
DGRP_028	M	105
DGRP_028	F	119
DGRP_028	F	140
DGRP_028	F	156
DGRP_028	M	42
DGRP_028	M	126
DGRP_028	F	25
DGRP_028	F	39
DGRP_028	F	96
DGRP_028	M	69
DGRP_028	M	69
DGRP_028	M	146
DGRP_028	F	98
DGRP_028	F	123
DGRP_028	F	124
DGRP_028	M	111
DGRP_028	M	123
DGRP_028	F	81
DGRP_028	F	139
DGRP_028	F	147
DGRP_028	M	43
DGRP_028	M	85
DGRP_028	M	88
DGRP_028	F	83
DGRP_028	F	116
DGRP_028	F	117
DGRP_028	M	5
DGRP_028	M	102
DGRP_028	M	138
DGRP_028	F	102
DGRP_028	F	144
DGRP_028	F	147
DGRP_028	M	88
DGRP_028	M	139
DGRP_028	F	5
DGRP_028	F	28
DGRP_028	F	67
DGRP_028	M	53
DGRP_028	M	61
DGRP_028	M	96
DGRP_028	F	112
DGRP_028	F	120
DGRP_028	F	123
DGRP_028	M	92
DGRP_028	M	107
DGRP_028	M	119
DGRP_028	F	36
DGRP_028	F	120
DGRP_028	F	134
DGRP_028	M	119
DGRP_028	M	120
DGRP_028	M	120
DGRP_028	F	112
DGRP_028	F	133
DGRP_028	F	162
DGRP_028	M	127
DGRP_028	M	142
DGRP_028	F	7
DGRP_028	F	105
DGRP_028	F	112
DGRP_028	M	84
DGRP_028	M	85
DGRP_028	M	127
DGRP_028	F	46
DGRP_028	F	127
DGRP_028	F	130
DGRP_028	M	128
DGRP_028	M	129
DGRP_028	M	134
DGRP_038	F	21
DGRP_038	F	42
DGRP_038	M	42
DGRP_038	M	52
DGRP_038	M	56
DGRP_038	F	43
DGRP_038	F	60
DGRP_038	F	67
DGRP_038	M	56
DGRP_038	M	67
DGRP_038	M	84
DGRP_038	F	49
DGRP_038	F	56
DGRP_038	F	56
DGRP_038	M	49
DGRP_038	M	56
DGRP_038	M	73
DGRP_038	F	70
DGRP_038	F	77
DGRP_038	M	35
DGRP_038	M	67
DGRP_038	M	77
DGRP_038	F	72
DGRP_038	F	77
DGRP_038	F	92
DGRP_038	M	72
DGRP_038	M	78
DGRP_038	M	100
DGRP_038	F	49
DGRP_038	F	52
DGRP_038	F	59
DGRP_038	M	70
DGRP_038	M	77
DGRP_038	F	67
DGRP_038	F	77
DGRP_038	F	95
DGRP_038	M	43
DGRP_038	M	77
DGRP_038	F	51
DGRP_038	F	56
DGRP_038	F	59
DGRP_038	M	50
DGRP_038	M	56
DGRP_038	M	85
DGRP_038	F	45
DGRP_038	F	58
DGRP_038	F	85
DGRP_038	M	50
DGRP_038	M	63
DGRP_038	F	60
DGRP_038	F	74
DGRP_038	M	48
DGRP_038	M	64
DGRP_038	M	69
DGRP_038	F	67
DGRP_038	F	89
DGRP_038	M	69
DGRP_038	M	99
DGRP_038	F	46
DGRP_038	F	61
DGRP_038	M	57
DGRP_038	M	67
DGRP_038	F	57
DGRP_038	F	59
DGRP_038	F	98
DGRP_038	M	1
DGRP_038	M	3
DGRP_038	M	77
DGRP_038	F	28
DGRP_038	F	77
DGRP_038	F	95
DGRP_038	M	31
DGRP_038	M	46
DGRP_038	M	70
DGRP_038	F	10
DGRP_038	F	77
DGRP_038	F	78
DGRP_038	M	77
DGRP_038	M	78
DGRP_038	M	105
DGRP_038	F	49
DGRP_038	F	56
DGRP_038	F	98
DGRP_038	M	71
DGRP_038	M	77
DGRP_038	M	80
DGRP_038	F	24
DGRP_038	F	101
DGRP_038	M	45
DGRP_038	M	64
DGRP_038	F	57
DGRP_038	F	65
DGRP_038	F	81
DGRP_038	M	91
DGRP_038	M	92
DGRP_038	F	46
DGRP_038	F	84
DGRP_038	F	98
DGRP_038	M	91
DGRP_038	M	95
DGRP_038	M	107
DGRP_038	F	79
DGRP_038	F	79
DGRP_038	F	98
DGRP_038	M	77
DGRP_038	M	77
DGRP_038	M	133
DGRP_038	F	79
DGRP_038	F	84
DGRP_038	F	86
DGRP_038	M	84
DGRP_038	M	98
DGRP_038	M	143
DGRP_038	F	49
DGRP_038	F	80
DGRP_038	F	121
DGRP_038	M	57
DGRP_038	M	78
DGRP_038	M	85
DGRP_038	F	36
DGRP_038	F	53
DGRP_038	F	60
DGRP_038	M	46
DGRP_038	M	48
DGRP_038	M	67
DGRP_038	F	53
DGRP_038	F	56
DGRP_038	F	74
DGRP_038	M	59
DGRP_038	M	82
DGRP_040	F	42
DGRP_040	F	42
DGRP_040	F	84
DGRP_040	M	38
DGRP_040	M	45
DGRP_040	M	52
DGRP_040	F	56
DGRP_040	F	59
DGRP_040	M	35
DGRP_040	M	78
DGRP_040	M	88
DGRP_040	F	42
DGRP_040	F	91
DGRP_040	M	42
DGRP_040	M	43
DGRP_040	M	88
DGRP_040	F	98
DGRP_040	F	107
DGRP_040	M	51
DGRP_040	M	80
DGRP_040	F	45
DGRP_040	F	84
DGRP_040	F	99
DGRP_040	M	42
DGRP_040	M	59
DGRP_040	M	72
DGRP_040	F	49
DGRP_040	F	56
DGRP_040	F	106
DGRP_040	M	35
DGRP_040	M	53
DGRP_040	M	70
DGRP_040	F	43
DGRP_040	F	74
DGRP_040	M	63
DGRP_040	M	74
DGRP_040	F	25
DGRP_040	F	95
DGRP_040	F	102
DGRP_040	M	52
DGRP_040	M	64
DGRP_040	F	77
DGRP_040	F	95
DGRP_040	M	44
DGRP_040	M	56
DGRP_040	F	49
DGRP_040	F	49
DGRP_040	F	50
DGRP_040	M	56
DGRP_040	M	74
DGRP_040	M	77
DGRP_040	F	44
DGRP_040	F	93
DGRP_040	M	51
DGRP_040	M	74
DGRP_040	F	63
DGRP_040	F	91
DGRP_040	M	1
DGRP_040	M	99
DGRP_040	F	36
DGRP_040	F	100
DGRP_040	M	46
DGRP_040	M	71
DGRP_040	M	84
DGRP_040	F	14
DGRP_040	F	42
DGRP_040	F	98
DGRP_040	M	43
DGRP_040	M	67
DGRP_040	M	83
DGRP_040	F	39
DGRP_040	F	79
DGRP_040	M	53
DGRP_040	M	102
DGRP_040	F	41
DGRP_040	F	42
DGRP_040	F	46
DGRP_040	M	39
DGRP_040	M	53
DGRP_040	M	61
DGRP_040	F	47
DGRP_040	F	67
DGRP_040	F	68
DGRP_040	M	56
DGRP_040	M	63
DGRP_040	M	74
DGRP_040	F	11
DGRP_040	F	19
DGRP_040	F	29
DGRP_040	M	62
DGRP_040	M	95
DGRP_040	M	98
DGRP_040	F	34
DGRP_040	F	36
DGRP_040	F	43
DGRP_040	M	57
DGRP_040	M	64
DGRP_040	M	64
DGRP_040	F	4
DGRP_040	F	43
DGRP_040	F	43
DGRP_040	M	53
DGRP_040	M	77
DGRP_040	M	92
DGRP_040	F	8
DGRP_040	F	47
DGRP_040	F	67
DGRP_040	M	69
DGRP_040	M	70
DGRP_040	M	82
DGRP_040	F	7
DGRP_040	F	64
DGRP_040	F	68
DGRP_040	M	71
DGRP_040	M	74
DGRP_040	M	75
DGRP_040	F	14
DGRP_040	F	19
DGRP_040	F	27
DGRP_040	M	54
DGRP_040	M	57
DGRP_040	M	71
DGRP_040	F	22
DGRP_040	F	47
DGRP_040	M	71
DGRP_040	M	78
DGRP_040	M	95
DGRP_041	F	14
DGRP_041	F	84
DGRP_041	F	102
DGRP_041	M	74
DGRP_041	M	82
DGRP_041	F	103
DGRP_041	F	104
DGRP_041	F	105
DGRP_041	M	74
DGRP_041	M	75
DGRP_041	M	88
DGRP_041	F	6
DGRP_041	F	36
DGRP_041	F	127
DGRP_041	M	74
DGRP_041	M	77
DGRP_041	M	123
DGRP_041	F	62
DGRP_041	F	67
DGRP_041	F	69
DGRP_041	M	18
DGRP_041	M	76
DGRP_041	M	95
DGRP_041	F	68
DGRP_041	F	69
DGRP_041	F	69
DGRP_041	M	46
DGRP_041	M	69
DGRP_041	M	83
DGRP_041	F	54
DGRP_041	F	54
DGRP_041	M	41
DGRP_041	M	69
DGRP_041	M	70
DGRP_041	F	77
DGRP_041	F	95
DGRP_041	F	98
DGRP_041	M	28
DGRP_041	M	69
DGRP_041	M	96
DGRP_041	F	42
DGRP_041	F	68
DGRP_041	F	109
DGRP_041	M	56
DGRP_041	M	69
DGRP_041	F	30
DGRP_041	F	42
DGRP_041	F	63
DGRP_041	M	42
DGRP_041	M	63
DGRP_041	M	119
DGRP_041	F	88
DGRP_041	F	105
DGRP_041	F	114
DGRP_041	M	43
DGRP_041	M	44
DGRP_041	M	45
DGRP_041	F	84
DGRP_041	F	92
DGRP_041	F	110
DGRP_041	M	12
DGRP_041	M	40
DGRP_041	M	40
DGRP_041	F	82
DGRP_041	F	83
DGRP_041	F	116
DGRP_041	M	69
DGRP_041	M	112
DGRP_041	F	85
DGRP_041	F	85
DGRP_041	F	89
DGRP_041	M	64
DGRP_041	M	70
DGRP_041	M	76
DGRP_041	F	12
DGRP_041	F	76
DGRP_041	F	81
DGRP_041	M	46
DGRP_041	M	78
DGRP_041	M	81
DGRP_041	F	39
DGRP_041	F	40
DGRP_041	F	113
DGRP_041	M	41
DGRP_041	M	53
DGRP_041	M	103
DGRP_041	F	5
DGRP_041	F	81
DGRP_041	F	85
DGRP_041	M	36
DGRP_041	M	39
DGRP_041	M	83
DGRP_041	F	82
DGRP_041	F	103
DGRP_041	F	124
DGRP_041	M	67
DGRP_041	M	75
DGRP_041	M	77
DGRP_041	F	98
DGRP_041	F	99
DGRP_041	F	99
DGRP_041	M	33
DGRP_041	M	61
DGRP_041	M	75
DGRP_041	F	85
DGRP_041	F	88
DGRP_041	M	32
DGRP_041	M	92
DGRP_041	F	73
DGRP_041	F	85
DGRP_041	F	92
DGRP_041	M	42
DGRP_041	M	85
DGRP_041	M	105
DGRP_041	F	51
DGRP_041	F	66
DGRP_041	F	71
DGRP_041	M	7
DGRP_041	M	85
DGRP_041	M	86
DGRP_041	F	3
DGRP_041	F	16
DGRP_041	F	71
DGRP_041	M	63
DGRP_041	M	95
DGRP_042	F	63
DGRP_042	F	63
DGRP_042	F	64
DGRP_042	M	42
DGRP_042	M	70
DGRP_042	M	85
DGRP_042	F	7
DGRP_042	F	49
DGRP_042	M	28
DGRP_042	M	78
DGRP_042	M	84
DGRP_042	F	36
DGRP_042	F	42
DGRP_042	F	42
DGRP_042	M	37
DGRP_042	M	58
DGRP_042	M	58
DGRP_042	F	59
DGRP_042	F	63
DGRP_042	M	59
DGRP_042	M	106
DGRP_042	M	107
DGRP_042	F	42
DGRP_042	F	52
DGRP_042	M	35
DGRP_042	M	49
DGRP_042	M	65
DGRP_042	F	56
DGRP_042	F	56
DGRP_042	F	67
DGRP_042	M	52
DGRP_042	M	59
DGRP_042	M	67
DGRP_042	F	98
DGRP_042	F	100
DGRP_042	M	80
DGRP_042	M	98
DGRP_042	F	45
DGRP_042	F	51
DGRP_042	F	60
DGRP_042	M	63
DGRP_042	M	63
DGRP_042	F	46
DGRP_042	F	70
DGRP_042	M	95
DGRP_042	M	126
DGRP_042	F	46
DGRP_042	F	50
DGRP_042	F	53
DGRP_042	M	60
DGRP_042	M	61
DGRP_042	F	57
DGRP_042	F	64
DGRP_042	M	81
DGRP_042	M	89
DGRP_042	F	42
DGRP_042	F	47
DGRP_042	F	50
DGRP_042	M	19
DGRP_042	M	39
DGRP_042	M	70
DGRP_042	F	16
DGRP_042	F	22
DGRP_042	F	87
DGRP_042	M	38
DGRP_042	M	39
DGRP_042	M	98
DGRP_042	F	95
DGRP_042	F	97
DGRP_042	F	102
DGRP_042	M	87
DGRP_042	M	114
DGRP_042	M	115
DGRP_042	F	95
DGRP_042	F	98
DGRP_042	F	127
DGRP_042	M	49
DGRP_042	M	79
DGRP_042	M	80
DGRP_042	F	67
DGRP_042	F	89
DGRP_042	F	95
DGRP_042	M	41
DGRP_042	M	43
DGRP_042	M	47
DGRP_042	F	53
DGRP_042	F	83
DGRP_042	F	102
DGRP_042	M	11
DGRP_042	M	81
DGRP_042	M	82
DGRP_042	F	53
DGRP_042	F	81
DGRP_042	F	95
DGRP_042	M	26
DGRP_042	M	43
DGRP_042	M	63
DGRP_042	F	78
DGRP_042	F	88
DGRP_042	F	98
DGRP_042	M	34
DGRP_042	M	36
DGRP_042	M	47
DGRP_042	F	63
DGRP_042	F	92
DGRP_042	F	112
DGRP_042	M	32
DGRP_042	M	81
DGRP_042	M	82
DGRP_042	F	60
DGRP_042	F	68
DGRP_042	F	89
DGRP_042	M	11
DGRP_042	M	47
DGRP_042	M	47
DGRP_042	F	54
DGRP_042	F	88
DGRP_042	F	95
DGRP_042	M	6
DGRP_042	M	21
DGRP_042	M	54
DGRP_042	F	4
DGRP_042	F	92
DGRP_042	F	109
DGRP_042	M	25
DGRP_042	M	35
DGRP_042	M	88
DGRP_042	F	92
DGRP_042	F	123
DGRP_042	M	41
DGRP_042	M	46
DGRP_045	F	39
DGRP_045	F	69
DGRP_045	F	71
DGRP_045	M	39
DGRP_045	M	50
DGRP_045	M	97
DGRP_045	F	33
DGRP_045	F	50
DGRP_045	F	61
DGRP_045	M	71
DGRP_045	M	83
DGRP_045	M	123
DGRP_045	F	32
DGRP_045	F	75
DGRP_045	M	14
DGRP_045	M	62
DGRP_045	F	57
DGRP_045	F	74
DGRP_045	F	124
DGRP_045	M	54
DGRP_045	M	56
DGRP_045	M	76
DGRP_045	F	32
DGRP_045	F	32
DGRP_045	F	39
DGRP_045	M	74
DGRP_045	M	127
DGRP_045	F	83
DGRP_045	F	102
DGRP_045	M	76
DGRP_045	M	123
DGRP_045	F	61
DGRP_045	F	61
DGRP_045	F	69
DGRP_045	M	88
DGRP_045	M	95
DGRP_045	F	18
DGRP_045	F	34
DGRP_045	M	75
DGRP_045	M	75
DGRP_045	M	116
DGRP_045	F	53
DGRP_045	F	62
DGRP_045	F	84
DGRP_045	M	57
DGRP_045	M	75
DGRP_045	M	82
DGRP_045	F	46
DGRP_045	F	46
DGRP_045	F	54
DGRP_045	M	54
DGRP_045	M	116
DGRP_045	M	123
DGRP_045	F	18
DGRP_045	F	32
DGRP_045	F	68
DGRP_045	M	64
DGRP_045	M	137
DGRP_045	F	34
DGRP_045	F	36
DGRP_045	F	81
DGRP_045	M	68
DGRP_045	M	98
DGRP_045	F	32
DGRP_045	F	47
DGRP_045	F	85
DGRP_045	M	40
DGRP_045	M	40
DGRP_045	M	89
DGRP_045	F	43
DGRP_045	F	61
DGRP_045	F	64
DGRP_045	M	88
DGRP_045	M	89
DGRP_045	M	106
DGRP_045	F	43
DGRP_045	F	43
DGRP_045	F	61
DGRP_045	M	40
DGRP_045	M	68
DGRP_045	M	118
DGRP_045	F	29
DGRP_045	F	43
DGRP_045	F	64
DGRP_045	M	60
DGRP_045	M	125
DGRP_045	F	39
DGRP_045	F	39
DGRP_045	M	40
DGRP_045	M	71
DGRP_045	F	28
DGRP_045	F	96
DGRP_045	M	57
DGRP_045	M	61
DGRP_045	M	116
DGRP_045	F	35
DGRP_045	F	81
DGRP_045	M	18
DGRP_045	M	43
DGRP_045	F	40
DGRP_045	F	89
DGRP_045	F	92
DGRP_045	M	40
DGRP_045	M	90
DGRP_045	M	117
DGRP_045	F	21
DGRP_045	F	40
DGRP_045	F	96
DGRP_045	M	68
DGRP_045	M	71
DGRP_045	M	71
DGRP_045	F	36
DGRP_045	F	57
DGRP_045	F	81
DGRP_045	M	102
DGRP_045	M	141
DGRP_045	F	41
DGRP_045	F	57
DGRP_045	M	36
DGRP_045	M	60
DGRP_045	M	60
DGRP_049	F	28
DGRP_049	F	50
DGRP_049	F	75
DGRP_049	M	49
DGRP_049	M	69
DGRP_049	M	84
DGRP_049	F	41
DGRP_049	F	43
DGRP_049	F	88
DGRP_049	M	7
DGRP_049	M	83
DGRP_049	M	84
DGRP_049	F	60
DGRP_049	F	60
DGRP_049	F	68
DGRP_049	M	18
DGRP_049	M	68
DGRP_049	M	74
DGRP_049	F	68
DGRP_049	F	85
DGRP_049	F	90
DGRP_049	M	105
DGRP_049	M	109
DGRP_049	M	109
DGRP_049	F	46
DGRP_049	F	55
DGRP_049	F	62
DGRP_049	M	90
DGRP_049	M	116
DGRP_049	F	69
DGRP_049	F	95
DGRP_049	F	95
DGRP_049	M	19
DGRP_049	M	83
DGRP_049	M	119
DGRP_049	F	85
DGRP_049	F	104
DGRP_049	M	2
DGRP_049	M	123
DGRP_049	F	43
DGRP_049	F	63
DGRP_049	F	75
DGRP_049	M	76
DGRP_049	M	90
DGRP_049	M	123
DGRP_049	F	6
DGRP_049	F	68
DGRP_049	F	74
DGRP_049	M	28
DGRP_049	M	29
DGRP_049	M	105
DGRP_049	F	60
DGRP_049	F	64
DGRP_049	F	64
DGRP_049	M	61
DGRP_049	M	106
DGRP_049	M	124
DGRP_049	F	8
DGRP_049	F	69
DGRP_049	F	119
DGRP_049	M	34
DGRP_049	M	36
DGRP_049	M	41
DGRP_049	F	46
DGRP_049	F	62
DGRP_049	F	62
DGRP_049	M	50
DGRP_049	M	60
DGRP_049	M	64
DGRP_049	F	43
DGRP_049	F	67
DGRP_049	F	68
DGRP_049	M	53
DGRP_049	M	69
DGRP_049	M	75
DGRP_049	F	40
DGRP_049	F	64
DGRP_049	F	64
DGRP_049	M	50
DGRP_049	M	60
DGRP_049	M	67
DGRP_049	F	67
DGRP_049	F	74
DGRP_049	F	77
DGRP_049	M	18
DGRP_049	M	60
DGRP_049	M	110
DGRP_049	F	18
DGRP_049	F	47
DGRP_049	F	50
DGRP_049	M	54
DGRP_049	M	60
DGRP_049	M	64
DGRP_049	F	57
DGRP_049	F	71
DGRP_049	F	88
DGRP_049	M	85
DGRP_049	M	91
DGRP_049	M	92
DGRP_049	F	36
DGRP_049	F	71
DGRP_049	F	71
DGRP_049	M	67
DGRP_049	M	74
DGRP_049	M	74
DGRP_049	F	36
DGRP_049	F	85
DGRP_049	F	85
DGRP_049	M	82
DGRP_049	M	83
DGRP_049	F	46
DGRP_049	F	64
DGRP_049	F	64
DGRP_049	M	67
DGRP_049	M	71
DGRP_049	M	71
DGRP_049	F	46
DGRP_049	F	53
DGRP_049	F	54
DGRP_049	M	11
DGRP_049	M	53
DGRP_049	M	54
DGRP_049	F	74
DGRP_049	F	74
DGRP_049	F	77
DGRP_049	M	64
DGRP_049	M	67
DGRP_049	M	92
DGRP_049	F	47
DGRP_049	F	50
DGRP_049	F	57
DGRP_049	M	39
DGRP_049	M	54
DGRP_049	M	61
DGRP_049	F	81
DGRP_049	F	103
DGRP_049	F	111
DGRP_049	M	81
DGRP_049	M	89
DGRP_049	M	116
DGRP_057	F	87
DGRP_057	F	87
DGRP_057	F	99
DGRP_057	M	38
DGRP_057	M	70
DGRP_057	M	91
DGRP_057	F	91
DGRP_057	F	98
DGRP_057	F	98
DGRP_057	M	3
DGRP_057	M	72
DGRP_057	M	91
DGRP_057	F	42
DGRP_057	F	70
DGRP_057	M	39
DGRP_057	M	91
DGRP_057	M	98
DGRP_057	F	63
DGRP_057	F	77
DGRP_057	F	78
DGRP_057	M	42
DGRP_057	M	43
DGRP_057	F	25
DGRP_057	F	84
DGRP_057	F	91
DGRP_057	M	46
DGRP_057	M	102
DGRP_057	F	81
DGRP_057	F	84
DGRP_057	F	85
DGRP_057	M	60
DGRP_057	M	60
DGRP_057	F	60
DGRP_057	F	102
DGRP_057	M	46
DGRP_057	M	123
DGRP_057	F	49
DGRP_057	F	95
DGRP_057	F	99
DGRP_057	M	48
DGRP_057	M	77
DGRP_057	M	95
DGRP_057	F	83
DGRP_057	F	138
DGRP_057	M	20
DGRP_057	M	46
DGRP_057	F	11
DGRP_057	F	22
DGRP_057	M	95
DGRP_057	M	116
DGRP_057	F	41
DGRP_057	F	60
DGRP_057	F	88
DGRP_057	M	11
DGRP_057	M	74
DGRP_057	M	88
DGRP_057	F	40
DGRP_057	F	84
DGRP_057	F	88
DGRP_057	M	33
DGRP_057	M	67
DGRP_057	M	81
DGRP_057	F	60
DGRP_057	F	73
DGRP_057	F	80
DGRP_057	M	60
DGRP_057	M	70
DGRP_057	M	101
DGRP_057	F	46
DGRP_057	F	53
DGRP_057	F	65
DGRP_057	M	14
DGRP_057	M	51
DGRP_057	M	105
DGRP_057	F	99
DGRP_057	F	99
DGRP_057	M	21
DGRP_057	M	67
DGRP_057	M	99
DGRP_057	F	98
DGRP_057	F	98
DGRP_057	M	23
DGRP_057	M	43
DGRP_057	F	70
DGRP_057	F	95
DGRP_057	M	78
DGRP_057	M	80
DGRP_057	M	80
DGRP_057	F	75
DGRP_057	F	77
DGRP_057	F	99
DGRP_057	M	70
DGRP_057	M	75
DGRP_057	F	26
DGRP_057	F	50
DGRP_057	F	77
DGRP_057	M	64
DGRP_057	M	75
DGRP_057	M	77
DGRP_057	F	15
DGRP_057	F	67
DGRP_057	F	68
DGRP_057	M	64
DGRP_057	M	68
DGRP_057	M	99
DGRP_057	F	40
DGRP_057	F	60
DGRP_057	F	83
DGRP_057	M	75
DGRP_057	M	117
DGRP_057	F	60
DGRP_057	F	89
DGRP_057	F	103
DGRP_057	M	77
DGRP_057	M	78
DGRP_057	M	118
DGRP_057	F	61
DGRP_057	F	78
DGRP_057	M	62
DGRP_057	M	96
DGRP_057	M	116
DGRP_059	F	68
DGRP_059	F	155
DGRP_059	M	5
DGRP_059	M	15
DGRP_059	F	144
DGRP_059	F	152
DGRP_059	F	159
DGRP_059	M	91
DGRP_059	M	92
DGRP_059	M	95
DGRP_059	F	25
DGRP_059	F	139
DGRP_059	F	162
DGRP_059	M	12
DGRP_059	M	90
DGRP_059	M	116
DGRP_059	F	139
DGRP_059	F	141
DGRP_059	F	155
DGRP_059	M	74
DGRP_059	M	123
DGRP_059	M	152
DGRP_059	F	105
DGRP_059	F	158
DGRP_059	F	166
DGRP_059	M	104
DGRP_059	M	137
DGRP_059	F	151
DGRP_059	F	151
DGRP_059	F	165
DGRP_059	M	32
DGRP_059	M	68
DGRP_059	M	109
DGRP_059	F	123
DGRP_059	F	137
DGRP_059	F	144
DGRP_059	M	96
DGRP_059	M	98
DGRP_059	M	144
DGRP_059	F	133
DGRP_059	F	147
DGRP_059	M	7
DGRP_059	M	102
DGRP_059	M	109
DGRP_059	F	144
DGRP_059	F	157
DGRP_059	F	158
DGRP_059	M	91
DGRP_059	M	102
DGRP_059	M	123
DGRP_059	F	120
DGRP_059	F	144
DGRP_059	F	145
DGRP_059	M	74
DGRP_059	M	96
DGRP_059	M	145
DGRP_059	F	50
DGRP_059	F	125
DGRP_059	F	151
DGRP_059	M	70
DGRP_059	M	111
DGRP_059	M	123
DGRP_059	F	146
DGRP_059	F	158
DGRP_059	M	95
DGRP_059	M	117
DGRP_059	F	151
DGRP_059	F	151
DGRP_059	F	151
DGRP_059	M	77
DGRP_059	M	82
DGRP_059	M	116
DGRP_059	F	14
DGRP_059	F	151
DGRP_059	F	152
DGRP_059	M	74
DGRP_059	M	126
DGRP_059	F	33
DGRP_059	F	116
DGRP_059	F	153
DGRP_059	M	8
DGRP_059	M	138
DGRP_059	M	139
DGRP_059	F	138
DGRP_059	F	138
DGRP_059	F	159
DGRP_059	M	116
DGRP_059	M	137
DGRP_059	F	5
DGRP_059	F	151
DGRP_059	F	151
DGRP_059	M	74
DGRP_059	M	74
DGRP_059	F	116
DGRP_059	F	153
DGRP_059	F	153
DGRP_059	M	102
DGRP_059	M	117
DGRP_059	F	85
DGRP_059	F	106
DGRP_059	F	151
DGRP_059	M	15
DGRP_059	M	88
DGRP_059	M	145
DGRP_059	F	102
DGRP_059	F	138
DGRP_059	F	159
DGRP_059	M	132
DGRP_059	M	132
DGRP_059	M	138
DGRP_059	F	131
DGRP_059	F	131
DGRP_059	F	167
DGRP_059	M	82
DGRP_059	M	118
DGRP_059	F	123
DGRP_059	F	130
DGRP_059	F	130
DGRP_059	M	83
DGRP_059	M	117
DGRP_059	M	120
DGRP_059	F	132
DGRP_059	F	137
DGRP_059	M	53
DGRP_059	M	117
DGRP_059	M	119
DGRP_069	F	25
DGRP_069	F	64
DGRP_069	F	70
DGRP_069	M	11
DGRP_069	M	69
DGRP_069	F	4
DGRP_069	F	53
DGRP_069	F	61
DGRP_069	M	61
DGRP_069	M	67
DGRP_069	M	112
DGRP_069	F	25
DGRP_069	F	88
DGRP_069	M	27
DGRP_069	M	48
DGRP_069	M	56
DGRP_069	F	25
DGRP_069	F	103
DGRP_069	F	112
DGRP_069	M	21
DGRP_069	M	42
DGRP_069	M	61
DGRP_069	F	36
DGRP_069	F	36
DGRP_069	F	126
DGRP_069	M	4
DGRP_069	M	35
DGRP_069	F	17
DGRP_069	F	31
DGRP_069	F	56
DGRP_069	M	35
DGRP_069	M	56
DGRP_069	F	18
DGRP_069	F	42
DGRP_069	F	58
DGRP_069	M	63
DGRP_069	M	65
DGRP_069	M	98
DGRP_069	F	43
DGRP_069	F	72
DGRP_069	M	36
DGRP_069	M	63
DGRP_069	F	24
DGRP_069	F	43
DGRP_069	F	51
DGRP_069	M	4
DGRP_069	M	38
DGRP_069	M	84
DGRP_069	F	8
DGRP_069	F	35
DGRP_069	M	6
DGRP_069	M	34
DGRP_069	M	97
DGRP_069	F	40
DGRP_069	F	42
DGRP_069	M	53
DGRP_069	M	81
DGRP_069	M	81
DGRP_069	F	68
DGRP_069	F	96
DGRP_069	F	99
DGRP_069	M	11
DGRP_069	M	82
DGRP_069	M	84
DGRP_069	F	4
DGRP_069	F	32
DGRP_069	F	105
DGRP_069	M	78
DGRP_069	M	98
DGRP_069	F	116
DGRP_069	F	116
DGRP_069	M	77
DGRP_069	M	78
DGRP_069	F	81
DGRP_069	F	116
DGRP_069	M	8
DGRP_069	M	77
DGRP_069	M	116
DGRP_069	F	12
DGRP_069	F	70
DGRP_069	F	127
DGRP_069	M	27
DGRP_069	M	119
DGRP_069	F	74
DGRP_069	F	76
DGRP_069	F	95
DGRP_069	M	71
DGRP_069	M	85
DGRP_069	M	95
DGRP_069	F	41
DGRP_069	F	62
DGRP_069	F	82
DGRP_069	M	60
DGRP_069	M	76
DGRP_069	M	103
DGRP_069	F	25
DGRP_069	F	77
DGRP_069	F	112
DGRP_069	M	74
DGRP_069	M	78
DGRP_069	F	74
DGRP_069	F	75
DGRP_069	M	53
DGRP_069	M	60
DGRP_069	F	37
DGRP_069	F	65
DGRP_069	F	121
DGRP_069	M	35
DGRP_069	M	43
DGRP_069	M	109
DGRP_069	F	35
DGRP_069	F	79
DGRP_069	M	10
DGRP_069	M	14
DGRP_069	M	60
DGRP_069	F	11
DGRP_069	F	70
DGRP_069	F	134
DGRP_069	M	35
DGRP_069	M	71
DGRP_069	M	112
DGRP_073	F	83
DGRP_073	F	89
DGRP_073	F	116
DGRP_073	M	27
DGRP_073	M	36
DGRP_073	M	81
DGRP_073	F	54
DGRP_073	F	75
DGRP_073	F	85
DGRP_073	M	64
DGRP_073	M	82
DGRP_073	M	88
DGRP_073	F	57
DGRP_073	F	61
DGRP_073	M	48
DGRP_073	M	61
DGRP_073	M	61
DGRP_073	F	26
DGRP_073	F	69
DGRP_073	M	39
DGRP_073	M	46
DGRP_073	M	68
DGRP_073	F	25
DGRP_073	F	36
DGRP_073	F	68
DGRP_073	M	61
DGRP_073	M	61
DGRP_073	M	67
DGRP_073	F	63
DGRP_073	F	67
DGRP_073	F	68
DGRP_073	M	61
DGRP_073	M	61
DGRP_073	M	61
DGRP_073	F	61
DGRP_073	F	61
DGRP_073	F	69
DGRP_073	M	61
DGRP_073	M	74
DGRP_073	F	18
DGRP_073	F	75
DGRP_073	F	109
DGRP_073	M	12
DGRP_073	M	70
DGRP_073	F	81
DGRP_073	F	81
DGRP_073	M	22
DGRP_073	M	32
DGRP_073	M	81
DGRP_073	F	81
DGRP_073	F	81
DGRP_073	F	83
DGRP_073	M	64
DGRP_073	M	81
DGRP_073	F	18
DGRP_073	F	68
DGRP_073	F	81
DGRP_073	M	64
DGRP_073	M	68
DGRP_073	M	77
DGRP_073	F	48
DGRP_073	F	63
DGRP_073	F	70
DGRP_073	M	95
DGRP_073	M	112
DGRP_073	M	131
DGRP_073	F	53
DGRP_073	F	76
DGRP_073	F	81
DGRP_073	M	32
DGRP_073	M	53
DGRP_073	M	77
DGRP_073	F	13
DGRP_073	F	42
DGRP_073	F	97
DGRP_073	M	35
DGRP_073	M	82
DGRP_073	M	137
DGRP_073	F	46
DGRP_073	F	57
DGRP_073	F	102
DGRP_073	M	11
DGRP_073	M	53
DGRP_073	M	75
DGRP_073	F	60
DGRP_073	F	75
DGRP_073	F	78
DGRP_073	M	28
DGRP_073	M	48
DGRP_073	M	56
DGRP_073	F	74
DGRP_073	F	75
DGRP_073	F	83
DGRP_073	M	28
DGRP_073	M	53
DGRP_073	M	88
DGRP_073	F	60
DGRP_073	F	70
DGRP_073	F	76
DGRP_073	M	46
DGRP_073	M	53
DGRP_073	M	61
DGRP_073	F	8
DGRP_073	F	27
DGRP_073	F	57
DGRP_073	M	49
DGRP_073	M	53
DGRP_073	M	53
DGRP_073	F	81
DGRP_073	F	88
DGRP_073	M	47
DGRP_073	M	85
DGRP_073	M	123
DGRP_073	F	83
DGRP_073	F	102
DGRP_073	M	39
DGRP_073	M	76
DGRP_073	M	76
DGRP_073	F	33
DGRP_073	F	43
DGRP_073	F	67
DGRP_073	M	40
DGRP_073	M	40
DGRP_073	M	81
DGRP_073	F	40
DGRP_073	F	81
DGRP_073	F	96
DGRP_073	M	96
DGRP_073	M	96
DGRP_073	M	97
DGRP_075	F	20
DGRP_075	F	26
DGRP_075	F	39
DGRP_075	M	95
DGRP_075	M	110
DGRP_075	M	112
DGRP_075	F	29
DGRP_075	F	39
DGRP_075	F	46
DGRP_075	M	69
DGRP_075	M	81
DGRP_075	M	92
DGRP_075	F	28
DGRP_075	F	39
DGRP_075	F	40
DGRP_075	M	81
DGRP_075	M	83
DGRP_075	M	105
DGRP_075	F	11
DGRP_075	F	33
DGRP_075	F	50
DGRP_075	M	75
DGRP_075	M	84
DGRP_075	M	109
DGRP_075	F	22
DGRP_075	F	36
DGRP_075	F	46
DGRP_075	M	81
DGRP_075	M	85
DGRP_075	M	88
DGRP_075	F	20
DGRP_075	F	22
DGRP_075	F	46
DGRP_075	M	105
DGRP_075	M	105
DGRP_075	M	106
DGRP_075	F	28
DGRP_075	F	47
DGRP_075	F	68
DGRP_075	M	46
DGRP_075	M	61
DGRP_075	M	88
DGRP_075	F	26
DGRP_075	F	34
DGRP_075	F	36
DGRP_075	M	88
DGRP_075	M	89
DGRP_075	M	116
DGRP_075	F	18
DGRP_075	F	39
DGRP_075	M	82
DGRP_075	M	82
DGRP_075	M	84
DGRP_075	F	32
DGRP_075	F	32
DGRP_075	F	36
DGRP_075	M	42
DGRP_075	M	69
DGRP_075	M	109
DGRP_075	F	29
DGRP_075	F	32
DGRP_075	F	34
DGRP_075	M	81
DGRP_075	M	81
DGRP_075	M	96
DGRP_075	F	32
DGRP_075	F	36
DGRP_075	F	43
DGRP_075	M	41
DGRP_075	M	46
DGRP_075	M	88
DGRP_075	F	39
DGRP_075	F	39
DGRP_075	F	39
DGRP_075	M	109
DGRP_075	M	116
DGRP_075	M	151
DGRP_075	F	25
DGRP_075	F	32
DGRP_075	F	42
DGRP_075	M	33
DGRP_075	M	63
DGRP_075	M	99
DGRP_075	F	27
DGRP_075	F	40
DGRP_075	F	49
DGRP_075	M	40
DGRP_075	M	48
DGRP_075	M	68
DGRP_075	F	4
DGRP_075	F	46
DGRP_075	F	69
DGRP_075	M	27
DGRP_075	M	54
DGRP_075	M	74
DGRP_075	F	39
DGRP_075	F	43
DGRP_075	F	81
DGRP_075	M	35
DGRP_075	M	71
DGRP_075	F	39
DGRP_075	F	43
DGRP_075	M	55
DGRP_075	M	62
DGRP_075	M	89
DGRP_075	F	32
DGRP_075	F	33
DGRP_075	F	53
DGRP_075	M	78
DGRP_075	M	97
DGRP_075	M	116
DGRP_075	F	33
DGRP_075	F	57
DGRP_075	M	61
DGRP_075	M	102
DGRP_075	M	102
DGRP_075	F	27
DGRP_075	F	28
DGRP_075	F	53
DGRP_075	M	81
DGRP_075	M	81
DGRP_075	M	82
DGRP_075	F	27
DGRP_075	F	39
DGRP_075	F	39
DGRP_075	M	76
DGRP_075	M	116
DGRP_075	M	123
DGRP_075	F	34
DGRP_075	F	36
DGRP_075	F	42
DGRP_075	M	88
DGRP_075	M	89
DGRP_083	F	63
DGRP_083	F	70
DGRP_083	F	127
DGRP_083	M	42
DGRP_083	M	127
DGRP_083	F	98
DGRP_083	F	98
DGRP_083	F	137
DGRP_083	M	77
DGRP_083	M	98
DGRP_083	F	56
DGRP_083	F	127
DGRP_083	M	52
DGRP_083	M	84
DGRP_083	F	59
DGRP_083	F	84
DGRP_083	F	101
DGRP_083	M	72
DGRP_083	M	106
DGRP_083	F	92
DGRP_083	F	101
DGRP_083	F	106
DGRP_083	M	78
DGRP_083	M	108
DGRP_083	M	136
DGRP_083	F	15
DGRP_083	F	65
DGRP_083	F	70
DGRP_083	M	70
DGRP_083	M	98
DGRP_083	F	70
DGRP_083	F	128
DGRP_083	M	28
DGRP_083	M	98
DGRP_083	F	24
DGRP_083	F	39
DGRP_083	F	84
DGRP_083	M	56
DGRP_083	M	136
DGRP_083	F	39
DGRP_083	F	105
DGRP_083	M	10
DGRP_083	M	99
DGRP_083	F	84
DGRP_083	F	102
DGRP_083	F	126
DGRP_083	M	63
DGRP_083	M	98
DGRP_083	F	7
DGRP_083	F	86
DGRP_083	M	56
DGRP_083	M	74
DGRP_083	F	13
DGRP_083	F	124
DGRP_083	M	32
DGRP_083	M	74
DGRP_083	M	92
DGRP_083	F	83
DGRP_083	F	83
DGRP_083	F	88
DGRP_083	M	82
DGRP_083	M	82
DGRP_083	M	88
DGRP_083	F	109
DGRP_083	F	109
DGRP_083	F	109
DGRP_083	M	25
DGRP_083	M	67
DGRP_083	M	102
DGRP_083	F	105
DGRP_083	F	106
DGRP_083	M	78
DGRP_083	M	92
DGRP_083	F	116
DGRP_083	F	123
DGRP_083	M	21
DGRP_083	M	77
DGRP_083	F	39
DGRP_083	F	53
DGRP_083	F	74
DGRP_083	M	110
DGRP_083	M	111
DGRP_083	M	134
DGRP_083	F	99
DGRP_083	F	110
DGRP_083	F	110
DGRP_083	M	95
DGRP_083	M	110
DGRP_083	M	110
DGRP_083	F	21
DGRP_083	F	75
DGRP_083	F	99
DGRP_083	M	57
DGRP_083	M	74
DGRP_083	F	35
DGRP_083	F	53
DGRP_083	M	39
DGRP_083	M	53
DGRP_083	M	102
DGRP_083	F	8
DGRP_083	F	95
DGRP_083	F	95
DGRP_083	M	56
DGRP_083	M	82
DGRP_083	M	92
DGRP_083	F	71
DGRP_083	F	74
DGRP_083	F	82
DGRP_083	M	77
DGRP_083	M	82
DGRP_083	M	82
DGRP_083	F	71
DGRP_083	F	113
DGRP_083	F	153
DGRP_083	M	78
DGRP_083	M	81
DGRP_083	M	81
DGRP_083	F	25
DGRP_083	F	95
DGRP_083	F	98
DGRP_083	M	53
DGRP_083	M	95
DGRP_083	M	99
DGRP_085	F	69
DGRP_085	F	81
DGRP_085	F	82
DGRP_085	M	68
DGRP_085	M	81
DGRP_085	F	41
DGRP_085	F	69
DGRP_085	F	83
DGRP_085	M	77
DGRP_085	M	81
DGRP_085	F	39
DGRP_085	F	61
DGRP_085	F	91
DGRP_085	M	67
DGRP_085	M	116
DGRP_085	F	39
DGRP_085	F	77
DGRP_085	F	88
DGRP_085	M	69
DGRP_085	M	70
DGRP_085	M	113
DGRP_085	F	53
DGRP_085	F	64
DGRP_085	F	67
DGRP_085	M	54
DGRP_085	M	116
DGRP_085	F	57
DGRP_085	F	82
DGRP_085	F	89
DGRP_085	M	88
DGRP_085	M	134
DGRP_085	F	81
DGRP_085	F	106
DGRP_085	M	91
DGRP_085	M	91
DGRP_085	M	95
DGRP_085	F	25
DGRP_085	F	53
DGRP_085	F	68
DGRP_085	M	64
DGRP_085	M	81
DGRP_085	F	25
DGRP_085	F	53
DGRP_085	F	88
DGRP_085	M	25
DGRP_085	M	46
DGRP_085	F	70
DGRP_085	F	74
DGRP_085	F	111
DGRP_085	M	77
DGRP_085	M	92
DGRP_085	F	71
DGRP_085	F	74
DGRP_085	F	75
DGRP_085	M	74
DGRP_085	M	103
DGRP_085	M	116
DGRP_085	F	71
DGRP_085	F	95
DGRP_085	M	75
DGRP_085	M	76
DGRP_085	M	130
DGRP_085	F	33
DGRP_085	F	64
DGRP_085	M	55
DGRP_085	M	55
DGRP_085	M	62
DGRP_085	F	67
DGRP_085	F	78
DGRP_085	F	78
DGRP_085	M	104
DGRP_085	M	105
DGRP_085	M	105
DGRP_085	F	35
DGRP_085	F	53
DGRP_085	F	89
DGRP_085	M	75
DGRP_085	M	81
DGRP_085	M	110
DGRP_085	F	32
DGRP_085	F	75
DGRP_085	F	82
DGRP_085	M	63
DGRP_085	M	97
DGRP_085	M	99
DGRP_085	F	28
DGRP_085	F	78
DGRP_085	M	81
DGRP_085	M	102
DGRP_085	M	116
DGRP_085	F	8
DGRP_085	F	71
DGRP_085	F	74
DGRP_085	M	33
DGRP_085	M	75
DGRP_085	M	95
DGRP_085	F	8
DGRP_085	F	11
DGRP_085	F	32
DGRP_085	M	67
DGRP_085	M	84
DGRP_085	M	109
DGRP_085	F	4
DGRP_085	F	57
DGRP_085	F	77
DGRP_085	M	116
DGRP_085	M	123
DGRP_085	M	130
DGRP_085	F	4
DGRP_085	F	11
DGRP_085	F	33
DGRP_085	M	13
DGRP_085	M	109
DGRP_085	M	137
DGRP_085	F	49
DGRP_085	F	62
DGRP_085	F	74
DGRP_085	M	75
DGRP_085	M	78
DGRP_085	M	133
DGRP_085	F	64
DGRP_085	F	81
DGRP_085	F	88
DGRP_085	M	82
DGRP_085	M	83
DGRP_085	M	109
DGRP_085	F	74
DGRP_085	F	77
DGRP_085	F	89
DGRP_085	M	81
DGRP_085	M	82
DGRP_085	M	106
DGRP_088	F	25
DGRP_088	F	26
DGRP_088	M	98
DGRP_088	M	98
DGRP_088	M	99
DGRP_088	F	77
DGRP_088	F	84
DGRP_088	F	90
DGRP_088	M	60
DGRP_088	M	60
DGRP_088	M	83
DGRP_088	F	60
DGRP_088	F	102
DGRP_088	F	117
DGRP_088	M	22
DGRP_088	M	60
DGRP_088	F	18
DGRP_088	F	110
DGRP_088	M	46
DGRP_088	M	46
DGRP_088	M	113
DGRP_088	F	76
DGRP_088	F	88
DGRP_088	F	101
DGRP_088	M	24
DGRP_088	M	112
DGRP_088	M	116
DGRP_088	F	91
DGRP_088	F	101
DGRP_088	F	132
DGRP_088	M	34
DGRP_088	M	48
DGRP_088	M	53
DGRP_088	F	17
DGRP_088	F	82
DGRP_088	F	98
DGRP_088	M	75
DGRP_088	M	80
DGRP_088	F	106
DGRP_088	F	109
DGRP_088	F	113
DGRP_088	M	49
DGRP_088	M	86
DGRP_088	F	32
DGRP_088	F	49
DGRP_088	M	36
DGRP_088	M	75
DGRP_088	F	99
DGRP_088	F	103
DGRP_088	M	28
DGRP_088	M	54
DGRP_088	M	54
DGRP_088	F	10
DGRP_088	F	98
DGRP_088	M	14
DGRP_088	M	24
DGRP_088	M	24
DGRP_088	F	24
DGRP_088	F	33
DGRP_088	F	105
DGRP_088	M	79
DGRP_088	M	84
DGRP_088	M	105
DGRP_088	F	130
DGRP_088	F	133
DGRP_088	M	42
DGRP_088	M	91
DGRP_088	M	98
DGRP_088	F	14
DGRP_088	F	42
DGRP_088	F	43
DGRP_088	M	14
DGRP_088	M	35
DGRP_088	M	49
DGRP_088	F	84
DGRP_088	F	87
DGRP_088	F	88
DGRP_088	M	32
DGRP_088	M	42
DGRP_088	M	77
DGRP_088	F	63
DGRP_088	F	77
DGRP_088	F	106
DGRP_088	M	49
DGRP_088	M	51
DGRP_088	M	56
DGRP_088	F	28
DGRP_088	F	79
DGRP_088	F	108
DGRP_088	M	25
DGRP_088	M	70
DGRP_088	M	71
DGRP_088	F	65
DGRP_088	F	100
DGRP_088	F	105
DGRP_088	M	4
DGRP_088	M	53
DGRP_088	M	66
DGRP_088	F	85
DGRP_088	F	112
DGRP_088	F	114
DGRP_088	M	35
DGRP_088	M	39
DGRP_088	M	84
DGRP_088	F	80
DGRP_088	F	85
DGRP_088	F	114
DGRP_088	M	31
DGRP_088	M	70
DGRP_088	M	84
DGRP_088	F	39
DGRP_088	F	54
DGRP_088	F	60
DGRP_088	M	1
DGRP_088	M	54
DGRP_091	F	56
DGRP_091	F	77
DGRP_091	F	112
DGRP_091	M	49
DGRP_091	M	72
DGRP_091	M	105
DGRP_091	F	56
DGRP_091	F	72
DGRP_091	F	86
DGRP_091	M	56
DGRP_091	M	60
DGRP_091	F	70
DGRP_091	F	77
DGRP_091	F	78
DGRP_091	M	60
DGRP_091	M	84
DGRP_091	F	49
DGRP_091	F	77
DGRP_091	F	92
DGRP_091	M	49
DGRP_091	M	77
DGRP_091	F	45
DGRP_091	F	64
DGRP_091	F	86
DGRP_091	M	38
DGRP_091	M	70
DGRP_091	M	77
DGRP_091	F	15
DGRP_091	F	64
DGRP_091	F	71
DGRP_091	M	31
DGRP_091	M	71
DGRP_091	M	79
DGRP_091	F	35
DGRP_091	F	80
DGRP_091	F	80
DGRP_091	M	56
DGRP_091	M	87
DGRP_091	F	42
DGRP_091	F	59
DGRP_091	F	94
DGRP_091	M	64
DGRP_091	M	78
DGRP_091	M	84
DGRP_091	F	71
DGRP_091	F	87
DGRP_091	M	49
DGRP_091	M	71
DGRP_091	M	84
DGRP_091	F	45
DGRP_091	F	50
DGRP_091	F	93
DGRP_091	M	59
DGRP_091	M	77
DGRP_091	F	42
DGRP_091	F	43
DGRP_091	F	70
DGRP_091	M	50
DGRP_091	M	56
DGRP_091	M	60
DGRP_091	F	77
DGRP_091	F	84
DGRP_091	F	84
DGRP_091	M	56
DGRP_091	M	65
DGRP_091	F	31
DGRP_091	F	56
DGRP_091	F	74
DGRP_091	M	14
DGRP_091	M	74
DGRP_091	M	88
DGRP_091	F	52
DGRP_091	F	65
DGRP_091	M	63
DGRP_091	M	63
DGRP_091	F	56
DGRP_091	F	63
DGRP_091	F	98
DGRP_091	M	18
DGRP_091	M	74
DGRP_091	M	109
DGRP_091	F	30
DGRP_091	F	44
DGRP_091	F	56
DGRP_091	M	45
DGRP_091	M	53
DGRP_091	M	77
DGRP_091	F	35
DGRP_091	F	105
DGRP_091	F	105
DGRP_091	M	14
DGRP_091	M	60
DGRP_091	M	102
DGRP_091	F	7
DGRP_091	F	81
DGRP_091	F	113
DGRP_091	M	56
DGRP_091	M	56
DGRP_091	M	56
DGRP_091	F	56
DGRP_091	F	77
DGRP_091	M	36
DGRP_091	M	60
DGRP_091	F	74
DGRP_091	F	81
DGRP_091	F	84
DGRP_091	M	37
DGRP_091	M	71
DGRP_091	F	15
DGRP_091	F	51
DGRP_091	F	63
DGRP_091	M	50
DGRP_091	M	64
DGRP_091	M	86
DGRP_091	F	74
DGRP_091	F	77
DGRP_091	F	85
DGRP_091	M	42
DGRP_091	M	49
DGRP_091	M	77
DGRP_093	F	14
DGRP_093	F	67
DGRP_093	F	70
DGRP_093	M	21
DGRP_093	M	62
DGRP_093	M	74
DGRP_093	F	53
DGRP_093	F	81
DGRP_093	F	85
DGRP_093	M	15
DGRP_093	M	74
DGRP_093	F	11
DGRP_093	F	77
DGRP_093	F	92
DGRP_093	M	81
DGRP_093	M	82
DGRP_093	M	90
DGRP_093	F	43
DGRP_093	F	84
DGRP_093	F	84
DGRP_093	M	88
DGRP_093	M	88
DGRP_093	M	109
DGRP_093	F	53
DGRP_093	F	56
DGRP_093	F	56
DGRP_093	M	39
DGRP_093	M	46
DGRP_093	M	49
DGRP_093	F	32
DGRP_093	F	64
DGRP_093	F	74
DGRP_093	M	103
DGRP_093	M	109
DGRP_093	F	78
DGRP_093	F	84
DGRP_093	F	95
DGRP_093	M	95
DGRP_093	M	109
DGRP_093	F	81
DGRP_093	F	83
DGRP_093	M	25
DGRP_093	M	83
DGRP_093	M	102
DGRP_093	F	69
DGRP_093	F	83
DGRP_093	F	84
DGRP_093	M	62
DGRP_093	M	81
DGRP_093	M	103
DGRP_093	F	71
DGRP_093	F	81
DGRP_093	F	103
DGRP_093	M	70
DGRP_093	M	105
DGRP_093	F	32
DGRP_093	F	78
DGRP_093	F	95
DGRP_093	M	71
DGRP_093	M	81
DGRP_093	M	109
DGRP_093	F	32
DGRP_093	F	53
DGRP_093	M	102
DGRP_093	M	102
DGRP_093	M	102
DGRP_093	F	12
DGRP_093	F	71
DGRP_093	F	85
DGRP_093	M	49
DGRP_093	M	85
DGRP_093	M	90
DGRP_093	F	50
DGRP_093	F	70
DGRP_093	F	70
DGRP_093	M	103
DGRP_093	M	105
DGRP_093	M	105
DGRP_093	F	35
DGRP_093	F	53
DGRP_093	F	102
DGRP_093	M	104
DGRP_093	M	109
DGRP_093	M	119
DGRP_093	F	46
DGRP_093	F	70
DGRP_093	F	95
DGRP_093	M	96
DGRP_093	M	96
DGRP_093	M	116
DGRP_093	F	4
DGRP_093	F	32
DGRP_093	F	64
DGRP_093	M	81
DGRP_093	M	90
DGRP_093	F	11
DGRP_093	F	47
DGRP_093	F	98
DGRP_093	M	109
DGRP_093	M	109
DGRP_093	M	112
DGRP_093	F	28
DGRP_093	F	67
DGRP_093	F	99
DGRP_093	M	21
DGRP_093	M	75
DGRP_093	M	116
DGRP_093	F	27
DGRP_093	F	33
DGRP_093	F	35
DGRP_093	M	109
DGRP_093	M	116
DGRP_093	M	119
DGRP_093	F	63
DGRP_093	F	67
DGRP_093	F	70
DGRP_093	M	67
DGRP_093	M	67
DGRP_093	M	70
DGRP_093	F	60
DGRP_093	F	71
DGRP_093	F	116
DGRP_093	M	12
DGRP_093	M	105
DGRP_093	F	67
DGRP_093	F	109
DGRP_093	M	78
DGRP_093	M	109
DGRP_101	F	88
DGRP_101	F	88
DGRP_101	F	102
DGRP_101	M	70
DGRP_101	M	118
DGRP_101	F	106
DGRP_101	F	110
DGRP_101	F	123
DGRP_101	M	95
DGRP_101	M	113
DGRP_101	M	126
DGRP_101	F	89
DGRP_101	F	125
DGRP_101	M	81
DGRP_101	M	109
DGRP_101	F	53
DGRP_101	F	61
DGRP_101	F	84
DGRP_101	M	70
DGRP_101	M	110
DGRP_101	F	64
DGRP_101	F	69
DGRP_101	F	81
DGRP_101	M	74
DGRP_101	M	109
DGRP_101	F	88
DGRP_101	F	99
DGRP_101	F	137
DGRP_101	M	7
DGRP_101	M	116
DGRP_101	M	123
DGRP_101	F	95
DGRP_101	F	109
DGRP_101	M	4
DGRP_101	M	88
DGRP_101	F	36
DGRP_101	F	61
DGRP_101	F	67
DGRP_101	M	88
DGRP_101	M	116
DGRP_101	M	153
DGRP_101	F	68
DGRP_101	F	71
DGRP_101	F	84
DGRP_101	M	84
DGRP_101	M	97
DGRP_101	F	81
DGRP_101	F	84
DGRP_101	F	90
DGRP_101	M	99
DGRP_101	M	146
DGRP_101	M	160
DGRP_101	F	88
DGRP_101	F	103
DGRP_101	F	109
DGRP_101	M	53
DGRP_101	M	77
DGRP_101	M	85
DGRP_101	F	49
DGRP_101	F	67
DGRP_101	F	74
DGRP_101	M	109
DGRP_101	M	118
DGRP_101	F	96
DGRP_101	F	99
DGRP_101	F	120
DGRP_101	M	116
DGRP_101	M	167
DGRP_101	F	69
DGRP_101	F	109
DGRP_101	M	61
DGRP_101	M	123
DGRP_101	M	123
DGRP_101	F	12
DGRP_101	F	28
DGRP_101	M	90
DGRP_101	M	130
DGRP_101	M	152
DGRP_101	F	40
DGRP_101	F	48
DGRP_101	F	109
DGRP_101	M	32
DGRP_101	M	97
DGRP_101	F	74
DGRP_101	F	109
DGRP_101	F	130
DGRP_101	M	13
DGRP_101	M	78
DGRP_101	M	81
DGRP_101	F	39
DGRP_101	F	60
DGRP_101	F	102
DGRP_101	M	82
DGRP_101	M	102
DGRP_101	M	130
DGRP_101	F	69
DGRP_101	F	74
DGRP_101	F	109
DGRP_101	M	74
DGRP_101	M	78
DGRP_101	M	95
DGRP_101	F	67
DGRP_101	F	105
DGRP_101	F	118
DGRP_101	M	70
DGRP_101	M	116
DGRP_101	F	32
DGRP_101	F	63
DGRP_101	F	81
DGRP_101	M	32
DGRP_101	M	46
DGRP_101	M	130
DGRP_101	F	46
DGRP_101	F	53
DGRP_101	F	54
DGRP_101	M	39
DGRP_101	M	70
DGRP_101	F	67
DGRP_101	F	78
DGRP_101	M	67
DGRP_101	M	88
DGRP_101	M	90
DGRP_101	F	85
DGRP_101	F	102
DGRP_101	F	135
DGRP_101	M	104
DGRP_101	M	117
DGRP_101	M	130
DGRP_105	F	123
DGRP_105	F	152
DGRP_105	M	4
DGRP_105	M	117
DGRP_105	F	116
DGRP_105	F	127
DGRP_105	F	134
DGRP_105	M	118
DGRP_105	M	139
DGRP_105	M	144
DGRP_105	F	88
DGRP_105	F	119
DGRP_105	F	144
DGRP_105	M	111
DGRP_105	M	131
DGRP_105	F	111
DGRP_105	F	125
DGRP_105	M	84
DGRP_105	M	98
DGRP_105	F	137
DGRP_105	F	138
DGRP_105	M	146
DGRP_105	M	155
DGRP_105	M	176
DGRP_105	F	109
DGRP_105	F	110
DGRP_105	M	109
DGRP_105	M	112
DGRP_105	F	43
DGRP_105	F	49
DGRP_105	F	118
DGRP_105	M	15
DGRP_105	M	88
DGRP_105	M	120
DGRP_105	F	32
DGRP_105	F	88
DGRP_105	F	95
DGRP_105	M	85
DGRP_105	M	158
DGRP_105	F	116
DGRP_105	F	118
DGRP_105	F	138
DGRP_105	M	113
DGRP_105	M	116
DGRP_105	F	47
DGRP_105	F	53
DGRP_105	F	159
DGRP_105	M	131
DGRP_105	M	132
DGRP_105	F	113
DGRP_105	F	158
DGRP_105	M	130
DGRP_105	M	134
DGRP_105	M	139
DGRP_105	F	74
DGRP_105	F	103
DGRP_105	F	113
DGRP_105	M	125
DGRP_105	M	127
DGRP_105	F	32
DGRP_105	F	60
DGRP_105	F	153
DGRP_105	M	32
DGRP_105	M	109
DGRP_105	M	133
DGRP_105	F	119
DGRP_105	F	158
DGRP_105	M	22
DGRP_105	M	85
DGRP_105	M	109
DGRP_105	F	151
DGRP_105	F	153
DGRP_105	M	11
DGRP_105	M	81
DGRP_105	M	144
DGRP_105	F	138
DGRP_105	F	140
DGRP_105	M	130
DGRP_105	M	131
DGRP_105	M	141
DGRP_105	F	81
DGRP_105	F	123
DGRP_105	F	123
DGRP_105	M	4
DGRP_105	M	130
DGRP_105	M	130
DGRP_105	F	71
DGRP_105	F	124
DGRP_105	F	126
DGRP_105	M	78
DGRP_105	M	154
DGRP_105	F	124
DGRP_105	F	130
DGRP_105	F	137
DGRP_105	M	130
DGRP_105	M	154
DGRP_105	F	39
DGRP_105	F	42
DGRP_105	F	46
DGRP_105	M	49
DGRP_105	M	127
DGRP_105	F	53
DGRP_105	F	109
DGRP_105	F	119
DGRP_105	M	53
DGRP_105	M	145
DGRP_105	F	4
DGRP_105	F	25
DGRP_105	M	39
DGRP_105	M	106
DGRP_105	M	144
DGRP_105	F	77
DGRP_105	F	116
DGRP_105	F	152
DGRP_105	M	53
DGRP_105	M	103
DGRP_105	F	85
DGRP_105	F	116
DGRP_105	F	137
DGRP_105	M	88
DGRP_105	M	89
DGRP_105	M	130
DGRP_109	F	41
DGRP_109	F	62
DGRP_109	M	48
DGRP_109	M	48
DGRP_109	F	70
DGRP_109	F	90
DGRP_109	M	131
DGRP_109	M	167
DGRP_109	F	97
DGRP_109	F	113
DGRP_109	F	130
DGRP_109	M	14
DGRP_109	M	126
DGRP_109	F	54
DGRP_109	F	60
DGRP_109	F	62
DGRP_109	M	137
DGRP_109	M	148
DGRP_109	F	35
DGRP_109	F	49
DGRP_109	F	105
DGRP_109	M	49
DGRP_109	M	144
DGRP_109	F	29
DGRP_109	F	102
DGRP_109	F	126
DGRP_109	M	22
DGRP_109	M	123
DGRP_109	M	134
DGRP_109	F	28
DGRP_109	F	56
DGRP_109	F	86
DGRP_109	M	15
DGRP_109	M	171
DGRP_109	F	119
DGRP_109	F	129
DGRP_109	F	148
DGRP_109	M	28
DGRP_109	M	143
DGRP_109	M	166
DGRP_109	F	77
DGRP_109	F	84
DGRP_109	M	74
DGRP_109	M	148
DGRP_109	F	23
DGRP_109	F	42
DGRP_109	F	115
DGRP_109	M	17
DGRP_109	M	168
DGRP_109	F	46
DGRP_109	F	112
DGRP_109	M	77
DGRP_109	M	126
DGRP_109	M	148
DGRP_109	F	84
DGRP_109	F	115
DGRP_109	F	119
DGRP_109	M	73
DGRP_109	M	109
DGRP_109	F	85
DGRP_109	F	107
DGRP_109	F	158
DGRP_109	M	99
DGRP_109	M	135
DGRP_109	M	137
DGRP_109	F	24
DGRP_109	F	58
DGRP_109	F	107
DGRP_109	M	70
DGRP_109	M	119
DGRP_109	M	120
DGRP_109	F	7
DGRP_109	F	56
DGRP_109	F	84
DGRP_109	M	40
DGRP_109	M	40
DGRP_109	M	41
DGRP_109	F	31
DGRP_109	F	84
DGRP_109	F	95
DGRP_109	M	40
DGRP_109	M	113
DGRP_109	M	135
DGRP_109	F	57
DGRP_109	F	98
DGRP_109	F	112
DGRP_109	M	93
DGRP_109	M	135
DGRP_109	F	91
DGRP_109	F	98
DGRP_109	F	115
DGRP_109	M	40
DGRP_109	M	116
DGRP_109	M	142
DGRP_109	F	49
DGRP_109	F	71
DGRP_109	F	107
DGRP_109	M	11
DGRP_109	M	128
DGRP_109	M	128
DGRP_109	F	28
DGRP_109	F	91
DGRP_109	F	98
DGRP_109	M	21
DGRP_109	M	143
DGRP_109	M	147
DGRP_109	F	126
DGRP_109	F	127
DGRP_109	F	127
DGRP_109	M	157
DGRP_109	M	158
DGRP_109	M	158
DGRP_109	F	70
DGRP_109	F	91
DGRP_109	F	112
DGRP_109	M	81
DGRP_109	M	114
DGRP_109	M	149
DGRP_109	F	23
DGRP_109	F	84
DGRP_109	F	91
DGRP_109	M	113
DGRP_109	M	157
DGRP_109	F	50
DGRP_109	F	84
DGRP_109	F	85
DGRP_109	M	91
DGRP_109	M	157
DGRP_109	M	165
DGRP_129	F	95
DGRP_129	F	111
DGRP_129	M	124
DGRP_129	M	144
DGRP_129	F	71
DGRP_129	F	74
DGRP_129	F	81
DGRP_129	M	67
DGRP_129	M	69
DGRP_129	M	88
DGRP_129	F	102
DGRP_129	F	105
DGRP_129	F	118
DGRP_129	M	14
DGRP_129	M	113
DGRP_129	M	133
DGRP_129	F	39
DGRP_129	F	53
DGRP_129	F	67
DGRP_129	M	25
DGRP_129	M	102
DGRP_129	F	91
DGRP_129	F	102
DGRP_129	F	102
DGRP_129	M	28
DGRP_129	M	102
DGRP_129	M	110
DGRP_129	F	43
DGRP_129	F	57
DGRP_129	F	57
DGRP_129	M	57
DGRP_129	M	73
DGRP_129	M	74
DGRP_129	F	70
DGRP_129	F	80
DGRP_129	F	92
DGRP_129	M	7
DGRP_129	M	122
DGRP_129	F	44
DGRP_129	F	59
DGRP_129	F	72
DGRP_129	M	43
DGRP_129	M	57
DGRP_129	M	73
DGRP_129	F	63
DGRP_129	F	105
DGRP_129	F	106
DGRP_129	M	126
DGRP_129	M	155
DGRP_129	F	80
DGRP_129	F	84
DGRP_129	F	98
DGRP_129	M	49
DGRP_129	M	67
DGRP_129	M	84
DGRP_129	F	43
DGRP_129	F	65
DGRP_129	F	74
DGRP_129	M	58
DGRP_129	M	70
DGRP_129	M	85
DGRP_129	F	14
DGRP_129	F	74
DGRP_129	F	88
DGRP_129	M	74
DGRP_129	M	75
DGRP_129	M	92
DGRP_129	F	14
DGRP_129	F	27
DGRP_129	F	101
DGRP_129	M	101
DGRP_129	M	110
DGRP_129	M	117
DGRP_129	F	96
DGRP_129	F	111
DGRP_129	M	66
DGRP_129	M	94
DGRP_129	M	118
DGRP_129	F	27
DGRP_129	F	73
DGRP_129	F	97
DGRP_129	M	45
DGRP_129	M	73
DGRP_129	M	122
DGRP_129	F	2
DGRP_129	F	71
DGRP_129	F	112
DGRP_129	M	38
DGRP_129	M	100
DGRP_129	F	60
DGRP_129	F	70
DGRP_129	F	77
DGRP_129	M	71
DGRP_129	M	72
DGRP_129	M	78
DGRP_129	F	46
DGRP_129	F	100
DGRP_129	F	101
DGRP_129	M	36
DGRP_129	M	46
DGRP_129	M	74
DGRP_129	F	98
DGRP_129	F	130
DGRP_129	F	133
DGRP_129	M	2
DGRP_129	M	99
DGRP_129	M	105
DGRP_129	F	112
DGRP_129	F	118
DGRP_129	F	122
DGRP_129	M	11
DGRP_129	M	116
DGRP_129	F	46
DGRP_129	F	95
DGRP_129	F	98
DGRP_129	M	89
DGRP_129	M	95
DGRP_129	M	95
DGRP_129	F	32
DGRP_129	F	102
DGRP_129	F	116
DGRP_129	M	56
DGRP_129	M	82
DGRP_129	M	112
DGRP_129	F	7
DGRP_129	F	97
DGRP_129	M	6
DGRP_129	M	8
DGRP_129	M	141
DGRP_129	F	25
DGRP_129	F	60
DGRP_129	F	88
DGRP_129	M	67
DGRP_129	M	67
DGRP_136	F	91
DGRP_136	F	98
DGRP_136	F	99
DGRP_136	M	67
DGRP_136	M	98
DGRP_136	M	99
DGRP_136	F	81
DGRP_136	F	84
DGRP_136	M	70
DGRP_136	M	98
DGRP_136	F	112
DGRP_136	F	112
DGRP_136	F	126
DGRP_136	M	92
DGRP_136	M	102
DGRP_136	M	127
DGRP_136	F	72
DGRP_136	F	92
DGRP_136	F	136
DGRP_136	M	98
DGRP_136	M	99
DGRP_136	M	100
DGRP_136	F	99
DGRP_136	F	128
DGRP_136	M	87
DGRP_136	M	106
DGRP_136	F	127
DGRP_136	F	140
DGRP_136	M	100
DGRP_136	M	120
DGRP_136	F	95
DGRP_136	F	114
DGRP_136	F	129
DGRP_136	M	77
DGRP_136	M	95
DGRP_136	M	112
DGRP_136	F	98
DGRP_136	F	98
DGRP_136	M	63
DGRP_136	M	85
DGRP_136	M	91
DGRP_136	F	70
DGRP_136	F	102
DGRP_136	F	105
DGRP_136	M	63
DGRP_136	M	98
DGRP_136	M	100
DGRP_136	F	108
DGRP_136	F	126
DGRP_136	M	1
DGRP_136	M	106
DGRP_136	M	108
DGRP_136	F	98
DGRP_136	F	106
DGRP_136	F	134
DGRP_136	M	35
DGRP_136	M	95
DGRP_136	M	98
DGRP_136	F	21
DGRP_136	F	86
DGRP_136	F	98
DGRP_136	M	80
DGRP_136	M	84
DGRP_136	M	123
DGRP_136	F	101
DGRP_136	F	107
DGRP_136	M	80
DGRP_136	M	98
DGRP_136	M	116
DGRP_136	F	112
DGRP_136	F	112
DGRP_136	F	133
DGRP_136	M	91
DGRP_136	M	95
DGRP_136	M	113
DGRP_136	F	105
DGRP_136	F	137
DGRP_136	F	140
DGRP_136	M	73
DGRP_136	M	95
DGRP_136	M	98
DGRP_136	F	109
DGRP_136	F	119
DGRP_136	F	142
DGRP_136	M	77
DGRP_136	M	95
DGRP_136	M	98
DGRP_136	F	71
DGRP_136	F	98
DGRP_136	F	149
DGRP_136	M	95
DGRP_136	M	101
DGRP_136	M	137
DGRP_136	F	84
DGRP_136	F	105
DGRP_136	F	133
DGRP_136	M	1
DGRP_136	M	74
DGRP_136	M	100
DGRP_136	F	95
DGRP_136	F	98
DGRP_136	F	105
DGRP_136	M	35
DGRP_136	M	101
DGRP_136	M	127
DGRP_136	F	95
DGRP_136	F	134
DGRP_136	F	137
DGRP_136	M	31
DGRP_136	M	95
DGRP_136	M	134
DGRP_136	F	59
DGRP_136	F	119
DGRP_136	F	120
DGRP_136	M	84
DGRP_136	M	155
DGRP_136	F	115
DGRP_136	F	116
DGRP_136	F	119
DGRP_136	M	91
DGRP_136	M	116
DGRP_136	M	122
DGRP_136	F	95
DGRP_136	F	98
DGRP_136	F	130
DGRP_136	M	95
DGRP_136	M	116
DGRP_138	F	42
DGRP_138	F	43
DGRP_138	F	70
DGRP_138	M	39
DGRP_138	M	63
DGRP_138	F	71
DGRP_138	F	74
DGRP_138	M	62
DGRP_138	M	85
DGRP_138	F	11
DGRP_138	F	49
DGRP_138	M	60
DGRP_138	M	75
DGRP_138	M	110
DGRP_138	F	46
DGRP_138	F	47
DGRP_138	F	55
DGRP_138	M	47
DGRP_138	M	74
DGRP_138	F	47
DGRP_138	F	49
DGRP_138	F	81
DGRP_138	M	50
DGRP_138	M	53
DGRP_138	F	53
DGRP_138	F	84
DGRP_138	F	119
DGRP_138	M	50
DGRP_138	M	88
DGRP_138	F	49
DGRP_138	F	57
DGRP_138	F	61
DGRP_138	M	33
DGRP_138	M	49
DGRP_138	M	60
DGRP_138	F	69
DGRP_138	F	103
DGRP_138	F	104
DGRP_138	M	57
DGRP_138	M	77
DGRP_138	F	48
DGRP_138	F	87
DGRP_138	M	52
DGRP_138	M	52
DGRP_138	M	55
DGRP_138	F	52
DGRP_138	F	59
DGRP_138	F	59
DGRP_138	M	55
DGRP_138	M	56
DGRP_138	M	59
DGRP_138	F	76
DGRP_138	F	101
DGRP_138	M	62
DGRP_138	M	80
DGRP_138	M	125
DGRP_138	F	52
DGRP_138	F	61
DGRP_138	F	108
DGRP_138	M	52
DGRP_138	M	105
DGRP_138	F	85
DGRP_138	F	88
DGRP_138	M	88
DGRP_138	M	97
DGRP_138	M	116
DGRP_138	F	4
DGRP_138	F	39
DGRP_138	F	91
DGRP_138	M	4
DGRP_138	M	47
DGRP_138	F	63
DGRP_138	F	63
DGRP_138	F	118
DGRP_138	M	68
DGRP_138	M	105
DGRP_138	F	85
DGRP_138	F	113
DGRP_138	M	95
DGRP_138	M	96
DGRP_138	M	109
DGRP_138	F	77
DGRP_138	F	84
DGRP_138	F	95
DGRP_138	M	74
DGRP_138	M	76
DGRP_138	M	77
DGRP_138	F	75
DGRP_138	F	105
DGRP_138	M	84
DGRP_138	M	89
DGRP_138	F	74
DGRP_138	F	111
DGRP_138	M	14
DGRP_138	M	68
DGRP_138	M	71
DGRP_138	F	7
DGRP_138	F	46
DGRP_138	F	67
DGRP_138	M	67
DGRP_138	M	67
DGRP_138	M	68
DGRP_138	F	53
DGRP_138	F	75
DGRP_138	F	103
DGRP_138	M	103
DGRP_138	M	103
DGRP_138	M	103
DGRP_138	F	46
DGRP_138	F	46
DGRP_138	F	50
DGRP_138	M	46
DGRP_138	M	60
DGRP_138	M	62
DGRP_138	F	36
DGRP_138	F	60
DGRP_138	F	74
DGRP_138	M	74
DGRP_138	M	75
DGRP_142	F	89
DGRP_142	F	95
DGRP_142	F	110
DGRP_142	M	67
DGRP_142	M	109
DGRP_142	M	116
DGRP_142	F	61
DGRP_142	F	96
DGRP_142	F	109
DGRP_142	M	106
DGRP_142	M	109
DGRP_142	F	61
DGRP_142	F	71
DGRP_142	F	84
DGRP_142	M	53
DGRP_142	M	61
DGRP_142	M	110
DGRP_142	F	77
DGRP_142	F	88
DGRP_142	M	88
DGRP_142	M	95
DGRP_142	M	110
DGRP_142	F	41
DGRP_142	F	47
DGRP_142	F	69
DGRP_142	M	81
DGRP_142	M	81
DGRP_142	M	123
DGRP_142	F	46
DGRP_142	F	50
DGRP_142	F	109
DGRP_142	M	111
DGRP_142	M	153
DGRP_142	F	85
DGRP_142	F	95
DGRP_142	M	81
DGRP_142	M	88
DGRP_142	M	137
DGRP_142	F	81
DGRP_142	F	85
DGRP_142	M	18
DGRP_142	M	68
DGRP_142	M	88
DGRP_142	F	39
DGRP_142	F	125
DGRP_142	F	126
DGRP_142	M	98
DGRP_142	M	109
DGRP_142	M	144
DGRP_142	F	25
DGRP_142	F	61
DGRP_142	F	61
DGRP_142	M	95
DGRP_142	M	113
DGRP_142	M	116
DGRP_142	F	47
DGRP_142	F	50
DGRP_142	M	95
DGRP_142	M	112
DGRP_142	M	131
DGRP_142	F	103
DGRP_142	F	106
DGRP_142	F	109
DGRP_142	M	113
DGRP_142	M	127
DGRP_142	F	53
DGRP_142	F	81
DGRP_142	F	89
DGRP_142	M	103
DGRP_142	M	109
DGRP_142	M	109
DGRP_142	F	47
DGRP_142	F	81
DGRP_142	F	95
DGRP_142	M	29
DGRP_142	M	95
DGRP_142	M	116
DGRP_142	F	35
DGRP_142	F	102
DGRP_142	F	124
DGRP_142	M	82
DGRP_142	M	90
DGRP_142	M	116
DGRP_142	F	91
DGRP_142	F	95
DGRP_142	F	104
DGRP_142	M	78
DGRP_142	M	119
DGRP_142	M	130
DGRP_142	F	68
DGRP_142	F	135
DGRP_142	M	110
DGRP_142	M	111
DGRP_142	M	116
DGRP_142	F	46
DGRP_142	F	78
DGRP_142	M	102
DGRP_142	M	116
DGRP_142	M	152
DGRP_142	F	6
DGRP_142	F	62
DGRP_142	F	88
DGRP_142	M	104
DGRP_142	M	109
DGRP_142	F	130
DGRP_142	F	132
DGRP_142	F	139
DGRP_142	M	109
DGRP_142	M	116
DGRP_142	M	116
DGRP_142	F	95
DGRP_142	F	116
DGRP_142	F	120
DGRP_142	M	29
DGRP_142	M	119
DGRP_142	M	120
DGRP_142	F	89
DGRP_142	F	90
DGRP_142	F	116
DGRP_142	M	112
DGRP_142	M	116
DGRP_142	M	118
DGRP_142	F	81
DGRP_142	F	116
DGRP_142	M	88
DGRP_142	M	91
DGRP_142	M	116
DGRP_142	F	53
DGRP_142	F	110
DGRP_142	F	118
DGRP_142	M	74
DGRP_142	M	84
DGRP_142	M	88
DGRP_149	F	39
DGRP_149	F	49
DGRP_149	F	70
DGRP_149	M	42
DGRP_149	M	103
DGRP_149	M	141
DGRP_149	F	19
DGRP_149	F	25
DGRP_149	F	42
DGRP_149	M	25
DGRP_149	M	67
DGRP_149	F	36
DGRP_149	F	39
DGRP_149	F	81
DGRP_149	M	6
DGRP_149	M	74
DGRP_149	F	39
DGRP_149	F	40
DGRP_149	F	70
DGRP_149	M	30
DGRP_149	M	70
DGRP_149	M	81
DGRP_149	F	46
DGRP_149	F	53
DGRP_149	F	76
DGRP_149	M	82
DGRP_149	M	95
DGRP_149	M	96
DGRP_149	F	53
DGRP_149	F	60
DGRP_149	F	68
DGRP_149	M	34
DGRP_149	M	40
DGRP_149	M	56
DGRP_149	F	27
DGRP_149	F	54
DGRP_149	M	39
DGRP_149	M	49
DGRP_149	M	49
DGRP_149	F	12
DGRP_149	F	39
DGRP_149	F	46
DGRP_149	M	12
DGRP_149	M	39
DGRP_149	M	133
DGRP_149	F	27
DGRP_149	F	64
DGRP_149	F	83
DGRP_149	M	60
DGRP_149	M	97
DGRP_149	M	97
DGRP_149	F	5
DGRP_149	F	97
DGRP_149	F	123
DGRP_149	M	39
DGRP_149	M	77
DGRP_149	M	83
DGRP_149	F	7
DGRP_149	F	39
DGRP_149	F	60
DGRP_149	M	4
DGRP_149	M	42
DGRP_149	M	46
DGRP_149	F	30
DGRP_149	F	36
DGRP_149	F	42
DGRP_149	M	5
DGRP_149	M	130
DGRP_149	M	131
DGRP_149	F	39
DGRP_149	F	99
DGRP_149	F	102
DGRP_149	M	92
DGRP_149	M	95
DGRP_149	M	127
DGRP_149	F	5
DGRP_149	F	40
DGRP_149	F	111
DGRP_149	M	29
DGRP_149	M	123
DGRP_149	M	123
DGRP_149	F	25
DGRP_149	F	43
DGRP_149	F	56
DGRP_149	M	32
DGRP_149	M	97
DGRP_149	M	130
DGRP_149	F	13
DGRP_149	F	27
DGRP_149	F	81
DGRP_149	M	14
DGRP_149	M	67
DGRP_149	M	68
DGRP_149	F	29
DGRP_149	F	39
DGRP_149	M	39
DGRP_149	M	42
DGRP_149	M	47
DGRP_149	F	32
DGRP_149	F	46
DGRP_149	F	69
DGRP_149	M	21
DGRP_149	M	74
DGRP_149	M	144
DGRP_149	F	11
DGRP_149	F	74
DGRP_149	F	75
DGRP_149	M	32
DGRP_149	M	33
DGRP_149	M	39
DGRP_149	F	43
DGRP_149	F	92
DGRP_149	F	103
DGRP_149	M	39
DGRP_149	M	39
DGRP_149	M	130
DGRP_149	F	22
DGRP_149	F	36
DGRP_149	F	39
DGRP_149	M	39
DGRP_149	M	47
DGRP_149	M	138
DGRP_149	F	26
DGRP_149	F	55
DGRP_149	M	36
DGRP_149	M	53
DGRP_149	M	144
DGRP_149	F	1
DGRP_149	F	25
DGRP_149	M	7
DGRP_149	M	19
DGRP_153	F	84
DGRP_153	F	85
DGRP_153	M	74
DGRP_153	M	85
DGRP_153	M	88
DGRP_153	F	91
DGRP_153	F	106
DGRP_153	F	137
DGRP_153	M	68
DGRP_153	M	132
DGRP_153	F	69
DGRP_153	F	124
DGRP_153	F	133
DGRP_153	M	102
DGRP_153	M	131
DGRP_153	F	116
DGRP_153	F	118
DGRP_153	F	124
DGRP_153	M	116
DGRP_153	M	137
DGRP_153	M	144
DGRP_153	F	61
DGRP_153	F	95
DGRP_153	M	116
DGRP_153	M	137
DGRP_153	M	144
DGRP_153	F	77
DGRP_153	F	88
DGRP_153	F	99
DGRP_153	M	81
DGRP_153	M	81
DGRP_153	M	137
DGRP_153	F	81
DGRP_153	F	88
DGRP_153	F	117
DGRP_153	M	46
DGRP_153	M	117
DGRP_153	M	133
DGRP_153	F	104
DGRP_153	F	112
DGRP_153	F	118
DGRP_153	M	67
DGRP_153	M	116
DGRP_153	M	118
DGRP_153	F	82
DGRP_153	F	105
DGRP_153	M	4
DGRP_153	M	42
DGRP_153	M	116
DGRP_153	F	76
DGRP_153	F	96
DGRP_153	F	97
DGRP_153	M	95
DGRP_153	M	96
DGRP_153	M	96
DGRP_153	F	95
DGRP_153	F	95
DGRP_153	M	88
DGRP_153	M	88
DGRP_153	M	95
DGRP_153	F	63
DGRP_153	F	81
DGRP_153	F	96
DGRP_153	M	25
DGRP_153	M	89
DGRP_153	M	123
DGRP_153	F	96
DGRP_153	F	99
DGRP_153	F	139
DGRP_153	M	99
DGRP_153	M	109
DGRP_153	M	117
DGRP_153	F	82
DGRP_153	F	102
DGRP_153	F	116
DGRP_153	M	57
DGRP_153	M	119
DGRP_153	M	165
DGRP_153	F	81
DGRP_153	F	84
DGRP_153	F	102
DGRP_153	M	11
DGRP_153	M	120
DGRP_153	M	137
DGRP_153	F	83
DGRP_153	F	97
DGRP_153	M	112
DGRP_153	M	151
DGRP_153	M	152
DGRP_153	F	75
DGRP_153	F	81
DGRP_153	F	116
DGRP_153	M	137
DGRP_153	M	146
DGRP_153	M	147
DGRP_153	F	81
DGRP_153	F	109
DGRP_153	F	117
DGRP_153	M	116
DGRP_153	M	119
DGRP_153	M	119
DGRP_153	F	106
DGRP_153	F	109
DGRP_153	F	112
DGRP_153	M	116
DGRP_153	M	130
DGRP_153	M	130
DGRP_153	F	64
DGRP_153	F	99
DGRP_153	F	110
DGRP_153	M	74
DGRP_153	M	137
DGRP_153	M	153
DGRP_153	F	99
DGRP_153	F	109
DGRP_153	F	152
DGRP_153	M	57
DGRP_153	M	88
DGRP_153	M	89
DGRP_153	F	88
DGRP_153	F	109
DGRP_153	F	131
DGRP_153	M	83
DGRP_153	M	116
DGRP_153	F	61
DGRP_153	F	71
DGRP_153	M	88
DGRP_153	M	88
DGRP_153	F	18
DGRP_153	F	109
DGRP_153	F	109
DGRP_153	M	53
DGRP_153	M	103
DGRP_153	M	112
DGRP_158	F	76
DGRP_158	F	112
DGRP_158	M	78
DGRP_158	M	130
DGRP_158	F	119
DGRP_158	F	137
DGRP_158	M	64
DGRP_158	M	78
DGRP_158	F	88
DGRP_158	F	89
DGRP_158	F	111
DGRP_158	M	57
DGRP_158	M	88
DGRP_158	M	89
DGRP_158	F	40
DGRP_158	F	95
DGRP_158	F	96
DGRP_158	M	81
DGRP_158	M	98
DGRP_158	F	14
DGRP_158	F	46
DGRP_158	F	95
DGRP_158	M	22
DGRP_158	M	95
DGRP_158	F	11
DGRP_158	F	22
DGRP_158	F	49
DGRP_158	M	53
DGRP_158	M	95
DGRP_158	F	69
DGRP_158	F	105
DGRP_158	M	24
DGRP_158	M	38
DGRP_158	M	95
DGRP_158	F	28
DGRP_158	F	80
DGRP_158	F	116
DGRP_158	M	87
DGRP_158	M	109
DGRP_158	M	111
DGRP_158	F	4
DGRP_158	F	112
DGRP_158	M	101
DGRP_158	M	108
DGRP_158	M	116
DGRP_158	F	49
DGRP_158	F	73
DGRP_158	F	129
DGRP_158	M	101
DGRP_158	M	108
DGRP_158	F	67
DGRP_158	F	117
DGRP_158	F	130
DGRP_158	M	76
DGRP_158	M	78
DGRP_158	M	78
DGRP_158	F	54
DGRP_158	F	74
DGRP_158	F	78
DGRP_158	M	70
DGRP_158	M	75
DGRP_158	M	78
DGRP_158	F	8
DGRP_158	F	109
DGRP_158	F	130
DGRP_158	M	88
DGRP_158	M	95
DGRP_158	M	116
DGRP_158	F	60
DGRP_158	F	96
DGRP_158	F	102
DGRP_158	M	75
DGRP_158	M	96
DGRP_158	M	119
DGRP_158	F	105
DGRP_158	F	110
DGRP_158	F	140
DGRP_158	M	71
DGRP_158	M	90
DGRP_158	F	82
DGRP_158	F	96
DGRP_158	F	111
DGRP_158	M	6
DGRP_158	M	96
DGRP_158	M	112
DGRP_158	F	29
DGRP_158	F	71
DGRP_158	F	118
DGRP_158	M	84
DGRP_158	M	85
DGRP_158	F	96
DGRP_158	F	96
DGRP_158	F	98
DGRP_158	M	99
DGRP_158	M	110
DGRP_158	M	116
DGRP_158	F	89
DGRP_158	F	116
DGRP_158	F	117
DGRP_158	M	48
DGRP_158	M	84
DGRP_158	M	111
DGRP_158	F	98
DGRP_158	F	132
DGRP_158	M	64
DGRP_158	M	78
DGRP_158	M	105
DGRP_158	F	36
DGRP_158	F	55
DGRP_158	F	89
DGRP_158	M	29
DGRP_158	M	95
DGRP_158	M	124
DGRP_161	F	53
DGRP_161	F	64
DGRP_161	M	53
DGRP_161	M	71
DGRP_161	M	74
DGRP_161	F	32
DGRP_161	F	61
DGRP_161	F	69
DGRP_161	M	88
DGRP_161	M	91
DGRP_161	M	104
DGRP_161	F	53
DGRP_161	F	57
DGRP_161	F	68
DGRP_161	M	84
DGRP_161	M	88
DGRP_161	M	102
DGRP_161	F	68
DGRP_161	F	74
DGRP_161	F	77
DGRP_161	M	67
DGRP_161	M	77
DGRP_161	M	81
DGRP_161	F	61
DGRP_161	F	74
DGRP_161	F	76
DGRP_161	M	88
DGRP_161	M	89
DGRP_161	M	92
DGRP_161	F	62
DGRP_161	F	67
DGRP_161	F	69
DGRP_161	M	68
DGRP_161	M	68
DGRP_161	M	74
DGRP_161	F	61
DGRP_161	F	64
DGRP_161	F	67
DGRP_161	M	34
DGRP_161	M	61
DGRP_161	M	82
DGRP_161	F	40
DGRP_161	F	54
DGRP_161	F	61
DGRP_161	M	53
DGRP_161	M	56
DGRP_161	M	106
DGRP_161	F	63
DGRP_161	F	70
DGRP_161	F	71
DGRP_161	M	63
DGRP_161	M	76
DGRP_161	M	77
DGRP_161	F	41
DGRP_161	F	53
DGRP_161	F	54
DGRP_161	M	36
DGRP_161	M	82
DGRP_161	M	82
DGRP_161	F	18
DGRP_161	F	48
DGRP_161	F	70
DGRP_161	M	84
DGRP_161	M	88
DGRP_161	M	95
DGRP_161	F	75
DGRP_161	F	88
DGRP_161	M	43
DGRP_161	M	49
DGRP_161	M	55
DGRP_161	F	63
DGRP_161	F	70
DGRP_161	F	74
DGRP_161	M	74
DGRP_161	M	74
DGRP_161	M	74
DGRP_161	F	60
DGRP_161	F	62
DGRP_161	F	64
DGRP_161	M	60
DGRP_161	M	63
DGRP_161	M	78
DGRP_161	F	53
DGRP_161	F	55
DGRP_161	M	29
DGRP_161	M	61
DGRP_161	M	75
DGRP_161	F	39
DGRP_161	F	53
DGRP_161	F	60
DGRP_161	M	4
DGRP_161	M	36
DGRP_161	M	75
DGRP_161	F	41
DGRP_161	F	60
DGRP_161	F	68
DGRP_161	M	60
DGRP_161	M	68
DGRP_161	M	74
DGRP_161	F	61
DGRP_161	F	74
DGRP_161	F	95
DGRP_161	M	4
DGRP_161	M	61
DGRP_161	M	61
DGRP_161	F	46
DGRP_161	F	53
DGRP_161	F	63
DGRP_161	M	12
DGRP_161	M	67
DGRP_161	M	74
DGRP_161	F	61
DGRP_161	F	74
DGRP_161	F	74
DGRP_161	M	74
DGRP_161	M	74
DGRP_161	M	74
DGRP_161	F	74
DGRP_161	F	75
DGRP_161	F	76
DGRP_161	M	74
DGRP_161	M	74
DGRP_161	M	78
DGRP_161	F	53
DGRP_161	F	71
DGRP_161	F	74
DGRP_161	M	35
DGRP_161	M	53
DGRP_161	M	77
DGRP_161	F	67
DGRP_161	F	91
DGRP_161	M	4
DGRP_161	M	78
DGRP_161	M	83
DGRP_176	F	76
DGRP_176	F	95
DGRP_176	F	96
DGRP_176	M	10
DGRP_176	M	10
DGRP_176	M	13
DGRP_176	F	10
DGRP_176	F	87
DGRP_176	M	12
DGRP_176	M	12
DGRP_176	M	17
DGRP_176	F	39
DGRP_176	F	89
DGRP_176	F	91
DGRP_176	M	74
DGRP_176	M	102
DGRP_176	F	95
DGRP_176	F	98
DGRP_176	F	98
DGRP_176	M	6
DGRP_176	M	74
DGRP_176	F	70
DGRP_176	F	74
DGRP_176	F	77
DGRP_176	M	70
DGRP_176	M	74
DGRP_176	M	74
DGRP_176	F	4
DGRP_176	F	25
DGRP_176	F	70
DGRP_176	M	60
DGRP_176	M	84
DGRP_176	F	77
DGRP_176	F	96
DGRP_176	M	32
DGRP_176	M	43
DGRP_176	M	81
DGRP_176	F	47
DGRP_176	F	62
DGRP_176	F	90
DGRP_176	M	11
DGRP_176	M	88
DGRP_176	F	76
DGRP_176	F	106
DGRP_176	M	7
DGRP_176	M	74
DGRP_176	F	60
DGRP_176	F	98
DGRP_176	F	98
DGRP_176	M	11
DGRP_176	M	81
DGRP_176	F	81
DGRP_176	F	88
DGRP_176	F	88
DGRP_176	M	70
DGRP_176	M	83
DGRP_176	F	68
DGRP_176	F	105
DGRP_176	F	109
DGRP_176	M	11
DGRP_176	M	11
DGRP_176	F	55
DGRP_176	F	69
DGRP_176	F	110
DGRP_176	M	14
DGRP_176	M	47
DGRP_176	M	106
DGRP_176	F	28
DGRP_176	F	96
DGRP_176	F	96
DGRP_176	M	75
DGRP_176	M	83
DGRP_176	M	126
DGRP_176	F	91
DGRP_176	F	97
DGRP_176	M	5
DGRP_176	M	26
DGRP_176	M	82
DGRP_176	F	27
DGRP_176	F	47
DGRP_176	F	75
DGRP_176	M	9
DGRP_176	M	78
DGRP_176	M	110
DGRP_176	F	72
DGRP_176	F	96
DGRP_176	F	110
DGRP_176	M	54
DGRP_176	M	70
DGRP_176	M	75
DGRP_176	F	26
DGRP_176	F	27
DGRP_176	F	72
DGRP_176	M	85
DGRP_176	M	89
DGRP_176	F	42
DGRP_176	F	103
DGRP_176	F	126
DGRP_176	M	44
DGRP_176	M	104
DGRP_176	F	36
DGRP_176	F	76
DGRP_176	F	117
DGRP_176	M	36
DGRP_176	M	78
DGRP_176	F	75
DGRP_176	F	84
DGRP_176	F	90
DGRP_176	M	43
DGRP_176	M	86
DGRP_176	F	68
DGRP_176	F	83
DGRP_176	F	89
DGRP_176	M	69
DGRP_176	M	106
DGRP_176	M	114
DGRP_176	F	66
DGRP_176	F	75
DGRP_176	F	94
DGRP_176	M	11
DGRP_176	M	45
DGRP_176	M	69
DGRP_176	F	46
DGRP_176	F	47
DGRP_176	M	7
DGRP_176	M	82
DGRP_176	M	87
DGRP_177	F	17
DGRP_177	F	32
DGRP_177	F	35
DGRP_177	M	17
DGRP_177	M	24
DGRP_177	M	42
DGRP_177	F	20
DGRP_177	F	31
DGRP_177	M	17
DGRP_177	M	53
DGRP_177	M	83
DGRP_177	F	6
DGRP_177	F	18
DGRP_177	F	35
DGRP_177	M	13
DGRP_177	M	33
DGRP_177	M	41
DGRP_177	F	21
DGRP_177	F	34
DGRP_177	F	39
DGRP_177	M	14
DGRP_177	M	41
DGRP_177	M	45
DGRP_177	F	17
DGRP_177	F	24
DGRP_177	F	45
DGRP_177	M	24
DGRP_177	M	34
DGRP_177	M	38
DGRP_177	F	13
DGRP_177	F	24
DGRP_177	F	38
DGRP_177	M	21
DGRP_177	M	49
DGRP_177	F	24
DGRP_177	F	24
DGRP_177	F	41
DGRP_177	M	35
DGRP_177	M	38
DGRP_177	M	40
DGRP_177	F	6
DGRP_177	F	10
DGRP_177	F	25
DGRP_177	M	10
DGRP_177	M	66
DGRP_177	F	20
DGRP_177	F	27
DGRP_177	F	31
DGRP_177	M	17
DGRP_177	M	45
DGRP_177	M	45
DGRP_177	F	10
DGRP_177	F	12
DGRP_177	F	46
DGRP_177	M	24
DGRP_177	M	38
DGRP_177	M	41
DGRP_177	F	31
DGRP_177	F	34
DGRP_177	F	38
DGRP_177	M	17
DGRP_177	M	41
DGRP_177	M	53
DGRP_177	F	6
DGRP_177	F	45
DGRP_177	M	10
DGRP_177	M	33
DGRP_177	M	53
DGRP_177	F	17
DGRP_177	F	24
DGRP_177	F	26
DGRP_177	M	10
DGRP_177	M	26
DGRP_177	M	49
DGRP_177	F	10
DGRP_177	F	31
DGRP_177	M	27
DGRP_177	M	46
DGRP_177	M	53
DGRP_177	F	11
DGRP_177	F	17
DGRP_177	M	10
DGRP_177	M	24
DGRP_177	M	27
DGRP_177	F	25
DGRP_177	F	56
DGRP_177	M	7
DGRP_177	M	10
DGRP_177	M	34
DGRP_177	F	11
DGRP_177	F	21
DGRP_177	F	27
DGRP_177	M	10
DGRP_177	M	12
DGRP_177	M	20
DGRP_177	F	27
DGRP_177	F	45
DGRP_177	F	52
DGRP_177	M	21
DGRP_177	M	45
DGRP_177	M	45
DGRP_177	F	7
DGRP_177	F	17
DGRP_177	F	45
DGRP_177	M	17
DGRP_177	M	25
DGRP_177	M	38
DGRP_177	F	38
DGRP_177	F	38
DGRP_177	M	21
DGRP_177	M	25
DGRP_177	F	10
DGRP_177	F	21
DGRP_177	M	28
DGRP_177	M	31
DGRP_177	M	41
DGRP_177	F	5
DGRP_177	F	34
DGRP_177	F	45
DGRP_177	M	19
DGRP_177	M	40
DGRP_177	M	47
DGRP_177	F	7
DGRP_177	F	7
DGRP_177	F	21
DGRP_177	M	21
DGRP_177	M	21
DGRP_177	M	34
DGRP_177	F	10
DGRP_177	F	21
DGRP_177	F	35
DGRP_177	M	7
DGRP_177	M	24
DGRP_177	M	34
DGRP_181	F	77
DGRP_181	F	95
DGRP_181	F	95
DGRP_181	M	95
DGRP_181	M	123
DGRP_181	M	141
DGRP_181	F	72
DGRP_181	F	80
DGRP_181	F	86
DGRP_181	M	105
DGRP_181	M	106
DGRP_181	F	26
DGRP_181	F	47
DGRP_181	F	74
DGRP_181	M	133
DGRP_181	M	141
DGRP_181	M	148
DGRP_181	F	53
DGRP_181	F	54
DGRP_181	F	89
DGRP_181	M	78
DGRP_181	M	83
DGRP_181	M	95
DGRP_181	F	95
DGRP_181	F	102
DGRP_181	F	119
DGRP_181	M	103
DGRP_181	M	119
DGRP_181	F	53
DGRP_181	F	68
DGRP_181	F	109
DGRP_181	M	111
DGRP_181	M	117
DGRP_181	M	127
DGRP_181	F	30
DGRP_181	F	42
DGRP_181	F	83
DGRP_181	M	81
DGRP_181	M	103
DGRP_181	M	137
DGRP_181	F	56
DGRP_181	F	74
DGRP_181	F	92
DGRP_181	M	98
DGRP_181	M	137
DGRP_181	M	139
DGRP_181	F	6
DGRP_181	F	39
DGRP_181	M	104
DGRP_181	M	125
DGRP_181	F	76
DGRP_181	F	99
DGRP_181	F	109
DGRP_181	M	81
DGRP_181	M	104
DGRP_181	M	117
DGRP_181	F	22
DGRP_181	F	49
DGRP_181	F	78
DGRP_181	M	82
DGRP_181	M	95
DGRP_181	M	97
DGRP_181	F	62
DGRP_181	F	97
DGRP_181	F	123
DGRP_181	M	71
DGRP_181	M	109
DGRP_181	M	125
DGRP_181	F	30
DGRP_181	F	56
DGRP_181	F	60
DGRP_181	M	32
DGRP_181	M	35
DGRP_181	M	98
DGRP_181	F	63
DGRP_181	F	85
DGRP_181	F	85
DGRP_181	M	70
DGRP_181	M	85
DGRP_181	M	85
DGRP_181	F	44
DGRP_181	F	73
DGRP_181	F	95
DGRP_181	M	101
DGRP_181	M	114
DGRP_181	M	141
DGRP_181	F	70
DGRP_181	F	86
DGRP_181	F	95
DGRP_181	M	3
DGRP_181	M	130
DGRP_181	F	49
DGRP_181	F	85
DGRP_181	F	98
DGRP_181	M	101
DGRP_181	M	130
DGRP_181	M	137
DGRP_181	F	22
DGRP_181	F	79
DGRP_181	M	107
DGRP_181	M	126
DGRP_181	F	3
DGRP_181	F	14
DGRP_181	M	93
DGRP_181	M	109
DGRP_181	M	114
DGRP_181	F	71
DGRP_181	F	78
DGRP_181	F	87
DGRP_181	M	1
DGRP_181	M	56
DGRP_181	M	81
DGRP_181	F	22
DGRP_181	F	65
DGRP_181	F	137
DGRP_181	M	65
DGRP_181	M	66
DGRP_181	M	142
DGRP_181	F	29
DGRP_181	F	56
DGRP_181	F	59
DGRP_181	M	77
DGRP_181	M	126
DGRP_181	F	15
DGRP_181	F	38
DGRP_181	M	49
DGRP_181	M	95
DGRP_189	F	49
DGRP_189	F	75
DGRP_189	M	46
DGRP_189	M	77
DGRP_189	F	19
DGRP_189	F	39
DGRP_189	M	39
DGRP_189	M	84
DGRP_189	F	53
DGRP_189	F	95
DGRP_189	F	130
DGRP_189	M	99
DGRP_189	M	130
DGRP_189	F	38
DGRP_189	F	45
DGRP_189	F	73
DGRP_189	M	59
DGRP_189	M	94
DGRP_189	F	19
DGRP_189	F	80
DGRP_189	F	91
DGRP_189	M	80
DGRP_189	M	91
DGRP_189	M	91
DGRP_189	F	56
DGRP_189	F	73
DGRP_189	F	80
DGRP_189	M	10
DGRP_189	M	66
DGRP_189	M	101
DGRP_189	F	78
DGRP_189	F	81
DGRP_189	F	108
DGRP_189	M	7
DGRP_189	M	63
DGRP_189	M	66
DGRP_189	F	19
DGRP_189	F	70
DGRP_189	F	70
DGRP_189	M	16
DGRP_189	M	70
DGRP_189	F	49
DGRP_189	F	57
DGRP_189	F	92
DGRP_189	M	57
DGRP_189	M	70
DGRP_189	M	71
DGRP_189	F	42
DGRP_189	F	49
DGRP_189	F	92
DGRP_189	M	42
DGRP_189	M	53
DGRP_189	F	54
DGRP_189	F	60
DGRP_189	F	81
DGRP_189	M	96
DGRP_189	M	109
DGRP_189	M	113
DGRP_189	F	42
DGRP_189	F	131
DGRP_189	F	132
DGRP_189	M	71
DGRP_189	M	119
DGRP_189	M	137
DGRP_189	F	18
DGRP_189	F	18
DGRP_189	F	56
DGRP_189	M	81
DGRP_189	M	82
DGRP_189	M	138
DGRP_189	F	13
DGRP_189	F	14
DGRP_189	F	96
DGRP_189	M	46
DGRP_189	M	55
DGRP_189	M	116
DGRP_189	F	64
DGRP_189	F	137
DGRP_189	M	14
DGRP_189	M	78
DGRP_189	F	17
DGRP_189	F	57
DGRP_189	F	78
DGRP_189	M	58
DGRP_189	M	84
DGRP_189	M	105
DGRP_189	F	11
DGRP_189	F	77
DGRP_189	M	17
DGRP_189	M	79
DGRP_189	F	7
DGRP_189	F	84
DGRP_189	F	91
DGRP_189	M	84
DGRP_189	M	92
DGRP_189	M	93
DGRP_189	F	1
DGRP_189	F	77
DGRP_189	F	80
DGRP_189	M	21
DGRP_189	M	74
DGRP_189	M	119
DGRP_189	F	4
DGRP_189	F	28
DGRP_189	F	70
DGRP_189	M	70
DGRP_189	M	77
DGRP_189	F	21
DGRP_189	F	45
DGRP_189	F	64
DGRP_189	M	48
DGRP_189	M	80
DGRP_189	F	9
DGRP_189	F	56
DGRP_189	F	57
DGRP_189	M	80
DGRP_189	M	92
DGRP_189	M	119
DGRP_189	F	72
DGRP_189	F	88
DGRP_189	F	95
DGRP_189	M	56
DGRP_189	M	57
DGRP_189	M	95
DGRP_195	F	76
DGRP_195	F	110
DGRP_195	M	69
DGRP_195	M	152
DGRP_195	F	75
DGRP_195	F	84
DGRP_195	F	96
DGRP_195	M	29
DGRP_195	M	83
DGRP_195	F	98
DGRP_195	F	117
DGRP_195	F	140
DGRP_195	M	103
DGRP_195	M	155
DGRP_195	F	51
DGRP_195	F	119
DGRP_195	F	131
DGRP_195	M	75
DGRP_195	M	96
DGRP_195	F	83
DGRP_195	F	85
DGRP_195	M	85
DGRP_195	M	133
DGRP_195	F	55
DGRP_195	F	110
DGRP_195	M	5
DGRP_195	M	69
DGRP_195	M	149
DGRP_195	F	64
DGRP_195	F	84
DGRP_195	M	93
DGRP_195	M	128
DGRP_195	F	133
DGRP_195	F	138
DGRP_195	F	152
DGRP_195	M	5
DGRP_195	M	132
DGRP_195	F	91
DGRP_195	F	141
DGRP_195	M	20
DGRP_195	M	82
DGRP_195	F	61
DGRP_195	F	111
DGRP_195	F	128
DGRP_195	M	5
DGRP_195	M	112
DGRP_195	M	118
DGRP_195	F	75
DGRP_195	F	110
DGRP_195	F	125
DGRP_195	M	82
DGRP_195	M	93
DGRP_195	M	105
DGRP_195	F	101
DGRP_195	F	115
DGRP_195	M	101
DGRP_195	M	109
DGRP_195	M	188
DGRP_195	F	3
DGRP_195	F	101
DGRP_195	F	122
DGRP_195	M	115
DGRP_195	M	129
DGRP_195	M	145
DGRP_195	F	80
DGRP_195	F	123
DGRP_195	F	124
DGRP_195	M	103
DGRP_195	M	103
DGRP_195	M	153
DGRP_195	F	112
DGRP_195	F	122
DGRP_195	F	129
DGRP_195	M	73
DGRP_195	M	77
DGRP_195	M	122
DGRP_195	F	48
DGRP_195	F	122
DGRP_195	F	124
DGRP_195	M	111
DGRP_195	M	117
DGRP_195	M	122
DGRP_195	F	104
DGRP_195	F	124
DGRP_195	F	124
DGRP_195	M	81
DGRP_195	M	108
DGRP_195	M	126
DGRP_195	F	63
DGRP_195	F	69
DGRP_195	F	104
DGRP_195	M	102
DGRP_195	M	104
DGRP_195	F	89
DGRP_195	F	101
DGRP_195	F	122
DGRP_195	M	94
DGRP_195	M	119
DGRP_195	M	122
DGRP_195	F	46
DGRP_195	F	125
DGRP_195	F	129
DGRP_195	M	116
DGRP_195	M	129
DGRP_195	M	129
DGRP_195	F	61
DGRP_195	F	110
DGRP_195	M	10
DGRP_195	M	80
DGRP_195	M	129
DGRP_195	F	11
DGRP_195	F	81
DGRP_195	F	110
DGRP_195	M	94
DGRP_195	M	108
DGRP_195	M	130
DGRP_208	F	119
DGRP_208	F	133
DGRP_208	M	109
DGRP_208	M	148
DGRP_208	F	137
DGRP_208	F	153
DGRP_208	M	83
DGRP_208	M	140
DGRP_208	F	116
DGRP_208	F	116
DGRP_208	M	159
DGRP_208	M	161
DGRP_208	F	118
DGRP_208	F	151
DGRP_208	M	151
DGRP_208	M	158
DGRP_208	F	140
DGRP_208	F	151
DGRP_208	M	151
DGRP_208	M	151
DGRP_208	F	116
DGRP_208	F	118
DGRP_208	M	60
DGRP_208	M	119
DGRP_208	M	159
DGRP_208	F	111
DGRP_208	F	141
DGRP_208	M	144
DGRP_208	M	144
DGRP_208	M	158
DGRP_208	F	99
DGRP_208	F	110
DGRP_208	M	112
DGRP_208	M	116
DGRP_208	M	116
DGRP_208	F	102
DGRP_208	F	110
DGRP_208	M	103
DGRP_208	M	117
DGRP_208	M	132
DGRP_208	F	125
DGRP_208	F	145
DGRP_208	F	146
DGRP_208	M	103
DGRP_208	M	166
DGRP_208	M	169
DGRP_208	F	124
DGRP_208	F	125
DGRP_208	F	139
DGRP_208	M	144
DGRP_208	M	155
DGRP_208	F	84
DGRP_208	F	103
DGRP_208	M	103
DGRP_208	M	109
DGRP_208	F	88
DGRP_208	F	110
DGRP_208	F	141
DGRP_208	M	120
DGRP_208	M	124
DGRP_208	M	141
DGRP_208	F	60
DGRP_208	F	144
DGRP_208	F	147
DGRP_208	M	99
DGRP_208	M	113
DGRP_208	F	74
DGRP_208	F	75
DGRP_208	M	85
DGRP_208	M	109
DGRP_208	M	110
DGRP_208	F	96
DGRP_208	F	96
DGRP_208	F	123
DGRP_208	M	1
DGRP_208	M	75
DGRP_208	M	120
DGRP_208	F	103
DGRP_208	F	137
DGRP_208	F	158
DGRP_208	M	89
DGRP_208	M	125
DGRP_208	M	138
DGRP_208	F	99
DGRP_208	F	141
DGRP_208	F	144
DGRP_208	M	99
DGRP_208	M	130
DGRP_208	M	138
DGRP_208	F	138
DGRP_208	F	144
DGRP_208	F	152
DGRP_208	M	138
DGRP_208	M	140
DGRP_208	M	151
DGRP_208	F	104
DGRP_208	F	140
DGRP_208	F	174
DGRP_208	M	137
DGRP_208	M	137
DGRP_208	M	140
DGRP_208	F	130
DGRP_208	F	140
DGRP_208	F	144
DGRP_208	M	138
DGRP_208	M	144
DGRP_208	M	151
DGRP_208	F	21
DGRP_208	F	32
DGRP_208	F	61
DGRP_208	M	119
DGRP_208	M	120
DGRP_208	M	123
DGRP_208	F	123
DGRP_208	F	134
DGRP_208	F	137
DGRP_208	M	110
DGRP_208	M	124
DGRP_208	M	160
DGRP_208	F	124
DGRP_208	F	129
DGRP_208	F	136
DGRP_208	M	136
DGRP_208	M	144
DGRP_208	M	168
DGRP_217	F	1
DGRP_217	F	2
DGRP_217	F	3
DGRP_217	M	68
DGRP_217	M	76
DGRP_217	M	87
DGRP_217	F	34
DGRP_217	F	34
DGRP_217	F	48
DGRP_217	M	53
DGRP_217	M	80
DGRP_217	M	108
DGRP_217	F	24
DGRP_217	F	31
DGRP_217	F	45
DGRP_217	M	91
DGRP_217	M	97
DGRP_217	M	119
DGRP_217	F	69
DGRP_217	F	123
DGRP_217	M	56
DGRP_217	M	73
DGRP_217	M	74
DGRP_217	F	31
DGRP_217	F	31
DGRP_217	M	39
DGRP_217	M	48
DGRP_217	M	97
DGRP_217	F	31
DGRP_217	F	49
DGRP_217	F	66
DGRP_217	M	69
DGRP_217	M	104
DGRP_217	F	10
DGRP_217	F	53
DGRP_217	F	73
DGRP_217	M	56
DGRP_217	M	108
DGRP_217	M	130
DGRP_217	F	24
DGRP_217	F	45
DGRP_217	F	63
DGRP_217	M	73
DGRP_217	M	73
DGRP_217	M	97
DGRP_217	F	5
DGRP_217	F	24
DGRP_217	F	27
DGRP_217	M	115
DGRP_217	M	123
DGRP_217	F	20
DGRP_217	F	38
DGRP_217	M	81
DGRP_217	M	108
DGRP_217	M	129
DGRP_217	F	47
DGRP_217	F	83
DGRP_217	M	59
DGRP_217	M	69
DGRP_217	M	73
DGRP_217	F	27
DGRP_217	F	54
DGRP_217	M	92
DGRP_217	M	114
DGRP_217	M	128
DGRP_217	F	23
DGRP_217	F	47
DGRP_217	M	26
DGRP_217	M	47
DGRP_217	M	65
DGRP_217	F	36
DGRP_217	F	42
DGRP_217	M	37
DGRP_217	M	85
DGRP_217	F	68
DGRP_217	F	82
DGRP_217	F	103
DGRP_217	M	68
DGRP_217	M	72
DGRP_217	M	82
DGRP_217	F	23
DGRP_217	F	48
DGRP_217	F	103
DGRP_217	M	69
DGRP_217	M	92
DGRP_217	M	103
DGRP_217	F	47
DGRP_217	F	71
DGRP_217	F	79
DGRP_217	M	83
DGRP_217	M	104
DGRP_217	M	110
DGRP_217	F	69
DGRP_217	F	92
DGRP_217	F	103
DGRP_217	M	76
DGRP_217	M	82
DGRP_217	M	98
DGRP_217	F	54
DGRP_217	F	75
DGRP_217	F	75
DGRP_217	M	78
DGRP_217	M	103
DGRP_217	M	104
DGRP_217	F	29
DGRP_217	F	51
DGRP_217	F	68
DGRP_217	M	68
DGRP_217	M	103
DGRP_217	M	103
DGRP_217	F	68
DGRP_217	F	75
DGRP_217	F	82
DGRP_217	M	48
DGRP_217	M	68
DGRP_217	M	69
DGRP_217	F	55
DGRP_217	F	65
DGRP_217	F	92
DGRP_217	M	76
DGRP_217	M	79
DGRP_217	M	105
DGRP_217	F	34
DGRP_217	F	43
DGRP_217	F	54
DGRP_217	M	92
DGRP_217	M	104
DGRP_217	M	110
DGRP_223	F	71
DGRP_223	F	76
DGRP_223	M	70
DGRP_223	M	103
DGRP_223	F	47
DGRP_223	F	47
DGRP_223	F	70
DGRP_223	M	55
DGRP_223	M	63
DGRP_223	F	40
DGRP_223	F	47
DGRP_223	F	93
DGRP_223	M	61
DGRP_223	M	110
DGRP_223	F	47
DGRP_223	F	83
DGRP_223	M	50
DGRP_223	M	50
DGRP_223	M	65
DGRP_223	F	7
DGRP_223	F	32
DGRP_223	F	66
DGRP_223	M	83
DGRP_223	M	150
DGRP_223	F	42
DGRP_223	F	66
DGRP_223	F	66
DGRP_223	M	13
DGRP_223	M	33
DGRP_223	M	129
DGRP_223	F	47
DGRP_223	F	98
DGRP_223	M	81
DGRP_223	M	101
DGRP_223	M	123
DGRP_223	F	39
DGRP_223	F	46
DGRP_223	F	60
DGRP_223	M	101
DGRP_223	M	122
DGRP_223	F	20
DGRP_223	F	38
DGRP_223	F	47
DGRP_223	M	45
DGRP_223	M	151
DGRP_223	F	31
DGRP_223	F	32
DGRP_223	F	41
DGRP_223	M	24
DGRP_223	M	61
DGRP_223	M	74
DGRP_223	F	26
DGRP_223	F	38
DGRP_223	F	73
DGRP_223	M	38
DGRP_223	M	62
DGRP_223	M	63
DGRP_223	F	6
DGRP_223	F	31
DGRP_223	F	38
DGRP_223	M	34
DGRP_223	M	73
DGRP_223	F	58
DGRP_223	F	69
DGRP_223	F	174
DGRP_223	M	40
DGRP_223	M	57
DGRP_223	M	188
DGRP_223	F	61
DGRP_223	F	61
DGRP_223	F	75
DGRP_223	M	35
DGRP_223	M	68
DGRP_223	M	128
DGRP_223	F	47
DGRP_223	F	57
DGRP_223	M	26
DGRP_223	M	68
DGRP_223	M	83
DGRP_223	F	47
DGRP_223	F	47
DGRP_223	F	82
DGRP_223	M	47
DGRP_223	M	49
DGRP_223	M	58
DGRP_223	F	72
DGRP_223	F	77
DGRP_223	F	83
DGRP_223	M	78
DGRP_223	M	79
DGRP_223	M	103
DGRP_223	F	40
DGRP_223	F	51
DGRP_223	F	61
DGRP_223	M	55
DGRP_223	M	72
DGRP_223	M	117
DGRP_223	F	40
DGRP_223	F	40
DGRP_223	F	86
DGRP_223	M	69
DGRP_223	M	124
DGRP_223	F	29
DGRP_223	F	51
DGRP_223	F	54
DGRP_223	M	49
DGRP_223	M	114
DGRP_223	M	120
DGRP_223	F	48
DGRP_223	F	51
DGRP_223	F	54
DGRP_223	M	55
DGRP_223	M	61
DGRP_223	M	147
DGRP_223	F	42
DGRP_223	F	57
DGRP_223	F	78
DGRP_223	M	61
DGRP_223	M	85
DGRP_223	M	133
DGRP_223	F	28
DGRP_223	F	44
DGRP_223	F	71
DGRP_223	M	27
DGRP_223	M	68
DGRP_223	M	86
DGRP_227	F	100
DGRP_227	F	102
DGRP_227	F	120
DGRP_227	M	100
DGRP_227	M	127
DGRP_227	M	136
DGRP_227	F	84
DGRP_227	F	99
DGRP_227	F	99
DGRP_227	M	98
DGRP_227	M	98
DGRP_227	M	98
DGRP_227	F	72
DGRP_227	F	93
DGRP_227	M	98
DGRP_227	M	99
DGRP_227	M	134
DGRP_227	F	64
DGRP_227	F	97
DGRP_227	M	90
DGRP_227	M	118
DGRP_227	M	131
DGRP_227	F	68
DGRP_227	F	92
DGRP_227	F	118
DGRP_227	M	104
DGRP_227	M	123
DGRP_227	M	127
DGRP_227	F	81
DGRP_227	F	95
DGRP_227	F	95
DGRP_227	M	81
DGRP_227	M	95
DGRP_227	M	95
DGRP_227	F	77
DGRP_227	F	97
DGRP_227	F	98
DGRP_227	M	95
DGRP_227	M	98
DGRP_227	F	83
DGRP_227	F	97
DGRP_227	F	111
DGRP_227	M	97
DGRP_227	M	109
DGRP_227	M	109
DGRP_227	F	56
DGRP_227	F	60
DGRP_227	F	97
DGRP_227	M	57
DGRP_227	M	120
DGRP_227	M	125
DGRP_227	F	39
DGRP_227	F	81
DGRP_227	F	103
DGRP_227	M	48
DGRP_227	M	117
DGRP_227	M	124
DGRP_227	F	56
DGRP_227	F	102
DGRP_227	F	111
DGRP_227	M	88
DGRP_227	M	92
DGRP_227	M	99
DGRP_227	F	68
DGRP_227	F	96
DGRP_227	F	118
DGRP_227	M	32
DGRP_227	M	97
DGRP_227	F	77
DGRP_227	F	95
DGRP_227	M	54
DGRP_227	M	97
DGRP_227	M	110
DGRP_227	F	56
DGRP_227	F	83
DGRP_227	F	125
DGRP_227	M	57
DGRP_227	M	64
DGRP_227	M	67
DGRP_227	F	92
DGRP_227	F	92
DGRP_227	M	92
DGRP_227	M	104
DGRP_227	F	68
DGRP_227	F	92
DGRP_227	F	92
DGRP_227	M	32
DGRP_227	M	36
DGRP_227	M	123
DGRP_227	F	92
DGRP_227	F	95
DGRP_227	F	109
DGRP_227	M	88
DGRP_227	M	104
DGRP_227	M	112
DGRP_227	F	95
DGRP_227	F	109
DGRP_227	F	109
DGRP_227	M	78
DGRP_227	M	99
DGRP_227	F	92
DGRP_227	F	98
DGRP_227	F	113
DGRP_227	M	25
DGRP_227	M	36
DGRP_227	M	112
DGRP_227	F	92
DGRP_227	F	112
DGRP_227	M	92
DGRP_227	M	123
DGRP_227	F	3
DGRP_227	F	11
DGRP_227	M	13
DGRP_227	M	31
DGRP_227	M	83
DGRP_227	F	53
DGRP_227	F	66
DGRP_227	F	96
DGRP_227	M	91
DGRP_227	M	95
DGRP_227	M	123
DGRP_227	F	89
DGRP_227	F	91
DGRP_227	F	94
DGRP_227	M	81
DGRP_227	M	91
DGRP_227	M	94
DGRP_227	F	81
DGRP_227	F	87
DGRP_227	F	89
DGRP_227	M	82
DGRP_227	M	91
DGRP_227	M	91
DGRP_228	F	91
DGRP_228	F	128
DGRP_228	M	6
DGRP_228	M	103
DGRP_228	M	143
DGRP_228	F	117
DGRP_228	F	118
DGRP_228	F	153
DGRP_228	M	9
DGRP_228	M	153
DGRP_228	F	96
DGRP_228	F	114
DGRP_228	F	120
DGRP_228	M	145
DGRP_228	M	148
DGRP_228	M	148
DGRP_228	F	112
DGRP_228	F	117
DGRP_228	F	120
DGRP_228	M	138
DGRP_228	M	163
DGRP_228	F	49
DGRP_228	F	68
DGRP_228	F	106
DGRP_228	M	65
DGRP_228	M	92
DGRP_228	M	103
DGRP_228	F	78
DGRP_228	F	89
DGRP_228	M	62
DGRP_228	M	152
DGRP_228	F	72
DGRP_228	F	83
DGRP_228	F	99
DGRP_228	M	6
DGRP_228	M	83
DGRP_228	M	110
DGRP_228	F	96
DGRP_228	F	103
DGRP_228	F	119
DGRP_228	M	33
DGRP_228	M	106
DGRP_228	M	131
DGRP_228	F	33
DGRP_228	F	103
DGRP_228	M	148
DGRP_228	M	152
DGRP_228	F	64
DGRP_228	F	78
DGRP_228	M	152
DGRP_228	M	155
DGRP_228	F	35
DGRP_228	F	96
DGRP_228	F	99
DGRP_228	M	29
DGRP_228	M	104
DGRP_228	M	140
DGRP_228	F	47
DGRP_228	F	75
DGRP_228	F	106
DGRP_228	M	135
DGRP_228	M	160
DGRP_228	F	82
DGRP_228	F	133
DGRP_228	F	147
DGRP_228	M	111
DGRP_228	M	112
DGRP_228	F	89
DGRP_228	F	89
DGRP_228	F	111
DGRP_228	M	110
DGRP_228	M	110
DGRP_228	M	167
DGRP_228	F	64
DGRP_228	F	124
DGRP_228	F	146
DGRP_228	M	64
DGRP_228	M	113
DGRP_228	M	124
DGRP_228	F	5
DGRP_228	F	103
DGRP_228	F	106
DGRP_228	M	89
DGRP_228	M	103
DGRP_228	M	135
DGRP_228	F	117
DGRP_228	F	134
DGRP_228	M	126
DGRP_228	M	140
DGRP_228	M	160
DGRP_228	F	124
DGRP_228	F	126
DGRP_228	F	145
DGRP_228	M	48
DGRP_228	M	112
DGRP_228	F	110
DGRP_228	F	117
DGRP_228	F	124
DGRP_228	M	124
DGRP_228	M	124
DGRP_228	M	160
DGRP_228	F	26
DGRP_228	F	128
DGRP_228	M	47
DGRP_228	M	103
DGRP_228	M	103
DGRP_228	F	91
DGRP_228	F	106
DGRP_228	F	124
DGRP_228	M	118
DGRP_228	M	124
DGRP_228	M	141
DGRP_228	F	64
DGRP_228	F	106
DGRP_228	F	134
DGRP_228	M	103
DGRP_228	M	127
DGRP_228	M	134
DGRP_228	F	61
DGRP_228	F	118
DGRP_228	M	76
DGRP_228	M	103
DGRP_228	M	141
DGRP_229	F	80
DGRP_229	F	91
DGRP_229	F	105
DGRP_229	M	80
DGRP_229	M	112
DGRP_229	F	42
DGRP_229	F	92
DGRP_229	M	95
DGRP_229	M	114
DGRP_229	F	77
DGRP_229	F	92
DGRP_229	F	102
DGRP_229	M	77
DGRP_229	M	98
DGRP_229	M	99
DGRP_229	F	78
DGRP_229	F	84
DGRP_229	F	102
DGRP_229	M	49
DGRP_229	M	91
DGRP_229	M	99
DGRP_229	F	63
DGRP_229	F	74
DGRP_229	F	105
DGRP_229	M	56
DGRP_229	M	84
DGRP_229	M	93
DGRP_229	F	80
DGRP_229	F	95
DGRP_229	M	95
DGRP_229	M	98
DGRP_229	M	115
DGRP_229	F	112
DGRP_229	F	113
DGRP_229	F	113
DGRP_229	M	91
DGRP_229	M	93
DGRP_229	M	107
DGRP_229	F	51
DGRP_229	F	77
DGRP_229	F	78
DGRP_229	M	52
DGRP_229	M	109
DGRP_229	M	141
DGRP_229	F	98
DGRP_229	F	107
DGRP_229	F	112
DGRP_229	M	102
DGRP_229	M	127
DGRP_229	M	141
DGRP_229	F	85
DGRP_229	F	88
DGRP_229	M	79
DGRP_229	M	92
DGRP_229	M	112
DGRP_229	F	99
DGRP_229	F	100
DGRP_229	F	101
DGRP_229	M	77
DGRP_229	M	77
DGRP_229	M	98
DGRP_229	F	1
DGRP_229	F	93
DGRP_229	F	106
DGRP_229	M	56
DGRP_229	M	98
DGRP_229	M	126
DGRP_229	F	28
DGRP_229	F	92
DGRP_229	F	95
DGRP_229	M	80
DGRP_229	M	91
DGRP_229	F	92
DGRP_229	F	98
DGRP_229	F	113
DGRP_229	M	88
DGRP_229	M	99
DGRP_229	F	91
DGRP_229	F	98
DGRP_229	F	107
DGRP_229	M	95
DGRP_229	M	113
DGRP_229	M	134
DGRP_229	F	30
DGRP_229	F	31
DGRP_229	M	30
DGRP_229	M	95
DGRP_229	M	99
DGRP_229	F	63
DGRP_229	F	95
DGRP_229	M	91
DGRP_229	M	91
DGRP_229	M	99
DGRP_229	F	81
DGRP_229	F	113
DGRP_229	F	126
DGRP_229	M	113
DGRP_229	M	116
DGRP_229	M	126
DGRP_229	F	95
DGRP_229	F	95
DGRP_229	M	59
DGRP_229	M	60
DGRP_229	M	85
DGRP_229	F	80
DGRP_229	F	140
DGRP_229	M	95
DGRP_229	M	95
DGRP_229	F	56
DGRP_229	F	85
DGRP_229	M	7
DGRP_229	M	85
DGRP_229	F	32
DGRP_229	F	92
DGRP_229	F	96
DGRP_229	M	88
DGRP_229	M	103
DGRP_229	M	110
DGRP_229	F	88
DGRP_229	F	90
DGRP_229	M	90
DGRP_229	M	110
DGRP_233	F	76
DGRP_233	F	105
DGRP_233	F	116
DGRP_233	M	31
DGRP_233	M	136
DGRP_233	M	136
DGRP_233	F	38
DGRP_233	F	98
DGRP_233	M	77
DGRP_233	M	97
DGRP_233	M	101
DGRP_233	F	40
DGRP_233	F	74
DGRP_233	F	80
DGRP_233	M	60
DGRP_233	M	104
DGRP_233	M	126
DGRP_233	F	87
DGRP_233	F	87
DGRP_233	F	102
DGRP_233	M	87
DGRP_233	M	97
DGRP_233	M	97
DGRP_233	F	89
DGRP_233	F	97
DGRP_233	F	109
DGRP_233	M	89
DGRP_233	M	101
DGRP_233	M	123
DGRP_233	F	101
DGRP_233	F	101
DGRP_233	M	82
DGRP_233	M	115
DGRP_233	F	34
DGRP_233	F	75
DGRP_233	F	111
DGRP_233	M	74
DGRP_233	M	76
DGRP_233	F	68
DGRP_233	F	74
DGRP_233	F	109
DGRP_233	M	95
DGRP_233	M	109
DGRP_233	F	84
DGRP_233	F	98
DGRP_233	M	92
DGRP_233	M	95
DGRP_233	F	76
DGRP_233	F	88
DGRP_233	M	82
DGRP_233	M	88
DGRP_233	M	117
DGRP_233	F	40
DGRP_233	F	67
DGRP_233	M	102
DGRP_233	M	118
DGRP_233	M	123
DGRP_233	F	39
DGRP_233	F	87
DGRP_233	F	90
DGRP_233	M	24
DGRP_233	M	136
DGRP_233	M	138
DGRP_233	F	21
DGRP_233	F	53
DGRP_233	F	101
DGRP_233	M	102
DGRP_233	M	108
DGRP_233	F	27
DGRP_233	F	101
DGRP_233	M	70
DGRP_233	M	116
DGRP_233	F	3
DGRP_233	F	33
DGRP_233	F	117
DGRP_233	M	14
DGRP_233	M	129
DGRP_233	M	132
DGRP_233	F	56
DGRP_233	F	63
DGRP_233	F	69
DGRP_233	M	4
DGRP_233	M	5
DGRP_233	M	45
DGRP_233	F	12
DGRP_233	F	70
DGRP_233	F	119
DGRP_233	M	123
DGRP_233	M	123
DGRP_233	F	28
DGRP_233	F	108
DGRP_233	M	7
DGRP_233	M	11
DGRP_233	M	54
DGRP_233	F	25
DGRP_233	F	73
DGRP_233	M	103
DGRP_233	M	124
DGRP_233	M	129
DGRP_233	F	59
DGRP_233	F	77
DGRP_233	F	88
DGRP_233	M	80
DGRP_233	M	129
DGRP_233	M	129
DGRP_233	F	55
DGRP_233	F	84
DGRP_233	F	108
DGRP_233	M	7
DGRP_233	M	14
DGRP_233	M	31
DGRP_233	F	89
DGRP_233	F	91
DGRP_233	F	104
DGRP_233	M	32
DGRP_233	M	89
DGRP_233	M	136
DGRP_235	F	99
DGRP_235	F	133
DGRP_235	F	142
DGRP_235	M	24
DGRP_235	M	45
DGRP_235	M	45
DGRP_235	F	44
DGRP_235	F	77
DGRP_235	F	84
DGRP_235	M	32
DGRP_235	M	52
DGRP_235	F	44
DGRP_235	F	105
DGRP_235	M	28
DGRP_235	M	49
DGRP_235	M	57
DGRP_235	F	78
DGRP_235	F	107
DGRP_235	M	42
DGRP_235	M	46
DGRP_235	M	51
DGRP_235	F	43
DGRP_235	F	57
DGRP_235	M	50
DGRP_235	M	59
DGRP_235	F	42
DGRP_235	F	73
DGRP_235	F	78
DGRP_235	M	37
DGRP_235	M	38
DGRP_235	M	57
DGRP_235	F	44
DGRP_235	F	49
DGRP_235	F	64
DGRP_235	M	21
DGRP_235	M	43
DGRP_235	M	49
DGRP_235	F	63
DGRP_235	F	64
DGRP_235	F	73
DGRP_235	M	43
DGRP_235	M	44
DGRP_235	M	78
DGRP_235	F	42
DGRP_235	F	50
DGRP_235	M	57
DGRP_235	M	64
DGRP_235	F	78
DGRP_235	F	91
DGRP_235	M	46
DGRP_235	M	70
DGRP_235	F	21
DGRP_235	F	51
DGRP_235	M	36
DGRP_235	M	42
DGRP_235	F	77
DGRP_235	F	93
DGRP_235	M	42
DGRP_235	M	57
DGRP_235	F	51
DGRP_235	F	53
DGRP_235	F	87
DGRP_235	M	28
DGRP_235	M	29
DGRP_235	M	37
DGRP_235	F	98
DGRP_235	F	105
DGRP_235	F	133
DGRP_235	M	16
DGRP_235	M	28
DGRP_235	F	24
DGRP_235	F	107
DGRP_235	F	108
DGRP_235	M	44
DGRP_235	M	49
DGRP_235	M	56
DGRP_235	F	29
DGRP_235	F	39
DGRP_235	F	86
DGRP_235	M	25
DGRP_235	M	30
DGRP_235	M	49
DGRP_235	F	37
DGRP_235	F	50
DGRP_235	F	105
DGRP_235	M	25
DGRP_235	M	105
DGRP_235	F	63
DGRP_235	F	142
DGRP_235	M	14
DGRP_235	M	38
DGRP_235	M	63
DGRP_235	F	81
DGRP_235	F	105
DGRP_235	M	31
DGRP_235	M	45
DGRP_235	M	70
DGRP_235	F	2
DGRP_235	F	63
DGRP_235	F	63
DGRP_235	M	24
DGRP_235	M	25
DGRP_235	M	28
DGRP_235	F	58
DGRP_235	F	70
DGRP_235	F	108
DGRP_235	M	46
DGRP_235	M	53
DGRP_235	M	77
DGRP_235	F	63
DGRP_235	F	98
DGRP_235	F	115
DGRP_235	M	25
DGRP_235	M	58
DGRP_235	M	59
DGRP_235	F	51
DGRP_235	F	52
DGRP_235	F	59
DGRP_235	M	24
DGRP_235	M	53
DGRP_235	M	60
DGRP_235	F	25
DGRP_235	F	147
DGRP_235	M	24
DGRP_235	M	24
DGRP_235	M	59
DGRP_237	F	115
DGRP_237	F	138
DGRP_237	F	145
DGRP_237	M	130
DGRP_237	M	138
DGRP_237	F	108
DGRP_237	F	150
DGRP_237	F	152
DGRP_237	M	95
DGRP_237	M	115
DGRP_237	M	158
DGRP_237	F	90
DGRP_237	F	96
DGRP_237	F	96
DGRP_237	M	84
DGRP_237	M	164
DGRP_237	F	140
DGRP_237	F	148
DGRP_237	M	94
DGRP_237	M	112
DGRP_237	M	153
DGRP_237	F	94
DGRP_237	F	115
DGRP_237	M	153
DGRP_237	M	158
DGRP_237	F	101
DGRP_237	F	130
DGRP_237	F	136
DGRP_237	M	140
DGRP_237	M	151
DGRP_237	F	39
DGRP_237	F	80
DGRP_237	M	143
DGRP_237	M	143
DGRP_237	M	151
DGRP_237	F	81
DGRP_237	F	108
DGRP_237	F	122
DGRP_237	M	84
DGRP_237	M	90
DGRP_237	F	143
DGRP_237	F	145
DGRP_237	F	150
DGRP_237	M	115
DGRP_237	M	115
DGRP_237	M	115
DGRP_237	F	125
DGRP_237	F	143
DGRP_237	F	153
DGRP_237	M	87
DGRP_237	M	150
DGRP_237	F	101
DGRP_237	F	122
DGRP_237	F	145
DGRP_237	M	84
DGRP_237	M	96
DGRP_237	M	115
DGRP_237	F	98
DGRP_237	F	108
DGRP_237	F	119
DGRP_237	M	108
DGRP_237	M	122
DGRP_237	M	152
DGRP_237	F	108
DGRP_237	F	115
DGRP_237	F	131
DGRP_237	M	122
DGRP_237	M	131
DGRP_237	M	150
DGRP_237	F	129
DGRP_237	F	131
DGRP_237	F	166
DGRP_237	M	118
DGRP_237	M	129
DGRP_237	M	137
DGRP_237	F	74
DGRP_237	F	151
DGRP_237	M	84
DGRP_237	M	108
DGRP_237	M	150
DGRP_237	F	80
DGRP_237	F	132
DGRP_237	M	60
DGRP_237	M	109
DGRP_237	M	129
DGRP_237	F	73
DGRP_237	F	108
DGRP_237	F	129
DGRP_237	M	63
DGRP_237	M	108
DGRP_237	M	152
DGRP_237	F	32
DGRP_237	F	40
DGRP_237	M	129
DGRP_237	M	143
DGRP_237	F	70
DGRP_237	F	108
DGRP_237	F	150
DGRP_237	M	77
DGRP_237	M	151
DGRP_237	F	18
DGRP_237	F	140
DGRP_237	M	94
DGRP_237	M	150
DGRP_237	M	151
DGRP_237	F	34
DGRP_237	F	101
DGRP_237	F	108
DGRP_237	M	32
DGRP_237	M	33
DGRP_237	M	125
DGRP_237	F	88
DGRP_237	F	125
DGRP_237	M	95
DGRP_237	M	151
DGRP_239	F	91
DGRP_239	F	101
DGRP_239	M	83
DGRP_239	M	97
DGRP_239	M	101
DGRP_239	F	83
DGRP_239	F	84
DGRP_239	F	129
DGRP_239	M	83
DGRP_239	M	84
DGRP_239	M	87
DGRP_239	F	96
DGRP_239	F	101
DGRP_239	M	84
DGRP_239	M	101
DGRP_239	M	108
DGRP_239	F	110
DGRP_239	F	112
DGRP_239	F	117
DGRP_239	M	87
DGRP_239	M	94
DGRP_239	M	94
DGRP_239	F	47
DGRP_239	F	84
DGRP_239	F	101
DGRP_239	M	33
DGRP_239	M	56
DGRP_239	M	66
DGRP_239	F	35
DGRP_239	F	74
DGRP_239	F	108
DGRP_239	M	80
DGRP_239	M	104
DGRP_239	M	108
DGRP_239	F	63
DGRP_239	F	89
DGRP_239	F	122
DGRP_239	M	48
DGRP_239	M	76
DGRP_239	M	101
DGRP_239	F	90
DGRP_239	F	101
DGRP_239	F	116
DGRP_239	M	89
DGRP_239	M	94
DGRP_239	M	104
DGRP_239	F	91
DGRP_239	F	91
DGRP_239	F	94
DGRP_239	M	45
DGRP_239	M	94
DGRP_239	M	96
DGRP_239	F	11
DGRP_239	F	88
DGRP_239	F	129
DGRP_239	M	52
DGRP_239	M	76
DGRP_239	M	83
DGRP_239	F	63
DGRP_239	F	87
DGRP_239	F	143
DGRP_239	M	76
DGRP_239	M	101
DGRP_239	F	80
DGRP_239	F	115
DGRP_239	M	34
DGRP_239	M	34
DGRP_239	M	49
DGRP_239	F	60
DGRP_239	F	60
DGRP_239	F	77
DGRP_239	M	60
DGRP_239	M	63
DGRP_239	M	70
DGRP_239	F	42
DGRP_239	F	83
DGRP_239	F	101
DGRP_239	M	56
DGRP_239	M	95
DGRP_239	M	95
DGRP_239	F	90
DGRP_239	F	102
DGRP_239	F	108
DGRP_239	M	97
DGRP_239	M	101
DGRP_239	F	84
DGRP_239	F	87
DGRP_239	F	98
DGRP_239	M	80
DGRP_239	M	97
DGRP_239	M	118
DGRP_239	F	26
DGRP_239	F	109
DGRP_239	F	111
DGRP_239	M	83
DGRP_239	M	101
DGRP_239	M	101
DGRP_239	F	91
DGRP_239	F	108
DGRP_239	F	119
DGRP_239	M	83
DGRP_239	M	96
DGRP_239	M	101
DGRP_239	F	54
DGRP_239	F	89
DGRP_239	F	89
DGRP_239	M	89
DGRP_239	M	89
DGRP_239	F	101
DGRP_239	F	101
DGRP_239	F	108
DGRP_239	M	108
DGRP_239	M	108
DGRP_239	M	108
DGRP_239	F	95
DGRP_239	F	98
DGRP_239	F	123
DGRP_239	M	35
DGRP_239	M	70
DGRP_239	M	74
DGRP_239	F	54
DGRP_239	F	67
DGRP_239	F	73
DGRP_239	M	66
DGRP_239	M	70
DGRP_239	M	84
DGRP_239	F	84
DGRP_239	F	129
DGRP_239	F	129
DGRP_239	M	98
DGRP_239	M	108
DGRP_239	M	122
DGRP_239	F	53
DGRP_239	F	83
DGRP_239	F	84
DGRP_239	M	52
DGRP_239	M	67
DGRP_239	M	76
DGRP_256	F	45
DGRP_256	F	101
DGRP_256	F	117
DGRP_256	M	52
DGRP_256	M	82
DGRP_256	F	87
DGRP_256	F	88
DGRP_256	F	108
DGRP_256	M	76
DGRP_256	M	80
DGRP_256	F	110
DGRP_256	F	119
DGRP_256	M	70
DGRP_256	M	108
DGRP_256	F	48
DGRP_256	F	105
DGRP_256	F	131
DGRP_256	M	60
DGRP_256	M	96
DGRP_256	M	111
DGRP_256	F	63
DGRP_256	F	94
DGRP_256	M	94
DGRP_256	M	97
DGRP_256	F	101
DGRP_256	F	108
DGRP_256	F	129
DGRP_256	M	68
DGRP_256	M	74
DGRP_256	M	81
DGRP_256	F	14
DGRP_256	F	31
DGRP_256	F	73
DGRP_256	M	104
DGRP_256	M	104
DGRP_256	M	110
DGRP_256	F	70
DGRP_256	F	79
DGRP_256	M	66
DGRP_256	M	70
DGRP_256	F	80
DGRP_256	F	98
DGRP_256	M	80
DGRP_256	M	84
DGRP_256	F	70
DGRP_256	F	77
DGRP_256	M	42
DGRP_256	M	91
DGRP_256	M	134
DGRP_256	F	44
DGRP_256	F	84
DGRP_256	F	91
DGRP_256	M	77
DGRP_256	M	93
DGRP_256	M	161
DGRP_256	F	42
DGRP_256	F	123
DGRP_256	F	133
DGRP_256	M	49
DGRP_256	M	78
DGRP_256	M	80
DGRP_256	F	52
DGRP_256	F	70
DGRP_256	F	73
DGRP_256	M	73
DGRP_256	M	110
DGRP_256	M	153
DGRP_256	F	52
DGRP_256	F	88
DGRP_256	M	88
DGRP_256	M	111
DGRP_256	M	111
DGRP_256	F	76
DGRP_256	F	101
DGRP_256	F	102
DGRP_256	M	74
DGRP_256	M	77
DGRP_256	F	52
DGRP_256	F	60
DGRP_256	F	97
DGRP_256	M	54
DGRP_256	M	90
DGRP_256	M	97
DGRP_256	F	73
DGRP_256	F	76
DGRP_256	F	108
DGRP_256	M	73
DGRP_256	M	75
DGRP_256	M	80
DGRP_256	F	63
DGRP_256	F	68
DGRP_256	F	87
DGRP_256	M	66
DGRP_256	M	117
DGRP_256	M	137
DGRP_256	F	59
DGRP_256	F	63
DGRP_256	F	67
DGRP_256	M	35
DGRP_256	M	91
DGRP_256	M	143
DGRP_256	F	73
DGRP_256	F	102
DGRP_256	F	107
DGRP_256	M	102
DGRP_256	M	105
DGRP_256	M	106
DGRP_256	F	35
DGRP_256	F	84
DGRP_256	M	141
DGRP_256	M	142
DGRP_256	F	21
DGRP_256	F	65
DGRP_256	F	98
DGRP_256	M	56
DGRP_256	M	56
DGRP_256	M	59
DGRP_280	F	60
DGRP_280	F	60
DGRP_280	M	82
DGRP_280	M	104
DGRP_280	M	108
DGRP_280	F	94
DGRP_280	F	97
DGRP_280	F	97
DGRP_280	M	87
DGRP_280	M	88
DGRP_280	M	117
DGRP_280	F	76
DGRP_280	F	83
DGRP_280	M	88
DGRP_280	M	89
DGRP_280	F	56
DGRP_280	F	91
DGRP_280	M	88
DGRP_280	M	96
DGRP_280	M	97
DGRP_280	F	117
DGRP_280	F	138
DGRP_280	M	81
DGRP_280	M	94
DGRP_280	F	83
DGRP_280	F	87
DGRP_280	M	20
DGRP_280	M	62
DGRP_280	M	73
DGRP_280	F	60
DGRP_280	F	66
DGRP_280	F	117
DGRP_280	M	70
DGRP_280	M	80
DGRP_280	M	87
DGRP_280	F	87
DGRP_280	F	87
DGRP_280	F	89
DGRP_280	M	87
DGRP_280	M	87
DGRP_280	M	87
DGRP_280	F	87
DGRP_280	F	87
DGRP_280	F	111
DGRP_280	M	33
DGRP_280	M	84
DGRP_280	M	148
DGRP_280	F	83
DGRP_280	F	83
DGRP_280	F	87
DGRP_280	M	83
DGRP_280	M	83
DGRP_280	M	87
DGRP_280	F	87
DGRP_280	F	90
DGRP_280	F	105
DGRP_280	M	45
DGRP_280	M	87
DGRP_280	F	73
DGRP_280	F	80
DGRP_280	M	73
DGRP_280	M	88
DGRP_280	M	147
DGRP_280	F	81
DGRP_280	F	89
DGRP_280	F	129
DGRP_280	M	69
DGRP_280	M	77
DGRP_280	M	87
DGRP_280	F	109
DGRP_280	F	115
DGRP_280	M	74
DGRP_280	M	89
DGRP_280	F	73
DGRP_280	F	96
DGRP_280	M	63
DGRP_280	M	150
DGRP_280	F	101
DGRP_280	F	101
DGRP_280	M	101
DGRP_280	M	105
DGRP_280	M	108
DGRP_280	F	45
DGRP_280	F	77
DGRP_280	F	101
DGRP_280	M	77
DGRP_280	M	88
DGRP_280	M	91
DGRP_280	F	87
DGRP_280	F	94
DGRP_280	F	108
DGRP_280	M	7
DGRP_280	M	53
DGRP_280	M	69
DGRP_280	F	84
DGRP_280	F	101
DGRP_280	F	108
DGRP_280	M	84
DGRP_280	M	87
DGRP_280	M	95
DGRP_280	F	108
DGRP_280	F	122
DGRP_280	M	88
DGRP_280	M	123
DGRP_280	M	133
DGRP_280	F	98
DGRP_280	F	108
DGRP_280	F	116
DGRP_280	M	19
DGRP_280	M	87
DGRP_280	M	88
DGRP_280	F	80
DGRP_280	F	80
DGRP_280	F	98
DGRP_280	M	80
DGRP_280	M	80
DGRP_280	M	87
DGRP_280	F	102
DGRP_280	F	108
DGRP_280	F	115
DGRP_280	M	62
DGRP_280	M	87
DGRP_280	M	88
DGRP_287	F	90
DGRP_287	F	90
DGRP_287	F	104
DGRP_287	M	94
DGRP_287	M	97
DGRP_287	F	60
DGRP_287	F	60
DGRP_287	F	101
DGRP_287	M	87
DGRP_287	M	94
DGRP_287	F	74
DGRP_287	F	77
DGRP_287	F	78
DGRP_287	M	77
DGRP_287	M	80
DGRP_287	F	112
DGRP_287	F	112
DGRP_287	M	92
DGRP_287	M	93
DGRP_287	F	59
DGRP_287	F	84
DGRP_287	F	86
DGRP_287	M	84
DGRP_287	M	85
DGRP_287	F	85
DGRP_287	F	86
DGRP_287	F	92
DGRP_287	M	70
DGRP_287	M	88
DGRP_287	F	74
DGRP_287	F	87
DGRP_287	F	126
DGRP_287	M	77
DGRP_287	M	77
DGRP_287	F	59
DGRP_287	F	63
DGRP_287	F	73
DGRP_287	M	55
DGRP_287	M	59
DGRP_287	F	105
DGRP_287	F	109
DGRP_287	M	102
DGRP_287	M	108
DGRP_287	F	61
DGRP_287	F	66
DGRP_287	F	69
DGRP_287	M	94
DGRP_287	M	117
DGRP_287	F	68
DGRP_287	F	70
DGRP_287	F	117
DGRP_287	M	94
DGRP_287	M	94
DGRP_287	M	139
DGRP_287	F	54
DGRP_287	F	95
DGRP_287	M	49
DGRP_287	M	88
DGRP_287	M	89
DGRP_287	F	80
DGRP_287	F	101
DGRP_287	F	101
DGRP_287	M	80
DGRP_287	M	96
DGRP_287	F	101
DGRP_287	F	110
DGRP_287	F	131
DGRP_287	M	87
DGRP_287	M	94
DGRP_287	M	98
DGRP_287	F	25
DGRP_287	F	100
DGRP_287	F	112
DGRP_287	M	92
DGRP_287	M	95
DGRP_287	M	98
DGRP_287	F	44
DGRP_287	F	85
DGRP_287	F	140
DGRP_287	M	85
DGRP_287	M	86
DGRP_287	F	72
DGRP_287	F	77
DGRP_287	F	77
DGRP_287	M	78
DGRP_287	M	106
DGRP_287	F	77
DGRP_287	F	84
DGRP_287	F	112
DGRP_287	M	81
DGRP_287	M	84
DGRP_287	M	98
DGRP_287	F	93
DGRP_287	F	98
DGRP_287	F	126
DGRP_287	M	88
DGRP_287	M	99
DGRP_287	F	81
DGRP_287	F	83
DGRP_287	F	94
DGRP_287	M	82
DGRP_287	M	83
DGRP_287	M	87
DGRP_287	F	90
DGRP_287	F	109
DGRP_287	F	111
DGRP_287	M	108
DGRP_287	M	108
DGRP_287	M	111
DGRP_287	F	90
DGRP_287	F	91
DGRP_287	F	111
DGRP_287	M	91
DGRP_287	M	91
DGRP_287	M	109
DGRP_287	F	77
DGRP_287	F	96
DGRP_287	F	111
DGRP_287	M	81
DGRP_287	M	88
DGRP_287	M	103
DGRP_301	F	18
DGRP_301	F	68
DGRP_301	F	102
DGRP_301	M	130
DGRP_301	M	151
DGRP_301	F	7
DGRP_301	F	18
DGRP_301	F	69
DGRP_301	M	7
DGRP_301	M	126
DGRP_301	F	14
DGRP_301	F	67
DGRP_301	F	90
DGRP_301	M	123
DGRP_301	M	123
DGRP_301	F	80
DGRP_301	F	101
DGRP_301	F	115
DGRP_301	M	116
DGRP_301	M	133
DGRP_301	M	159
DGRP_301	F	75
DGRP_301	F	101
DGRP_301	F	115
DGRP_301	M	94
DGRP_301	M	136
DGRP_301	F	109
DGRP_301	F	109
DGRP_301	F	111
DGRP_301	M	96
DGRP_301	M	111
DGRP_301	F	52
DGRP_301	F	73
DGRP_301	F	101
DGRP_301	M	115
DGRP_301	M	139
DGRP_301	F	55
DGRP_301	F	60
DGRP_301	F	61
DGRP_301	M	137
DGRP_301	M	143
DGRP_301	M	150
DGRP_301	F	24
DGRP_301	F	52
DGRP_301	F	123
DGRP_301	M	94
DGRP_301	M	151
DGRP_301	M	153
DGRP_301	F	12
DGRP_301	F	69
DGRP_301	F	87
DGRP_301	M	74
DGRP_301	M	75
DGRP_301	M	94
DGRP_301	F	49
DGRP_301	F	53
DGRP_301	F	112
DGRP_301	M	77
DGRP_301	M	108
DGRP_301	M	140
DGRP_301	F	109
DGRP_301	F	115
DGRP_301	F	115
DGRP_301	M	7
DGRP_301	M	61
DGRP_301	M	108
DGRP_301	F	45
DGRP_301	F	70
DGRP_301	F	109
DGRP_301	M	48
DGRP_301	M	103
DGRP_301	M	151
DGRP_301	F	31
DGRP_301	F	73
DGRP_301	M	97
DGRP_301	M	139
DGRP_301	F	27
DGRP_301	F	98
DGRP_301	F	115
DGRP_301	M	95
DGRP_301	M	102
DGRP_301	M	171
DGRP_301	F	18
DGRP_301	F	24
DGRP_301	M	18
DGRP_301	M	102
DGRP_301	M	122
DGRP_301	F	52
DGRP_301	F	59
DGRP_301	F	62
DGRP_301	M	98
DGRP_301	M	101
DGRP_301	M	117
DGRP_301	F	56
DGRP_301	F	73
DGRP_301	F	80
DGRP_301	M	69
DGRP_301	M	84
DGRP_301	M	111
DGRP_301	F	24
DGRP_301	F	82
DGRP_301	F	122
DGRP_301	M	84
DGRP_301	M	95
DGRP_301	M	116
DGRP_301	F	84
DGRP_301	F	111
DGRP_301	F	119
DGRP_301	M	84
DGRP_301	M	116
DGRP_301	F	17
DGRP_301	F	24
DGRP_301	F	82
DGRP_301	M	122
DGRP_301	M	123
DGRP_301	M	123
DGRP_301	F	70
DGRP_301	F	116
DGRP_301	M	80
DGRP_301	M	116
DGRP_301	M	137
DGRP_301	F	73
DGRP_301	F	74
DGRP_301	F	88
DGRP_301	M	74
DGRP_301	M	80
DGRP_301	M	101
DGRP_301	F	80
DGRP_301	F	130
DGRP_301	F	136
DGRP_301	M	75
DGRP_301	M	101
DGRP_301	M	118
DGRP_303	F	7
DGRP_303	F	76
DGRP_303	F	102
DGRP_303	M	6
DGRP_303	M	123
DGRP_303	M	151
DGRP_303	F	97
DGRP_303	F	112
DGRP_303	M	43
DGRP_303	M	123
DGRP_303	M	148
DGRP_303	F	50
DGRP_303	F	54
DGRP_303	F	88
DGRP_303	M	104
DGRP_303	M	105
DGRP_303	M	124
DGRP_303	F	68
DGRP_303	F	113
DGRP_303	F	131
DGRP_303	M	7
DGRP_303	M	60
DGRP_303	M	84
DGRP_303	F	35
DGRP_303	F	126
DGRP_303	M	76
DGRP_303	M	139
DGRP_303	M	151
DGRP_303	F	53
DGRP_303	F	81
DGRP_303	F	81
DGRP_303	M	81
DGRP_303	M	102
DGRP_303	M	102
DGRP_303	F	119
DGRP_303	F	119
DGRP_303	F	140
DGRP_303	M	137
DGRP_303	M	151
DGRP_303	M	152
DGRP_303	F	2
DGRP_303	F	116
DGRP_303	F	116
DGRP_303	M	119
DGRP_303	M	123
DGRP_303	M	144
DGRP_303	F	29
DGRP_303	F	74
DGRP_303	F	132
DGRP_303	M	2
DGRP_303	M	88
DGRP_303	M	153
DGRP_303	F	49
DGRP_303	F	68
DGRP_303	M	74
DGRP_303	M	99
DGRP_303	F	39
DGRP_303	F	43
DGRP_303	F	118
DGRP_303	M	137
DGRP_303	M	140
DGRP_303	M	140
DGRP_303	F	103
DGRP_303	F	110
DGRP_303	F	116
DGRP_303	M	123
DGRP_303	M	126
DGRP_303	F	32
DGRP_303	F	116
DGRP_303	F	123
DGRP_303	M	88
DGRP_303	M	118
DGRP_303	M	137
DGRP_303	F	1
DGRP_303	F	5
DGRP_303	F	96
DGRP_303	M	74
DGRP_303	M	133
DGRP_303	M	144
DGRP_303	F	1
DGRP_303	F	1
DGRP_303	F	130
DGRP_303	M	76
DGRP_303	M	130
DGRP_303	M	139
DGRP_303	F	12
DGRP_303	F	43
DGRP_303	F	74
DGRP_303	M	71
DGRP_303	M	95
DGRP_303	M	123
DGRP_303	F	4
DGRP_303	F	25
DGRP_303	F	81
DGRP_303	M	26
DGRP_303	M	67
DGRP_303	M	89
DGRP_303	F	67
DGRP_303	F	102
DGRP_303	F	124
DGRP_303	M	76
DGRP_303	M	81
DGRP_303	M	132
DGRP_303	F	102
DGRP_303	F	117
DGRP_303	F	120
DGRP_303	M	21
DGRP_303	M	43
DGRP_303	M	96
DGRP_303	F	88
DGRP_303	F	92
DGRP_303	F	96
DGRP_303	M	67
DGRP_303	M	74
DGRP_303	M	89
DGRP_303	F	63
DGRP_303	F	64
DGRP_303	F	83
DGRP_303	M	74
DGRP_303	M	82
DGRP_303	M	96
DGRP_303	F	111
DGRP_303	F	111
DGRP_303	F	123
DGRP_303	M	133
DGRP_303	M	133
DGRP_303	M	137
DGRP_304	F	81
DGRP_304	F	126
DGRP_304	F	130
DGRP_304	M	109
DGRP_304	M	116
DGRP_304	F	12
DGRP_304	F	15
DGRP_304	F	42
DGRP_304	M	29
DGRP_304	M	70
DGRP_304	M	137
DGRP_304	F	84
DGRP_304	F	125
DGRP_304	F	134
DGRP_304	M	67
DGRP_304	M	88
DGRP_304	M	123
DGRP_304	F	123
DGRP_304	F	124
DGRP_304	M	77
DGRP_304	M	88
DGRP_304	M	119
DGRP_304	F	92
DGRP_304	F	123
DGRP_304	F	151
DGRP_304	M	95
DGRP_304	M	185
DGRP_304	F	7
DGRP_304	F	14
DGRP_304	F	155
DGRP_304	M	124
DGRP_304	M	130
DGRP_304	F	76
DGRP_304	F	81
DGRP_304	F	130
DGRP_304	M	95
DGRP_304	M	98
DGRP_304	F	96
DGRP_304	F	127
DGRP_304	F	145
DGRP_304	M	56
DGRP_304	M	60
DGRP_304	M	157
DGRP_304	F	102
DGRP_304	F	137
DGRP_304	M	111
DGRP_304	M	138
DGRP_304	F	109
DGRP_304	F	153
DGRP_304	M	116
DGRP_304	M	131
DGRP_304	M	154
DGRP_304	F	102
DGRP_304	F	144
DGRP_304	M	53
DGRP_304	M	97
DGRP_304	M	137
DGRP_304	F	104
DGRP_304	F	123
DGRP_304	M	95
DGRP_304	M	95
DGRP_304	M	116
DGRP_304	F	53
DGRP_304	F	62
DGRP_304	F	130
DGRP_304	M	1
DGRP_304	M	43
DGRP_304	M	84
DGRP_304	F	103
DGRP_304	F	112
DGRP_304	F	117
DGRP_304	M	57
DGRP_304	M	88
DGRP_304	M	90
DGRP_304	F	4
DGRP_304	F	32
DGRP_304	M	64
DGRP_304	M	127
DGRP_304	F	60
DGRP_304	F	103
DGRP_304	F	109
DGRP_304	M	68
DGRP_304	M	70
DGRP_304	M	76
DGRP_304	F	4
DGRP_304	F	4
DGRP_304	F	105
DGRP_304	M	4
DGRP_304	M	99
DGRP_304	M	109
DGRP_304	F	5
DGRP_304	F	8
DGRP_304	F	137
DGRP_304	M	95
DGRP_304	M	106
DGRP_304	M	110
DGRP_304	F	75
DGRP_304	F	120
DGRP_304	M	1
DGRP_304	M	53
DGRP_304	M	75
DGRP_304	F	31
DGRP_304	F	73
DGRP_304	F	108
DGRP_304	M	73
DGRP_304	M	77
DGRP_304	M	98
DGRP_304	F	31
DGRP_304	F	63
DGRP_304	F	131
DGRP_304	M	49
DGRP_304	M	109
DGRP_304	M	115
DGRP_304	F	73
DGRP_304	F	87
DGRP_304	F	139
DGRP_304	M	73
DGRP_304	M	137
DGRP_304	F	102
DGRP_304	F	111
DGRP_304	F	134
DGRP_304	M	85
DGRP_304	M	91
DGRP_304	M	105
DGRP_304	F	81
DGRP_304	F	116
DGRP_304	F	123
DGRP_304	M	97
DGRP_304	M	113
DGRP_304	M	116
DGRP_306	F	110
DGRP_306	F	117
DGRP_306	F	123
DGRP_306	M	34
DGRP_306	M	78
DGRP_306	F	81
DGRP_306	F	104
DGRP_306	F	125
DGRP_306	M	116
DGRP_306	M	119
DGRP_306	F	115
DGRP_306	F	129
DGRP_306	M	101
DGRP_306	M	116
DGRP_306	M	143
DGRP_306	F	111
DGRP_306	F	129
DGRP_306	M	52
DGRP_306	M	109
DGRP_306	F	94
DGRP_306	F	115
DGRP_306	F	116
DGRP_306	M	69
DGRP_306	M	115
DGRP_306	M	118
DGRP_306	F	19
DGRP_306	F	70
DGRP_306	F	115
DGRP_306	M	66
DGRP_306	M	68
DGRP_306	F	74
DGRP_306	F	98
DGRP_306	F	118
DGRP_306	M	7
DGRP_306	M	101
DGRP_306	F	69
DGRP_306	F	115
DGRP_306	M	109
DGRP_306	M	131
DGRP_306	F	111
DGRP_306	F	115
DGRP_306	M	70
DGRP_306	M	73
DGRP_306	M	111
DGRP_306	F	27
DGRP_306	F	115
DGRP_306	F	136
DGRP_306	M	32
DGRP_306	M	101
DGRP_306	F	6
DGRP_306	F	118
DGRP_306	M	95
DGRP_306	M	103
DGRP_306	M	118
DGRP_306	F	115
DGRP_306	F	122
DGRP_306	F	131
DGRP_306	M	69
DGRP_306	M	115
DGRP_306	F	111
DGRP_306	F	111
DGRP_306	F	112
DGRP_306	M	82
DGRP_306	M	109
DGRP_306	M	125
DGRP_306	F	104
DGRP_306	F	109
DGRP_306	F	131
DGRP_306	M	46
DGRP_306	M	47
DGRP_306	M	109
DGRP_306	F	112
DGRP_306	F	112
DGRP_306	M	35
DGRP_306	M	84
DGRP_306	M	110
DGRP_306	F	112
DGRP_306	F	112
DGRP_306	F	116
DGRP_306	M	14
DGRP_306	M	68
DGRP_306	M	119
DGRP_306	F	10
DGRP_306	F	95
DGRP_306	F	131
DGRP_306	M	90
DGRP_306	M	97
DGRP_306	F	103
DGRP_306	F	111
DGRP_306	F	112
DGRP_306	M	87
DGRP_306	M	88
DGRP_306	M	95
DGRP_306	F	97
DGRP_306	F	101
DGRP_306	F	115
DGRP_306	M	84
DGRP_306	M	115
DGRP_306	M	115
DGRP_306	F	95
DGRP_306	F	115
DGRP_306	F	122
DGRP_306	M	52
DGRP_306	M	95
DGRP_306	F	116
DGRP_306	F	116
DGRP_306	M	95
DGRP_306	M	101
DGRP_306	M	115
DGRP_306	F	105
DGRP_306	F	122
DGRP_306	F	125
DGRP_306	M	95
DGRP_306	M	95
DGRP_306	M	98
DGRP_307	F	60
DGRP_307	F	61
DGRP_307	F	90
DGRP_307	M	4
DGRP_307	M	39
DGRP_307	M	55
DGRP_307	F	54
DGRP_307	F	71
DGRP_307	F	78
DGRP_307	M	4
DGRP_307	M	35
DGRP_307	M	39
DGRP_307	F	18
DGRP_307	F	64
DGRP_307	F	67
DGRP_307	M	67
DGRP_307	M	68
DGRP_307	F	7
DGRP_307	F	53
DGRP_307	M	74
DGRP_307	M	74
DGRP_307	M	78
DGRP_307	F	46
DGRP_307	F	54
DGRP_307	F	60
DGRP_307	M	7
DGRP_307	M	32
DGRP_307	M	60
DGRP_307	F	46
DGRP_307	F	55
DGRP_307	F	67
DGRP_307	M	53
DGRP_307	M	67
DGRP_307	M	81
DGRP_307	F	35
DGRP_307	F	39
DGRP_307	F	75
DGRP_307	M	56
DGRP_307	M	74
DGRP_307	M	77
DGRP_307	F	32
DGRP_307	F	41
DGRP_307	F	56
DGRP_307	M	55
DGRP_307	M	67
DGRP_307	M	74
DGRP_307	F	46
DGRP_307	F	53
DGRP_307	M	70
DGRP_307	M	74
DGRP_307	M	85
DGRP_307	F	19
DGRP_307	F	26
DGRP_307	F	67
DGRP_307	M	53
DGRP_307	M	53
DGRP_307	F	40
DGRP_307	F	70
DGRP_307	F	74
DGRP_307	M	42
DGRP_307	M	61
DGRP_307	F	11
DGRP_307	F	18
DGRP_307	F	111
DGRP_307	M	57
DGRP_307	M	67
DGRP_307	F	35
DGRP_307	F	63
DGRP_307	F	103
DGRP_307	M	48
DGRP_307	M	53
DGRP_307	M	62
DGRP_307	F	6
DGRP_307	F	49
DGRP_307	F	55
DGRP_307	M	49
DGRP_307	M	74
DGRP_307	M	74
DGRP_307	F	25
DGRP_307	F	46
DGRP_307	F	53
DGRP_307	M	53
DGRP_307	M	55
DGRP_307	M	60
DGRP_307	F	43
DGRP_307	F	55
DGRP_307	F	76
DGRP_307	M	4
DGRP_307	M	53
DGRP_307	M	82
DGRP_307	F	39
DGRP_307	F	55
DGRP_307	F	60
DGRP_307	M	46
DGRP_307	M	53
DGRP_307	M	60
DGRP_307	F	43
DGRP_307	F	55
DGRP_307	F	56
DGRP_307	M	5
DGRP_307	M	53
DGRP_307	M	54
DGRP_307	F	55
DGRP_307	F	55
DGRP_307	F	76
DGRP_307	M	6
DGRP_307	M	15
DGRP_307	M	47
DGRP_307	F	12
DGRP_307	F	35
DGRP_307	F	46
DGRP_307	M	1
DGRP_307	M	4
DGRP_307	F	69
DGRP_307	F	74
DGRP_307	M	5
DGRP_307	M	36
DGRP_307	M	42
DGRP_307	F	8
DGRP_307	F	21
DGRP_307	F	25
DGRP_307	M	5
DGRP_307	M	74
DGRP_307	M	98
DGRP_307	F	32
DGRP_307	F	50
DGRP_307	F	82
DGRP_307	M	21
DGRP_307	M	28
DGRP_307	M	74
DGRP_307	F	46
DGRP_307	F	67
DGRP_307	F	70
DGRP_307	M	75
DGRP_307	M	77
DGRP_307	M	89
DGRP_309	F	46
DGRP_309	F	75
DGRP_309	F	81
DGRP_309	M	96
DGRP_309	M	96
DGRP_309	F	70
DGRP_309	F	75
DGRP_309	F	76
DGRP_309	M	57
DGRP_309	M	60
DGRP_309	M	60
DGRP_309	F	60
DGRP_309	F	81
DGRP_309	F	88
DGRP_309	M	60
DGRP_309	M	60
DGRP_309	M	77
DGRP_309	F	46
DGRP_309	F	74
DGRP_309	F	89
DGRP_309	M	25
DGRP_309	M	70
DGRP_309	M	83
DGRP_309	F	69
DGRP_309	F	117
DGRP_309	F	133
DGRP_309	M	81
DGRP_309	M	119
DGRP_309	F	22
DGRP_309	F	77
DGRP_309	F	92
DGRP_309	M	53
DGRP_309	M	97
DGRP_309	M	117
DGRP_309	F	39
DGRP_309	F	70
DGRP_309	F	113
DGRP_309	M	69
DGRP_309	M	102
DGRP_309	M	103
DGRP_309	F	39
DGRP_309	F	60
DGRP_309	M	60
DGRP_309	M	70
DGRP_309	F	67
DGRP_309	F	69
DGRP_309	F	83
DGRP_309	M	67
DGRP_309	M	85
DGRP_309	M	95
DGRP_309	F	46
DGRP_309	F	60
DGRP_309	F	88
DGRP_309	M	64
DGRP_309	M	82
DGRP_309	M	102
DGRP_309	F	70
DGRP_309	F	78
DGRP_309	F	90
DGRP_309	M	67
DGRP_309	M	74
DGRP_309	M	75
DGRP_309	F	39
DGRP_309	F	104
DGRP_309	M	95
DGRP_309	M	102
DGRP_309	M	102
DGRP_309	F	37
DGRP_309	F	99
DGRP_309	F	99
DGRP_309	M	77
DGRP_309	M	99
DGRP_309	M	99
DGRP_309	F	59
DGRP_309	F	66
DGRP_309	F	77
DGRP_309	M	42
DGRP_309	M	57
DGRP_309	M	60
DGRP_309	F	60
DGRP_309	F	95
DGRP_309	F	95
DGRP_309	M	95
DGRP_309	M	95
DGRP_309	M	99
DGRP_309	F	42
DGRP_309	F	71
DGRP_309	F	81
DGRP_309	M	58
DGRP_309	M	63
DGRP_309	F	24
DGRP_309	F	51
DGRP_309	F	80
DGRP_309	M	59
DGRP_309	M	63
DGRP_309	M	77
DGRP_309	F	70
DGRP_309	F	72
DGRP_309	M	60
DGRP_309	M	70
DGRP_309	M	70
DGRP_309	F	51
DGRP_309	F	74
DGRP_309	F	113
DGRP_309	M	77
DGRP_309	M	86
DGRP_309	F	78
DGRP_309	F	78
DGRP_309	M	71
DGRP_309	M	78
DGRP_309	M	78
DGRP_309	F	74
DGRP_309	F	78
DGRP_309	F	83
DGRP_309	M	54
DGRP_309	M	55
DGRP_309	M	61
DGRP_309	F	39
DGRP_309	F	54
DGRP_309	F	82
DGRP_309	M	34
DGRP_309	M	67
DGRP_309	M	76
DGRP_309	F	22
DGRP_309	F	81
DGRP_309	F	82
DGRP_309	M	75
DGRP_309	M	76
DGRP_309	M	76
DGRP_309	F	56
DGRP_309	F	67
DGRP_309	F	123
DGRP_309	M	71
DGRP_309	M	92
DGRP_310	F	4
DGRP_310	F	7
DGRP_310	M	27
DGRP_310	M	39
DGRP_310	F	59
DGRP_310	F	73
DGRP_310	M	56
DGRP_310	M	88
DGRP_310	F	52
DGRP_310	F	70
DGRP_310	F	82
DGRP_310	M	11
DGRP_310	M	31
DGRP_310	M	48
DGRP_310	F	7
DGRP_310	F	73
DGRP_310	M	47
DGRP_310	M	48
DGRP_310	M	49
DGRP_310	F	52
DGRP_310	F	69
DGRP_310	F	80
DGRP_310	M	82
DGRP_310	M	109
DGRP_310	F	42
DGRP_310	F	70
DGRP_310	F	78
DGRP_310	M	8
DGRP_310	M	21
DGRP_310	M	30
DGRP_310	F	42
DGRP_310	F	63
DGRP_310	F	73
DGRP_310	M	45
DGRP_310	M	59
DGRP_310	M	72
DGRP_310	F	46
DGRP_310	F	61
DGRP_310	F	81
DGRP_310	M	42
DGRP_310	M	53
DGRP_310	F	54
DGRP_310	F	57
DGRP_310	F	64
DGRP_310	M	89
DGRP_310	M	97
DGRP_310	M	103
DGRP_310	F	32
DGRP_310	F	46
DGRP_310	M	12
DGRP_310	M	96
DGRP_310	M	116
DGRP_310	F	33
DGRP_310	F	91
DGRP_310	M	11
DGRP_310	M	21
DGRP_310	F	59
DGRP_310	F	63
DGRP_310	F	69
DGRP_310	M	44
DGRP_310	M	98
DGRP_310	M	127
DGRP_310	F	9
DGRP_310	F	51
DGRP_310	F	130
DGRP_310	M	28
DGRP_310	M	35
DGRP_310	M	35
DGRP_310	F	56
DGRP_310	F	70
DGRP_310	F	74
DGRP_310	M	37
DGRP_310	M	102
DGRP_310	M	109
DGRP_310	F	57
DGRP_310	F	77
DGRP_310	F	91
DGRP_310	M	46
DGRP_310	M	57
DGRP_310	M	63
DGRP_310	F	49
DGRP_310	F	50
DGRP_310	F	59
DGRP_310	M	39
DGRP_310	M	56
DGRP_310	M	56
DGRP_310	F	46
DGRP_310	F	56
DGRP_310	F	60
DGRP_310	M	56
DGRP_310	M	57
DGRP_310	M	58
DGRP_310	F	67
DGRP_310	F	74
DGRP_310	F	81
DGRP_310	M	53
DGRP_310	M	67
DGRP_310	F	33
DGRP_310	F	53
DGRP_310	F	60
DGRP_310	M	54
DGRP_310	M	68
DGRP_310	M	116
DGRP_310	F	25
DGRP_310	F	39
DGRP_310	F	62
DGRP_310	M	25
DGRP_310	M	56
DGRP_310	M	62
DGRP_310	F	46
DGRP_310	F	53
DGRP_310	F	54
DGRP_310	M	11
DGRP_310	M	29
DGRP_310	M	64
DGRP_310	F	46
DGRP_310	F	76
DGRP_310	F	96
DGRP_310	M	19
DGRP_310	M	40
DGRP_310	M	106
DGRP_310	F	61
DGRP_310	F	61
DGRP_310	F	102
DGRP_310	M	11
DGRP_310	M	25
DGRP_310	M	60
DGRP_310	F	35
DGRP_310	F	55
DGRP_310	M	60
DGRP_310	M	103
DGRP_313	F	97
DGRP_313	F	99
DGRP_313	F	130
DGRP_313	M	77
DGRP_313	M	118
DGRP_313	F	87
DGRP_313	F	152
DGRP_313	M	87
DGRP_313	M	160
DGRP_313	F	108
DGRP_313	F	117
DGRP_313	F	144
DGRP_313	M	66
DGRP_313	M	136
DGRP_313	M	144
DGRP_313	F	70
DGRP_313	F	82
DGRP_313	F	89
DGRP_313	M	66
DGRP_313	M	68
DGRP_313	M	82
DGRP_313	F	59
DGRP_313	F	77
DGRP_313	F	108
DGRP_313	M	111
DGRP_313	M	115
DGRP_313	M	144
DGRP_313	F	61
DGRP_313	F	63
DGRP_313	F	124
DGRP_313	M	131
DGRP_313	M	144
DGRP_313	F	55
DGRP_313	F	60
DGRP_313	F	97
DGRP_313	M	116
DGRP_313	M	129
DGRP_313	M	150
DGRP_313	F	27
DGRP_313	F	94
DGRP_313	F	94
DGRP_313	M	68
DGRP_313	M	95
DGRP_313	M	117
DGRP_313	F	38
DGRP_313	F	54
DGRP_313	F	66
DGRP_313	M	103
DGRP_313	M	136
DGRP_313	M	151
DGRP_313	F	87
DGRP_313	F	97
DGRP_313	F	104
DGRP_313	M	63
DGRP_313	M	63
DGRP_313	M	101
DGRP_313	F	21
DGRP_313	F	98
DGRP_313	F	102
DGRP_313	M	51
DGRP_313	M	114
DGRP_313	M	127
DGRP_313	F	78
DGRP_313	F	108
DGRP_313	M	87
DGRP_313	M	92
DGRP_313	M	133
DGRP_313	F	35
DGRP_313	F	46
DGRP_313	F	53
DGRP_313	M	99
DGRP_313	M	100
DGRP_313	M	120
DGRP_313	F	116
DGRP_313	F	123
DGRP_313	F	124
DGRP_313	M	116
DGRP_313	M	117
DGRP_313	M	120
DGRP_313	F	62
DGRP_313	F	82
DGRP_313	F	95
DGRP_313	M	95
DGRP_313	M	133
DGRP_313	M	136
DGRP_313	F	90
DGRP_313	F	98
DGRP_313	M	95
DGRP_313	M	95
DGRP_313	M	98
DGRP_313	F	20
DGRP_313	F	109
DGRP_313	F	119
DGRP_313	M	10
DGRP_313	M	66
DGRP_313	F	73
DGRP_313	F	82
DGRP_313	F	112
DGRP_313	M	97
DGRP_313	M	101
DGRP_313	M	131
DGRP_313	F	50
DGRP_313	F	53
DGRP_313	F	119
DGRP_313	M	82
DGRP_313	M	119
DGRP_313	F	89
DGRP_313	F	113
DGRP_313	F	116
DGRP_313	M	47
DGRP_313	M	151
DGRP_313	F	89
DGRP_313	F	103
DGRP_313	M	46
DGRP_313	M	104
DGRP_313	M	144
DGRP_313	F	89
DGRP_313	F	96
DGRP_313	F	96
DGRP_313	M	74
DGRP_313	M	96
DGRP_313	M	111
DGRP_313	F	88
DGRP_313	F	88
DGRP_313	F	109
DGRP_313	M	103
DGRP_313	M	113
DGRP_313	M	139
DGRP_313	F	55
DGRP_313	F	56
DGRP_313	F	110
DGRP_313	M	88
DGRP_313	M	110
DGRP_313	M	110
DGRP_315	F	129
DGRP_315	F	133
DGRP_315	F	136
DGRP_315	M	150
DGRP_315	M	168
DGRP_315	F	102
DGRP_315	F	129
DGRP_315	F	143
DGRP_315	M	42
DGRP_315	M	94
DGRP_315	F	108
DGRP_315	F	133
DGRP_315	F	140
DGRP_315	M	108
DGRP_315	M	108
DGRP_315	F	68
DGRP_315	F	70
DGRP_315	F	117
DGRP_315	M	38
DGRP_315	M	59
DGRP_315	F	122
DGRP_315	F	136
DGRP_315	F	145
DGRP_315	M	80
DGRP_315	M	83
DGRP_315	M	90
DGRP_315	F	126
DGRP_315	F	129
DGRP_315	M	123
DGRP_315	M	123
DGRP_315	F	101
DGRP_315	F	125
DGRP_315	F	125
DGRP_315	M	77
DGRP_315	M	96
DGRP_315	F	126
DGRP_315	F	140
DGRP_315	M	12
DGRP_315	M	157
DGRP_315	F	27
DGRP_315	F	101
DGRP_315	F	139
DGRP_315	M	98
DGRP_315	M	115
DGRP_315	F	13
DGRP_315	F	55
DGRP_315	F	91
DGRP_315	M	90
DGRP_315	M	117
DGRP_315	F	9
DGRP_315	F	147
DGRP_315	F	147
DGRP_315	M	147
DGRP_315	M	156
DGRP_315	F	126
DGRP_315	F	130
DGRP_315	F	130
DGRP_315	M	88
DGRP_315	M	90
DGRP_315	M	109
DGRP_315	F	6
DGRP_315	F	97
DGRP_315	F	119
DGRP_315	M	109
DGRP_315	M	115
DGRP_315	F	109
DGRP_315	F	111
DGRP_315	F	130
DGRP_315	M	74
DGRP_315	M	76
DGRP_315	M	101
DGRP_315	F	94
DGRP_315	F	123
DGRP_315	F	129
DGRP_315	M	95
DGRP_315	M	110
DGRP_315	M	144
DGRP_315	F	101
DGRP_315	F	136
DGRP_315	F	146
DGRP_315	M	119
DGRP_315	M	126
DGRP_315	M	137
DGRP_315	F	17
DGRP_315	F	119
DGRP_315	F	129
DGRP_315	M	60
DGRP_315	M	81
DGRP_315	F	32
DGRP_315	F	136
DGRP_315	F	136
DGRP_315	M	101
DGRP_315	M	123
DGRP_315	M	129
DGRP_315	F	38
DGRP_315	F	137
DGRP_315	M	67
DGRP_315	M	95
DGRP_315	M	125
DGRP_315	F	54
DGRP_315	F	136
DGRP_315	F	136
DGRP_315	M	88
DGRP_315	M	111
DGRP_315	F	6
DGRP_315	F	96
DGRP_315	F	122
DGRP_315	M	81
DGRP_315	M	88
DGRP_315	M	98
DGRP_315	F	110
DGRP_315	F	115
DGRP_315	F	115
DGRP_315	M	4
DGRP_315	M	76
DGRP_315	M	77
DGRP_317	F	1
DGRP_317	F	47
DGRP_317	F	81
DGRP_317	M	118
DGRP_317	M	118
DGRP_317	F	60
DGRP_317	F	70
DGRP_317	F	88
DGRP_317	M	35
DGRP_317	M	57
DGRP_317	F	87
DGRP_317	F	94
DGRP_317	F	97
DGRP_317	M	94
DGRP_317	M	96
DGRP_317	F	38
DGRP_317	F	39
DGRP_317	F	84
DGRP_317	M	102
DGRP_317	M	102
DGRP_317	F	45
DGRP_317	F	66
DGRP_317	F	76
DGRP_317	M	35
DGRP_317	M	111
DGRP_317	F	63
DGRP_317	F	65
DGRP_317	F	79
DGRP_317	M	58
DGRP_317	M	65
DGRP_317	M	117
DGRP_317	F	63
DGRP_317	F	66
DGRP_317	F	87
DGRP_317	M	62
DGRP_317	M	66
DGRP_317	F	36
DGRP_317	F	65
DGRP_317	F	66
DGRP_317	M	65
DGRP_317	M	100
DGRP_317	F	86
DGRP_317	F	87
DGRP_317	M	62
DGRP_317	M	76
DGRP_317	F	90
DGRP_317	F	94
DGRP_317	F	102
DGRP_317	M	101
DGRP_317	M	123
DGRP_317	M	135
DGRP_317	F	65
DGRP_317	F	111
DGRP_317	M	39
DGRP_317	M	71
DGRP_317	M	111
DGRP_317	F	42
DGRP_317	F	91
DGRP_317	F	149
DGRP_317	M	7
DGRP_317	M	15
DGRP_317	M	56
DGRP_317	F	35
DGRP_317	F	44
DGRP_317	F	49
DGRP_317	M	45
DGRP_317	M	56
DGRP_317	M	91
DGRP_317	F	49
DGRP_317	F	56
DGRP_317	F	77
DGRP_317	M	60
DGRP_317	M	66
DGRP_317	M	74
DGRP_317	F	77
DGRP_317	F	84
DGRP_317	F	92
DGRP_317	M	70
DGRP_317	M	81
DGRP_317	M	108
DGRP_317	F	81
DGRP_317	F	91
DGRP_317	M	3
DGRP_317	M	87
DGRP_317	M	88
DGRP_317	F	66
DGRP_317	F	67
DGRP_317	F	100
DGRP_317	M	21
DGRP_317	M	21
DGRP_317	M	70
DGRP_317	F	29
DGRP_317	F	53
DGRP_317	F	85
DGRP_317	M	80
DGRP_317	M	80
DGRP_317	M	121
DGRP_317	F	49
DGRP_317	F	60
DGRP_317	F	87
DGRP_317	M	37
DGRP_317	M	56
DGRP_317	M	63
DGRP_317	F	59
DGRP_317	F	82
DGRP_317	F	87
DGRP_317	M	33
DGRP_317	M	54
DGRP_317	M	80
DGRP_317	F	4
DGRP_317	F	66
DGRP_317	M	13
DGRP_317	M	17
DGRP_317	M	42
DGRP_318	F	80
DGRP_318	F	85
DGRP_318	M	51
DGRP_318	M	81
DGRP_318	F	79
DGRP_318	F	80
DGRP_318	M	22
DGRP_318	M	60
DGRP_318	M	77
DGRP_318	F	49
DGRP_318	F	50
DGRP_318	M	28
DGRP_318	M	50
DGRP_318	M	67
DGRP_318	F	63
DGRP_318	F	77
DGRP_318	F	100
DGRP_318	M	56
DGRP_318	M	56
DGRP_318	F	92
DGRP_318	F	95
DGRP_318	M	42
DGRP_318	M	56
DGRP_318	M	84
DGRP_318	F	70
DGRP_318	F	71
DGRP_318	F	92
DGRP_318	M	56
DGRP_318	M	63
DGRP_318	F	1
DGRP_318	F	63
DGRP_318	F	67
DGRP_318	M	59
DGRP_318	M	60
DGRP_318	F	71
DGRP_318	F	85
DGRP_318	F	95
DGRP_318	M	77
DGRP_318	M	77
DGRP_318	M	84
DGRP_318	F	80
DGRP_318	F	93
DGRP_318	F	99
DGRP_318	M	77
DGRP_318	M	78
DGRP_318	F	78
DGRP_318	F	98
DGRP_318	M	59
DGRP_318	M	91
DGRP_318	M	109
DGRP_318	F	76
DGRP_318	F	94
DGRP_318	F	97
DGRP_318	M	53
DGRP_318	M	80
DGRP_318	M	89
DGRP_318	F	73
DGRP_318	F	74
DGRP_318	F	96
DGRP_318	M	59
DGRP_318	M	69
DGRP_318	M	73
DGRP_318	F	77
DGRP_318	F	78
DGRP_318	F	82
DGRP_318	M	74
DGRP_318	M	74
DGRP_318	F	74
DGRP_318	F	83
DGRP_318	F	89
DGRP_318	M	43
DGRP_318	M	67
DGRP_318	M	76
DGRP_318	F	81
DGRP_318	F	81
DGRP_318	F	104
DGRP_318	M	53
DGRP_318	M	77
DGRP_318	M	78
DGRP_318	F	26
DGRP_318	F	89
DGRP_318	F	92
DGRP_318	M	64
DGRP_318	M	69
DGRP_318	M	76
DGRP_318	F	71
DGRP_318	F	88
DGRP_318	F	92
DGRP_318	M	67
DGRP_318	M	68
DGRP_318	M	71
DGRP_318	F	50
DGRP_318	F	57
DGRP_318	F	74
DGRP_318	M	54
DGRP_318	M	57
DGRP_318	M	74
DGRP_318	F	71
DGRP_318	F	82
DGRP_318	F	90
DGRP_318	M	63
DGRP_318	M	67
DGRP_318	F	75
DGRP_318	F	83
DGRP_318	F	90
DGRP_318	M	70
DGRP_318	M	71
DGRP_318	M	76
DGRP_318	F	61
DGRP_318	F	83
DGRP_318	F	95
DGRP_318	M	36
DGRP_318	M	71
DGRP_318	M	81
DGRP_318	F	70
DGRP_318	F	85
DGRP_318	F	90
DGRP_318	M	70
DGRP_318	M	83
DGRP_318	M	88
DGRP_318	F	63
DGRP_318	F	83
DGRP_318	F	92
DGRP_318	M	32
DGRP_318	M	35
DGRP_318	M	68
DGRP_318	F	69
DGRP_318	F	71
DGRP_318	F	113
DGRP_318	M	35
DGRP_318	M	67
DGRP_320	F	102
DGRP_320	F	127
DGRP_320	F	133
DGRP_320	M	123
DGRP_320	M	130
DGRP_320	M	130
DGRP_320	F	141
DGRP_320	F	158
DGRP_320	M	4
DGRP_320	M	97
DGRP_320	M	102
DGRP_320	F	89
DGRP_320	F	117
DGRP_320	F	131
DGRP_320	M	56
DGRP_320	M	81
DGRP_320	M	95
DGRP_320	F	81
DGRP_320	F	81
DGRP_320	F	111
DGRP_320	M	82
DGRP_320	M	83
DGRP_320	M	103
DGRP_320	F	123
DGRP_320	F	145
DGRP_320	M	104
DGRP_320	M	120
DGRP_320	M	130
DGRP_320	F	77
DGRP_320	F	125
DGRP_320	F	140
DGRP_320	M	125
DGRP_320	M	130
DGRP_320	M	162
DGRP_320	F	78
DGRP_320	F	124
DGRP_320	F	152
DGRP_320	M	4
DGRP_320	M	137
DGRP_320	M	138
DGRP_320	F	11
DGRP_320	F	109
DGRP_320	F	133
DGRP_320	M	106
DGRP_320	M	112
DGRP_320	F	102
DGRP_320	F	117
DGRP_320	F	119
DGRP_320	M	97
DGRP_320	M	130
DGRP_320	M	131
DGRP_320	F	112
DGRP_320	F	130
DGRP_320	F	130
DGRP_320	M	89
DGRP_320	M	134
DGRP_320	F	35
DGRP_320	F	95
DGRP_320	M	77
DGRP_320	M	124
DGRP_320	F	133
DGRP_320	F	144
DGRP_320	M	126
DGRP_320	M	137
DGRP_320	F	98
DGRP_320	F	122
DGRP_320	F	149
DGRP_320	M	1
DGRP_320	M	74
DGRP_320	M	119
DGRP_320	F	95
DGRP_320	F	112
DGRP_320	F	130
DGRP_320	M	66
DGRP_320	M	108
DGRP_320	F	112
DGRP_320	F	133
DGRP_320	F	168
DGRP_320	M	102
DGRP_320	M	102
DGRP_320	M	112
DGRP_320	F	70
DGRP_320	F	106
DGRP_320	F	150
DGRP_320	M	58
DGRP_320	M	70
DGRP_320	M	95
DGRP_320	F	85
DGRP_320	F	130
DGRP_320	M	85
DGRP_320	M	113
DGRP_320	M	130
DGRP_320	F	168
DGRP_320	F	169
DGRP_320	M	49
DGRP_320	M	93
DGRP_320	F	114
DGRP_320	F	133
DGRP_320	F	147
DGRP_320	M	95
DGRP_320	M	122
DGRP_320	M	134
DGRP_320	F	71
DGRP_320	F	74
DGRP_320	F	80
DGRP_320	M	7
DGRP_320	M	86
DGRP_320	M	95
DGRP_320	F	32
DGRP_320	F	134
DGRP_320	F	151
DGRP_320	M	3
DGRP_320	M	130
DGRP_320	M	140
DGRP_320	F	119
DGRP_320	F	126
DGRP_320	F	143
DGRP_320	M	105
DGRP_320	M	112
DGRP_320	M	113
DGRP_320	F	1
DGRP_320	F	85
DGRP_320	F	98
DGRP_320	M	57
DGRP_320	M	85
DGRP_320	M	113
DGRP_321	F	53
DGRP_321	F	126
DGRP_321	F	140
DGRP_321	M	98
DGRP_321	M	123
DGRP_321	M	126
DGRP_321	F	42
DGRP_321	F	63
DGRP_321	F	115
DGRP_321	M	49
DGRP_321	M	78
DGRP_321	M	126
DGRP_321	F	52
DGRP_321	F	77
DGRP_321	F	85
DGRP_321	M	29
DGRP_321	M	91
DGRP_321	M	93
DGRP_321	F	126
DGRP_321	F	136
DGRP_321	M	63
DGRP_321	M	88
DGRP_321	M	106
DGRP_321	F	71
DGRP_321	F	105
DGRP_321	F	112
DGRP_321	M	74
DGRP_321	M	133
DGRP_321	F	120
DGRP_321	F	120
DGRP_321	F	126
DGRP_321	M	98
DGRP_321	M	114
DGRP_321	M	116
DGRP_321	F	70
DGRP_321	F	77
DGRP_321	F	101
DGRP_321	M	77
DGRP_321	M	95
DGRP_321	M	98
DGRP_321	F	77
DGRP_321	F	130
DGRP_321	F	130
DGRP_321	M	35
DGRP_321	M	86
DGRP_321	F	112
DGRP_321	F	127
DGRP_321	F	155
DGRP_321	M	72
DGRP_321	M	81
DGRP_321	F	49
DGRP_321	F	57
DGRP_321	F	59
DGRP_321	M	70
DGRP_321	M	95
DGRP_321	F	38
DGRP_321	F	133
DGRP_321	F	133
DGRP_321	M	106
DGRP_321	M	126
DGRP_321	M	130
DGRP_321	F	112
DGRP_321	F	120
DGRP_321	F	120
DGRP_321	M	80
DGRP_321	M	88
DGRP_321	F	84
DGRP_321	F	126
DGRP_321	M	84
DGRP_321	M	87
DGRP_321	M	100
DGRP_321	F	65
DGRP_321	F	77
DGRP_321	M	77
DGRP_321	M	92
DGRP_321	M	113
DGRP_321	F	50
DGRP_321	F	78
DGRP_321	F	156
DGRP_321	M	78
DGRP_321	M	100
DGRP_321	M	101
DGRP_321	F	71
DGRP_321	F	106
DGRP_321	F	109
DGRP_321	M	46
DGRP_321	M	63
DGRP_321	M	102
DGRP_321	F	104
DGRP_321	F	123
DGRP_321	F	125
DGRP_321	M	81
DGRP_321	M	82
DGRP_321	M	110
DGRP_321	F	110
DGRP_321	F	130
DGRP_321	M	109
DGRP_321	M	123
DGRP_321	M	123
DGRP_321	F	123
DGRP_321	F	123
DGRP_321	F	124
DGRP_321	M	46
DGRP_321	M	102
DGRP_321	M	110
DGRP_321	F	95
DGRP_321	F	110
DGRP_321	F	125
DGRP_321	M	113
DGRP_321	M	127
DGRP_321	M	158
DGRP_321	F	21
DGRP_321	F	109
DGRP_321	F	119
DGRP_321	M	60
DGRP_321	M	63
DGRP_321	M	105
DGRP_321	F	112
DGRP_321	F	116
DGRP_321	F	134
DGRP_321	M	67
DGRP_321	M	113
DGRP_321	F	109
DGRP_321	F	109
DGRP_321	F	110
DGRP_321	M	62
DGRP_321	M	109
DGRP_321	M	110
DGRP_321	F	21
DGRP_321	F	53
DGRP_321	F	88
DGRP_321	M	105
DGRP_321	M	106
DGRP_321	M	112
DGRP_324	F	4
DGRP_324	F	97
DGRP_324	M	32
DGRP_324	M	60
DGRP_324	M	88
DGRP_324	F	35
DGRP_324	F	69
DGRP_324	F	102
DGRP_324	M	4
DGRP_324	M	54
DGRP_324	M	88
DGRP_324	F	74
DGRP_324	F	77
DGRP_324	F	119
DGRP_324	M	74
DGRP_324	M	74
DGRP_324	M	75
DGRP_324	F	54
DGRP_324	F	71
DGRP_324	F	77
DGRP_324	M	46
DGRP_324	M	53
DGRP_324	M	77
DGRP_324	F	8
DGRP_324	F	74
DGRP_324	F	89
DGRP_324	M	14
DGRP_324	M	46
DGRP_324	M	77
DGRP_324	F	81
DGRP_324	F	85
DGRP_324	F	85
DGRP_324	M	67
DGRP_324	M	70
DGRP_324	M	83
DGRP_324	F	78
DGRP_324	F	78
DGRP_324	F	81
DGRP_324	M	7
DGRP_324	M	60
DGRP_324	M	95
DGRP_324	F	102
DGRP_324	F	110
DGRP_324	F	112
DGRP_324	M	62
DGRP_324	M	88
DGRP_324	M	90
DGRP_324	F	90
DGRP_324	F	112
DGRP_324	F	116
DGRP_324	M	39
DGRP_324	M	70
DGRP_324	M	95
DGRP_324	F	75
DGRP_324	F	82
DGRP_324	F	116
DGRP_324	M	67
DGRP_324	M	78
DGRP_324	M	81
DGRP_324	F	81
DGRP_324	F	104
DGRP_324	F	109
DGRP_324	M	74
DGRP_324	M	75
DGRP_324	M	83
DGRP_324	F	60
DGRP_324	F	74
DGRP_324	F	85
DGRP_324	M	70
DGRP_324	M	81
DGRP_324	M	81
DGRP_324	F	64
DGRP_324	F	67
DGRP_324	M	7
DGRP_324	M	53
DGRP_324	M	62
DGRP_324	F	1
DGRP_324	F	12
DGRP_324	F	46
DGRP_324	M	1
DGRP_324	M	12
DGRP_324	M	18
DGRP_324	F	1
DGRP_324	F	29
DGRP_324	F	49
DGRP_324	M	4
DGRP_324	M	49
DGRP_324	M	81
DGRP_324	F	7
DGRP_324	F	49
DGRP_324	F	103
DGRP_324	M	6
DGRP_324	M	39
DGRP_324	M	92
DGRP_324	F	49
DGRP_324	F	63
DGRP_324	F	67
DGRP_324	M	5
DGRP_324	M	60
DGRP_324	M	81
DGRP_324	F	47
DGRP_324	F	69
DGRP_324	F	78
DGRP_324	M	46
DGRP_324	M	53
DGRP_324	M	62
DGRP_324	F	82
DGRP_324	F	110
DGRP_324	F	110
DGRP_324	M	67
DGRP_324	M	82
DGRP_324	M	88
DGRP_324	F	1
DGRP_324	F	77
DGRP_324	F	104
DGRP_324	M	62
DGRP_324	M	81
DGRP_324	M	104
DGRP_324	F	103
DGRP_324	F	112
DGRP_324	F	126
DGRP_324	M	19
DGRP_324	M	61
DGRP_324	M	63
DGRP_324	F	5
DGRP_324	F	60
DGRP_324	F	96
DGRP_324	M	56
DGRP_324	M	60
DGRP_324	M	82
DGRP_324	F	73
DGRP_324	F	95
DGRP_324	F	102
DGRP_324	M	41
DGRP_324	M	42
DGRP_324	M	60
DGRP_325	F	38
DGRP_325	F	45
DGRP_325	F	47
DGRP_325	M	52
DGRP_325	M	52
DGRP_325	F	45
DGRP_325	F	47
DGRP_325	F	52
DGRP_325	M	52
DGRP_325	M	55
DGRP_325	M	55
DGRP_325	F	39
DGRP_325	F	45
DGRP_325	F	52
DGRP_325	M	45
DGRP_325	M	52
DGRP_325	M	53
DGRP_325	F	40
DGRP_325	F	48
DGRP_325	F	52
DGRP_325	M	52
DGRP_325	M	52
DGRP_325	F	52
DGRP_325	F	53
DGRP_325	F	55
DGRP_325	M	52
DGRP_325	M	66
DGRP_325	F	56
DGRP_325	F	56
DGRP_325	F	60
DGRP_325	M	60
DGRP_325	M	60
DGRP_325	M	60
DGRP_325	F	31
DGRP_325	F	52
DGRP_325	F	52
DGRP_325	M	53
DGRP_325	M	70
DGRP_325	M	80
DGRP_325	F	42
DGRP_325	F	45
DGRP_325	F	52
DGRP_325	M	38
DGRP_325	M	38
DGRP_325	M	52
DGRP_325	F	45
DGRP_325	F	45
DGRP_325	F	52
DGRP_325	M	52
DGRP_325	M	62
DGRP_325	M	66
DGRP_325	F	45
DGRP_325	F	45
DGRP_325	F	45
DGRP_325	M	48
DGRP_325	M	60
DGRP_325	F	46
DGRP_325	F	52
DGRP_325	F	53
DGRP_325	M	38
DGRP_325	M	52
DGRP_325	M	69
DGRP_325	F	40
DGRP_325	F	56
DGRP_325	F	61
DGRP_325	M	60
DGRP_325	M	61
DGRP_325	M	61
DGRP_325	F	27
DGRP_325	F	48
DGRP_325	M	49
DGRP_325	M	53
DGRP_325	M	54
DGRP_325	F	47
DGRP_325	F	49
DGRP_325	F	52
DGRP_325	M	60
DGRP_325	M	61
DGRP_325	M	70
DGRP_325	F	48
DGRP_325	F	48
DGRP_325	M	56
DGRP_325	M	68
DGRP_325	M	73
DGRP_325	F	48
DGRP_325	F	49
DGRP_325	F	52
DGRP_325	M	47
DGRP_325	M	52
DGRP_325	F	42
DGRP_325	F	47
DGRP_325	M	55
DGRP_325	M	61
DGRP_325	M	63
DGRP_325	F	42
DGRP_325	F	45
DGRP_325	F	49
DGRP_325	M	60
DGRP_325	M	60
DGRP_325	M	61
DGRP_325	F	39
DGRP_325	F	46
DGRP_325	F	52
DGRP_325	M	52
DGRP_325	M	66
DGRP_325	M	66
DGRP_325	F	46
DGRP_325	F	47
DGRP_325	F	52
DGRP_325	M	45
DGRP_325	M	52
DGRP_325	F	52
DGRP_325	F	53
DGRP_325	M	45
DGRP_325	M	56
DGRP_325	M	66
DGRP_325	F	35
DGRP_325	F	41
DGRP_325	F	48
DGRP_325	M	46
DGRP_325	M	48
DGRP_325	M	49
DGRP_332	F	113
DGRP_332	F	119
DGRP_332	M	99
DGRP_332	M	102
DGRP_332	F	102
DGRP_332	F	119
DGRP_332	F	126
DGRP_332	M	139
DGRP_332	M	178
DGRP_332	F	83
DGRP_332	F	103
DGRP_332	M	109
DGRP_332	M	148
DGRP_332	F	96
DGRP_332	F	103
DGRP_332	M	159
DGRP_332	M	161
DGRP_332	F	95
DGRP_332	F	118
DGRP_332	F	123
DGRP_332	M	82
DGRP_332	M	159
DGRP_332	F	81
DGRP_332	F	102
DGRP_332	F	110
DGRP_332	M	130
DGRP_332	M	133
DGRP_332	F	53
DGRP_332	F	117
DGRP_332	M	109
DGRP_332	M	130
DGRP_332	F	39
DGRP_332	F	99
DGRP_332	F	106
DGRP_332	M	28
DGRP_332	M	153
DGRP_332	F	102
DGRP_332	F	106
DGRP_332	M	96
DGRP_332	M	138
DGRP_332	F	118
DGRP_332	F	120
DGRP_332	F	123
DGRP_332	M	119
DGRP_332	M	140
DGRP_332	F	104
DGRP_332	F	117
DGRP_332	F	123
DGRP_332	M	145
DGRP_332	M	161
DGRP_332	F	104
DGRP_332	F	123
DGRP_332	F	125
DGRP_332	M	120
DGRP_332	M	144
DGRP_332	M	159
DGRP_332	F	97
DGRP_332	F	102
DGRP_332	F	105
DGRP_332	M	35
DGRP_332	M	109
DGRP_332	F	113
DGRP_332	F	116
DGRP_332	F	119
DGRP_332	M	147
DGRP_332	M	155
DGRP_332	M	158
DGRP_332	F	111
DGRP_332	F	120
DGRP_332	F	144
DGRP_332	M	116
DGRP_332	M	182
DGRP_332	F	102
DGRP_332	F	109
DGRP_332	F	134
DGRP_332	M	110
DGRP_332	M	111
DGRP_332	F	102
DGRP_332	F	112
DGRP_332	F	116
DGRP_332	M	111
DGRP_332	M	111
DGRP_332	M	125
DGRP_332	F	75
DGRP_332	F	95
DGRP_332	F	137
DGRP_332	M	131
DGRP_332	M	158
DGRP_332	F	109
DGRP_332	F	113
DGRP_332	M	109
DGRP_332	M	110
DGRP_332	F	85
DGRP_332	F	90
DGRP_332	F	113
DGRP_332	M	74
DGRP_332	M	144
DGRP_332	M	155
DGRP_332	F	119
DGRP_332	F	130
DGRP_332	F	137
DGRP_332	M	130
DGRP_332	M	145
DGRP_332	M	151
DGRP_332	F	109
DGRP_332	F	111
DGRP_332	F	116
DGRP_332	M	113
DGRP_332	M	127
DGRP_332	M	131
DGRP_335	F	45
DGRP_335	F	49
DGRP_335	F	52
DGRP_335	M	39
DGRP_335	M	41
DGRP_335	M	105
DGRP_335	F	91
DGRP_335	F	103
DGRP_335	F	109
DGRP_335	M	41
DGRP_335	M	45
DGRP_335	M	45
DGRP_335	F	49
DGRP_335	F	101
DGRP_335	F	115
DGRP_335	M	38
DGRP_335	M	48
DGRP_335	M	52
DGRP_335	F	38
DGRP_335	F	118
DGRP_335	M	27
DGRP_335	M	38
DGRP_335	M	68
DGRP_335	F	12
DGRP_335	F	33
DGRP_335	F	95
DGRP_335	M	26
DGRP_335	M	27
DGRP_335	M	33
DGRP_335	F	28
DGRP_335	F	41
DGRP_335	F	42
DGRP_335	M	17
DGRP_335	M	33
DGRP_335	M	39
DGRP_335	F	119
DGRP_335	F	130
DGRP_335	M	95
DGRP_335	M	97
DGRP_335	M	118
DGRP_335	F	111
DGRP_335	F	153
DGRP_335	M	92
DGRP_335	M	96
DGRP_335	F	7
DGRP_335	F	56
DGRP_335	F	98
DGRP_335	M	95
DGRP_335	M	95
DGRP_335	M	96
DGRP_335	F	75
DGRP_335	F	76
DGRP_335	F	151
DGRP_335	M	18
DGRP_335	M	95
DGRP_335	M	145
DGRP_335	F	13
DGRP_335	F	104
DGRP_335	F	145
DGRP_335	M	14
DGRP_335	M	77
DGRP_335	M	102
DGRP_335	F	95
DGRP_335	F	102
DGRP_335	M	95
DGRP_335	M	95
DGRP_335	M	97
DGRP_335	F	41
DGRP_335	F	45
DGRP_335	F	46
DGRP_335	M	31
DGRP_335	M	39
DGRP_335	M	45
DGRP_335	F	45
DGRP_335	F	45
DGRP_335	F	45
DGRP_335	M	17
DGRP_335	M	18
DGRP_335	M	35
DGRP_335	F	42
DGRP_335	F	82
DGRP_335	F	111
DGRP_335	M	14
DGRP_335	M	17
DGRP_335	M	41
DGRP_335	F	4
DGRP_335	F	66
DGRP_335	F	68
DGRP_335	M	18
DGRP_335	M	46
DGRP_335	M	68
DGRP_335	F	88
DGRP_335	F	101
DGRP_335	F	109
DGRP_335	M	7
DGRP_335	M	18
DGRP_335	M	35
DGRP_335	F	17
DGRP_335	F	24
DGRP_335	F	24
DGRP_335	M	4
DGRP_335	M	14
DGRP_335	M	24
DGRP_335	F	45
DGRP_335	F	60
DGRP_335	F	61
DGRP_335	M	40
DGRP_335	M	41
DGRP_335	M	61
DGRP_335	F	14
DGRP_335	F	18
DGRP_335	F	84
DGRP_335	M	14
DGRP_335	M	17
DGRP_335	M	24
DGRP_335	F	35
DGRP_335	F	68
DGRP_335	F	131
DGRP_335	M	84
DGRP_335	M	95
DGRP_335	M	106
DGRP_335	F	25
DGRP_335	F	29
DGRP_335	F	119
DGRP_335	M	25
DGRP_335	M	32
DGRP_335	M	43
DGRP_335	F	11
DGRP_335	F	78
DGRP_335	F	82
DGRP_335	M	12
DGRP_335	M	60
DGRP_335	F	18
DGRP_335	F	62
DGRP_335	F	64
DGRP_335	M	29
DGRP_335	M	64
DGRP_335	M	64
DGRP_336	F	46
DGRP_336	F	90
DGRP_336	F	94
DGRP_336	M	38
DGRP_336	M	101
DGRP_336	F	20
DGRP_336	F	83
DGRP_336	M	60
DGRP_336	M	81
DGRP_336	M	81
DGRP_336	F	98
DGRP_336	F	104
DGRP_336	M	80
DGRP_336	M	90
DGRP_336	F	38
DGRP_336	F	68
DGRP_336	F	94
DGRP_336	M	38
DGRP_336	M	60
DGRP_336	F	17
DGRP_336	F	70
DGRP_336	F	136
DGRP_336	M	104
DGRP_336	M	137
DGRP_336	F	10
DGRP_336	F	87
DGRP_336	F	87
DGRP_336	M	45
DGRP_336	M	77
DGRP_336	M	87
DGRP_336	F	52
DGRP_336	F	52
DGRP_336	F	67
DGRP_336	M	48
DGRP_336	M	48
DGRP_336	M	115
DGRP_336	F	76
DGRP_336	F	89
DGRP_336	F	131
DGRP_336	M	80
DGRP_336	M	80
DGRP_336	M	87
DGRP_336	F	69
DGRP_336	F	81
DGRP_336	F	90
DGRP_336	M	80
DGRP_336	M	82
DGRP_336	M	94
DGRP_336	F	31
DGRP_336	F	82
DGRP_336	F	83
DGRP_336	M	4
DGRP_336	M	40
DGRP_336	F	108
DGRP_336	M	60
DGRP_336	M	60
DGRP_336	M	61
DGRP_336	F	33
DGRP_336	F	35
DGRP_336	F	91
DGRP_336	M	49
DGRP_336	M	60
DGRP_336	M	108
DGRP_336	F	27
DGRP_336	F	28
DGRP_336	F	136
DGRP_336	M	52
DGRP_336	M	61
DGRP_336	M	67
DGRP_336	F	60
DGRP_336	F	80
DGRP_336	F	94
DGRP_336	M	46
DGRP_336	M	73
DGRP_336	M	74
DGRP_336	F	91
DGRP_336	F	96
DGRP_336	F	97
DGRP_336	M	52
DGRP_336	M	75
DGRP_336	M	75
DGRP_336	F	66
DGRP_336	F	83
DGRP_336	F	88
DGRP_336	M	10
DGRP_336	M	67
DGRP_336	M	75
DGRP_336	F	66
DGRP_336	F	80
DGRP_336	F	81
DGRP_336	M	60
DGRP_336	M	70
DGRP_336	F	73
DGRP_336	F	108
DGRP_336	M	39
DGRP_336	M	73
DGRP_336	M	137
DGRP_336	F	27
DGRP_336	F	63
DGRP_336	F	75
DGRP_336	M	41
DGRP_336	M	80
DGRP_336	M	80
DGRP_336	F	28
DGRP_336	F	59
DGRP_336	F	108
DGRP_336	M	60
DGRP_336	M	73
DGRP_336	M	73
DGRP_336	F	27
DGRP_336	F	33
DGRP_336	F	123
DGRP_336	M	31
DGRP_336	M	38
DGRP_336	M	109
DGRP_336	F	3
DGRP_336	F	87
DGRP_336	F	115
DGRP_336	M	68
DGRP_336	M	82
DGRP_336	F	52
DGRP_336	F	56
DGRP_336	F	91
DGRP_336	M	54
DGRP_336	M	88
DGRP_338	F	119
DGRP_338	F	122
DGRP_338	F	129
DGRP_338	M	111
DGRP_338	M	122
DGRP_338	M	143
DGRP_338	F	45
DGRP_338	F	97
DGRP_338	F	133
DGRP_338	M	45
DGRP_338	M	129
DGRP_338	M	157
DGRP_338	F	31
DGRP_338	F	91
DGRP_338	F	131
DGRP_338	M	76
DGRP_338	M	157
DGRP_338	F	95
DGRP_338	F	105
DGRP_338	F	112
DGRP_338	M	122
DGRP_338	M	153
DGRP_338	M	154
DGRP_338	F	102
DGRP_338	F	131
DGRP_338	M	54
DGRP_338	M	160
DGRP_338	F	115
DGRP_338	F	129
DGRP_338	F	138
DGRP_338	M	130
DGRP_338	M	138
DGRP_338	F	110
DGRP_338	F	116
DGRP_338	F	168
DGRP_338	M	124
DGRP_338	M	145
DGRP_338	F	101
DGRP_338	F	109
DGRP_338	M	140
DGRP_338	M	157
DGRP_338	M	164
DGRP_338	F	67
DGRP_338	F	116
DGRP_338	F	137
DGRP_338	M	41
DGRP_338	M	150
DGRP_338	M	168
DGRP_338	F	96
DGRP_338	F	97
DGRP_338	F	104
DGRP_338	M	87
DGRP_338	M	137
DGRP_338	M	143
DGRP_338	F	117
DGRP_338	F	126
DGRP_338	F	136
DGRP_338	M	60
DGRP_338	M	104
DGRP_338	M	108
DGRP_338	F	90
DGRP_338	F	94
DGRP_338	F	133
DGRP_338	M	94
DGRP_338	M	108
DGRP_338	M	146
DGRP_338	F	82
DGRP_338	F	111
DGRP_338	F	144
DGRP_338	M	109
DGRP_338	M	130
DGRP_338	M	130
DGRP_338	F	108
DGRP_338	F	123
DGRP_338	F	123
DGRP_338	M	75
DGRP_338	M	130
DGRP_338	M	173
DGRP_338	F	90
DGRP_338	F	103
DGRP_338	M	136
DGRP_338	M	147
DGRP_338	F	88
DGRP_338	F	89
DGRP_338	F	123
DGRP_338	M	123
DGRP_338	M	123
DGRP_338	M	137
DGRP_338	F	52
DGRP_338	F	87
DGRP_338	F	97
DGRP_338	M	129
DGRP_338	M	143
DGRP_338	M	152
DGRP_338	F	89
DGRP_338	F	91
DGRP_338	M	133
DGRP_338	M	137
DGRP_338	M	153
DGRP_338	F	75
DGRP_338	F	108
DGRP_338	F	150
DGRP_338	M	110
DGRP_338	M	115
DGRP_338	M	151
DGRP_338	F	110
DGRP_338	F	118
DGRP_338	F	144
DGRP_338	M	143
DGRP_338	M	164
DGRP_338	M	165
DGRP_338	F	80
DGRP_338	F	108
DGRP_338	F	129
DGRP_338	M	88
DGRP_338	M	131
DGRP_338	M	146
DGRP_338	F	81
DGRP_338	F	96
DGRP_338	F	111
DGRP_338	M	152
DGRP_338	M	157
DGRP_338	M	171
DGRP_338	F	89
DGRP_338	F	101
DGRP_338	F	150
DGRP_338	M	53
DGRP_338	M	94
DGRP_340	F	90
DGRP_340	F	94
DGRP_340	F	119
DGRP_340	M	116
DGRP_340	M	144
DGRP_340	M	150
DGRP_340	F	80
DGRP_340	F	81
DGRP_340	F	87
DGRP_340	M	81
DGRP_340	M	115
DGRP_340	F	117
DGRP_340	F	129
DGRP_340	M	109
DGRP_340	M	110
DGRP_340	F	88
DGRP_340	F	94
DGRP_340	F	104
DGRP_340	M	89
DGRP_340	M	89
DGRP_340	M	91
DGRP_340	F	80
DGRP_340	F	84
DGRP_340	F	91
DGRP_340	M	108
DGRP_340	M	152
DGRP_340	F	87
DGRP_340	F	111
DGRP_340	M	104
DGRP_340	M	115
DGRP_340	M	136
DGRP_340	F	101
DGRP_340	F	112
DGRP_340	F	115
DGRP_340	M	110
DGRP_340	M	129
DGRP_340	M	136
DGRP_340	F	90
DGRP_340	F	94
DGRP_340	F	96
DGRP_340	M	88
DGRP_340	M	108
DGRP_340	M	150
DGRP_340	F	82
DGRP_340	F	112
DGRP_340	F	129
DGRP_340	M	108
DGRP_340	M	137
DGRP_340	F	89
DGRP_340	F	90
DGRP_340	F	111
DGRP_340	M	110
DGRP_340	M	115
DGRP_340	F	80
DGRP_340	F	83
DGRP_340	F	101
DGRP_340	M	87
DGRP_340	M	87
DGRP_340	M	97
DGRP_340	F	90
DGRP_340	F	94
DGRP_340	F	97
DGRP_340	M	112
DGRP_340	M	115
DGRP_340	F	52
DGRP_340	F	104
DGRP_340	F	111
DGRP_340	M	108
DGRP_340	M	108
DGRP_340	M	111
DGRP_340	F	84
DGRP_340	F	94
DGRP_340	F	111
DGRP_340	M	136
DGRP_340	M	140
DGRP_340	F	98
DGRP_340	F	101
DGRP_340	F	111
DGRP_340	M	138
DGRP_340	M	165
DGRP_340	F	101
DGRP_340	F	101
DGRP_340	F	122
DGRP_340	M	111
DGRP_340	M	116
DGRP_340	M	145
DGRP_340	F	94
DGRP_340	F	94
DGRP_340	F	111
DGRP_340	M	108
DGRP_340	M	108
DGRP_340	M	152
DGRP_340	F	76
DGRP_340	F	80
DGRP_340	F	91
DGRP_340	M	76
DGRP_340	M	87
DGRP_340	F	76
DGRP_340	F	91
DGRP_340	M	73
DGRP_340	M	108
DGRP_340	F	101
DGRP_340	F	116
DGRP_340	F	122
DGRP_340	M	108
DGRP_340	M	109
DGRP_340	M	115
DGRP_340	F	84
DGRP_340	F	108
DGRP_340	F	131
DGRP_340	M	108
DGRP_340	M	111
DGRP_340	M	116
DGRP_340	F	108
DGRP_340	F	115
DGRP_340	F	115
DGRP_340	M	116
DGRP_340	M	116
DGRP_340	M	132
DGRP_340	F	66
DGRP_340	F	108
DGRP_340	M	108
DGRP_340	M	132
DGRP_340	M	152
DGRP_350	F	124
DGRP_350	F	126
DGRP_350	M	131
DGRP_350	M	136
DGRP_350	M	136
DGRP_350	F	70
DGRP_350	F	84
DGRP_350	M	70
DGRP_350	M	137
DGRP_350	F	24
DGRP_350	F	80
DGRP_350	F	82
DGRP_350	M	133
DGRP_350	M	150
DGRP_350	M	164
DGRP_350	F	52
DGRP_350	F	66
DGRP_350	M	111
DGRP_350	M	137
DGRP_350	M	137
DGRP_350	F	81
DGRP_350	F	160
DGRP_350	M	137
DGRP_350	M	143
DGRP_350	M	143
DGRP_350	F	80
DGRP_350	F	137
DGRP_350	F	158
DGRP_350	M	122
DGRP_350	M	136
DGRP_350	M	136
DGRP_350	F	73
DGRP_350	F	136
DGRP_350	F	136
DGRP_350	M	129
DGRP_350	M	136
DGRP_350	M	136
DGRP_350	F	138
DGRP_350	F	140
DGRP_350	M	4
DGRP_350	M	137
DGRP_350	M	137
DGRP_350	F	39
DGRP_350	F	122
DGRP_350	F	136
DGRP_350	M	70
DGRP_350	M	104
DGRP_350	M	116
DGRP_350	M	164
DGRP_350	F	98
DGRP_350	F	137
DGRP_350	F	143
DGRP_350	M	125
DGRP_350	M	129
DGRP_350	M	132
DGRP_350	F	98
DGRP_350	F	115
DGRP_350	F	115
DGRP_350	M	101
DGRP_350	M	111
DGRP_350	M	111
DGRP_350	F	52
DGRP_350	F	73
DGRP_350	F	115
DGRP_350	M	75
DGRP_350	M	138
DGRP_350	M	145
DGRP_350	F	80
DGRP_350	F	84
DGRP_350	F	115
DGRP_350	M	140
DGRP_350	M	140
DGRP_350	M	151
DGRP_350	F	125
DGRP_350	F	150
DGRP_350	F	150
DGRP_350	M	41
DGRP_350	M	115
DGRP_350	M	116
DGRP_350	F	87
DGRP_350	F	87
DGRP_350	F	152
DGRP_350	M	87
DGRP_350	M	129
DGRP_350	M	150
DGRP_350	F	73
DGRP_350	F	76
DGRP_350	F	122
DGRP_350	M	75
DGRP_350	M	122
DGRP_350	M	151
DGRP_350	F	66
DGRP_350	F	67
DGRP_350	F	146
DGRP_350	M	115
DGRP_350	M	129
DGRP_350	F	52
DGRP_350	F	137
DGRP_350	F	143
DGRP_350	M	129
DGRP_350	M	145
DGRP_350	F	69
DGRP_350	F	150
DGRP_350	M	111
DGRP_350	M	133
DGRP_350	M	150
DGRP_350	F	61
DGRP_350	F	82
DGRP_350	F	132
DGRP_350	M	125
DGRP_350	M	129
DGRP_350	M	150
DGRP_350	F	7
DGRP_350	F	101
DGRP_350	F	140
DGRP_350	M	95
DGRP_350	M	129
DGRP_350	M	129
DGRP_352	F	11
DGRP_352	F	95
DGRP_352	F	109
DGRP_352	M	102
DGRP_352	M	102
DGRP_352	F	49
DGRP_352	F	92
DGRP_352	F	154
DGRP_352	M	18
DGRP_352	M	127
DGRP_352	M	130
DGRP_352	F	90
DGRP_352	F	90
DGRP_352	F	118
DGRP_352	M	18
DGRP_352	M	140
DGRP_352	M	147
DGRP_352	F	8
DGRP_352	F	81
DGRP_352	F	137
DGRP_352	M	117
DGRP_352	M	151
DGRP_352	F	25
DGRP_352	F	32
DGRP_352	F	81
DGRP_352	M	32
DGRP_352	M	125
DGRP_352	M	148
DGRP_352	F	77
DGRP_352	F	130
DGRP_352	F	132
DGRP_352	M	123
DGRP_352	M	158
DGRP_352	F	14
DGRP_352	F	81
DGRP_352	M	130
DGRP_352	M	144
DGRP_352	M	145
DGRP_352	F	18
DGRP_352	F	117
DGRP_352	F	137
DGRP_352	M	28
DGRP_352	M	95
DGRP_352	F	25
DGRP_352	F	98
DGRP_352	F	130
DGRP_352	M	12
DGRP_352	M	152
DGRP_352	F	14
DGRP_352	F	14
DGRP_352	F	88
DGRP_352	M	32
DGRP_352	M	112
DGRP_352	F	96
DGRP_352	F	102
DGRP_352	M	138
DGRP_352	M	154
DGRP_352	M	158
DGRP_352	F	8
DGRP_352	F	88
DGRP_352	F	102
DGRP_352	M	88
DGRP_352	M	153
DGRP_352	F	88
DGRP_352	F	102
DGRP_352	F	116
DGRP_352	M	69
DGRP_352	M	138
DGRP_352	F	103
DGRP_352	F	111
DGRP_352	F	117
DGRP_352	M	139
DGRP_352	M	144
DGRP_352	F	49
DGRP_352	F	109
DGRP_352	M	64
DGRP_352	M	123
DGRP_352	F	11
DGRP_352	F	50
DGRP_352	F	77
DGRP_352	M	39
DGRP_352	M	119
DGRP_352	M	151
DGRP_352	F	130
DGRP_352	F	130
DGRP_352	F	139
DGRP_352	M	68
DGRP_352	M	131
DGRP_352	M	152
DGRP_352	F	61
DGRP_352	F	116
DGRP_352	M	116
DGRP_352	M	132
DGRP_352	M	151
DGRP_352	F	53
DGRP_352	F	78
DGRP_352	M	81
DGRP_352	M	126
DGRP_352	M	162
DGRP_352	F	29
DGRP_352	F	109
DGRP_352	F	126
DGRP_352	M	14
DGRP_352	M	110
DGRP_352	M	160
DGRP_352	F	109
DGRP_352	F	119
DGRP_352	F	146
DGRP_352	M	125
DGRP_352	M	131
DGRP_352	M	145
DGRP_352	F	103
DGRP_352	F	123
DGRP_352	M	88
DGRP_352	M	131
DGRP_352	F	26
DGRP_352	F	47
DGRP_352	F	126
DGRP_352	M	95
DGRP_352	M	141
DGRP_352	M	165
DGRP_356	F	38
DGRP_356	F	40
DGRP_356	F	69
DGRP_356	M	54
DGRP_356	M	67
DGRP_356	M	80
DGRP_356	F	34
DGRP_356	F	73
DGRP_356	F	80
DGRP_356	M	52
DGRP_356	M	63
DGRP_356	M	101
DGRP_356	F	61
DGRP_356	F	69
DGRP_356	F	81
DGRP_356	M	80
DGRP_356	M	80
DGRP_356	F	76
DGRP_356	F	76
DGRP_356	F	80
DGRP_356	M	31
DGRP_356	M	101
DGRP_356	F	38
DGRP_356	F	52
DGRP_356	F	66
DGRP_356	M	10
DGRP_356	M	73
DGRP_356	M	90
DGRP_356	F	38
DGRP_356	F	73
DGRP_356	M	94
DGRP_356	M	97
DGRP_356	M	105
DGRP_356	F	76
DGRP_356	F	87
DGRP_356	M	60
DGRP_356	M	70
DGRP_356	M	112
DGRP_356	F	60
DGRP_356	F	75
DGRP_356	F	81
DGRP_356	M	73
DGRP_356	M	81
DGRP_356	M	90
DGRP_356	F	38
DGRP_356	F	80
DGRP_356	M	39
DGRP_356	M	56
DGRP_356	M	87
DGRP_356	F	60
DGRP_356	F	60
DGRP_356	F	63
DGRP_356	M	81
DGRP_356	M	87
DGRP_356	M	88
DGRP_356	F	4
DGRP_356	F	80
DGRP_356	F	87
DGRP_356	M	67
DGRP_356	M	70
DGRP_356	M	87
DGRP_356	F	45
DGRP_356	F	56
DGRP_356	F	61
DGRP_356	M	69
DGRP_356	M	87
DGRP_356	F	60
DGRP_356	F	88
DGRP_356	F	111
DGRP_356	M	56
DGRP_356	M	90
DGRP_356	F	56
DGRP_356	F	60
DGRP_356	F	70
DGRP_356	M	74
DGRP_356	M	90
DGRP_356	F	28
DGRP_356	F	38
DGRP_356	F	49
DGRP_356	M	77
DGRP_356	M	88
DGRP_356	M	98
DGRP_356	F	54
DGRP_356	F	81
DGRP_356	M	66
DGRP_356	M	74
DGRP_356	F	53
DGRP_356	F	73
DGRP_356	F	74
DGRP_356	M	68
DGRP_356	M	77
DGRP_356	M	81
DGRP_356	F	40
DGRP_356	F	60
DGRP_356	F	68
DGRP_356	M	66
DGRP_356	M	83
DGRP_356	F	38
DGRP_356	F	59
DGRP_356	M	68
DGRP_356	M	69
DGRP_356	M	70
DGRP_356	F	52
DGRP_356	F	68
DGRP_356	F	80
DGRP_356	M	32
DGRP_356	M	75
DGRP_356	M	81
DGRP_356	F	41
DGRP_356	F	45
DGRP_356	F	60
DGRP_356	M	66
DGRP_356	M	73
DGRP_356	M	74
DGRP_356	F	45
DGRP_356	F	56
DGRP_356	F	62
DGRP_356	M	74
DGRP_356	M	84
DGRP_357	F	36
DGRP_357	F	42
DGRP_357	F	46
DGRP_357	M	12
DGRP_357	M	36
DGRP_357	M	78
DGRP_357	F	25
DGRP_357	F	32
DGRP_357	F	36
DGRP_357	M	34
DGRP_357	M	41
DGRP_357	M	88
DGRP_357	F	7
DGRP_357	F	67
DGRP_357	M	13
DGRP_357	M	32
DGRP_357	M	35
DGRP_357	F	26
DGRP_357	F	39
DGRP_357	F	83
DGRP_357	M	53
DGRP_357	M	55
DGRP_357	F	6
DGRP_357	F	32
DGRP_357	F	74
DGRP_357	M	7
DGRP_357	M	25
DGRP_357	M	95
DGRP_357	F	26
DGRP_357	F	32
DGRP_357	F	39
DGRP_357	M	39
DGRP_357	M	81
DGRP_357	M	83
DGRP_357	F	35
DGRP_357	F	50
DGRP_357	F	56
DGRP_357	M	32
DGRP_357	M	77
DGRP_357	F	39
DGRP_357	F	53
DGRP_357	F	57
DGRP_357	M	32
DGRP_357	M	75
DGRP_357	M	119
DGRP_357	F	32
DGRP_357	F	54
DGRP_357	M	36
DGRP_357	M	81
DGRP_357	F	21
DGRP_357	F	60
DGRP_357	F	67
DGRP_357	M	60
DGRP_357	M	71
DGRP_357	F	32
DGRP_357	F	53
DGRP_357	M	76
DGRP_357	M	113
DGRP_357	F	32
DGRP_357	F	39
DGRP_357	M	60
DGRP_357	M	83
DGRP_357	M	83
DGRP_357	F	39
DGRP_357	F	43
DGRP_357	F	60
DGRP_357	M	21
DGRP_357	M	57
DGRP_357	M	57
DGRP_357	F	43
DGRP_357	F	49
DGRP_357	F	53
DGRP_357	M	7
DGRP_357	M	12
DGRP_357	M	28
DGRP_357	F	21
DGRP_357	F	35
DGRP_357	F	43
DGRP_357	M	39
DGRP_357	M	55
DGRP_357	M	103
DGRP_357	F	39
DGRP_357	F	60
DGRP_357	F	67
DGRP_357	M	1
DGRP_357	M	28
DGRP_357	M	60
DGRP_357	F	35
DGRP_357	F	39
DGRP_357	F	67
DGRP_357	M	39
DGRP_357	M	71
DGRP_357	M	92
DGRP_357	F	32
DGRP_357	F	39
DGRP_357	M	83
DGRP_357	M	85
DGRP_357	M	110
DGRP_357	F	67
DGRP_357	F	67
DGRP_357	F	78
DGRP_357	M	4
DGRP_357	M	63
DGRP_357	M	68
DGRP_357	F	28
DGRP_357	F	32
DGRP_357	M	18
DGRP_357	M	32
DGRP_357	M	67
DGRP_357	F	28
DGRP_357	F	43
DGRP_357	F	60
DGRP_357	M	57
DGRP_357	M	63
DGRP_357	M	91
DGRP_357	F	46
DGRP_357	F	46
DGRP_357	M	25
DGRP_357	M	46
DGRP_357	M	71
DGRP_357	F	53
DGRP_357	F	53
DGRP_357	F	53
DGRP_357	M	32
DGRP_357	M	33
DGRP_357	M	39
DGRP_357	F	46
DGRP_357	F	46
DGRP_357	F	48
DGRP_357	M	111
DGRP_357	M	116
DGRP_357	M	123
DGRP_358	F	123
DGRP_358	F	123
DGRP_358	F	123
DGRP_358	M	69
DGRP_358	M	123
DGRP_358	M	123
DGRP_358	F	105
DGRP_358	F	130
DGRP_358	M	7
DGRP_358	M	110
DGRP_358	M	130
DGRP_358	F	50
DGRP_358	F	109
DGRP_358	F	116
DGRP_358	M	53
DGRP_358	M	111
DGRP_358	M	130
DGRP_358	F	82
DGRP_358	F	130
DGRP_358	F	144
DGRP_358	M	62
DGRP_358	M	123
DGRP_358	M	126
DGRP_358	F	6
DGRP_358	F	119
DGRP_358	F	132
DGRP_358	M	4
DGRP_358	M	7
DGRP_358	F	92
DGRP_358	F	118
DGRP_358	F	123
DGRP_358	M	70
DGRP_358	M	110
DGRP_358	M	111
DGRP_358	F	111
DGRP_358	F	123
DGRP_358	F	151
DGRP_358	M	35
DGRP_358	M	110
DGRP_358	M	123
DGRP_358	F	67
DGRP_358	F	103
DGRP_358	F	144
DGRP_358	M	4
DGRP_358	M	123
DGRP_358	M	130
DGRP_358	F	119
DGRP_358	F	119
DGRP_358	F	123
DGRP_358	M	95
DGRP_358	M	105
DGRP_358	M	119
DGRP_358	F	12
DGRP_358	F	32
DGRP_358	F	113
DGRP_358	M	104
DGRP_358	M	116
DGRP_358	M	118
DGRP_358	F	78
DGRP_358	F	133
DGRP_358	F	147
DGRP_358	M	62
DGRP_358	M	119
DGRP_358	M	123
DGRP_358	F	78
DGRP_358	F	92
DGRP_358	F	130
DGRP_358	M	8
DGRP_358	M	40
DGRP_358	M	103
DGRP_358	F	90
DGRP_358	F	113
DGRP_358	F	116
DGRP_358	M	6
DGRP_358	M	40
DGRP_358	M	103
DGRP_358	F	90
DGRP_358	F	92
DGRP_358	F	92
DGRP_358	M	57
DGRP_358	M	134
DGRP_358	F	78
DGRP_358	F	99
DGRP_358	F	139
DGRP_358	M	90
DGRP_358	M	117
DGRP_358	M	137
DGRP_358	F	76
DGRP_358	F	78
DGRP_358	F	145
DGRP_358	M	88
DGRP_358	M	110
DGRP_358	M	110
DGRP_358	F	96
DGRP_358	F	98
DGRP_358	F	144
DGRP_358	M	103
DGRP_358	M	103
DGRP_358	M	103
DGRP_358	F	49
DGRP_358	F	53
DGRP_358	F	54
DGRP_358	M	18
DGRP_358	M	99
DGRP_358	M	139
DGRP_358	F	110
DGRP_358	F	139
DGRP_358	F	141
DGRP_358	M	50
DGRP_358	M	53
DGRP_358	M	103
DGRP_358	F	75
DGRP_358	F	103
DGRP_358	F	137
DGRP_358	M	64
DGRP_358	M	74
DGRP_358	M	74
DGRP_358	F	25
DGRP_358	F	89
DGRP_358	F	120
DGRP_358	M	103
DGRP_358	M	103
DGRP_358	M	103
DGRP_358	F	35
DGRP_358	F	54
DGRP_358	F	75
DGRP_358	M	63
DGRP_358	M	89
DGRP_358	M	112
DGRP_358	F	106
DGRP_358	F	145
DGRP_358	M	35
DGRP_358	M	99
DGRP_358	M	103
DGRP_359	F	136
DGRP_359	F	137
DGRP_359	M	89
DGRP_359	M	116
DGRP_359	M	136
DGRP_359	F	115
DGRP_359	F	129
DGRP_359	M	136
DGRP_359	M	137
DGRP_359	M	137
DGRP_359	F	60
DGRP_359	F	94
DGRP_359	F	111
DGRP_359	M	97
DGRP_359	M	137
DGRP_359	M	150
DGRP_359	F	115
DGRP_359	F	136
DGRP_359	M	131
DGRP_359	M	138
DGRP_359	M	145
DGRP_359	F	103
DGRP_359	F	122
DGRP_359	M	73
DGRP_359	M	101
DGRP_359	M	145
DGRP_359	F	94
DGRP_359	F	111
DGRP_359	F	124
DGRP_359	M	117
DGRP_359	M	122
DGRP_359	M	123
DGRP_359	F	122
DGRP_359	F	129
DGRP_359	F	129
DGRP_359	M	87
DGRP_359	M	122
DGRP_359	F	111
DGRP_359	F	115
DGRP_359	M	6
DGRP_359	M	133
DGRP_359	M	137
DGRP_359	F	83
DGRP_359	F	97
DGRP_359	F	111
DGRP_359	M	31
DGRP_359	M	96
DGRP_359	M	115
DGRP_359	F	73
DGRP_359	F	80
DGRP_359	F	97
DGRP_359	M	80
DGRP_359	M	129
DGRP_359	F	115
DGRP_359	F	126
DGRP_359	M	131
DGRP_359	M	137
DGRP_359	M	150
DGRP_359	F	115
DGRP_359	F	116
DGRP_359	F	117
DGRP_359	M	63
DGRP_359	M	115
DGRP_359	M	151
DGRP_359	F	129
DGRP_359	F	129
DGRP_359	F	131
DGRP_359	M	77
DGRP_359	M	129
DGRP_359	M	132
DGRP_359	F	122
DGRP_359	F	129
DGRP_359	F	129
DGRP_359	M	122
DGRP_359	M	123
DGRP_359	M	129
DGRP_359	F	91
DGRP_359	F	103
DGRP_359	M	105
DGRP_359	M	137
DGRP_359	F	70
DGRP_359	F	94
DGRP_359	F	115
DGRP_359	M	89
DGRP_359	M	108
DGRP_359	M	130
DGRP_359	F	73
DGRP_359	F	108
DGRP_359	M	118
DGRP_359	M	133
DGRP_359	M	136
DGRP_359	F	80
DGRP_359	F	116
DGRP_359	F	118
DGRP_359	M	19
DGRP_359	M	115
DGRP_359	M	129
DGRP_359	F	123
DGRP_359	F	125
DGRP_359	F	126
DGRP_359	M	101
DGRP_359	M	129
DGRP_359	M	129
DGRP_359	F	111
DGRP_359	F	115
DGRP_359	F	122
DGRP_359	M	10
DGRP_359	M	108
DGRP_359	M	136
DGRP_359	F	52
DGRP_359	F	89
DGRP_359	F	101
DGRP_359	M	116
DGRP_359	M	125
DGRP_359	M	143
DGRP_359	F	80
DGRP_359	F	88
DGRP_359	F	95
DGRP_359	M	56
DGRP_359	M	95
DGRP_359	M	96
DGRP_359	F	115
DGRP_359	F	118
DGRP_359	F	123
DGRP_359	M	68
DGRP_359	M	115
DGRP_359	M	119
DGRP_360	F	55
DGRP_360	F	77
DGRP_360	F	92
DGRP_360	M	19
DGRP_360	M	92
DGRP_360	M	92
DGRP_360	F	9
DGRP_360	F	62
DGRP_360	F	64
DGRP_360	M	68
DGRP_360	M	95
DGRP_360	M	111
DGRP_360	F	47
DGRP_360	F	62
DGRP_360	F	89
DGRP_360	M	54
DGRP_360	M	84
DGRP_360	F	46
DGRP_360	F	74
DGRP_360	F	76
DGRP_360	M	47
DGRP_360	M	49
DGRP_360	M	76
DGRP_360	F	27
DGRP_360	F	85
DGRP_360	F	96
DGRP_360	M	34
DGRP_360	M	67
DGRP_360	F	74
DGRP_360	F	81
DGRP_360	F	82
DGRP_360	M	32
DGRP_360	M	34
DGRP_360	M	64
DGRP_360	F	21
DGRP_360	F	62
DGRP_360	F	74
DGRP_360	M	32
DGRP_360	M	104
DGRP_360	M	105
DGRP_360	F	69
DGRP_360	F	102
DGRP_360	M	46
DGRP_360	M	48
DGRP_360	F	83
DGRP_360	F	109
DGRP_360	M	46
DGRP_360	M	67
DGRP_360	M	83
DGRP_360	F	32
DGRP_360	F	35
DGRP_360	F	39
DGRP_360	M	95
DGRP_360	M	97
DGRP_360	M	111
DGRP_360	F	46
DGRP_360	F	55
DGRP_360	F	99
DGRP_360	M	91
DGRP_360	M	99
DGRP_360	F	88
DGRP_360	F	90
DGRP_360	F	91
DGRP_360	M	46
DGRP_360	M	83
DGRP_360	M	90
DGRP_360	F	56
DGRP_360	F	57
DGRP_360	F	78
DGRP_360	M	54
DGRP_360	M	55
DGRP_360	M	78
DGRP_360	F	56
DGRP_360	F	76
DGRP_360	M	53
DGRP_360	M	56
DGRP_360	M	64
DGRP_360	F	62
DGRP_360	F	67
DGRP_360	F	69
DGRP_360	M	55
DGRP_360	M	62
DGRP_360	F	49
DGRP_360	F	53
DGRP_360	F	69
DGRP_360	M	42
DGRP_360	M	62
DGRP_360	M	77
DGRP_360	F	75
DGRP_360	F	77
DGRP_360	F	92
DGRP_360	M	67
DGRP_360	M	82
DGRP_360	M	92
DGRP_360	F	21
DGRP_360	F	46
DGRP_360	F	64
DGRP_360	M	39
DGRP_360	M	85
DGRP_360	M	92
DGRP_360	F	39
DGRP_360	F	62
DGRP_360	F	62
DGRP_360	M	18
DGRP_360	M	42
DGRP_360	M	46
DGRP_360	F	74
DGRP_360	F	85
DGRP_360	F	85
DGRP_360	M	47
DGRP_360	M	61
DGRP_360	M	83
DGRP_360	F	85
DGRP_360	F	96
DGRP_360	F	96
DGRP_360	M	46
DGRP_360	M	47
DGRP_360	M	98
DGRP_360	F	32
DGRP_360	F	46
DGRP_360	F	82
DGRP_360	M	67
DGRP_360	M	82
DGRP_360	M	83
DGRP_360	F	42
DGRP_360	F	43
DGRP_360	F	46
DGRP_360	M	48
DGRP_360	M	96
DGRP_360	M	119
DGRP_360	F	43
DGRP_360	F	67
DGRP_360	F	82
DGRP_360	M	67
DGRP_360	M	74
DGRP_360	M	74
DGRP_361	F	60
DGRP_361	F	62
DGRP_361	F	74
DGRP_361	M	53
DGRP_361	M	77
DGRP_361	F	48
DGRP_361	F	49
DGRP_361	F	80
DGRP_361	M	46
DGRP_361	M	60
DGRP_361	M	81
DGRP_361	F	45
DGRP_361	F	52
DGRP_361	F	52
DGRP_361	M	53
DGRP_361	M	53
DGRP_361	M	80
DGRP_361	F	52
DGRP_361	F	81
DGRP_361	F	143
DGRP_361	M	52
DGRP_361	M	52
DGRP_361	M	82
DGRP_361	F	76
DGRP_361	F	77
DGRP_361	M	66
DGRP_361	M	75
DGRP_361	F	52
DGRP_361	F	60
DGRP_361	F	61
DGRP_361	M	49
DGRP_361	M	53
DGRP_361	M	60
DGRP_361	F	45
DGRP_361	F	47
DGRP_361	M	41
DGRP_361	M	52
DGRP_361	M	66
DGRP_361	F	31
DGRP_361	F	55
DGRP_361	F	60
DGRP_361	M	52
DGRP_361	M	60
DGRP_361	M	68
DGRP_361	F	30
DGRP_361	F	39
DGRP_361	F	51
DGRP_361	M	48
DGRP_361	M	51
DGRP_361	M	70
DGRP_361	F	57
DGRP_361	F	57
DGRP_361	F	64
DGRP_361	M	49
DGRP_361	M	58
DGRP_361	M	67
DGRP_361	F	51
DGRP_361	F	64
DGRP_361	M	57
DGRP_361	M	64
DGRP_361	M	64
DGRP_361	F	28
DGRP_361	F	36
DGRP_361	F	58
DGRP_361	M	57
DGRP_361	M	80
DGRP_361	F	38
DGRP_361	F	40
DGRP_361	F	54
DGRP_361	M	27
DGRP_361	M	54
DGRP_361	M	59
DGRP_361	F	34
DGRP_361	F	38
DGRP_361	F	40
DGRP_361	M	41
DGRP_361	M	70
DGRP_361	F	27
DGRP_361	F	69
DGRP_361	M	62
DGRP_361	M	69
DGRP_361	F	33
DGRP_361	F	47
DGRP_361	F	52
DGRP_361	M	28
DGRP_361	M	38
DGRP_361	M	45
DGRP_361	F	40
DGRP_361	F	49
DGRP_361	F	55
DGRP_361	M	33
DGRP_361	M	70
DGRP_361	F	39
DGRP_361	F	69
DGRP_361	F	73
DGRP_361	M	28
DGRP_361	M	70
DGRP_361	M	70
DGRP_361	F	60
DGRP_361	F	77
DGRP_361	F	108
DGRP_361	M	8
DGRP_361	M	24
DGRP_361	M	35
DGRP_361	F	51
DGRP_361	F	51
DGRP_361	F	53
DGRP_361	M	49
DGRP_361	M	52
DGRP_361	M	53
DGRP_361	F	23
DGRP_361	F	77
DGRP_361	F	77
DGRP_361	M	77
DGRP_361	M	80
DGRP_361	M	88
DGRP_361	F	52
DGRP_361	F	52
DGRP_361	F	53
DGRP_361	M	24
DGRP_361	M	25
DGRP_361	M	72
DGRP_362	F	35
DGRP_362	F	118
DGRP_362	F	118
DGRP_362	M	113
DGRP_362	M	118
DGRP_362	F	61
DGRP_362	F	69
DGRP_362	M	4
DGRP_362	M	116
DGRP_362	M	123
DGRP_362	F	76
DGRP_362	F	77
DGRP_362	F	82
DGRP_362	M	67
DGRP_362	M	97
DGRP_362	F	77
DGRP_362	F	81
DGRP_362	F	88
DGRP_362	M	56
DGRP_362	M	88
DGRP_362	M	97
DGRP_362	F	60
DGRP_362	F	69
DGRP_362	F	81
DGRP_362	M	74
DGRP_362	M	75
DGRP_362	M	77
DGRP_362	F	81
DGRP_362	F	95
DGRP_362	F	119
DGRP_362	M	70
DGRP_362	M	78
DGRP_362	M	123
DGRP_362	F	61
DGRP_362	F	62
DGRP_362	F	68
DGRP_362	M	67
DGRP_362	M	68
DGRP_362	M	69
DGRP_362	F	69
DGRP_362	F	78
DGRP_362	F	109
DGRP_362	M	41
DGRP_362	M	61
DGRP_362	M	117
DGRP_362	F	47
DGRP_362	F	49
DGRP_362	F	81
DGRP_362	M	67
DGRP_362	M	102
DGRP_362	F	75
DGRP_362	F	77
DGRP_362	F	81
DGRP_362	M	67
DGRP_362	M	81
DGRP_362	M	88
DGRP_362	F	49
DGRP_362	F	105
DGRP_362	F	144
DGRP_362	M	35
DGRP_362	M	99
DGRP_362	M	125
DGRP_362	F	95
DGRP_362	F	97
DGRP_362	F	123
DGRP_362	M	98
DGRP_362	M	117
DGRP_362	M	151
DGRP_362	F	83
DGRP_362	F	89
DGRP_362	F	96
DGRP_362	M	88
DGRP_362	M	131
DGRP_362	M	167
DGRP_362	F	67
DGRP_362	F	92
DGRP_362	M	60
DGRP_362	M	60
DGRP_362	M	124
DGRP_362	F	53
DGRP_362	F	67
DGRP_362	F	78
DGRP_362	M	61
DGRP_362	M	69
DGRP_362	M	134
DGRP_362	F	92
DGRP_362	F	95
DGRP_362	F	117
DGRP_362	M	43
DGRP_362	M	139
DGRP_362	F	46
DGRP_362	F	69
DGRP_362	F	95
DGRP_362	M	39
DGRP_362	M	125
DGRP_362	F	67
DGRP_362	F	69
DGRP_362	F	75
DGRP_362	M	85
DGRP_362	M	96
DGRP_362	M	103
DGRP_362	F	68
DGRP_362	F	95
DGRP_362	M	1
DGRP_362	M	70
DGRP_362	M	139
DGRP_362	F	1
DGRP_362	F	84
DGRP_362	F	105
DGRP_362	M	110
DGRP_362	M	112
DGRP_362	M	132
DGRP_362	F	67
DGRP_362	F	113
DGRP_362	F	127
DGRP_362	M	67
DGRP_362	M	82
DGRP_362	F	60
DGRP_362	F	67
DGRP_362	F	89
DGRP_362	M	48
DGRP_362	M	71
DGRP_362	M	137
DGRP_362	F	46
DGRP_362	F	57
DGRP_362	F	67
DGRP_362	M	67
DGRP_362	M	95
DGRP_362	M	110
DGRP_362	F	89
DGRP_362	F	95
DGRP_362	F	95
DGRP_362	M	67
DGRP_362	M	68
DGRP_362	M	71
DGRP_365	F	109
DGRP_365	F	124
DGRP_365	M	104
DGRP_365	M	106
DGRP_365	M	109
DGRP_365	F	97
DGRP_365	F	123
DGRP_365	F	124
DGRP_365	M	92
DGRP_365	M	116
DGRP_365	M	137
DGRP_365	F	77
DGRP_365	F	88
DGRP_365	F	88
DGRP_365	M	69
DGRP_365	M	81
DGRP_365	M	95
DGRP_365	F	39
DGRP_365	F	84
DGRP_365	F	112
DGRP_365	M	111
DGRP_365	M	116
DGRP_365	M	144
DGRP_365	F	45
DGRP_365	F	77
DGRP_365	F	115
DGRP_365	M	76
DGRP_365	M	89
DGRP_365	M	137
DGRP_365	F	84
DGRP_365	F	89
DGRP_365	F	90
DGRP_365	M	26
DGRP_365	M	94
DGRP_365	M	150
DGRP_365	F	122
DGRP_365	F	129
DGRP_365	F	129
DGRP_365	M	87
DGRP_365	M	116
DGRP_365	M	143
DGRP_365	F	68
DGRP_365	F	89
DGRP_365	F	105
DGRP_365	M	75
DGRP_365	M	91
DGRP_365	M	116
DGRP_365	F	102
DGRP_365	F	111
DGRP_365	F	119
DGRP_365	M	50
DGRP_365	M	57
DGRP_365	M	60
DGRP_365	F	77
DGRP_365	F	78
DGRP_365	F	83
DGRP_365	M	42
DGRP_365	M	92
DGRP_365	M	106
DGRP_365	F	25
DGRP_365	F	83
DGRP_365	F	83
DGRP_365	M	131
DGRP_365	M	137
DGRP_365	M	137
DGRP_365	F	41
DGRP_365	F	69
DGRP_365	F	85
DGRP_365	M	90
DGRP_365	M	103
DGRP_365	M	106
DGRP_365	F	39
DGRP_365	F	61
DGRP_365	F	69
DGRP_365	M	134
DGRP_365	M	144
DGRP_365	M	147
DGRP_365	F	99
DGRP_365	F	110
DGRP_365	F	112
DGRP_365	M	56
DGRP_365	M	64
DGRP_365	M	110
DGRP_365	F	53
DGRP_365	F	57
DGRP_365	F	92
DGRP_365	M	18
DGRP_365	M	56
DGRP_365	M	81
DGRP_365	F	98
DGRP_365	F	103
DGRP_365	F	103
DGRP_365	M	96
DGRP_365	M	96
DGRP_365	M	96
DGRP_365	F	88
DGRP_365	F	90
DGRP_365	F	91
DGRP_365	M	81
DGRP_365	M	88
DGRP_365	M	95
DGRP_365	F	84
DGRP_365	F	103
DGRP_365	F	108
DGRP_365	M	102
DGRP_365	M	103
DGRP_365	M	116
DGRP_365	F	70
DGRP_365	F	109
DGRP_365	F	110
DGRP_365	M	67
DGRP_365	M	84
DGRP_365	M	108
DGRP_365	F	97
DGRP_365	F	104
DGRP_365	F	105
DGRP_365	M	82
DGRP_365	M	90
DGRP_365	M	97
DGRP_365	F	11
DGRP_365	F	75
DGRP_365	F	95
DGRP_365	M	68
DGRP_365	M	90
DGRP_365	M	123
DGRP_365	F	78
DGRP_365	F	83
DGRP_365	F	95
DGRP_365	M	78
DGRP_365	M	82
DGRP_365	M	82
DGRP_365	F	75
DGRP_365	F	81
DGRP_365	F	109
DGRP_365	M	85
DGRP_365	M	111
DGRP_365	M	137
DGRP_365	F	42
DGRP_365	F	96
DGRP_365	F	97
DGRP_365	M	58
DGRP_365	M	68
DGRP_365	M	92
DGRP_367	F	32
DGRP_367	F	95
DGRP_367	F	129
DGRP_367	M	129
DGRP_367	M	129
DGRP_367	F	95
DGRP_367	F	115
DGRP_367	M	130
DGRP_367	M	131
DGRP_367	F	105
DGRP_367	F	108
DGRP_367	M	87
DGRP_367	M	101
DGRP_367	M	133
DGRP_367	F	101
DGRP_367	F	110
DGRP_367	M	75
DGRP_367	M	80
DGRP_367	F	34
DGRP_367	F	109
DGRP_367	F	122
DGRP_367	M	115
DGRP_367	M	122
DGRP_367	M	157
DGRP_367	F	17
DGRP_367	F	87
DGRP_367	F	112
DGRP_367	M	126
DGRP_367	M	150
DGRP_367	F	6
DGRP_367	F	17
DGRP_367	F	74
DGRP_367	M	76
DGRP_367	M	77
DGRP_367	F	61
DGRP_367	F	119
DGRP_367	F	125
DGRP_367	M	109
DGRP_367	M	129
DGRP_367	F	116
DGRP_367	F	139
DGRP_367	M	6
DGRP_367	M	109
DGRP_367	M	136
DGRP_367	F	82
DGRP_367	F	87
DGRP_367	M	75
DGRP_367	M	91
DGRP_367	F	10
DGRP_367	F	108
DGRP_367	F	110
DGRP_367	M	96
DGRP_367	M	109
DGRP_367	M	150
DGRP_367	F	46
DGRP_367	F	82
DGRP_367	M	108
DGRP_367	M	112
DGRP_367	M	124
DGRP_367	F	20
DGRP_367	F	94
DGRP_367	F	104
DGRP_367	M	101
DGRP_367	M	116
DGRP_367	M	132
DGRP_367	F	82
DGRP_367	F	104
DGRP_367	F	109
DGRP_367	M	73
DGRP_367	M	104
DGRP_367	M	108
DGRP_367	F	21
DGRP_367	F	74
DGRP_367	F	116
DGRP_367	M	94
DGRP_367	M	101
DGRP_367	M	108
DGRP_367	F	20
DGRP_367	F	49
DGRP_367	F	122
DGRP_367	M	126
DGRP_367	M	138
DGRP_367	M	138
DGRP_367	F	74
DGRP_367	F	81
DGRP_367	F	112
DGRP_367	M	123
DGRP_367	M	131
DGRP_367	M	138
DGRP_367	F	80
DGRP_367	F	124
DGRP_367	F	151
DGRP_367	M	94
DGRP_367	M	122
DGRP_367	F	13
DGRP_367	F	169
DGRP_367	M	45
DGRP_367	M	112
DGRP_367	M	131
DGRP_367	F	32
DGRP_367	F	101
DGRP_367	F	111
DGRP_367	M	97
DGRP_367	M	103
DGRP_367	M	108
DGRP_367	F	49
DGRP_367	F	115
DGRP_367	M	91
DGRP_367	M	115
DGRP_367	M	129
DGRP_367	F	101
DGRP_367	F	122
DGRP_367	F	129
DGRP_367	M	111
DGRP_367	M	119
DGRP_367	F	96
DGRP_367	F	102
DGRP_367	F	119
DGRP_367	M	5
DGRP_367	M	88
DGRP_367	F	21
DGRP_367	F	97
DGRP_367	F	122
DGRP_367	M	81
DGRP_367	M	122
DGRP_367	M	143
DGRP_370	F	96
DGRP_370	F	99
DGRP_370	F	118
DGRP_370	M	81
DGRP_370	M	81
DGRP_370	F	81
DGRP_370	F	117
DGRP_370	F	123
DGRP_370	M	111
DGRP_370	M	117
DGRP_370	F	89
DGRP_370	F	92
DGRP_370	M	33
DGRP_370	M	89
DGRP_370	F	81
DGRP_370	F	85
DGRP_370	M	68
DGRP_370	M	77
DGRP_370	F	120
DGRP_370	F	144
DGRP_370	M	95
DGRP_370	M	98
DGRP_370	F	124
DGRP_370	F	133
DGRP_370	M	56
DGRP_370	M	95
DGRP_370	F	35
DGRP_370	F	83
DGRP_370	M	95
DGRP_370	M	130
DGRP_370	F	81
DGRP_370	F	97
DGRP_370	M	95
DGRP_370	M	131
DGRP_370	F	102
DGRP_370	F	117
DGRP_370	M	77
DGRP_370	M	110
DGRP_370	F	82
DGRP_370	F	117
DGRP_370	M	75
DGRP_370	M	81
DGRP_370	M	81
DGRP_370	F	123
DGRP_370	F	133
DGRP_370	F	133
DGRP_370	M	67
DGRP_370	M	117
DGRP_370	M	119
DGRP_370	F	67
DGRP_370	F	71
DGRP_370	M	46
DGRP_370	M	81
DGRP_370	F	28
DGRP_370	F	65
DGRP_370	F	88
DGRP_370	M	77
DGRP_370	M	91
DGRP_370	F	91
DGRP_370	F	113
DGRP_370	M	81
DGRP_370	M	91
DGRP_370	M	91
DGRP_370	F	24
DGRP_370	F	70
DGRP_370	F	126
DGRP_370	M	7
DGRP_370	M	70
DGRP_370	F	98
DGRP_370	F	120
DGRP_370	F	121
DGRP_370	M	85
DGRP_370	M	105
DGRP_370	M	108
DGRP_370	F	1
DGRP_370	F	49
DGRP_370	F	113
DGRP_370	M	105
DGRP_370	M	113
DGRP_370	M	113
DGRP_370	F	115
DGRP_370	F	116
DGRP_370	F	130
DGRP_370	M	79
DGRP_370	M	80
DGRP_370	F	107
DGRP_370	F	112
DGRP_370	F	126
DGRP_370	M	25
DGRP_370	M	101
DGRP_370	M	106
DGRP_370	F	86
DGRP_370	F	105
DGRP_370	F	105
DGRP_370	M	77
DGRP_370	M	81
DGRP_370	M	84
DGRP_370	F	108
DGRP_370	F	130
DGRP_370	M	79
DGRP_370	M	105
DGRP_370	F	105
DGRP_370	F	112
DGRP_370	F	113
DGRP_370	M	43
DGRP_370	M	80
DGRP_370	M	84
DGRP_370	F	88
DGRP_370	F	111
DGRP_370	F	112
DGRP_370	M	67
DGRP_370	M	134
DGRP_370	F	75
DGRP_370	F	96
DGRP_370	F	110
DGRP_370	M	75
DGRP_370	M	92
DGRP_371	F	80
DGRP_371	F	82
DGRP_371	F	89
DGRP_371	M	75
DGRP_371	M	94
DGRP_371	F	70
DGRP_371	F	70
DGRP_371	F	81
DGRP_371	M	56
DGRP_371	M	70
DGRP_371	M	96
DGRP_371	F	73
DGRP_371	F	82
DGRP_371	M	63
DGRP_371	M	88
DGRP_371	M	108
DGRP_371	F	63
DGRP_371	F	70
DGRP_371	F	70
DGRP_371	M	70
DGRP_371	M	70
DGRP_371	M	70
DGRP_371	F	80
DGRP_371	F	84
DGRP_371	M	88
DGRP_371	M	97
DGRP_371	F	70
DGRP_371	F	83
DGRP_371	F	87
DGRP_371	M	73
DGRP_371	M	94
DGRP_371	M	94
DGRP_371	F	68
DGRP_371	F	80
DGRP_371	F	89
DGRP_371	M	70
DGRP_371	M	70
DGRP_371	M	80
DGRP_371	F	69
DGRP_371	F	70
DGRP_371	F	74
DGRP_371	M	69
DGRP_371	M	69
DGRP_371	M	80
DGRP_371	F	75
DGRP_371	F	80
DGRP_371	F	87
DGRP_371	M	94
DGRP_371	M	101
DGRP_371	M	101
DGRP_371	F	70
DGRP_371	F	81
DGRP_371	F	105
DGRP_371	M	70
DGRP_371	M	74
DGRP_371	M	80
DGRP_371	F	62
DGRP_371	F	77
DGRP_371	F	82
DGRP_371	M	103
DGRP_371	M	105
DGRP_371	M	109
DGRP_371	F	69
DGRP_371	F	91
DGRP_371	M	69
DGRP_371	M	73
DGRP_371	M	89
DGRP_371	F	77
DGRP_371	F	80
DGRP_371	F	80
DGRP_371	M	80
DGRP_371	M	80
DGRP_371	F	63
DGRP_371	F	73
DGRP_371	F	73
DGRP_371	M	68
DGRP_371	M	102
DGRP_371	M	103
DGRP_371	F	61
DGRP_371	F	62
DGRP_371	F	66
DGRP_371	M	67
DGRP_371	M	67
DGRP_371	M	101
DGRP_371	F	80
DGRP_371	F	80
DGRP_371	F	80
DGRP_371	M	75
DGRP_371	M	80
DGRP_371	M	80
DGRP_371	F	73
DGRP_371	F	101
DGRP_371	F	101
DGRP_371	M	67
DGRP_371	M	101
DGRP_371	F	62
DGRP_371	F	97
DGRP_371	M	63
DGRP_371	M	67
DGRP_371	M	67
DGRP_371	F	27
DGRP_371	F	80
DGRP_371	F	81
DGRP_371	M	80
DGRP_371	M	117
DGRP_371	F	66
DGRP_371	F	69
DGRP_371	M	53
DGRP_371	M	66
DGRP_371	M	89
DGRP_371	F	52
DGRP_371	F	74
DGRP_371	F	101
DGRP_371	M	66
DGRP_371	M	67
DGRP_371	M	67
DGRP_371	F	68
DGRP_371	F	70
DGRP_371	M	73
DGRP_371	M	73
DGRP_371	M	81
DGRP_373	F	95
DGRP_373	F	95
DGRP_373	M	125
DGRP_373	M	126
DGRP_373	M	144
DGRP_373	F	123
DGRP_373	F	130
DGRP_373	F	136
DGRP_373	M	146
DGRP_373	M	146
DGRP_373	F	12
DGRP_373	F	118
DGRP_373	M	68
DGRP_373	M	140
DGRP_373	F	125
DGRP_373	F	125
DGRP_373	F	147
DGRP_373	M	89
DGRP_373	M	130
DGRP_373	M	130
DGRP_373	F	87
DGRP_373	F	116
DGRP_373	F	124
DGRP_373	M	109
DGRP_373	M	129
DGRP_373	M	143
DGRP_373	F	27
DGRP_373	F	98
DGRP_373	F	116
DGRP_373	M	152
DGRP_373	M	158
DGRP_373	M	170
DGRP_373	F	96
DGRP_373	F	122
DGRP_373	F	122
DGRP_373	M	102
DGRP_373	M	132
DGRP_373	M	151
DGRP_373	F	56
DGRP_373	F	129
DGRP_373	F	129
DGRP_373	M	63
DGRP_373	M	129
DGRP_373	M	139
DGRP_373	F	38
DGRP_373	F	73
DGRP_373	F	81
DGRP_373	M	109
DGRP_373	M	145
DGRP_373	F	3
DGRP_373	F	61
DGRP_373	F	94
DGRP_373	M	62
DGRP_373	M	90
DGRP_373	M	157
DGRP_373	F	101
DGRP_373	F	103
DGRP_373	F	116
DGRP_373	M	116
DGRP_373	M	129
DGRP_373	F	17
DGRP_373	F	111
DGRP_373	F	117
DGRP_373	M	116
DGRP_373	M	132
DGRP_373	M	150
DGRP_373	F	88
DGRP_373	F	92
DGRP_373	F	98
DGRP_373	M	60
DGRP_373	M	123
DGRP_373	M	134
DGRP_373	F	88
DGRP_373	F	98
DGRP_373	F	123
DGRP_373	M	123
DGRP_373	M	123
DGRP_373	F	6
DGRP_373	F	74
DGRP_373	M	123
DGRP_373	M	152
DGRP_373	F	33
DGRP_373	F	88
DGRP_373	F	98
DGRP_373	M	110
DGRP_373	M	110
DGRP_373	M	159
DGRP_373	F	32
DGRP_373	F	46
DGRP_373	F	106
DGRP_373	M	97
DGRP_373	M	125
DGRP_373	M	151
DGRP_373	F	118
DGRP_373	F	137
DGRP_373	M	123
DGRP_373	M	123
DGRP_373	M	123
DGRP_373	F	130
DGRP_373	F	130
DGRP_373	F	130
DGRP_373	M	118
DGRP_373	M	131
DGRP_373	M	131
DGRP_373	F	118
DGRP_373	F	120
DGRP_373	F	134
DGRP_373	M	118
DGRP_373	M	123
DGRP_373	M	151
DGRP_373	F	103
DGRP_373	F	105
DGRP_373	M	88
DGRP_373	M	113
DGRP_373	M	152
DGRP_373	F	125
DGRP_373	F	146
DGRP_373	M	92
DGRP_373	M	151
DGRP_373	M	159
DGRP_373	F	40
DGRP_373	F	104
DGRP_373	F	130
DGRP_373	M	92
DGRP_373	M	123
DGRP_373	M	130
DGRP_373	F	78
DGRP_373	F	88
DGRP_373	F	103
DGRP_373	M	67
DGRP_373	M	127
DGRP_373	M	134
DGRP_374	F	81
DGRP_374	F	114
DGRP_374	F	134
DGRP_374	M	49
DGRP_374	M	73
DGRP_374	M	126
DGRP_374	F	116
DGRP_374	F	120
DGRP_374	F	164
DGRP_374	M	105
DGRP_374	M	106
DGRP_374	M	107
DGRP_374	F	116
DGRP_374	F	133
DGRP_374	M	95
DGRP_374	M	99
DGRP_374	M	102
DGRP_374	F	63
DGRP_374	F	77
DGRP_374	M	95
DGRP_374	M	106
DGRP_374	F	112
DGRP_374	F	120
DGRP_374	F	174
DGRP_374	M	92
DGRP_374	M	136
DGRP_374	F	56
DGRP_374	F	98
DGRP_374	F	122
DGRP_374	M	120
DGRP_374	M	122
DGRP_374	F	84
DGRP_374	F	120
DGRP_374	F	140
DGRP_374	M	95
DGRP_374	M	95
DGRP_374	M	128
DGRP_374	F	77
DGRP_374	F	84
DGRP_374	F	106
DGRP_374	M	70
DGRP_374	M	137
DGRP_374	M	175
DGRP_374	F	78
DGRP_374	F	112
DGRP_374	F	133
DGRP_374	M	106
DGRP_374	M	113
DGRP_374	M	124
DGRP_374	F	92
DGRP_374	F	130
DGRP_374	F	131
DGRP_374	M	95
DGRP_374	M	134
DGRP_374	F	56
DGRP_374	F	104
DGRP_374	F	124
DGRP_374	M	83
DGRP_374	M	137
DGRP_374	F	144
DGRP_374	F	151
DGRP_374	M	138
DGRP_374	M	141
DGRP_374	M	147
DGRP_374	F	25
DGRP_374	F	110
DGRP_374	F	144
DGRP_374	M	21
DGRP_374	M	110
DGRP_374	M	110
DGRP_374	F	140
DGRP_374	F	154
DGRP_374	F	155
DGRP_374	M	60
DGRP_374	M	99
DGRP_374	M	155
DGRP_374	F	96
DGRP_374	F	144
DGRP_374	M	98
DGRP_374	M	130
DGRP_374	F	111
DGRP_374	F	111
DGRP_374	F	158
DGRP_374	M	95
DGRP_374	M	127
DGRP_374	F	127
DGRP_374	F	131
DGRP_374	M	92
DGRP_374	M	154
DGRP_374	M	158
DGRP_374	F	116
DGRP_374	F	123
DGRP_374	F	123
DGRP_374	M	88
DGRP_374	M	92
DGRP_374	M	123
DGRP_374	F	90
DGRP_374	F	130
DGRP_374	F	131
DGRP_374	M	82
DGRP_374	M	92
DGRP_374	M	134
DGRP_374	F	111
DGRP_374	F	116
DGRP_374	M	92
DGRP_374	M	111
DGRP_374	F	134
DGRP_374	F	158
DGRP_374	M	43
DGRP_374	M	96
DGRP_374	M	144
DGRP_374	F	64
DGRP_374	F	120
DGRP_374	F	123
DGRP_374	M	76
DGRP_374	M	89
DGRP_374	M	158
DGRP_375	F	109
DGRP_375	F	116
DGRP_375	M	67
DGRP_375	M	82
DGRP_375	F	42
DGRP_375	F	109
DGRP_375	M	111
DGRP_375	M	111
DGRP_375	M	117
DGRP_375	F	71
DGRP_375	F	125
DGRP_375	F	125
DGRP_375	M	82
DGRP_375	M	99
DGRP_375	F	76
DGRP_375	F	123
DGRP_375	M	106
DGRP_375	M	111
DGRP_375	F	119
DGRP_375	F	131
DGRP_375	M	123
DGRP_375	M	130
DGRP_375	F	4
DGRP_375	F	95
DGRP_375	F	139
DGRP_375	M	120
DGRP_375	M	123
DGRP_375	M	127
DGRP_375	F	97
DGRP_375	F	116
DGRP_375	F	123
DGRP_375	M	77
DGRP_375	M	119
DGRP_375	M	119
DGRP_375	F	116
DGRP_375	F	124
DGRP_375	F	151
DGRP_375	M	99
DGRP_375	M	111
DGRP_375	F	82
DGRP_375	F	92
DGRP_375	F	97
DGRP_375	M	120
DGRP_375	M	123
DGRP_375	F	95
DGRP_375	F	95
DGRP_375	F	123
DGRP_375	M	89
DGRP_375	M	159
DGRP_375	F	92
DGRP_375	F	97
DGRP_375	F	109
DGRP_375	M	97
DGRP_375	M	109
DGRP_375	M	109
DGRP_375	F	90
DGRP_375	F	103
DGRP_375	F	139
DGRP_375	M	8
DGRP_375	M	92
DGRP_375	M	98
DGRP_375	F	95
DGRP_375	F	113
DGRP_375	F	134
DGRP_375	M	110
DGRP_375	M	117
DGRP_375	M	118
DGRP_375	F	105
DGRP_375	F	109
DGRP_375	F	139
DGRP_375	M	98
DGRP_375	M	109
DGRP_375	F	92
DGRP_375	F	116
DGRP_375	F	119
DGRP_375	M	118
DGRP_375	M	119
DGRP_375	M	120
DGRP_375	F	120
DGRP_375	F	124
DGRP_375	F	145
DGRP_375	M	96
DGRP_375	M	127
DGRP_375	F	106
DGRP_375	F	110
DGRP_375	F	110
DGRP_375	M	32
DGRP_375	M	83
DGRP_375	M	111
DGRP_375	F	109
DGRP_375	F	109
DGRP_375	F	119
DGRP_375	M	28
DGRP_375	M	110
DGRP_375	M	147
DGRP_375	F	123
DGRP_375	F	123
DGRP_375	F	123
DGRP_375	M	84
DGRP_375	M	111
DGRP_375	M	146
DGRP_375	F	105
DGRP_375	F	127
DGRP_375	F	139
DGRP_375	M	109
DGRP_375	M	123
DGRP_375	M	158
DGRP_375	F	95
DGRP_375	F	110
DGRP_375	F	117
DGRP_375	M	106
DGRP_375	M	110
DGRP_375	M	111
DGRP_375	F	123
DGRP_375	F	130
DGRP_375	F	134
DGRP_375	M	92
DGRP_375	M	111
DGRP_375	F	92
DGRP_375	F	119
DGRP_375	F	139
DGRP_375	M	40
DGRP_375	M	89
DGRP_375	M	116
DGRP_377	F	55
DGRP_377	F	119
DGRP_377	F	119
DGRP_377	M	104
DGRP_377	M	118
DGRP_377	M	131
DGRP_377	F	117
DGRP_377	F	127
DGRP_377	F	133
DGRP_377	M	106
DGRP_377	M	119
DGRP_377	F	97
DGRP_377	F	110
DGRP_377	M	81
DGRP_377	M	124
DGRP_377	M	127
DGRP_377	F	67
DGRP_377	F	95
DGRP_377	F	109
DGRP_377	M	95
DGRP_377	M	117
DGRP_377	F	98
DGRP_377	F	109
DGRP_377	F	123
DGRP_377	M	70
DGRP_377	M	109
DGRP_377	M	109
DGRP_377	F	54
DGRP_377	F	102
DGRP_377	M	111
DGRP_377	M	120
DGRP_377	M	153
DGRP_377	F	40
DGRP_377	F	106
DGRP_377	F	131
DGRP_377	M	126
DGRP_377	M	127
DGRP_377	F	133
DGRP_377	F	134
DGRP_377	M	130
DGRP_377	M	130
DGRP_377	M	133
DGRP_377	F	73
DGRP_377	F	108
DGRP_377	F	125
DGRP_377	M	143
DGRP_377	M	164
DGRP_377	F	66
DGRP_377	F	115
DGRP_377	F	115
DGRP_377	M	91
DGRP_377	M	112
DGRP_377	F	94
DGRP_377	F	117
DGRP_377	F	136
DGRP_377	M	112
DGRP_377	M	112
DGRP_377	F	63
DGRP_377	F	125
DGRP_377	M	102
DGRP_377	M	146
DGRP_377	F	92
DGRP_377	F	113
DGRP_377	F	113
DGRP_377	M	112
DGRP_377	M	112
DGRP_377	M	114
DGRP_377	F	24
DGRP_377	F	60
DGRP_377	F	134
DGRP_377	M	66
DGRP_377	M	84
DGRP_377	M	98
DGRP_377	F	80
DGRP_377	F	119
DGRP_377	M	35
DGRP_377	M	100
DGRP_377	F	126
DGRP_377	F	130
DGRP_377	F	168
DGRP_377	M	128
DGRP_377	M	133
DGRP_377	M	133
DGRP_377	F	93
DGRP_377	F	134
DGRP_377	M	137
DGRP_377	M	140
DGRP_377	F	4
DGRP_377	F	96
DGRP_377	F	118
DGRP_377	M	5
DGRP_377	M	92
DGRP_377	M	130
DGRP_377	F	92
DGRP_377	F	130
DGRP_377	F	147
DGRP_377	M	92
DGRP_377	M	110
DGRP_377	M	130
DGRP_377	F	11
DGRP_377	F	60
DGRP_377	F	113
DGRP_377	M	60
DGRP_377	M	145
DGRP_377	M	161
DGRP_377	F	102
DGRP_377	F	165
DGRP_377	M	137
DGRP_377	M	165
DGRP_377	F	70
DGRP_377	F	74
DGRP_377	F	95
DGRP_377	M	40
DGRP_377	M	60
DGRP_377	F	4
DGRP_377	F	110
DGRP_377	F	123
DGRP_377	M	96
DGRP_377	M	110
DGRP_377	M	123
DGRP_379	F	60
DGRP_379	F	69
DGRP_379	F	109
DGRP_379	M	75
DGRP_379	M	83
DGRP_379	M	123
DGRP_379	F	25
DGRP_379	F	27
DGRP_379	M	56
DGRP_379	M	81
DGRP_379	M	81
DGRP_379	F	25
DGRP_379	F	35
DGRP_379	F	95
DGRP_379	M	71
DGRP_379	M	118
DGRP_379	F	26
DGRP_379	F	60
DGRP_379	F	123
DGRP_379	M	60
DGRP_379	M	106
DGRP_379	M	120
DGRP_379	F	32
DGRP_379	F	74
DGRP_379	F	111
DGRP_379	M	64
DGRP_379	M	82
DGRP_379	M	123
DGRP_379	F	119
DGRP_379	F	126
DGRP_379	M	69
DGRP_379	M	75
DGRP_379	M	78
DGRP_379	F	55
DGRP_379	F	60
DGRP_379	F	127
DGRP_379	M	46
DGRP_379	M	74
DGRP_379	M	116
DGRP_379	F	77
DGRP_379	F	81
DGRP_379	F	109
DGRP_379	M	92
DGRP_379	M	106
DGRP_379	M	109
DGRP_379	F	53
DGRP_379	F	81
DGRP_379	F	84
DGRP_379	M	21
DGRP_379	M	92
DGRP_379	M	130
DGRP_379	F	11
DGRP_379	F	13
DGRP_379	F	112
DGRP_379	M	62
DGRP_379	M	77
DGRP_379	M	134
DGRP_379	F	13
DGRP_379	F	48
DGRP_379	F	53
DGRP_379	M	32
DGRP_379	M	88
DGRP_379	M	111
DGRP_379	F	7
DGRP_379	F	26
DGRP_379	F	104
DGRP_379	M	75
DGRP_379	M	99
DGRP_379	M	125
DGRP_379	F	25
DGRP_379	F	35
DGRP_379	F	39
DGRP_379	M	1
DGRP_379	M	40
DGRP_379	M	124
DGRP_379	F	15
DGRP_379	F	39
DGRP_379	F	96
DGRP_379	M	57
DGRP_379	M	106
DGRP_379	M	118
DGRP_379	F	12
DGRP_379	F	78
DGRP_379	F	116
DGRP_379	M	76
DGRP_379	M	82
DGRP_379	M	82
DGRP_379	F	109
DGRP_379	F	141
DGRP_379	F	151
DGRP_379	M	88
DGRP_379	M	103
DGRP_379	M	103
DGRP_379	F	5
DGRP_379	F	26
DGRP_379	F	145
DGRP_379	M	88
DGRP_379	M	90
DGRP_379	M	144
DGRP_379	F	74
DGRP_379	F	74
DGRP_379	F	78
DGRP_379	M	78
DGRP_379	M	81
DGRP_379	M	81
DGRP_379	F	29
DGRP_379	F	95
DGRP_379	F	158
DGRP_379	M	83
DGRP_379	M	96
DGRP_379	M	96
DGRP_379	F	43
DGRP_379	F	81
DGRP_379	F	110
DGRP_379	M	29
DGRP_379	M	141
DGRP_379	F	39
DGRP_379	F	64
DGRP_379	F	109
DGRP_379	M	12
DGRP_379	M	74
DGRP_379	M	144
DGRP_379	F	28
DGRP_379	F	81
DGRP_379	F	82
DGRP_379	M	62
DGRP_379	M	63
DGRP_379	M	84
DGRP_379	F	78
DGRP_379	F	105
DGRP_379	F	120
DGRP_379	M	69
DGRP_379	M	83
DGRP_379	F	18
DGRP_379	F	144
DGRP_379	F	145
DGRP_379	M	15
DGRP_379	M	84
DGRP_379	M	105
DGRP_380	F	39
DGRP_380	F	39
DGRP_380	F	39
DGRP_380	M	103
DGRP_380	M	112
DGRP_380	M	127
DGRP_380	F	39
DGRP_380	F	57
DGRP_380	F	62
DGRP_380	M	111
DGRP_380	M	111
DGRP_380	M	119
DGRP_380	F	25
DGRP_380	F	29
DGRP_380	F	62
DGRP_380	M	19
DGRP_380	M	27
DGRP_380	M	97
DGRP_380	F	25
DGRP_380	F	27
DGRP_380	F	53
DGRP_380	M	53
DGRP_380	M	53
DGRP_380	M	55
DGRP_380	F	29
DGRP_380	F	32
DGRP_380	F	109
DGRP_380	M	21
DGRP_380	M	77
DGRP_380	F	63
DGRP_380	F	74
DGRP_380	F	75
DGRP_380	M	35
DGRP_380	M	130
DGRP_380	M	139
DGRP_380	F	32
DGRP_380	F	46
DGRP_380	F	57
DGRP_380	M	106
DGRP_380	M	109
DGRP_380	M	132
DGRP_380	F	25
DGRP_380	F	76
DGRP_380	F	98
DGRP_380	M	74
DGRP_380	M	90
DGRP_380	F	26
DGRP_380	F	69
DGRP_380	F	123
DGRP_380	M	69
DGRP_380	M	98
DGRP_380	M	132
DGRP_380	F	33
DGRP_380	F	39
DGRP_380	M	46
DGRP_380	M	77
DGRP_380	M	95
DGRP_380	F	22
DGRP_380	F	49
DGRP_380	F	49
DGRP_380	M	46
DGRP_380	M	83
DGRP_380	M	83
DGRP_380	F	15
DGRP_380	F	15
DGRP_380	F	18
DGRP_380	M	32
DGRP_380	M	35
DGRP_380	M	35
DGRP_380	F	15
DGRP_380	F	25
DGRP_380	F	49
DGRP_380	M	50
DGRP_380	M	78
DGRP_380	M	103
DGRP_380	F	18
DGRP_380	F	25
DGRP_380	F	32
DGRP_380	M	39
DGRP_380	M	62
DGRP_380	M	131
DGRP_380	F	28
DGRP_380	F	32
DGRP_380	F	39
DGRP_380	M	92
DGRP_380	M	118
DGRP_380	M	118
DGRP_380	F	21
DGRP_380	F	26
DGRP_380	F	26
DGRP_380	M	103
DGRP_380	M	120
DGRP_380	F	15
DGRP_380	F	15
DGRP_380	F	18
DGRP_380	M	54
DGRP_380	M	92
DGRP_380	M	124
DGRP_380	F	18
DGRP_380	F	25
DGRP_380	F	70
DGRP_380	M	21
DGRP_380	M	95
DGRP_380	M	117
DGRP_380	F	18
DGRP_380	F	18
DGRP_380	F	28
DGRP_380	M	32
DGRP_380	M	124
DGRP_380	M	137
DGRP_380	F	15
DGRP_380	F	21
DGRP_380	F	25
DGRP_380	M	103
DGRP_380	M	119
DGRP_380	M	131
DGRP_380	F	25
DGRP_380	F	35
DGRP_380	F	40
DGRP_380	M	26
DGRP_380	M	106
DGRP_380	M	144
DGRP_380	F	21
DGRP_380	F	29
DGRP_380	F	29
DGRP_380	M	29
DGRP_380	M	40
DGRP_380	M	139
DGRP_380	F	15
DGRP_380	F	21
DGRP_380	F	21
DGRP_380	M	29
DGRP_380	M	119
DGRP_381	F	77
DGRP_381	F	95
DGRP_381	M	60
DGRP_381	M	83
DGRP_381	F	14
DGRP_381	F	88
DGRP_381	M	67
DGRP_381	M	138
DGRP_381	F	4
DGRP_381	F	83
DGRP_381	M	89
DGRP_381	M	103
DGRP_381	F	62
DGRP_381	F	64
DGRP_381	M	35
DGRP_381	M	36
DGRP_381	M	112
DGRP_381	F	81
DGRP_381	F	103
DGRP_381	F	109
DGRP_381	M	25
DGRP_381	M	74
DGRP_381	F	6
DGRP_381	F	67
DGRP_381	F	103
DGRP_381	M	81
DGRP_381	M	82
DGRP_381	M	103
DGRP_381	F	49
DGRP_381	F	68
DGRP_381	F	89
DGRP_381	M	69
DGRP_381	M	74
DGRP_381	M	81
DGRP_381	F	35
DGRP_381	F	42
DGRP_381	M	39
DGRP_381	M	47
DGRP_381	M	47
DGRP_381	F	42
DGRP_381	F	46
DGRP_381	M	20
DGRP_381	M	60
DGRP_381	M	64
DGRP_381	F	59
DGRP_381	F	59
DGRP_381	F	84
DGRP_381	M	59
DGRP_381	M	63
DGRP_381	F	38
DGRP_381	F	45
DGRP_381	F	55
DGRP_381	M	35
DGRP_381	M	41
DGRP_381	M	73
DGRP_381	F	3
DGRP_381	F	63
DGRP_381	F	123
DGRP_381	M	3
DGRP_381	M	52
DGRP_381	F	61
DGRP_381	F	81
DGRP_381	M	54
DGRP_381	M	77
DGRP_381	M	127
DGRP_381	F	33
DGRP_381	F	60
DGRP_381	F	70
DGRP_381	M	22
DGRP_381	M	28
DGRP_381	F	36
DGRP_381	F	56
DGRP_381	F	83
DGRP_381	M	25
DGRP_381	M	40
DGRP_381	M	40
DGRP_381	F	29
DGRP_381	F	39
DGRP_381	F	40
DGRP_381	M	25
DGRP_381	M	32
DGRP_381	M	53
DGRP_381	F	35
DGRP_381	F	53
DGRP_381	M	21
DGRP_381	M	39
DGRP_381	M	54
DGRP_381	F	34
DGRP_381	F	81
DGRP_381	F	88
DGRP_381	M	76
DGRP_381	M	84
DGRP_381	M	88
DGRP_381	F	32
DGRP_381	F	32
DGRP_381	M	39
DGRP_381	M	39
DGRP_381	M	57
DGRP_381	F	35
DGRP_381	F	39
DGRP_381	F	39
DGRP_381	M	35
DGRP_381	M	60
DGRP_381	M	69
DGRP_381	F	34
DGRP_381	F	53
DGRP_381	M	32
DGRP_381	M	49
DGRP_381	F	60
DGRP_381	F	88
DGRP_381	F	102
DGRP_381	M	32
DGRP_381	M	89
DGRP_381	F	32
DGRP_381	F	109
DGRP_381	M	21
DGRP_381	M	110
DGRP_381	F	57
DGRP_381	F	60
DGRP_381	F	67
DGRP_381	M	5
DGRP_381	M	12
DGRP_381	M	60
DGRP_382	F	122
DGRP_382	F	144
DGRP_382	M	117
DGRP_382	M	130
DGRP_382	M	133
DGRP_382	F	109
DGRP_382	F	133
DGRP_382	M	124
DGRP_382	M	150
DGRP_382	F	129
DGRP_382	F	131
DGRP_382	M	102
DGRP_382	M	131
DGRP_382	M	151
DGRP_382	F	108
DGRP_382	F	110
DGRP_382	M	102
DGRP_382	M	129
DGRP_382	M	129
DGRP_382	F	63
DGRP_382	F	73
DGRP_382	F	90
DGRP_382	M	103
DGRP_382	M	130
DGRP_382	M	133
DGRP_382	F	105
DGRP_382	F	126
DGRP_382	F	129
DGRP_382	M	122
DGRP_382	M	123
DGRP_382	M	129
DGRP_382	F	122
DGRP_382	F	129
DGRP_382	M	129
DGRP_382	M	133
DGRP_382	F	83
DGRP_382	F	108
DGRP_382	M	137
DGRP_382	M	150
DGRP_382	M	151
DGRP_382	F	129
DGRP_382	F	129
DGRP_382	M	126
DGRP_382	M	129
DGRP_382	F	108
DGRP_382	F	126
DGRP_382	F	150
DGRP_382	M	102
DGRP_382	M	131
DGRP_382	F	101
DGRP_382	F	154
DGRP_382	M	143
DGRP_382	M	143
DGRP_382	F	122
DGRP_382	F	126
DGRP_382	M	123
DGRP_382	M	130
DGRP_382	M	138
DGRP_382	F	111
DGRP_382	F	112
DGRP_382	F	115
DGRP_382	M	122
DGRP_382	M	132
DGRP_382	M	139
DGRP_382	F	108
DGRP_382	F	111
DGRP_382	F	122
DGRP_382	M	124
DGRP_382	M	136
DGRP_382	M	146
DGRP_382	F	77
DGRP_382	F	108
DGRP_382	F	129
DGRP_382	M	117
DGRP_382	M	123
DGRP_382	F	101
DGRP_382	F	124
DGRP_382	F	124
DGRP_382	M	104
DGRP_382	M	108
DGRP_382	M	124
DGRP_382	F	94
DGRP_382	F	108
DGRP_382	F	122
DGRP_382	M	118
DGRP_382	M	119
DGRP_382	F	94
DGRP_382	F	110
DGRP_382	M	110
DGRP_382	M	130
DGRP_382	M	137
DGRP_382	F	119
DGRP_382	F	130
DGRP_382	F	151
DGRP_382	M	116
DGRP_382	M	117
DGRP_382	M	130
DGRP_382	F	108
DGRP_382	F	122
DGRP_382	F	123
DGRP_382	M	90
DGRP_382	M	101
DGRP_382	M	108
DGRP_382	F	125
DGRP_382	F	130
DGRP_382	F	130
DGRP_382	M	116
DGRP_382	M	131
DGRP_382	M	132
DGRP_382	F	33
DGRP_382	F	80
DGRP_382	F	118
DGRP_382	M	67
DGRP_382	M	82
DGRP_383	F	56
DGRP_383	F	81
DGRP_383	M	56
DGRP_383	M	117
DGRP_383	F	89
DGRP_383	F	95
DGRP_383	F	109
DGRP_383	M	76
DGRP_383	M	95
DGRP_383	F	95
DGRP_383	F	102
DGRP_383	F	103
DGRP_383	M	56
DGRP_383	M	99
DGRP_383	M	99
DGRP_383	F	77
DGRP_383	F	95
DGRP_383	M	53
DGRP_383	M	81
DGRP_383	F	62
DGRP_383	F	74
DGRP_383	F	81
DGRP_383	M	25
DGRP_383	M	102
DGRP_383	M	103
DGRP_383	F	87
DGRP_383	F	87
DGRP_383	F	104
DGRP_383	M	56
DGRP_383	M	104
DGRP_383	M	118
DGRP_383	F	94
DGRP_383	F	94
DGRP_383	F	108
DGRP_383	M	80
DGRP_383	M	94
DGRP_383	M	124
DGRP_383	F	83
DGRP_383	F	95
DGRP_383	M	17
DGRP_383	M	97
DGRP_383	M	102
DGRP_383	F	74
DGRP_383	F	123
DGRP_383	M	3
DGRP_383	M	75
DGRP_383	F	89
DGRP_383	F	102
DGRP_383	M	77
DGRP_383	M	102
DGRP_383	F	59
DGRP_383	F	94
DGRP_383	F	102
DGRP_383	M	123
DGRP_383	M	123
DGRP_383	M	129
DGRP_383	F	59
DGRP_383	F	82
DGRP_383	M	91
DGRP_383	M	104
DGRP_383	M	105
DGRP_383	F	60
DGRP_383	F	90
DGRP_383	M	21
DGRP_383	M	95
DGRP_383	M	97
DGRP_383	F	84
DGRP_383	F	92
DGRP_383	F	95
DGRP_383	M	56
DGRP_383	M	95
DGRP_383	M	95
DGRP_383	F	21
DGRP_383	F	25
DGRP_383	F	88
DGRP_383	M	39
DGRP_383	M	67
DGRP_383	F	36
DGRP_383	F	47
DGRP_383	F	77
DGRP_383	M	32
DGRP_383	M	105
DGRP_383	M	110
DGRP_383	F	57
DGRP_383	F	61
DGRP_383	F	78
DGRP_383	M	6
DGRP_383	M	77
DGRP_383	M	103
DGRP_383	F	32
DGRP_383	F	32
DGRP_383	F	60
DGRP_383	M	54
DGRP_383	M	113
DGRP_383	F	74
DGRP_383	F	88
DGRP_383	F	88
DGRP_383	M	54
DGRP_383	M	106
DGRP_383	F	67
DGRP_383	F	109
DGRP_383	F	112
DGRP_383	M	47
DGRP_383	M	57
DGRP_383	M	88
DGRP_383	F	47
DGRP_383	F	60
DGRP_383	M	92
DGRP_383	M	92
DGRP_383	M	92
DGRP_383	F	56
DGRP_383	F	92
DGRP_383	F	111
DGRP_383	M	4
DGRP_383	M	57
DGRP_383	M	90
DGRP_383	F	81
DGRP_383	F	84
DGRP_383	M	81
DGRP_383	M	82
DGRP_383	M	82
DGRP_383	F	25
DGRP_383	F	28
DGRP_383	M	39
DGRP_383	M	39
DGRP_383	M	105
DGRP_385	F	59
DGRP_385	F	60
DGRP_385	F	87
DGRP_385	M	66
DGRP_385	M	76
DGRP_385	M	158
DGRP_385	F	27
DGRP_385	F	38
DGRP_385	F	63
DGRP_385	M	56
DGRP_385	M	81
DGRP_385	M	87
DGRP_385	F	76
DGRP_385	F	83
DGRP_385	F	108
DGRP_385	M	69
DGRP_385	M	75
DGRP_385	M	87
DGRP_385	F	42
DGRP_385	F	56
DGRP_385	F	87
DGRP_385	M	69
DGRP_385	M	69
DGRP_385	M	74
DGRP_385	F	39
DGRP_385	F	56
DGRP_385	F	94
DGRP_385	M	7
DGRP_385	M	45
DGRP_385	M	118
DGRP_385	F	46
DGRP_385	F	70
DGRP_385	M	45
DGRP_385	M	59
DGRP_385	M	83
DGRP_385	F	50
DGRP_385	F	54
DGRP_385	M	45
DGRP_385	M	87
DGRP_385	M	124
DGRP_385	F	54
DGRP_385	F	68
DGRP_385	M	6
DGRP_385	M	54
DGRP_385	M	105
DGRP_385	F	10
DGRP_385	F	56
DGRP_385	F	61
DGRP_385	M	59
DGRP_385	M	116
DGRP_385	M	126
DGRP_385	F	70
DGRP_385	F	101
DGRP_385	F	117
DGRP_385	M	42
DGRP_385	M	74
DGRP_385	M	108
DGRP_385	F	46
DGRP_385	F	61
DGRP_385	F	87
DGRP_385	M	42
DGRP_385	M	54
DGRP_385	M	103
DGRP_385	F	44
DGRP_385	F	48
DGRP_385	F	48
DGRP_385	M	29
DGRP_385	M	102
DGRP_385	M	123
DGRP_385	F	5
DGRP_385	F	49
DGRP_385	F	49
DGRP_385	M	55
DGRP_385	M	63
DGRP_385	M	66
DGRP_385	F	45
DGRP_385	F	52
DGRP_385	F	73
DGRP_385	M	31
DGRP_385	M	53
DGRP_385	M	62
DGRP_385	F	56
DGRP_385	F	61
DGRP_385	F	63
DGRP_385	M	35
DGRP_385	M	53
DGRP_385	M	102
DGRP_385	F	47
DGRP_385	F	66
DGRP_385	F	66
DGRP_385	M	60
DGRP_385	M	62
DGRP_385	M	66
DGRP_385	F	52
DGRP_385	F	60
DGRP_385	F	63
DGRP_385	M	26
DGRP_385	M	53
DGRP_385	M	60
DGRP_385	F	40
DGRP_385	F	47
DGRP_385	F	104
DGRP_385	M	38
DGRP_385	M	102
DGRP_385	F	45
DGRP_385	F	66
DGRP_385	F	80
DGRP_385	M	20
DGRP_385	M	66
DGRP_385	F	45
DGRP_385	F	67
DGRP_385	F	70
DGRP_385	M	45
DGRP_385	M	59
DGRP_385	M	61
DGRP_385	F	59
DGRP_385	F	60
DGRP_385	F	63
DGRP_385	M	42
DGRP_385	M	104
DGRP_385	M	109
DGRP_385	F	45
DGRP_385	F	61
DGRP_385	F	66
DGRP_385	M	104
DGRP_385	M	115
DGRP_385	F	80
DGRP_385	F	81
DGRP_385	F	122
DGRP_385	M	48
DGRP_385	M	59
DGRP_385	M	73
DGRP_385	F	39
DGRP_385	F	49
DGRP_385	F	54
DGRP_385	M	91
DGRP_385	M	91
DGRP_385	M	98
DGRP_386	F	95
DGRP_386	F	122
DGRP_386	M	77
DGRP_386	M	101
DGRP_386	F	109
DGRP_386	F	109
DGRP_386	M	87
DGRP_386	M	98
DGRP_386	F	87
DGRP_386	F	101
DGRP_386	F	125
DGRP_386	M	87
DGRP_386	M	101
DGRP_386	F	42
DGRP_386	F	108
DGRP_386	F	126
DGRP_386	M	84
DGRP_386	M	96
DGRP_386	F	96
DGRP_386	F	96
DGRP_386	F	108
DGRP_386	M	73
DGRP_386	M	87
DGRP_386	F	84
DGRP_386	F	94
DGRP_386	F	101
DGRP_386	M	80
DGRP_386	M	129
DGRP_386	F	6
DGRP_386	F	94
DGRP_386	F	97
DGRP_386	M	122
DGRP_386	M	129
DGRP_386	F	54
DGRP_386	F	101
DGRP_386	F	102
DGRP_386	M	101
DGRP_386	M	109
DGRP_386	F	94
DGRP_386	F	129
DGRP_386	M	74
DGRP_386	M	76
DGRP_386	M	80
DGRP_386	F	75
DGRP_386	F	116
DGRP_386	F	130
DGRP_386	M	63
DGRP_386	M	124
DGRP_386	F	66
DGRP_386	F	102
DGRP_386	M	108
DGRP_386	M	117
DGRP_386	M	117
DGRP_386	F	90
DGRP_386	F	122
DGRP_386	F	131
DGRP_386	M	54
DGRP_386	M	104
DGRP_386	F	89
DGRP_386	F	104
DGRP_386	F	111
DGRP_386	M	87
DGRP_386	M	97
DGRP_386	M	115
DGRP_386	F	67
DGRP_386	F	80
DGRP_386	F	101
DGRP_386	M	59
DGRP_386	M	109
DGRP_386	F	97
DGRP_386	F	108
DGRP_386	F	108
DGRP_386	M	84
DGRP_386	M	97
DGRP_386	M	109
DGRP_386	F	70
DGRP_386	F	108
DGRP_386	F	110
DGRP_386	M	89
DGRP_386	M	104
DGRP_386	F	110
DGRP_386	F	116
DGRP_386	F	124
DGRP_386	M	70
DGRP_386	M	70
DGRP_386	F	108
DGRP_386	F	109
DGRP_386	F	125
DGRP_386	M	69
DGRP_386	M	76
DGRP_386	M	101
DGRP_386	F	108
DGRP_386	F	129
DGRP_386	M	73
DGRP_386	M	80
DGRP_386	M	81
DGRP_386	F	108
DGRP_386	F	118
DGRP_386	F	122
DGRP_386	M	47
DGRP_386	M	60
DGRP_386	F	98
DGRP_386	F	115
DGRP_386	M	75
DGRP_386	M	80
DGRP_386	F	70
DGRP_386	F	82
DGRP_386	F	89
DGRP_386	M	67
DGRP_386	M	80
DGRP_386	F	101
DGRP_386	F	104
DGRP_386	F	111
DGRP_386	M	4
DGRP_386	M	66
DGRP_386	M	103
DGRP_386	F	104
DGRP_386	F	104
DGRP_386	F	115
DGRP_386	M	73
DGRP_386	M	77
DGRP_386	M	81
DGRP_391	F	69
DGRP_391	F	70
DGRP_391	F	82
DGRP_391	M	60
DGRP_391	M	109
DGRP_391	M	119
DGRP_391	F	19
DGRP_391	F	28
DGRP_391	F	84
DGRP_391	M	92
DGRP_391	M	92
DGRP_391	M	97
DGRP_391	F	18
DGRP_391	F	74
DGRP_391	F	104
DGRP_391	M	33
DGRP_391	M	67
DGRP_391	M	105
DGRP_391	F	25
DGRP_391	F	53
DGRP_391	F	77
DGRP_391	M	53
DGRP_391	M	74
DGRP_391	M	109
DGRP_391	F	9
DGRP_391	F	54
DGRP_391	F	69
DGRP_391	M	34
DGRP_391	M	68
DGRP_391	F	12
DGRP_391	F	74
DGRP_391	F	74
DGRP_391	M	14
DGRP_391	M	74
DGRP_391	M	74
DGRP_391	F	7
DGRP_391	F	28
DGRP_391	M	50
DGRP_391	M	125
DGRP_391	M	144
DGRP_391	F	53
DGRP_391	F	70
DGRP_391	F	91
DGRP_391	M	60
DGRP_391	M	109
DGRP_391	M	110
DGRP_391	F	70
DGRP_391	F	74
DGRP_391	F	85
DGRP_391	M	83
DGRP_391	M	88
DGRP_391	M	102
DGRP_391	F	85
DGRP_391	F	85
DGRP_391	F	85
DGRP_391	M	112
DGRP_391	M	116
DGRP_391	M	132
DGRP_391	F	15
DGRP_391	F	71
DGRP_391	F	144
DGRP_391	M	81
DGRP_391	M	95
DGRP_391	M	95
DGRP_391	F	46
DGRP_391	F	81
DGRP_391	M	89
DGRP_391	M	92
DGRP_391	M	92
DGRP_391	F	5
DGRP_391	F	60
DGRP_391	F	106
DGRP_391	M	67
DGRP_391	M	106
DGRP_391	F	43
DGRP_391	F	75
DGRP_391	F	78
DGRP_391	M	1
DGRP_391	M	119
DGRP_391	F	39
DGRP_391	F	78
DGRP_391	F	95
DGRP_391	M	62
DGRP_391	M	105
DGRP_391	M	130
DGRP_391	F	54
DGRP_391	F	81
DGRP_391	F	133
DGRP_391	M	64
DGRP_391	M	96
DGRP_391	M	119
DGRP_391	F	43
DGRP_391	F	67
DGRP_391	F	92
DGRP_391	M	29
DGRP_391	M	95
DGRP_391	M	130
DGRP_391	F	21
DGRP_391	F	92
DGRP_391	F	123
DGRP_391	M	5
DGRP_391	M	92
DGRP_391	M	92
DGRP_391	F	92
DGRP_391	F	104
DGRP_391	F	110
DGRP_391	M	5
DGRP_391	M	91
DGRP_391	F	71
DGRP_391	F	91
DGRP_391	F	96
DGRP_391	M	96
DGRP_391	M	98
DGRP_391	M	118
DGRP_391	F	96
DGRP_391	F	96
DGRP_391	M	42
DGRP_391	M	82
DGRP_391	M	96
DGRP_391	F	75
DGRP_391	F	88
DGRP_391	F	125
DGRP_391	M	77
DGRP_391	M	81
DGRP_391	M	91
DGRP_391	F	77
DGRP_391	F	81
DGRP_391	F	88
DGRP_391	M	77
DGRP_391	M	96
DGRP_391	M	97
DGRP_391	F	89
DGRP_391	F	89
DGRP_391	F	89
DGRP_391	M	89
DGRP_391	M	130
DGRP_392	F	94
DGRP_392	F	97
DGRP_392	M	73
DGRP_392	M	94
DGRP_392	F	54
DGRP_392	F	73
DGRP_392	F	73
DGRP_392	M	50
DGRP_392	M	73
DGRP_392	M	101
DGRP_392	F	12
DGRP_392	F	66
DGRP_392	M	50
DGRP_392	M	50
DGRP_392	M	108
DGRP_392	F	74
DGRP_392	F	94
DGRP_392	M	83
DGRP_392	M	88
DGRP_392	F	59
DGRP_392	F	82
DGRP_392	M	80
DGRP_392	M	83
DGRP_392	F	66
DGRP_392	F	73
DGRP_392	F	80
DGRP_392	M	50
DGRP_392	M	67
DGRP_392	M	73
DGRP_392	F	73
DGRP_392	F	84
DGRP_392	M	47
DGRP_392	M	78
DGRP_392	M	105
DGRP_392	F	23
DGRP_392	F	84
DGRP_392	F	119
DGRP_392	M	47
DGRP_392	M	84
DGRP_392	F	79
DGRP_392	F	84
DGRP_392	F	99
DGRP_392	M	72
DGRP_392	M	73
DGRP_392	M	77
DGRP_392	F	3
DGRP_392	F	53
DGRP_392	F	98
DGRP_392	M	80
DGRP_392	M	93
DGRP_392	F	42
DGRP_392	F	108
DGRP_392	F	109
DGRP_392	M	80
DGRP_392	M	84
DGRP_392	M	103
DGRP_392	F	53
DGRP_392	F	63
DGRP_392	F	80
DGRP_392	M	54
DGRP_392	M	63
DGRP_392	M	63
DGRP_392	F	24
DGRP_392	F	73
DGRP_392	F	133
DGRP_392	M	68
DGRP_392	M	73
DGRP_392	M	73
DGRP_392	F	62
DGRP_392	F	90
DGRP_392	F	94
DGRP_392	M	63
DGRP_392	M	70
DGRP_392	M	73
DGRP_392	F	63
DGRP_392	F	67
DGRP_392	F	75
DGRP_392	M	66
DGRP_392	M	67
DGRP_392	M	75
DGRP_392	F	66
DGRP_392	F	69
DGRP_392	F	91
DGRP_392	M	67
DGRP_392	M	70
DGRP_392	M	70
DGRP_392	F	49
DGRP_392	F	50
DGRP_392	F	50
DGRP_392	M	50
DGRP_392	M	50
DGRP_392	M	50
DGRP_392	F	67
DGRP_392	F	70
DGRP_392	F	99
DGRP_392	M	52
DGRP_392	M	56
DGRP_392	M	67
DGRP_392	F	58
DGRP_392	F	59
DGRP_392	F	91
DGRP_392	M	64
DGRP_392	M	105
DGRP_392	M	105
DGRP_392	F	50
DGRP_392	F	66
DGRP_392	F	112
DGRP_392	M	50
DGRP_392	M	53
DGRP_392	M	86
DGRP_392	F	66
DGRP_392	F	67
DGRP_392	F	115
DGRP_392	M	74
DGRP_392	M	80
DGRP_392	F	64
DGRP_392	F	91
DGRP_392	F	101
DGRP_392	M	63
DGRP_392	M	64
DGRP_392	M	66
DGRP_399	F	80
DGRP_399	F	84
DGRP_399	M	55
DGRP_399	M	66
DGRP_399	F	39
DGRP_399	F	78
DGRP_399	F	81
DGRP_399	M	35
DGRP_399	M	99
DGRP_399	M	119
DGRP_399	F	78
DGRP_399	F	88
DGRP_399	M	83
DGRP_399	M	85
DGRP_399	F	76
DGRP_399	F	81
DGRP_399	F	84
DGRP_399	M	63
DGRP_399	M	95
DGRP_399	M	123
DGRP_399	F	11
DGRP_399	F	76
DGRP_399	F	106
DGRP_399	M	109
DGRP_399	M	116
DGRP_399	F	63
DGRP_399	F	63
DGRP_399	F	63
DGRP_399	M	95
DGRP_399	M	102
DGRP_399	M	106
DGRP_399	F	63
DGRP_399	F	78
DGRP_399	M	60
DGRP_399	M	78
DGRP_399	M	109
DGRP_399	F	39
DGRP_399	F	75
DGRP_399	F	76
DGRP_399	M	42
DGRP_399	M	46
DGRP_399	M	76
DGRP_399	F	71
DGRP_399	F	95
DGRP_399	F	95
DGRP_399	M	39
DGRP_399	M	95
DGRP_399	F	62
DGRP_399	F	116
DGRP_399	M	62
DGRP_399	M	139
DGRP_399	M	141
DGRP_399	F	25
DGRP_399	F	60
DGRP_399	F	63
DGRP_399	M	42
DGRP_399	M	46
DGRP_399	M	62
DGRP_399	F	35
DGRP_399	F	62
DGRP_399	F	64
DGRP_399	M	33
DGRP_399	M	74
DGRP_399	M	83
DGRP_399	F	70
DGRP_399	F	78
DGRP_399	F	103
DGRP_399	M	89
DGRP_399	M	92
DGRP_399	M	103
DGRP_399	F	92
DGRP_399	F	96
DGRP_399	F	98
DGRP_399	M	96
DGRP_399	M	99
DGRP_399	M	103
DGRP_399	F	64
DGRP_399	F	74
DGRP_399	F	82
DGRP_399	M	103
DGRP_399	M	103
DGRP_399	M	103
DGRP_399	F	70
DGRP_399	F	73
DGRP_399	M	73
DGRP_399	M	74
DGRP_399	M	87
DGRP_399	F	61
DGRP_399	F	62
DGRP_399	F	63
DGRP_399	M	87
DGRP_399	M	90
DGRP_399	M	101
DGRP_399	F	81
DGRP_399	F	81
DGRP_399	F	90
DGRP_399	M	59
DGRP_399	M	84
DGRP_399	M	87
DGRP_399	F	73
DGRP_399	F	80
DGRP_399	F	87
DGRP_399	M	7
DGRP_399	M	82
DGRP_399	M	95
DGRP_399	F	84
DGRP_399	F	87
DGRP_399	F	87
DGRP_399	M	87
DGRP_399	M	91
DGRP_399	M	98
DGRP_399	F	18
DGRP_399	F	52
DGRP_399	F	66
DGRP_399	M	95
DGRP_399	M	97
DGRP_399	F	80
DGRP_399	F	81
DGRP_399	F	95
DGRP_399	M	4
DGRP_399	M	81
DGRP_399	M	84
DGRP_399	F	66
DGRP_399	F	68
DGRP_399	F	87
DGRP_399	M	66
DGRP_399	M	68
DGRP_399	M	87
DGRP_399	F	59
DGRP_399	F	81
DGRP_399	F	84
DGRP_399	M	87
DGRP_399	M	95
DGRP_399	M	98
DGRP_405	F	71
DGRP_405	F	81
DGRP_405	M	60
DGRP_405	M	81
DGRP_405	F	21
DGRP_405	F	113
DGRP_405	M	46
DGRP_405	M	53
DGRP_405	M	109
DGRP_405	F	67
DGRP_405	F	74
DGRP_405	F	81
DGRP_405	M	4
DGRP_405	M	55
DGRP_405	M	63
DGRP_405	F	61
DGRP_405	F	69
DGRP_405	M	4
DGRP_405	M	110
DGRP_405	F	88
DGRP_405	F	89
DGRP_405	F	99
DGRP_405	M	53
DGRP_405	M	55
DGRP_405	M	92
DGRP_405	F	53
DGRP_405	F	85
DGRP_405	F	110
DGRP_405	M	68
DGRP_405	M	82
DGRP_405	M	95
DGRP_405	F	67
DGRP_405	F	81
DGRP_405	M	56
DGRP_405	M	84
DGRP_405	F	74
DGRP_405	F	81
DGRP_405	F	109
DGRP_405	M	64
DGRP_405	M	81
DGRP_405	M	95
DGRP_405	F	60
DGRP_405	F	60
DGRP_405	F	88
DGRP_405	M	53
DGRP_405	M	60
DGRP_405	M	88
DGRP_405	F	35
DGRP_405	F	61
DGRP_405	F	69
DGRP_405	M	55
DGRP_405	M	83
DGRP_405	M	95
DGRP_405	F	55
DGRP_405	F	60
DGRP_405	F	74
DGRP_405	M	64
DGRP_405	M	109
DGRP_405	F	35
DGRP_405	F	39
DGRP_405	F	74
DGRP_405	M	39
DGRP_405	M	88
DGRP_405	M	90
DGRP_405	F	75
DGRP_405	F	68
DGRP_405	F	1
DGRP_405	M	118
DGRP_405	M	67
DGRP_405	M	40
DGRP_405	F	71
DGRP_405	F	70
DGRP_405	M	98
DGRP_405	M	42
DGRP_405	M	3
DGRP_405	F	90
DGRP_405	F	83
DGRP_405	F	67
DGRP_405	M	92
DGRP_405	M	88
DGRP_405	M	68
DGRP_405	F	88
DGRP_405	F	54
DGRP_405	F	40
DGRP_405	M	90
DGRP_405	M	61
DGRP_405	M	40
DGRP_405	F	89
DGRP_405	F	85
DGRP_405	F	84
DGRP_405	M	98
DGRP_405	M	89
DGRP_405	M	29
DGRP_405	F	71
DGRP_405	F	54
DGRP_405	F	11
DGRP_405	M	102
DGRP_405	M	75
DGRP_405	F	78
DGRP_405	F	70
DGRP_405	M	85
DGRP_405	M	85
DGRP_405	M	64
DGRP_405	F	95
DGRP_405	F	91
DGRP_405	M	132
DGRP_405	M	91
DGRP_405	F	99
DGRP_405	F	74
DGRP_405	F	11
DGRP_405	M	76
DGRP_405	M	69
DGRP_405	M	62
DGRP_405	F	62
DGRP_405	F	47
DGRP_405	F	7
DGRP_405	M	110
DGRP_405	M	5
DGRP_405	F	98
DGRP_405	F	92
DGRP_405	M	92
DGRP_405	M	77
DGRP_405	M	62
DGRP_406	F	103
DGRP_406	F	104
DGRP_406	M	60
DGRP_406	M	81
DGRP_406	F	12
DGRP_406	F	60
DGRP_406	F	71
DGRP_406	M	4
DGRP_406	M	47
DGRP_406	M	95
DGRP_406	F	40
DGRP_406	F	48
DGRP_406	F	62
DGRP_406	M	74
DGRP_406	M	92
DGRP_406	M	102
DGRP_406	F	12
DGRP_406	F	53
DGRP_406	F	57
DGRP_406	M	60
DGRP_406	M	104
DGRP_406	F	75
DGRP_406	F	83
DGRP_406	M	74
DGRP_406	M	130
DGRP_406	F	68
DGRP_406	F	74
DGRP_406	F	89
DGRP_406	M	95
DGRP_406	M	109
DGRP_406	F	74
DGRP_406	F	75
DGRP_406	F	81
DGRP_406	M	41
DGRP_406	M	98
DGRP_406	F	81
DGRP_406	F	88
DGRP_406	F	92
DGRP_406	M	82
DGRP_406	M	116
DGRP_406	F	74
DGRP_406	F	88
DGRP_406	F	90
DGRP_406	M	67
DGRP_406	M	88
DGRP_406	M	90
DGRP_406	F	95
DGRP_406	F	120
DGRP_406	F	127
DGRP_406	M	83
DGRP_406	M	92
DGRP_406	M	103
DGRP_406	F	67
DGRP_406	F	67
DGRP_406	F	117
DGRP_406	M	47
DGRP_406	M	50
DGRP_406	M	60
DGRP_406	F	35
DGRP_406	F	62
DGRP_406	F	62
DGRP_406	M	39
DGRP_406	M	84
DGRP_406	F	57
DGRP_406	F	49
DGRP_406	F	41
DGRP_406	M	68
DGRP_406	M	46
DGRP_406	M	11
DGRP_406	F	67
DGRP_406	F	64
DGRP_406	F	46
DGRP_406	M	127
DGRP_406	M	120
DGRP_406	M	67
DGRP_406	F	63
DGRP_406	F	40
DGRP_406	F	3
DGRP_406	M	40
DGRP_406	M	35
DGRP_406	M	3
DGRP_406	F	50
DGRP_406	F	1
DGRP_406	M	111
DGRP_406	M	40
DGRP_406	M	32
DGRP_406	F	42
DGRP_406	F	11
DGRP_406	F	11
DGRP_406	M	119
DGRP_406	M	98
DGRP_406	M	40
DGRP_406	F	68
DGRP_406	F	55
DGRP_406	F	46
DGRP_406	M	113
DGRP_406	M	7
DGRP_406	F	64
DGRP_406	F	56
DGRP_406	F	46
DGRP_406	M	67
DGRP_406	M	64
DGRP_406	M	63
DGRP_406	F	91
DGRP_406	F	68
DGRP_406	F	56
DGRP_406	M	109
DGRP_406	M	42
DGRP_406	M	35
DGRP_406	F	69
DGRP_406	F	67
DGRP_406	F	62
DGRP_406	M	75
DGRP_406	M	68
DGRP_406	F	67
DGRP_406	F	63
DGRP_406	M	89
DGRP_406	M	40
DGRP_406	F	122
DGRP_406	F	66
DGRP_406	M	73
DGRP_406	M	68
DGRP_409	F	60
DGRP_409	F	81
DGRP_409	F	126
DGRP_409	M	17
DGRP_409	M	31
DGRP_409	M	38
DGRP_409	F	50
DGRP_409	F	66
DGRP_409	F	76
DGRP_409	M	45
DGRP_409	M	45
DGRP_409	M	47
DGRP_409	F	24
DGRP_409	F	88
DGRP_409	F	101
DGRP_409	M	41
DGRP_409	M	47
DGRP_409	F	45
DGRP_409	F	63
DGRP_409	F	89
DGRP_409	M	31
DGRP_409	M	50
DGRP_409	F	11
DGRP_409	F	39
DGRP_409	F	91
DGRP_409	M	44
DGRP_409	M	54
DGRP_409	F	48
DGRP_409	F	81
DGRP_409	M	44
DGRP_409	M	48
DGRP_409	M	60
DGRP_409	F	67
DGRP_409	F	67
DGRP_409	F	85
DGRP_409	M	48
DGRP_409	M	60
DGRP_409	M	63
DGRP_409	F	19
DGRP_409	F	89
DGRP_409	M	57
DGRP_409	M	60
DGRP_409	M	67
DGRP_409	F	81
DGRP_409	F	96
DGRP_409	F	98
DGRP_409	M	50
DGRP_409	M	67
DGRP_409	F	53
DGRP_409	F	68
DGRP_409	F	74
DGRP_409	M	44
DGRP_409	M	54
DGRP_409	M	63
DGRP_409	F	68
DGRP_409	F	95
DGRP_409	M	67
DGRP_409	M	70
DGRP_409	M	71
DGRP_409	F	48
DGRP_409	F	75
DGRP_409	F	81
DGRP_409	M	60
DGRP_409	M	68
DGRP_409	F	24
DGRP_409	F	45
DGRP_409	F	89
DGRP_409	M	40
DGRP_409	M	42
DGRP_409	M	42
DGRP_409	F	66
DGRP_409	F	88
DGRP_409	F	91
DGRP_409	M	31
DGRP_409	M	41
DGRP_409	M	52
DGRP_409	F	38
DGRP_409	F	91
DGRP_409	F	91
DGRP_409	M	38
DGRP_409	M	52
DGRP_409	M	55
DGRP_409	F	53
DGRP_409	F	101
DGRP_409	F	101
DGRP_409	M	38
DGRP_409	M	47
DGRP_409	M	54
DGRP_409	F	52
DGRP_409	F	66
DGRP_409	F	74
DGRP_409	M	38
DGRP_409	M	56
DGRP_409	F	46
DGRP_409	F	61
DGRP_409	F	74
DGRP_409	M	46
DGRP_409	M	53
DGRP_409	F	32
DGRP_409	F	78
DGRP_409	F	109
DGRP_409	M	43
DGRP_409	M	46
DGRP_409	M	46
DGRP_409	F	60
DGRP_409	F	105
DGRP_409	F	131
DGRP_409	M	48
DGRP_409	M	49
DGRP_409	M	50
DGRP_409	F	15
DGRP_409	F	103
DGRP_409	M	34
DGRP_409	M	36
DGRP_409	M	39
DGRP_409	F	70
DGRP_409	F	78
DGRP_409	F	81
DGRP_409	M	13
DGRP_409	M	32
DGRP_409	F	64
DGRP_409	F	77
DGRP_409	F	78
DGRP_409	M	40
DGRP_409	M	43
DGRP_409	M	46
DGRP_409	F	75
DGRP_409	F	78
DGRP_409	F	81
DGRP_409	M	39
DGRP_409	M	50
DGRP_409	M	60
DGRP_426	F	62
DGRP_426	F	110
DGRP_426	F	112
DGRP_426	M	101
DGRP_426	M	132
DGRP_426	F	63
DGRP_426	F	83
DGRP_426	F	123
DGRP_426	M	109
DGRP_426	M	118
DGRP_426	M	126
DGRP_426	F	98
DGRP_426	F	101
DGRP_426	M	95
DGRP_426	M	124
DGRP_426	F	84
DGRP_426	F	101
DGRP_426	M	130
DGRP_426	M	132
DGRP_426	F	42
DGRP_426	F	112
DGRP_426	F	116
DGRP_426	M	36
DGRP_426	M	48
DGRP_426	M	129
DGRP_426	F	115
DGRP_426	F	123
DGRP_426	M	101
DGRP_426	M	112
DGRP_426	F	87
DGRP_426	F	110
DGRP_426	F	129
DGRP_426	M	101
DGRP_426	M	139
DGRP_426	F	42
DGRP_426	F	78
DGRP_426	F	102
DGRP_426	M	79
DGRP_426	M	123
DGRP_426	F	105
DGRP_426	F	106
DGRP_426	F	108
DGRP_426	M	95
DGRP_426	M	127
DGRP_426	F	43
DGRP_426	F	105
DGRP_426	F	106
DGRP_426	M	106
DGRP_426	M	127
DGRP_426	F	88
DGRP_426	F	98
DGRP_426	F	102
DGRP_426	M	87
DGRP_426	M	98
DGRP_426	M	106
DGRP_426	F	25
DGRP_426	F	91
DGRP_426	M	130
DGRP_426	M	133
DGRP_426	M	137
DGRP_426	F	68
DGRP_426	F	109
DGRP_426	F	119
DGRP_426	M	116
DGRP_426	M	129
DGRP_426	F	98
DGRP_426	F	108
DGRP_426	F	119
DGRP_426	M	94
DGRP_426	M	129
DGRP_426	M	136
DGRP_426	F	115
DGRP_426	F	115
DGRP_426	M	115
DGRP_426	M	116
DGRP_426	M	144
DGRP_426	F	34
DGRP_426	F	101
DGRP_426	F	117
DGRP_426	M	129
DGRP_426	M	130
DGRP_426	F	28
DGRP_426	F	98
DGRP_426	F	122
DGRP_426	M	98
DGRP_426	M	129
DGRP_426	M	137
DGRP_426	F	102
DGRP_426	F	115
DGRP_426	F	122
DGRP_426	M	117
DGRP_426	M	122
DGRP_426	M	131
DGRP_426	F	31
DGRP_426	F	45
DGRP_426	F	101
DGRP_426	M	94
DGRP_426	M	129
DGRP_426	M	133
DGRP_426	F	101
DGRP_426	F	104
DGRP_426	F	108
DGRP_426	M	117
DGRP_426	M	119
DGRP_426	M	122
DGRP_426	F	92
DGRP_426	F	99
DGRP_426	F	108
DGRP_426	M	106
DGRP_426	M	112
DGRP_426	M	113
DGRP_426	F	98
DGRP_426	F	107
DGRP_426	M	105
DGRP_426	M	113
DGRP_426	M	119
DGRP_426	F	98
DGRP_426	F	101
DGRP_426	M	95
DGRP_426	M	113
DGRP_426	M	114
DGRP_426	F	88
DGRP_426	F	95
DGRP_426	F	109
DGRP_426	M	91
DGRP_426	M	105
DGRP_426	M	119
DGRP_427	F	68
DGRP_427	F	78
DGRP_427	F	82
DGRP_427	M	74
DGRP_427	M	102
DGRP_427	F	61
DGRP_427	F	75
DGRP_427	F	90
DGRP_427	M	67
DGRP_427	M	76
DGRP_427	M	88
DGRP_427	F	74
DGRP_427	F	76
DGRP_427	F	119
DGRP_427	M	62
DGRP_427	M	70
DGRP_427	M	74
DGRP_427	F	27
DGRP_427	F	95
DGRP_427	F	95
DGRP_427	M	78
DGRP_427	M	92
DGRP_427	F	62
DGRP_427	F	77
DGRP_427	F	102
DGRP_427	M	74
DGRP_427	M	82
DGRP_427	M	125
DGRP_427	F	75
DGRP_427	F	95
DGRP_427	F	102
DGRP_427	M	95
DGRP_427	M	104
DGRP_427	M	109
DGRP_427	F	70
DGRP_427	F	77
DGRP_427	F	77
DGRP_427	M	68
DGRP_427	M	88
DGRP_427	M	97
DGRP_427	F	84
DGRP_427	F	109
DGRP_427	F	109
DGRP_427	M	92
DGRP_427	M	111
DGRP_427	F	77
DGRP_427	F	90
DGRP_427	F	95
DGRP_427	M	56
DGRP_427	M	60
DGRP_427	M	76
DGRP_427	F	90
DGRP_427	F	116
DGRP_427	F	116
DGRP_427	M	60
DGRP_427	M	64
DGRP_427	M	81
DGRP_427	F	67
DGRP_427	F	68
DGRP_427	F	97
DGRP_427	M	60
DGRP_427	M	67
DGRP_427	M	67
DGRP_427	F	57
DGRP_427	F	77
DGRP_427	F	102
DGRP_427	M	67
DGRP_427	M	116
DGRP_427	F	78
DGRP_427	F	78
DGRP_427	M	74
DGRP_427	M	74
DGRP_427	F	39
DGRP_427	F	61
DGRP_427	F	74
DGRP_427	M	39
DGRP_427	M	99
DGRP_427	M	103
DGRP_427	F	25
DGRP_427	F	61
DGRP_427	F	99
DGRP_427	M	78
DGRP_427	M	83
DGRP_427	M	89
DGRP_427	F	74
DGRP_427	F	82
DGRP_427	M	78
DGRP_427	M	151
DGRP_427	F	70
DGRP_427	F	95
DGRP_427	F	103
DGRP_427	M	12
DGRP_427	M	18
DGRP_427	M	29
DGRP_427	F	46
DGRP_427	F	89
DGRP_427	F	92
DGRP_427	M	92
DGRP_427	M	98
DGRP_427	M	154
DGRP_427	F	95
DGRP_427	F	98
DGRP_427	F	103
DGRP_427	M	67
DGRP_427	M	95
DGRP_427	M	141
DGRP_427	F	64
DGRP_427	F	70
DGRP_427	F	78
DGRP_427	M	76
DGRP_427	M	81
DGRP_427	F	56
DGRP_427	F	90
DGRP_427	F	92
DGRP_427	M	64
DGRP_427	M	75
DGRP_427	M	116
DGRP_427	F	68
DGRP_427	F	83
DGRP_427	F	92
DGRP_427	M	60
DGRP_427	M	85
DGRP_427	M	99
DGRP_427	F	74
DGRP_427	F	92
DGRP_427	F	140
DGRP_427	M	71
DGRP_427	M	83
DGRP_427	M	119
DGRP_437	F	54
DGRP_437	F	95
DGRP_437	F	102
DGRP_437	M	98
DGRP_437	M	145
DGRP_437	F	84
DGRP_437	F	101
DGRP_437	F	101
DGRP_437	M	144
DGRP_437	M	154
DGRP_437	F	97
DGRP_437	F	108
DGRP_437	F	118
DGRP_437	M	137
DGRP_437	M	145
DGRP_437	F	111
DGRP_437	F	139
DGRP_437	M	116
DGRP_437	M	117
DGRP_437	M	140
DGRP_437	F	84
DGRP_437	F	95
DGRP_437	F	116
DGRP_437	M	24
DGRP_437	M	103
DGRP_437	F	80
DGRP_437	F	109
DGRP_437	F	118
DGRP_437	M	143
DGRP_437	M	144
DGRP_437	F	81
DGRP_437	F	85
DGRP_437	F	111
DGRP_437	M	141
DGRP_437	M	145
DGRP_437	F	74
DGRP_437	F	83
DGRP_437	F	105
DGRP_437	M	137
DGRP_437	M	151
DGRP_437	M	151
DGRP_437	F	98
DGRP_437	F	106
DGRP_437	F	109
DGRP_437	M	50
DGRP_437	M	137
DGRP_437	M	138
DGRP_437	F	97
DGRP_437	F	98
DGRP_437	F	111
DGRP_437	M	126
DGRP_437	M	127
DGRP_437	M	133
DGRP_437	F	84
DGRP_437	F	95
DGRP_437	F	109
DGRP_437	M	144
DGRP_437	M	145
DGRP_437	M	157
DGRP_437	F	109
DGRP_437	F	109
DGRP_437	F	116
DGRP_437	M	118
DGRP_437	M	137
DGRP_437	M	137
DGRP_437	F	87
DGRP_437	F	95
DGRP_437	F	95
DGRP_437	M	137
DGRP_437	M	138
DGRP_437	M	150
DGRP_437	F	59
DGRP_437	F	87
DGRP_437	F	88
DGRP_437	M	112
DGRP_437	M	122
DGRP_437	M	151
DGRP_437	F	95
DGRP_437	F	108
DGRP_437	F	125
DGRP_437	M	7
DGRP_437	M	125
DGRP_437	M	129
DGRP_437	F	48
DGRP_437	F	97
DGRP_437	F	97
DGRP_437	M	4
DGRP_437	M	98
DGRP_437	M	136
DGRP_437	F	33
DGRP_437	F	99
DGRP_437	F	99
DGRP_437	M	95
DGRP_437	M	138
DGRP_437	M	144
DGRP_437	F	95
DGRP_437	F	117
DGRP_437	F	130
DGRP_437	M	78
DGRP_437	M	109
DGRP_437	M	153
DGRP_437	F	81
DGRP_437	F	89
DGRP_437	M	92
DGRP_437	M	138
DGRP_437	M	140
DGRP_437	F	70
DGRP_437	F	99
DGRP_437	F	113
DGRP_437	M	99
DGRP_437	M	106
DGRP_437	M	151
DGRP_437	F	64
DGRP_437	F	109
DGRP_437	F	113
DGRP_437	M	131
DGRP_437	M	132
DGRP_437	M	133
DGRP_437	F	96
DGRP_437	F	104
DGRP_437	M	106
DGRP_437	M	116
DGRP_437	M	138
DGRP_439	F	4
DGRP_439	F	34
DGRP_439	F	69
DGRP_439	M	68
DGRP_439	M	69
DGRP_439	M	71
DGRP_439	F	54
DGRP_439	F	70
DGRP_439	M	11
DGRP_439	M	68
DGRP_439	M	94
DGRP_439	F	59
DGRP_439	F	69
DGRP_439	M	69
DGRP_439	M	73
DGRP_439	M	75
DGRP_439	F	73
DGRP_439	F	76
DGRP_439	F	87
DGRP_439	M	24
DGRP_439	M	63
DGRP_439	M	69
DGRP_439	F	49
DGRP_439	F	93
DGRP_439	F	98
DGRP_439	M	72
DGRP_439	M	81
DGRP_439	F	63
DGRP_439	F	70
DGRP_439	F	84
DGRP_439	M	63
DGRP_439	M	65
DGRP_439	M	70
DGRP_439	F	85
DGRP_439	F	86
DGRP_439	F	98
DGRP_439	M	86
DGRP_439	M	100
DGRP_439	F	3
DGRP_439	F	56
DGRP_439	M	70
DGRP_439	M	70
DGRP_439	M	98
DGRP_439	F	73
DGRP_439	F	112
DGRP_439	M	43
DGRP_439	M	91
DGRP_439	F	84
DGRP_439	F	93
DGRP_439	M	91
DGRP_439	M	91
DGRP_439	F	65
DGRP_439	F	93
DGRP_439	F	93
DGRP_439	M	70
DGRP_439	M	80
DGRP_439	F	42
DGRP_439	F	56
DGRP_439	F	64
DGRP_439	M	67
DGRP_439	M	80
DGRP_439	F	67
DGRP_439	F	43
DGRP_439	F	41
DGRP_439	M	67
DGRP_439	M	40
DGRP_439	M	40
DGRP_439	F	68
DGRP_439	F	64
DGRP_439	F	8
DGRP_439	M	57
DGRP_439	M	35
DGRP_439	M	3
DGRP_439	F	57
DGRP_439	F	41
DGRP_439	F	41
DGRP_439	M	70
DGRP_439	M	46
DGRP_439	M	46
DGRP_439	F	78
DGRP_439	F	41
DGRP_439	F	40
DGRP_439	M	46
DGRP_439	M	46
DGRP_439	M	40
DGRP_439	F	94
DGRP_439	F	68
DGRP_439	F	40
DGRP_439	M	53
DGRP_439	M	46
DGRP_439	M	40
DGRP_439	F	53
DGRP_439	F	42
DGRP_439	F	42
DGRP_439	M	104
DGRP_439	M	63
DGRP_439	M	34
DGRP_439	F	42
DGRP_439	F	40
DGRP_439	F	6
DGRP_439	M	45
DGRP_439	M	45
DGRP_439	M	40
DGRP_439	F	63
DGRP_439	F	36
DGRP_439	F	14
DGRP_439	M	36
DGRP_439	M	36
DGRP_439	M	31
DGRP_439	F	115
DGRP_439	F	65
DGRP_439	F	65
DGRP_439	M	67
DGRP_439	M	42
DGRP_439	M	37
DGRP_439	F	91
DGRP_439	F	57
DGRP_439	M	36
DGRP_439	M	31
DGRP_439	F	74
DGRP_439	F	39
DGRP_439	F	36
DGRP_439	M	66
DGRP_439	M	49
DGRP_439	M	36
DGRP_439	F	54
DGRP_439	F	27
DGRP_439	F	11
DGRP_439	M	48
DGRP_439	M	27
DGRP_439	M	26
DGRP_440	F	6
DGRP_440	F	129
DGRP_440	F	137
DGRP_440	M	6
DGRP_440	M	62
DGRP_440	M	87
DGRP_440	F	4
DGRP_440	F	73
DGRP_440	F	101
DGRP_440	M	91
DGRP_440	M	94
DGRP_440	M	95
DGRP_440	F	3
DGRP_440	F	80
DGRP_440	F	127
DGRP_440	M	95
DGRP_440	M	101
DGRP_440	F	4
DGRP_440	F	101
DGRP_440	F	141
DGRP_440	M	84
DGRP_440	M	93
DGRP_440	F	36
DGRP_440	F	77
DGRP_440	F	85
DGRP_440	M	123
DGRP_440	M	123
DGRP_440	M	126
DGRP_440	F	7
DGRP_440	F	70
DGRP_440	F	74
DGRP_440	M	102
DGRP_440	M	105
DGRP_440	F	3
DGRP_440	F	49
DGRP_440	F	59
DGRP_440	M	3
DGRP_440	M	140
DGRP_440	M	148
DGRP_440	F	79
DGRP_440	F	84
DGRP_440	F	134
DGRP_440	M	100
DGRP_440	M	107
DGRP_440	M	137
DGRP_440	F	7
DGRP_440	F	70
DGRP_440	F	79
DGRP_440	M	57
DGRP_440	M	70
DGRP_440	M	78
DGRP_440	F	108
DGRP_440	F	134
DGRP_440	M	95
DGRP_440	M	95
DGRP_440	M	147
DGRP_440	F	4
DGRP_440	F	4
DGRP_440	F	81
DGRP_440	M	81
DGRP_440	M	81
DGRP_440	F	83
DGRP_440	F	124
DGRP_440	F	124
DGRP_440	M	46
DGRP_440	M	83
DGRP_440	M	95
DGRP_440	F	103
DGRP_440	F	108
DGRP_440	M	66
DGRP_440	M	87
DGRP_440	F	101
DGRP_440	F	111
DGRP_440	F	122
DGRP_440	M	48
DGRP_440	M	94
DGRP_440	M	101
DGRP_440	F	81
DGRP_440	F	95
DGRP_440	F	127
DGRP_440	M	70
DGRP_440	M	95
DGRP_440	M	126
DGRP_440	F	3
DGRP_440	F	95
DGRP_440	F	95
DGRP_440	M	3
DGRP_440	M	60
DGRP_440	M	95
DGRP_440	F	63
DGRP_440	F	121
DGRP_440	F	126
DGRP_440	M	59
DGRP_440	M	98
DGRP_440	M	126
DGRP_440	F	15
DGRP_440	F	95
DGRP_440	F	119
DGRP_440	M	43
DGRP_440	M	95
DGRP_440	M	113
DGRP_440	F	2
DGRP_440	F	91
DGRP_440	F	98
DGRP_440	M	86
DGRP_440	M	98
DGRP_440	M	106
DGRP_440	F	44
DGRP_440	F	95
DGRP_440	F	101
DGRP_440	M	67
DGRP_440	M	98
DGRP_440	M	108
DGRP_440	F	95
DGRP_440	F	134
DGRP_440	F	143
DGRP_440	M	3
DGRP_440	M	79
DGRP_440	M	116
DGRP_440	F	71
DGRP_440	F	98
DGRP_440	F	113
DGRP_440	M	4
DGRP_440	M	95
DGRP_440	M	98
DGRP_440	F	61
DGRP_440	F	88
DGRP_440	F	99
DGRP_440	M	5
DGRP_440	M	83
DGRP_440	F	53
DGRP_440	F	95
DGRP_440	F	102
DGRP_440	M	4
DGRP_440	M	113
DGRP_440	M	140
DGRP_441	F	83
DGRP_441	F	133
DGRP_441	M	95
DGRP_441	M	95
DGRP_441	M	133
DGRP_441	F	130
DGRP_441	F	143
DGRP_441	M	27
DGRP_441	M	126
DGRP_441	M	136
DGRP_441	F	132
DGRP_441	F	133
DGRP_441	F	137
DGRP_441	M	94
DGRP_441	M	109
DGRP_441	F	124
DGRP_441	F	133
DGRP_441	M	95
DGRP_441	M	123
DGRP_441	M	133
DGRP_441	F	136
DGRP_441	F	137
DGRP_441	F	171
DGRP_441	M	76
DGRP_441	M	136
DGRP_441	F	110
DGRP_441	F	143
DGRP_441	F	158
DGRP_441	M	34
DGRP_441	M	112
DGRP_441	M	133
DGRP_441	F	111
DGRP_441	F	129
DGRP_441	F	137
DGRP_441	M	89
DGRP_441	M	111
DGRP_441	F	105
DGRP_441	F	115
DGRP_441	F	164
DGRP_441	M	101
DGRP_441	M	111
DGRP_441	M	140
DGRP_441	F	130
DGRP_441	F	140
DGRP_441	F	140
DGRP_441	M	102
DGRP_441	M	130
DGRP_441	F	52
DGRP_441	F	126
DGRP_441	M	102
DGRP_441	M	112
DGRP_441	M	126
DGRP_441	F	115
DGRP_441	F	129
DGRP_441	F	129
DGRP_441	M	112
DGRP_441	M	130
DGRP_441	M	132
DGRP_441	F	108
DGRP_441	F	136
DGRP_441	F	157
DGRP_441	M	127
DGRP_441	M	156
DGRP_441	F	117
DGRP_441	F	130
DGRP_441	F	133
DGRP_441	M	94
DGRP_441	M	98
DGRP_441	M	115
DGRP_441	F	66
DGRP_441	F	102
DGRP_441	M	80
DGRP_441	M	101
DGRP_441	M	103
DGRP_441	F	122
DGRP_441	F	122
DGRP_441	M	112
DGRP_441	M	154
DGRP_441	F	116
DGRP_441	F	116
DGRP_441	F	129
DGRP_441	M	48
DGRP_441	M	63
DGRP_441	M	101
DGRP_441	F	94
DGRP_441	F	122
DGRP_441	F	122
DGRP_441	M	110
DGRP_441	M	111
DGRP_441	M	112
DGRP_441	F	101
DGRP_441	F	129
DGRP_441	F	129
DGRP_441	M	31
DGRP_441	M	122
DGRP_441	M	129
DGRP_441	F	111
DGRP_441	F	115
DGRP_441	M	108
DGRP_441	M	115
DGRP_441	M	115
DGRP_441	F	109
DGRP_441	F	110
DGRP_441	F	133
DGRP_441	M	83
DGRP_441	M	130
DGRP_441	M	164
DGRP_441	F	62
DGRP_441	F	115
DGRP_441	F	116
DGRP_441	M	63
DGRP_441	M	102
DGRP_441	M	102
DGRP_441	F	112
DGRP_441	F	116
DGRP_441	F	143
DGRP_441	M	102
DGRP_441	M	104
DGRP_441	F	96
DGRP_441	F	123
DGRP_441	F	150
DGRP_441	M	111
DGRP_441	M	115
DGRP_441	F	81
DGRP_441	F	89
DGRP_441	F	95
DGRP_441	M	95
DGRP_441	M	98
DGRP_441	M	132
DGRP_443	F	108
DGRP_443	F	108
DGRP_443	F	109
DGRP_443	M	110
DGRP_443	M	137
DGRP_443	F	105
DGRP_443	F	115
DGRP_443	M	80
DGRP_443	M	136
DGRP_443	M	154
DGRP_443	F	103
DGRP_443	F	104
DGRP_443	F	109
DGRP_443	M	150
DGRP_443	M	161
DGRP_443	F	139
DGRP_443	F	171
DGRP_443	M	136
DGRP_443	M	157
DGRP_443	M	157
DGRP_443	F	130
DGRP_443	F	136
DGRP_443	M	17
DGRP_443	M	150
DGRP_443	M	168
DGRP_443	F	73
DGRP_443	F	76
DGRP_443	M	115
DGRP_443	M	147
DGRP_443	M	173
DGRP_443	F	137
DGRP_443	F	151
DGRP_443	M	155
DGRP_443	M	168
DGRP_443	F	109
DGRP_443	F	126
DGRP_443	M	134
DGRP_443	M	149
DGRP_443	F	133
DGRP_443	F	133
DGRP_443	F	133
DGRP_443	M	136
DGRP_443	M	140
DGRP_443	F	86
DGRP_443	F	114
DGRP_443	F	133
DGRP_443	M	130
DGRP_443	M	133
DGRP_443	F	60
DGRP_443	F	92
DGRP_443	F	108
DGRP_443	M	157
DGRP_443	M	161
DGRP_443	M	181
DGRP_443	F	91
DGRP_443	F	112
DGRP_443	F	150
DGRP_443	M	141
DGRP_443	M	147
DGRP_443	M	174
DGRP_443	F	46
DGRP_443	F	67
DGRP_443	F	94
DGRP_443	M	46
DGRP_443	M	102
DGRP_443	M	144
DGRP_443	F	69
DGRP_443	F	116
DGRP_443	F	125
DGRP_443	M	116
DGRP_443	M	119
DGRP_443	F	77
DGRP_443	F	108
DGRP_443	M	76
DGRP_443	M	133
DGRP_443	F	98
DGRP_443	F	108
DGRP_443	M	140
DGRP_443	M	151
DGRP_443	F	126
DGRP_443	F	150
DGRP_443	M	122
DGRP_443	M	124
DGRP_443	M	126
DGRP_443	F	27
DGRP_443	F	66
DGRP_443	M	136
DGRP_443	M	137
DGRP_443	M	140
DGRP_443	F	116
DGRP_443	F	126
DGRP_443	M	100
DGRP_443	M	129
DGRP_443	M	168
DGRP_443	F	119
DGRP_443	F	126
DGRP_443	F	127
DGRP_443	M	98
DGRP_443	M	164
DGRP_443	M	170
DGRP_443	F	44
DGRP_443	F	79
DGRP_443	F	133
DGRP_443	M	126
DGRP_443	M	130
DGRP_443	M	134
DGRP_443	F	15
DGRP_443	F	91
DGRP_443	F	98
DGRP_443	M	147
DGRP_443	M	155
DGRP_443	M	155
DGRP_443	F	88
DGRP_443	F	119
DGRP_443	F	119
DGRP_443	M	150
DGRP_443	M	164
DGRP_443	M	175
DGRP_443	F	72
DGRP_443	F	133
DGRP_443	F	133
DGRP_443	M	130
DGRP_443	M	133
DGRP_461	F	10
DGRP_461	F	17
DGRP_461	F	54
DGRP_461	M	52
DGRP_461	M	77
DGRP_461	F	10
DGRP_461	F	36
DGRP_461	F	73
DGRP_461	M	10
DGRP_461	M	115
DGRP_461	F	60
DGRP_461	F	62
DGRP_461	F	68
DGRP_461	M	10
DGRP_461	M	12
DGRP_461	M	33
DGRP_461	F	10
DGRP_461	F	87
DGRP_461	M	33
DGRP_461	M	80
DGRP_461	M	87
DGRP_461	F	10
DGRP_461	F	21
DGRP_461	M	11
DGRP_461	M	17
DGRP_461	M	28
DGRP_461	F	12
DGRP_461	F	24
DGRP_461	F	31
DGRP_461	M	21
DGRP_461	M	31
DGRP_461	M	73
DGRP_461	F	12
DGRP_461	F	13
DGRP_461	F	25
DGRP_461	M	10
DGRP_461	M	12
DGRP_461	M	31
DGRP_461	F	14
DGRP_461	F	33
DGRP_461	M	9
DGRP_461	M	21
DGRP_461	M	120
DGRP_461	F	7
DGRP_461	F	23
DGRP_461	M	14
DGRP_461	M	98
DGRP_461	F	10
DGRP_461	F	10
DGRP_461	F	32
DGRP_461	M	34
DGRP_461	M	94
DGRP_461	M	102
DGRP_461	F	11
DGRP_461	F	33
DGRP_461	F	45
DGRP_461	M	12
DGRP_461	M	45
DGRP_461	M	53
DGRP_461	F	17
DGRP_461	F	25
DGRP_461	F	40
DGRP_461	M	27
DGRP_461	M	100
DGRP_461	F	14
DGRP_461	F	18
DGRP_461	F	32
DGRP_461	M	10
DGRP_461	M	38
DGRP_461	M	101
DGRP_461	F	10
DGRP_461	F	11
DGRP_461	F	45
DGRP_461	M	18
DGRP_461	M	28
DGRP_461	M	45
DGRP_461	F	10
DGRP_461	F	45
DGRP_461	F	45
DGRP_461	M	41
DGRP_461	M	59
DGRP_461	F	10
DGRP_461	F	17
DGRP_461	F	45
DGRP_461	M	14
DGRP_461	M	18
DGRP_461	M	46
DGRP_461	F	10
DGRP_461	F	10
DGRP_461	F	27
DGRP_461	M	27
DGRP_461	M	80
DGRP_461	M	98
DGRP_461	F	10
DGRP_461	F	13
DGRP_461	M	33
DGRP_461	M	46
DGRP_461	M	94
DGRP_461	F	39
DGRP_461	F	45
DGRP_461	F	46
DGRP_461	M	31
DGRP_461	M	101
DGRP_461	F	12
DGRP_461	F	13
DGRP_461	F	14
DGRP_461	M	17
DGRP_461	M	87
DGRP_461	M	98
DGRP_461	F	7
DGRP_461	F	22
DGRP_461	F	32
DGRP_461	M	14
DGRP_461	M	24
DGRP_461	M	98
DGRP_461	F	7
DGRP_461	F	14
DGRP_461	F	52
DGRP_461	M	8
DGRP_461	M	49
DGRP_461	M	51
DGRP_461	F	7
DGRP_461	F	11
DGRP_461	F	45
DGRP_461	M	22
DGRP_461	M	28
DGRP_461	M	31
DGRP_461	F	24
DGRP_461	F	26
DGRP_461	F	63
DGRP_461	M	11
DGRP_461	M	11
DGRP_461	M	11
DGRP_486	F	53
DGRP_486	F	89
DGRP_486	M	49
DGRP_486	M	53
DGRP_486	M	90
DGRP_486	F	74
DGRP_486	F	77
DGRP_486	F	97
DGRP_486	M	32
DGRP_486	M	39
DGRP_486	M	53
DGRP_486	F	39
DGRP_486	F	84
DGRP_486	F	111
DGRP_486	M	102
DGRP_486	M	109
DGRP_486	F	39
DGRP_486	F	71
DGRP_486	F	74
DGRP_486	M	53
DGRP_486	M	119
DGRP_486	M	119
DGRP_486	F	64
DGRP_486	F	97
DGRP_486	M	67
DGRP_486	M	95
DGRP_486	M	98
DGRP_486	F	6
DGRP_486	F	35
DGRP_486	F	127
DGRP_486	M	64
DGRP_486	M	67
DGRP_486	F	68
DGRP_486	F	104
DGRP_486	F	104
DGRP_486	M	39
DGRP_486	M	68
DGRP_486	M	71
DGRP_486	F	50
DGRP_486	F	83
DGRP_486	F	88
DGRP_486	M	25
DGRP_486	M	35
DGRP_486	M	102
DGRP_486	F	32
DGRP_486	F	35
DGRP_486	F	77
DGRP_486	M	61
DGRP_486	M	99
DGRP_486	M	102
DGRP_486	F	81
DGRP_486	F	95
DGRP_486	M	81
DGRP_486	M	95
DGRP_486	M	95
DGRP_486	F	74
DGRP_486	F	74
DGRP_486	F	77
DGRP_486	M	57
DGRP_486	M	95
DGRP_486	M	116
DGRP_486	F	46
DGRP_486	F	60
DGRP_486	F	81
DGRP_486	M	20
DGRP_486	M	95
DGRP_486	M	96
DGRP_486	F	50
DGRP_486	F	61
DGRP_486	F	89
DGRP_486	M	47
DGRP_486	M	54
DGRP_486	M	54
DGRP_486	F	56
DGRP_486	F	64
DGRP_486	F	90
DGRP_486	M	54
DGRP_486	M	57
DGRP_486	M	60
DGRP_486	F	15
DGRP_486	F	50
DGRP_486	F	54
DGRP_486	M	39
DGRP_486	M	90
DGRP_486	M	105
DGRP_486	F	12
DGRP_486	F	54
DGRP_486	F	81
DGRP_486	M	53
DGRP_486	M	78
DGRP_486	M	81
DGRP_486	F	75
DGRP_486	F	75
DGRP_486	F	109
DGRP_486	M	12
DGRP_486	M	54
DGRP_486	M	54
DGRP_486	F	92
DGRP_486	F	92
DGRP_486	F	112
DGRP_486	M	53
DGRP_486	M	54
DGRP_486	M	74
DGRP_486	F	25
DGRP_486	F	88
DGRP_486	F	89
DGRP_486	F	123
DGRP_486	M	75
DGRP_486	M	89
DGRP_486	M	89
DGRP_486	F	88
DGRP_486	F	89
DGRP_486	F	120
DGRP_486	M	67
DGRP_486	M	88
DGRP_486	F	88
DGRP_486	F	111
DGRP_486	F	127
DGRP_486	M	74
DGRP_486	M	81
DGRP_486	M	89
DGRP_486	F	81
DGRP_486	F	102
DGRP_486	F	104
DGRP_486	M	61
DGRP_486	M	89
DGRP_486	M	95
DGRP_486	F	74
DGRP_486	F	94
DGRP_486	F	103
DGRP_486	M	10
DGRP_486	M	88
DGRP_486	M	89
DGRP_491	F	82
DGRP_491	F	102
DGRP_491	F	116
DGRP_491	M	73
DGRP_491	M	115
DGRP_491	M	143
DGRP_491	F	70
DGRP_491	F	89
DGRP_491	F	130
DGRP_491	M	123
DGRP_491	M	143
DGRP_491	F	73
DGRP_491	F	98
DGRP_491	F	123
DGRP_491	M	125
DGRP_491	M	151
DGRP_491	F	87
DGRP_491	F	101
DGRP_491	F	111
DGRP_491	M	95
DGRP_491	M	125
DGRP_491	F	87
DGRP_491	F	104
DGRP_491	F	136
DGRP_491	M	90
DGRP_491	M	119
DGRP_491	M	136
DGRP_491	F	83
DGRP_491	F	101
DGRP_491	F	111
DGRP_491	M	101
DGRP_491	M	108
DGRP_491	M	117
DGRP_491	F	87
DGRP_491	F	133
DGRP_491	F	136
DGRP_491	M	80
DGRP_491	M	136
DGRP_491	F	70
DGRP_491	F	81
DGRP_491	F	92
DGRP_491	M	70
DGRP_491	M	70
DGRP_491	M	70
DGRP_491	F	95
DGRP_491	F	108
DGRP_491	F	133
DGRP_491	M	106
DGRP_491	M	106
DGRP_491	M	141
DGRP_491	F	101
DGRP_491	F	112
DGRP_491	M	105
DGRP_491	M	109
DGRP_491	M	112
DGRP_491	F	101
DGRP_491	F	101
DGRP_491	F	122
DGRP_491	M	38
DGRP_491	M	101
DGRP_491	M	129
DGRP_491	F	32
DGRP_491	F	115
DGRP_491	F	115
DGRP_491	M	115
DGRP_491	M	116
DGRP_491	M	116
DGRP_491	F	77
DGRP_491	F	119
DGRP_491	F	132
DGRP_491	M	82
DGRP_491	M	98
DGRP_491	M	130
DGRP_491	F	38
DGRP_491	F	103
DGRP_491	F	116
DGRP_491	M	98
DGRP_491	M	116
DGRP_491	F	68
DGRP_491	F	91
DGRP_491	F	129
DGRP_491	M	115
DGRP_491	M	140
DGRP_491	F	35
DGRP_491	F	129
DGRP_491	F	129
DGRP_491	M	39
DGRP_491	M	108
DGRP_491	M	112
DGRP_491	F	74
DGRP_491	F	84
DGRP_491	F	112
DGRP_491	M	105
DGRP_491	M	108
DGRP_491	M	155
DGRP_491	F	87
DGRP_491	F	101
DGRP_491	F	122
DGRP_491	M	122
DGRP_491	M	123
DGRP_491	M	123
DGRP_491	F	84
DGRP_491	F	84
DGRP_491	F	98
DGRP_491	M	49
DGRP_491	M	58
DGRP_491	M	63
DGRP_491	F	56
DGRP_491	F	93
DGRP_491	F	109
DGRP_491	M	102
DGRP_491	M	129
DGRP_491	M	148
DGRP_491	F	74
DGRP_491	F	77
DGRP_491	F	78
DGRP_491	M	67
DGRP_491	M	74
DGRP_491	F	39
DGRP_491	F	100
DGRP_491	F	126
DGRP_491	M	98
DGRP_491	M	133
DGRP_491	M	144
DGRP_492	F	97
DGRP_492	F	104
DGRP_492	F	104
DGRP_492	M	83
DGRP_492	M	88
DGRP_492	M	111
DGRP_492	F	104
DGRP_492	F	104
DGRP_492	M	73
DGRP_492	M	82
DGRP_492	F	76
DGRP_492	F	108
DGRP_492	F	118
DGRP_492	M	76
DGRP_492	M	83
DGRP_492	F	94
DGRP_492	F	104
DGRP_492	F	108
DGRP_492	M	25
DGRP_492	M	74
DGRP_492	M	124
DGRP_492	F	77
DGRP_492	F	94
DGRP_492	F	105
DGRP_492	M	77
DGRP_492	M	91
DGRP_492	M	94
DGRP_492	F	108
DGRP_492	F	121
DGRP_492	M	91
DGRP_492	M	110
DGRP_492	M	114
DGRP_492	F	66
DGRP_492	F	102
DGRP_492	M	80
DGRP_492	M	102
DGRP_492	F	63
DGRP_492	F	103
DGRP_492	M	108
DGRP_492	M	108
DGRP_492	M	115
DGRP_492	F	32
DGRP_492	F	94
DGRP_492	M	76
DGRP_492	M	77
DGRP_492	M	129
DGRP_492	F	94
DGRP_492	F	108
DGRP_492	M	77
DGRP_492	M	101
DGRP_492	M	108
DGRP_492	F	77
DGRP_492	F	87
DGRP_492	M	74
DGRP_492	M	76
DGRP_492	M	114
DGRP_492	F	76
DGRP_492	F	80
DGRP_492	F	114
DGRP_492	M	73
DGRP_492	M	74
DGRP_492	M	101
DGRP_492	F	77
DGRP_492	F	81
DGRP_492	F	116
DGRP_492	M	67
DGRP_492	M	81
DGRP_492	M	97
DGRP_492	F	97
DGRP_492	F	112
DGRP_492	M	97
DGRP_492	M	110
DGRP_492	M	115
DGRP_492	F	80
DGRP_492	F	97
DGRP_492	F	101
DGRP_492	M	69
DGRP_492	M	87
DGRP_492	M	104
DGRP_492	F	62
DGRP_492	F	73
DGRP_492	F	115
DGRP_492	M	39
DGRP_492	M	70
DGRP_492	M	101
DGRP_492	F	83
DGRP_492	F	102
DGRP_492	F	104
DGRP_492	M	87
DGRP_492	M	87
DGRP_492	M	87
DGRP_492	F	77
DGRP_492	F	98
DGRP_492	F	101
DGRP_492	M	67
DGRP_492	M	77
DGRP_492	M	87
DGRP_492	F	104
DGRP_492	F	104
DGRP_492	M	68
DGRP_492	M	73
DGRP_492	M	87
DGRP_492	F	94
DGRP_492	F	105
DGRP_492	F	108
DGRP_492	M	77
DGRP_492	M	98
DGRP_492	M	105
DGRP_492	F	87
DGRP_492	F	96
DGRP_492	F	98
DGRP_492	M	82
DGRP_492	M	87
DGRP_492	M	87
DGRP_492	F	32
DGRP_492	F	105
DGRP_492	F	115
DGRP_492	M	87
DGRP_492	M	101
DGRP_492	M	102
DGRP_492	F	74
DGRP_492	F	95
DGRP_492	F	104
DGRP_492	M	80
DGRP_492	M	83
DGRP_492	M	90
DGRP_492	F	69
DGRP_492	F	108
DGRP_492	F	117
DGRP_492	M	94
DGRP_492	M	108
DGRP_492	M	108
DGRP_502	F	31
DGRP_502	F	55
DGRP_502	F	89
DGRP_502	M	66
DGRP_502	M	70
DGRP_502	F	56
DGRP_502	F	82
DGRP_502	F	101
DGRP_502	M	56
DGRP_502	M	66
DGRP_502	M	101
DGRP_502	F	87
DGRP_502	F	89
DGRP_502	F	101
DGRP_502	M	49
DGRP_502	M	73
DGRP_502	M	108
DGRP_502	F	63
DGRP_502	F	73
DGRP_502	F	89
DGRP_502	M	80
DGRP_502	M	89
DGRP_502	F	60
DGRP_502	F	101
DGRP_502	M	96
DGRP_502	M	103
DGRP_502	F	80
DGRP_502	F	83
DGRP_502	F	98
DGRP_502	M	80
DGRP_502	M	130
DGRP_502	F	31
DGRP_502	F	75
DGRP_502	F	91
DGRP_502	M	70
DGRP_502	M	102
DGRP_502	M	132
DGRP_502	F	47
DGRP_502	F	101
DGRP_502	F	130
DGRP_502	M	125
DGRP_502	M	125
DGRP_502	F	84
DGRP_502	F	98
DGRP_502	F	101
DGRP_502	M	98
DGRP_502	M	98
DGRP_502	M	98
DGRP_502	F	53
DGRP_502	F	57
DGRP_502	F	127
DGRP_502	M	57
DGRP_502	M	77
DGRP_502	F	92
DGRP_502	F	120
DGRP_502	M	87
DGRP_502	M	107
DGRP_502	F	53
DGRP_502	F	115
DGRP_502	M	34
DGRP_502	M	95
DGRP_502	F	11
DGRP_502	F	87
DGRP_502	F	116
DGRP_502	M	80
DGRP_502	M	115
DGRP_502	F	67
DGRP_502	F	77
DGRP_502	F	81
DGRP_502	M	38
DGRP_502	M	66
DGRP_502	M	110
DGRP_502	F	45
DGRP_502	F	55
DGRP_502	M	39
DGRP_502	M	41
DGRP_502	M	98
DGRP_502	F	90
DGRP_502	F	102
DGRP_502	M	84
DGRP_502	M	88
DGRP_502	F	98
DGRP_502	F	102
DGRP_502	F	108
DGRP_502	M	38
DGRP_502	M	48
DGRP_502	M	98
DGRP_502	F	59
DGRP_502	F	83
DGRP_502	F	122
DGRP_502	M	27
DGRP_502	M	35
DGRP_502	M	98
DGRP_502	F	46
DGRP_502	F	70
DGRP_502	F	112
DGRP_502	M	70
DGRP_502	M	98
DGRP_502	M	101
DGRP_502	F	66
DGRP_502	F	80
DGRP_502	F	81
DGRP_502	M	95
DGRP_502	M	98
DGRP_502	M	133
DGRP_508	F	52
DGRP_508	F	98
DGRP_508	M	102
DGRP_508	M	102
DGRP_508	F	59
DGRP_508	F	103
DGRP_508	M	102
DGRP_508	M	105
DGRP_508	F	63
DGRP_508	F	95
DGRP_508	F	98
DGRP_508	M	98
DGRP_508	M	110
DGRP_508	M	171
DGRP_508	F	66
DGRP_508	F	88
DGRP_508	F	101
DGRP_508	M	54
DGRP_508	M	98
DGRP_508	M	98
DGRP_508	F	39
DGRP_508	F	63
DGRP_508	F	81
DGRP_508	M	102
DGRP_508	M	133
DGRP_508	M	133
DGRP_508	F	53
DGRP_508	F	66
DGRP_508	F	73
DGRP_508	M	91
DGRP_508	M	117
DGRP_508	M	122
DGRP_508	F	72
DGRP_508	F	92
DGRP_508	F	100
DGRP_508	M	74
DGRP_508	M	105
DGRP_508	F	64
DGRP_508	F	67
DGRP_508	F	86
DGRP_508	M	77
DGRP_508	M	94
DGRP_508	M	99
DGRP_508	F	92
DGRP_508	F	95
DGRP_508	M	80
DGRP_508	M	106
DGRP_508	F	49
DGRP_508	F	90
DGRP_508	M	102
DGRP_508	M	102
DGRP_508	M	102
DGRP_508	F	52
DGRP_508	F	60
DGRP_508	F	102
DGRP_508	M	66
DGRP_508	M	80
DGRP_508	F	4
DGRP_508	F	70
DGRP_508	F	80
DGRP_508	M	77
DGRP_508	M	129
DGRP_508	F	56
DGRP_508	F	59
DGRP_508	F	87
DGRP_508	M	88
DGRP_508	M	88
DGRP_508	M	88
DGRP_508	F	73
DGRP_508	F	73
DGRP_508	M	73
DGRP_508	M	102
DGRP_508	M	102
DGRP_508	F	13
DGRP_508	F	84
DGRP_508	F	98
DGRP_508	M	59
DGRP_508	M	88
DGRP_508	M	101
DGRP_508	F	45
DGRP_508	F	81
DGRP_508	F	83
DGRP_508	M	83
DGRP_508	M	88
DGRP_508	M	88
DGRP_508	F	95
DGRP_508	F	122
DGRP_508	F	136
DGRP_508	M	74
DGRP_508	M	119
DGRP_508	M	122
DGRP_508	F	95
DGRP_508	F	98
DGRP_508	F	98
DGRP_508	M	98
DGRP_508	M	98
DGRP_508	M	98
DGRP_508	F	48
DGRP_508	F	61
DGRP_508	F	77
DGRP_508	M	109
DGRP_508	M	117
DGRP_508	F	45
DGRP_508	F	71
DGRP_508	F	79
DGRP_508	M	49
DGRP_508	M	71
DGRP_508	M	71
DGRP_508	F	56
DGRP_508	F	64
DGRP_508	F	71
DGRP_508	M	72
DGRP_508	M	85
DGRP_508	M	85
DGRP_508	F	69
DGRP_508	F	117
DGRP_508	M	116
DGRP_508	M	116
DGRP_508	M	132
DGRP_508	F	17
DGRP_508	F	45
DGRP_508	F	61
DGRP_508	M	94
DGRP_508	M	94
DGRP_508	M	94
DGRP_508	F	82
DGRP_508	F	82
DGRP_508	F	87
DGRP_508	M	80
DGRP_508	M	81
DGRP_509	F	102
DGRP_509	F	110
DGRP_509	F	119
DGRP_509	M	83
DGRP_509	M	150
DGRP_509	F	109
DGRP_509	F	111
DGRP_509	F	117
DGRP_509	M	116
DGRP_509	M	130
DGRP_509	F	115
DGRP_509	F	116
DGRP_509	F	132
DGRP_509	M	105
DGRP_509	M	108
DGRP_509	M	110
DGRP_509	F	112
DGRP_509	F	132
DGRP_509	M	130
DGRP_509	M	132
DGRP_509	M	161
DGRP_509	F	80
DGRP_509	F	80
DGRP_509	F	84
DGRP_509	M	70
DGRP_509	M	70
DGRP_509	M	73
DGRP_509	F	27
DGRP_509	F	124
DGRP_509	M	105
DGRP_509	M	105
DGRP_509	M	130
DGRP_509	F	91
DGRP_509	F	112
DGRP_509	F	126
DGRP_509	M	111
DGRP_509	M	117
DGRP_509	M	130
DGRP_509	F	108
DGRP_509	F	131
DGRP_509	F	140
DGRP_509	M	109
DGRP_509	M	139
DGRP_509	M	139
DGRP_509	F	39
DGRP_509	F	95
DGRP_509	F	130
DGRP_509	M	94
DGRP_509	M	98
DGRP_509	F	80
DGRP_509	F	89
DGRP_509	M	80
DGRP_509	M	87
DGRP_509	M	104
DGRP_509	F	125
DGRP_509	F	131
DGRP_509	F	151
DGRP_509	M	109
DGRP_509	M	109
DGRP_509	M	130
DGRP_509	F	105
DGRP_509	F	127
DGRP_509	F	128
DGRP_509	M	101
DGRP_509	M	105
DGRP_509	M	113
DGRP_509	F	27
DGRP_509	F	98
DGRP_509	F	123
DGRP_509	M	101
DGRP_509	M	115
DGRP_509	F	10
DGRP_509	F	98
DGRP_509	F	129
DGRP_509	M	115
DGRP_509	M	122
DGRP_509	M	150
DGRP_509	F	102
DGRP_509	F	115
DGRP_509	F	129
DGRP_509	M	115
DGRP_509	M	126
DGRP_509	M	130
DGRP_509	F	82
DGRP_509	F	90
DGRP_509	F	117
DGRP_509	M	74
DGRP_509	M	80
DGRP_509	M	94
DGRP_509	F	39
DGRP_509	F	80
DGRP_509	F	83
DGRP_509	M	94
DGRP_509	M	102
DGRP_509	M	105
DGRP_509	F	34
DGRP_509	F	98
DGRP_509	F	102
DGRP_509	M	94
DGRP_509	M	94
DGRP_509	M	98
DGRP_509	F	98
DGRP_509	F	130
DGRP_509	F	131
DGRP_509	M	101
DGRP_509	M	112
DGRP_509	M	136
DGRP_509	F	10
DGRP_509	F	124
DGRP_509	F	130
DGRP_509	M	91
DGRP_509	M	108
DGRP_509	M	129
DGRP_509	F	87
DGRP_509	F	94
DGRP_509	F	98
DGRP_509	M	81
DGRP_509	M	83
DGRP_509	M	84
DGRP_509	F	98
DGRP_509	F	116
DGRP_509	M	111
DGRP_509	M	116
DGRP_509	F	115
DGRP_509	F	116
DGRP_509	F	116
DGRP_509	M	83
DGRP_509	M	115
DGRP_509	F	119
DGRP_509	F	120
DGRP_509	F	128
DGRP_509	M	112
DGRP_509	M	115
DGRP_509	M	116
DGRP_513	F	60
DGRP_513	F	85
DGRP_513	F	95
DGRP_513	M	83
DGRP_513	M	109
DGRP_513	M	109
DGRP_513	F	26
DGRP_513	F	89
DGRP_513	M	74
DGRP_513	M	81
DGRP_513	M	116
DGRP_513	F	71
DGRP_513	F	82
DGRP_513	M	12
DGRP_513	M	50
DGRP_513	M	60
DGRP_513	F	46
DGRP_513	F	98
DGRP_513	F	99
DGRP_513	M	55
DGRP_513	M	92
DGRP_513	M	113
DGRP_513	F	61
DGRP_513	F	67
DGRP_513	M	64
DGRP_513	M	84
DGRP_513	M	118
DGRP_513	F	119
DGRP_513	F	132
DGRP_513	M	46
DGRP_513	M	83
DGRP_513	F	62
DGRP_513	F	140
DGRP_513	M	113
DGRP_513	M	117
DGRP_513	F	98
DGRP_513	F	113
DGRP_513	M	90
DGRP_513	M	109
DGRP_513	F	102
DGRP_513	F	109
DGRP_513	M	32
DGRP_513	M	46
DGRP_513	F	104
DGRP_513	F	120
DGRP_513	M	35
DGRP_513	M	53
DGRP_513	F	62
DGRP_513	F	83
DGRP_513	M	91
DGRP_513	M	109
DGRP_513	M	118
DGRP_513	F	102
DGRP_513	F	118
DGRP_513	F	123
DGRP_513	M	25
DGRP_513	M	123
DGRP_513	F	117
DGRP_513	F	43
DGRP_513	M	123
DGRP_513	M	42
DGRP_513	M	40
DGRP_513	F	89
DGRP_513	F	88
DGRP_513	F	55
DGRP_513	M	95
DGRP_513	M	95
DGRP_513	M	82
DGRP_513	F	109
DGRP_513	F	82
DGRP_513	F	67
DGRP_513	M	117
DGRP_513	M	78
DGRP_513	M	67
DGRP_513	F	117
DGRP_513	F	46
DGRP_513	M	48
DGRP_513	M	40
DGRP_513	F	46
DGRP_513	F	40
DGRP_513	M	64
DGRP_513	M	46
DGRP_513	M	1
DGRP_513	F	123
DGRP_513	F	103
DGRP_513	F	88
DGRP_513	M	106
DGRP_513	M	88
DGRP_513	M	8
DGRP_513	F	119
DGRP_513	F	63
DGRP_513	F	25
DGRP_513	M	81
DGRP_513	M	21
DGRP_513	M	6
DGRP_513	F	39
DGRP_513	F	34
DGRP_513	F	32
DGRP_513	M	123
DGRP_513	M	115
DGRP_513	M	2
DGRP_513	F	129
DGRP_513	F	126
DGRP_513	F	55
DGRP_513	M	117
DGRP_513	M	109
DGRP_513	F	118
DGRP_513	F	45
DGRP_513	F	39
DGRP_513	M	80
DGRP_513	M	67
DGRP_513	M	34
DGRP_513	F	108
DGRP_513	F	56
DGRP_513	M	26
DGRP_513	M	19
DGRP_513	M	4
DGRP_517	F	25
DGRP_517	F	36
DGRP_517	F	92
DGRP_517	M	4
DGRP_517	M	92
DGRP_517	M	92
DGRP_517	F	39
DGRP_517	F	62
DGRP_517	F	127
DGRP_517	M	18
DGRP_517	M	39
DGRP_517	F	12
DGRP_517	F	63
DGRP_517	F	132
DGRP_517	M	46
DGRP_517	M	49
DGRP_517	F	43
DGRP_517	F	57
DGRP_517	M	7
DGRP_517	M	116
DGRP_517	M	139
DGRP_517	F	11
DGRP_517	F	42
DGRP_517	F	126
DGRP_517	M	42
DGRP_517	M	42
DGRP_517	F	25
DGRP_517	F	123
DGRP_517	F	123
DGRP_517	M	18
DGRP_517	M	21
DGRP_517	M	25
DGRP_517	F	7
DGRP_517	F	32
DGRP_517	F	85
DGRP_517	M	88
DGRP_517	M	132
DGRP_517	F	25
DGRP_517	F	48
DGRP_517	F	64
DGRP_517	M	35
DGRP_517	M	113
DGRP_517	F	2
DGRP_517	F	71
DGRP_517	F	74
DGRP_517	M	32
DGRP_517	M	46
DGRP_517	M	53
DGRP_517	F	19
DGRP_517	F	123
DGRP_517	F	132
DGRP_517	M	4
DGRP_517	M	144
DGRP_517	F	63
DGRP_517	F	95
DGRP_517	F	111
DGRP_517	M	4
DGRP_517	M	13
DGRP_517	M	53
DGRP_517	F	12
DGRP_517	F	75
DGRP_517	F	81
DGRP_517	M	32
DGRP_517	M	54
DGRP_517	F	4
DGRP_517	F	32
DGRP_517	F	103
DGRP_517	M	8
DGRP_517	M	15
DGRP_517	M	75
DGRP_517	F	12
DGRP_517	F	29
DGRP_517	F	81
DGRP_517	M	12
DGRP_517	M	53
DGRP_517	M	54
DGRP_517	F	5
DGRP_517	F	12
DGRP_517	F	103
DGRP_517	M	28
DGRP_517	M	29
DGRP_517	M	39
DGRP_517	F	46
DGRP_517	F	54
DGRP_517	F	75
DGRP_517	M	18
DGRP_517	M	54
DGRP_517	M	61
DGRP_517	F	53
DGRP_517	F	53
DGRP_517	F	120
DGRP_517	M	12
DGRP_517	M	53
DGRP_517	M	64
DGRP_517	F	61
DGRP_517	F	109
DGRP_517	F	123
DGRP_517	M	53
DGRP_517	M	55
DGRP_517	M	57
DGRP_517	F	5
DGRP_517	F	32
DGRP_517	M	67
DGRP_517	M	68
DGRP_517	F	48
DGRP_517	F	130
DGRP_517	M	5
DGRP_517	M	53
DGRP_517	M	54
DGRP_517	F	39
DGRP_517	F	88
DGRP_517	M	21
DGRP_517	M	32
DGRP_517	M	71
DGRP_517	F	5
DGRP_517	F	54
DGRP_517	F	78
DGRP_517	M	54
DGRP_517	M	75
DGRP_517	M	117
DGRP_517	F	11
DGRP_517	F	102
DGRP_517	F	103
DGRP_517	M	8
DGRP_517	M	25
DGRP_530	F	111
DGRP_530	F	137
DGRP_530	M	95
DGRP_530	M	145
DGRP_530	F	60
DGRP_530	F	110
DGRP_530	F	131
DGRP_530	M	112
DGRP_530	M	137
DGRP_530	F	123
DGRP_530	F	154
DGRP_530	M	152
DGRP_530	M	152
DGRP_530	F	47
DGRP_530	F	158
DGRP_530	M	77
DGRP_530	M	88
DGRP_530	F	67
DGRP_530	F	104
DGRP_530	M	69
DGRP_530	M	109
DGRP_530	F	90
DGRP_530	F	132
DGRP_530	M	125
DGRP_530	M	127
DGRP_530	F	95
DGRP_530	F	144
DGRP_530	M	120
DGRP_530	M	123
DGRP_530	F	81
DGRP_530	F	84
DGRP_530	M	119
DGRP_530	M	130
DGRP_530	F	67
DGRP_530	F	74
DGRP_530	F	98
DGRP_530	M	61
DGRP_530	M	109
DGRP_530	F	98
DGRP_530	F	106
DGRP_530	M	98
DGRP_530	M	109
DGRP_530	F	102
DGRP_530	F	103
DGRP_530	M	127
DGRP_530	M	158
DGRP_530	F	55
DGRP_530	F	48
DGRP_530	F	17
DGRP_530	M	61
DGRP_530	M	34
DGRP_530	M	33
DGRP_530	F	102
DGRP_530	F	101
DGRP_530	F	44
DGRP_530	M	116
DGRP_530	M	88
DGRP_530	M	78
DGRP_530	F	136
DGRP_530	F	135
DGRP_530	F	85
DGRP_530	M	128
DGRP_530	M	126
DGRP_530	M	60
DGRP_530	F	112
DGRP_530	F	109
DGRP_530	F	108
DGRP_530	M	141
DGRP_530	M	114
DGRP_530	M	108
DGRP_530	F	137
DGRP_530	F	116
DGRP_530	M	140
DGRP_530	M	79
DGRP_530	M	57
DGRP_530	F	98
DGRP_530	F	78
DGRP_530	F	77
DGRP_530	M	149
DGRP_530	M	140
DGRP_530	M	116
DGRP_530	F	121
DGRP_530	F	109
DGRP_530	F	105
DGRP_530	M	163
DGRP_530	M	148
DGRP_530	M	119
DGRP_530	F	91
DGRP_530	F	77
DGRP_530	F	58
DGRP_530	M	107
DGRP_530	M	77
DGRP_530	M	58
DGRP_530	F	128
DGRP_530	F	105
DGRP_530	F	101
DGRP_530	M	128
DGRP_530	M	116
DGRP_530	M	112
DGRP_530	F	112
DGRP_530	F	105
DGRP_530	F	99
DGRP_530	M	112
DGRP_530	M	80
DGRP_531	F	62
DGRP_531	F	104
DGRP_531	M	73
DGRP_531	M	103
DGRP_531	M	118
DGRP_531	F	90
DGRP_531	F	101
DGRP_531	F	103
DGRP_531	M	88
DGRP_531	M	112
DGRP_531	M	151
DGRP_531	F	108
DGRP_531	F	129
DGRP_531	F	133
DGRP_531	M	108
DGRP_531	M	133
DGRP_531	F	115
DGRP_531	F	115
DGRP_531	F	115
DGRP_531	M	53
DGRP_531	M	115
DGRP_531	M	136
DGRP_531	F	67
DGRP_531	F	89
DGRP_531	F	129
DGRP_531	M	126
DGRP_531	M	139
DGRP_531	M	150
DGRP_531	F	56
DGRP_531	F	125
DGRP_531	F	125
DGRP_531	M	116
DGRP_531	M	143
DGRP_531	M	143
DGRP_531	F	20
DGRP_531	F	60
DGRP_531	F	105
DGRP_531	M	101
DGRP_531	M	143
DGRP_531	M	145
DGRP_531	F	101
DGRP_531	F	117
DGRP_531	F	140
DGRP_531	M	115
DGRP_531	M	125
DGRP_531	M	139
DGRP_531	F	60
DGRP_531	F	66
DGRP_531	F	110
DGRP_531	M	63
DGRP_531	M	133
DGRP_531	M	137
DGRP_531	F	95
DGRP_531	F	108
DGRP_531	M	139
DGRP_531	M	160
DGRP_531	F	37
DGRP_531	F	112
DGRP_531	F	121
DGRP_531	M	30
DGRP_531	M	85
DGRP_531	M	126
DGRP_531	F	121
DGRP_531	F	140
DGRP_531	M	101
DGRP_531	M	141
DGRP_531	M	161
DGRP_531	F	73
DGRP_531	F	108
DGRP_531	F	136
DGRP_531	M	115
DGRP_531	M	125
DGRP_531	F	83
DGRP_531	F	95
DGRP_531	F	101
DGRP_531	M	83
DGRP_531	M	89
DGRP_531	M	101
DGRP_531	F	27
DGRP_531	F	98
DGRP_531	F	101
DGRP_531	M	98
DGRP_531	M	136
DGRP_531	F	75
DGRP_531	F	98
DGRP_531	F	110
DGRP_531	M	102
DGRP_531	M	102
DGRP_531	M	108
DGRP_531	F	46
DGRP_531	F	101
DGRP_531	M	133
DGRP_531	M	136
DGRP_531	M	140
DGRP_531	F	38
DGRP_531	F	95
DGRP_531	F	101
DGRP_531	M	38
DGRP_531	M	76
DGRP_531	M	140
DGRP_531	F	75
DGRP_531	F	98
DGRP_531	F	122
DGRP_531	M	115
DGRP_531	M	122
DGRP_531	F	74
DGRP_531	F	88
DGRP_531	F	133
DGRP_531	M	59
DGRP_531	M	115
DGRP_531	M	133
DGRP_531	F	49
DGRP_531	F	80
DGRP_531	F	83
DGRP_531	M	108
DGRP_531	M	116
DGRP_531	M	133
DGRP_531	F	59
DGRP_531	F	98
DGRP_531	F	101
DGRP_531	M	90
DGRP_531	M	98
DGRP_531	M	98
DGRP_531	F	56
DGRP_531	F	70
DGRP_531	F	93
DGRP_531	M	91
DGRP_531	M	92
DGRP_531	M	92
DGRP_535	F	125
DGRP_535	F	133
DGRP_535	M	6
DGRP_535	M	68
DGRP_535	M	95
DGRP_535	F	96
DGRP_535	F	96
DGRP_535	F	102
DGRP_535	M	94
DGRP_535	M	95
DGRP_535	F	48
DGRP_535	F	53
DGRP_535	F	104
DGRP_535	M	95
DGRP_535	M	101
DGRP_535	M	102
DGRP_535	F	88
DGRP_535	F	117
DGRP_535	M	115
DGRP_535	M	115
DGRP_535	F	47
DGRP_535	F	60
DGRP_535	F	111
DGRP_535	M	83
DGRP_535	M	98
DGRP_535	F	59
DGRP_535	F	80
DGRP_535	F	115
DGRP_535	M	94
DGRP_535	M	101
DGRP_535	M	104
DGRP_535	F	46
DGRP_535	F	105
DGRP_535	F	130
DGRP_535	M	83
DGRP_535	M	83
DGRP_535	F	47
DGRP_535	F	54
DGRP_535	F	94
DGRP_535	M	10
DGRP_535	M	63
DGRP_535	M	105
DGRP_535	F	95
DGRP_535	F	102
DGRP_535	F	110
DGRP_535	M	87
DGRP_535	M	102
DGRP_535	M	102
DGRP_535	F	108
DGRP_535	F	111
DGRP_535	F	130
DGRP_535	M	82
DGRP_535	M	102
DGRP_535	F	41
DGRP_535	F	56
DGRP_535	F	83
DGRP_535	M	80
DGRP_535	M	98
DGRP_535	M	105
DGRP_535	F	56
DGRP_535	F	107
DGRP_535	F	127
DGRP_535	M	80
DGRP_535	M	102
DGRP_535	F	19
DGRP_535	F	46
DGRP_535	M	81
DGRP_535	M	98
DGRP_535	F	38
DGRP_535	F	80
DGRP_535	F	108
DGRP_535	M	4
DGRP_535	M	101
DGRP_535	F	45
DGRP_535	F	55
DGRP_535	F	98
DGRP_535	M	76
DGRP_535	M	84
DGRP_535	F	55
DGRP_535	F	76
DGRP_535	F	77
DGRP_535	M	38
DGRP_535	M	101
DGRP_535	F	34
DGRP_535	F	52
DGRP_535	F	55
DGRP_535	M	83
DGRP_535	M	87
DGRP_535	M	102
DGRP_535	F	35
DGRP_535	F	42
DGRP_535	F	66
DGRP_535	M	56
DGRP_535	M	67
DGRP_535	M	81
DGRP_535	F	38
DGRP_535	F	46
DGRP_535	F	98
DGRP_535	M	98
DGRP_535	M	98
DGRP_535	M	102
DGRP_535	F	31
DGRP_535	F	31
DGRP_535	F	103
DGRP_535	M	60
DGRP_535	M	66
DGRP_535	M	101
DGRP_535	F	69
DGRP_535	F	74
DGRP_535	M	83
DGRP_535	M	101
DGRP_535	M	101
DGRP_535	F	38
DGRP_535	F	56
DGRP_535	F	102
DGRP_535	M	73
DGRP_535	M	74
DGRP_535	F	31
DGRP_535	F	95
DGRP_535	F	98
DGRP_535	M	85
DGRP_535	M	85
DGRP_535	M	85
DGRP_555	F	68
DGRP_555	F	71
DGRP_555	F	74
DGRP_555	M	116
DGRP_555	M	117
DGRP_555	F	95
DGRP_555	F	112
DGRP_555	F	123
DGRP_555	M	74
DGRP_555	M	83
DGRP_555	F	62
DGRP_555	F	90
DGRP_555	M	9
DGRP_555	M	62
DGRP_555	M	90
DGRP_555	F	97
DGRP_555	F	123
DGRP_555	F	139
DGRP_555	M	97
DGRP_555	M	118
DGRP_555	M	119
DGRP_555	F	82
DGRP_555	F	102
DGRP_555	F	111
DGRP_555	M	97
DGRP_555	M	116
DGRP_555	F	74
DGRP_555	F	78
DGRP_555	F	88
DGRP_555	M	83
DGRP_555	M	84
DGRP_555	M	88
DGRP_555	F	89
DGRP_555	F	116
DGRP_555	M	11
DGRP_555	M	120
DGRP_555	M	124
DGRP_555	F	102
DGRP_555	F	126
DGRP_555	M	14
DGRP_555	M	83
DGRP_555	M	97
DGRP_555	F	92
DGRP_555	F	116
DGRP_555	M	6
DGRP_555	M	78
DGRP_555	M	92
DGRP_555	F	83
DGRP_555	F	95
DGRP_555	F	97
DGRP_555	M	95
DGRP_555	M	119
DGRP_555	M	132
DGRP_555	F	84
DGRP_555	F	95
DGRP_555	F	104
DGRP_555	M	95
DGRP_555	M	95
DGRP_555	F	12
DGRP_555	F	92
DGRP_555	F	105
DGRP_555	M	90
DGRP_555	M	95
DGRP_555	M	116
DGRP_555	F	32
DGRP_555	F	89
DGRP_555	F	103
DGRP_555	M	61
DGRP_555	M	103
DGRP_555	F	81
DGRP_555	F	90
DGRP_555	F	106
DGRP_555	M	81
DGRP_555	M	105
DGRP_555	M	106
DGRP_555	F	88
DGRP_555	F	90
DGRP_555	F	120
DGRP_555	M	61
DGRP_555	M	68
DGRP_555	M	92
DGRP_555	F	68
DGRP_555	F	74
DGRP_555	F	88
DGRP_555	M	84
DGRP_555	M	90
DGRP_555	M	111
DGRP_555	F	64
DGRP_555	F	90
DGRP_555	F	106
DGRP_555	M	82
DGRP_555	M	88
DGRP_555	M	90
DGRP_555	F	76
DGRP_555	F	78
DGRP_555	F	98
DGRP_555	M	116
DGRP_555	M	119
DGRP_555	M	130
DGRP_555	F	67
DGRP_555	F	103
DGRP_555	F	109
DGRP_555	M	67
DGRP_555	M	78
DGRP_555	M	103
DGRP_555	F	92
DGRP_555	F	96
DGRP_555	F	123
DGRP_555	M	88
DGRP_555	M	98
DGRP_555	M	99
DGRP_555	F	88
DGRP_555	F	98
DGRP_555	F	98
DGRP_555	M	69
DGRP_555	M	90
DGRP_555	M	95
DGRP_555	F	81
DGRP_555	F	90
DGRP_555	F	123
DGRP_555	M	90
DGRP_555	M	103
DGRP_555	M	124
DGRP_555	F	62
DGRP_555	F	81
DGRP_555	F	82
DGRP_555	M	76
DGRP_555	M	76
DGRP_555	M	92
DGRP_555	F	81
DGRP_555	F	90
DGRP_555	F	96
DGRP_555	M	84
DGRP_555	M	88
DGRP_555	M	112
DGRP_563	F	49
DGRP_563	F	63
DGRP_563	F	105
DGRP_563	M	45
DGRP_563	M	101
DGRP_563	F	115
DGRP_563	F	139
DGRP_563	M	45
DGRP_563	M	124
DGRP_563	M	124
DGRP_563	F	101
DGRP_563	F	103
DGRP_563	F	105
DGRP_563	M	42
DGRP_563	M	108
DGRP_563	M	132
DGRP_563	F	101
DGRP_563	F	103
DGRP_563	F	117
DGRP_563	M	48
DGRP_563	M	68
DGRP_563	F	60
DGRP_563	F	62
DGRP_563	F	83
DGRP_563	M	45
DGRP_563	M	119
DGRP_563	M	133
DGRP_563	F	42
DGRP_563	F	87
DGRP_563	M	45
DGRP_563	M	132
DGRP_563	F	45
DGRP_563	F	56
DGRP_563	F	87
DGRP_563	M	5
DGRP_563	M	112
DGRP_563	F	73
DGRP_563	F	91
DGRP_563	M	87
DGRP_563	M	94
DGRP_563	F	5
DGRP_563	F	98
DGRP_563	F	104
DGRP_563	M	45
DGRP_563	M	132
DGRP_563	M	133
DGRP_563	F	73
DGRP_563	F	74
DGRP_563	M	53
DGRP_563	M	101
DGRP_563	F	35
DGRP_563	F	67
DGRP_563	F	67
DGRP_563	M	92
DGRP_563	M	102
DGRP_563	M	114
DGRP_563	F	95
DGRP_563	F	106
DGRP_563	F	112
DGRP_563	M	49
DGRP_563	M	52
DGRP_563	M	121
DGRP_563	F	109
DGRP_563	F	111
DGRP_563	M	48
DGRP_563	M	82
DGRP_563	F	42
DGRP_563	F	74
DGRP_563	F	76
DGRP_563	M	45
DGRP_563	M	109
DGRP_563	M	109
DGRP_563	F	38
DGRP_563	F	52
DGRP_563	F	53
DGRP_563	M	56
DGRP_563	M	83
DGRP_563	M	98
DGRP_563	F	66
DGRP_563	F	75
DGRP_563	F	98
DGRP_563	M	45
DGRP_563	M	124
DGRP_563	M	140
DGRP_563	F	42
DGRP_563	F	76
DGRP_563	M	94
DGRP_563	M	98
DGRP_563	F	67
DGRP_563	F	73
DGRP_563	F	89
DGRP_563	M	80
DGRP_563	M	98
DGRP_563	F	34
DGRP_563	F	63
DGRP_563	F	66
DGRP_563	M	73
DGRP_563	M	88
DGRP_563	M	101
DGRP_563	F	27
DGRP_563	F	31
DGRP_563	F	73
DGRP_563	M	81
DGRP_563	M	109
DGRP_563	F	77
DGRP_563	F	89
DGRP_563	F	94
DGRP_563	M	39
DGRP_563	M	41
DGRP_563	M	133
DGRP_563	F	80
DGRP_563	F	87
DGRP_563	M	54
DGRP_563	M	103
DGRP_563	M	123
DGRP_563	F	27
DGRP_563	F	101
DGRP_563	F	109
DGRP_563	M	40
DGRP_563	M	47
DGRP_584	F	94
DGRP_584	F	106
DGRP_584	F	108
DGRP_584	M	106
DGRP_584	M	119
DGRP_584	F	66
DGRP_584	F	118
DGRP_584	M	131
DGRP_584	M	137
DGRP_584	F	95
DGRP_584	F	163
DGRP_584	M	132
DGRP_584	M	143
DGRP_584	F	90
DGRP_584	F	102
DGRP_584	M	122
DGRP_584	M	136
DGRP_584	F	94
DGRP_584	F	102
DGRP_584	M	133
DGRP_584	M	139
DGRP_584	F	80
DGRP_584	F	104
DGRP_584	M	102
DGRP_584	M	136
DGRP_584	F	25
DGRP_584	F	130
DGRP_584	M	112
DGRP_584	M	150
DGRP_584	M	174
DGRP_584	F	103
DGRP_584	F	109
DGRP_584	F	153
DGRP_584	M	156
DGRP_584	M	156
DGRP_584	F	100
DGRP_584	F	101
DGRP_584	M	135
DGRP_584	M	174
DGRP_584	F	66
DGRP_584	F	76
DGRP_584	M	66
DGRP_584	M	76
DGRP_584	F	93
DGRP_584	F	135
DGRP_584	F	156
DGRP_584	M	144
DGRP_584	M	144
DGRP_584	F	28
DGRP_584	F	73
DGRP_584	F	108
DGRP_584	M	110
DGRP_584	M	130
DGRP_584	M	144
DGRP_584	F	52
DGRP_584	F	60
DGRP_584	F	94
DGRP_584	M	119
DGRP_584	M	130
DGRP_584	M	132
DGRP_584	F	87
DGRP_584	F	101
DGRP_584	F	108
DGRP_584	M	132
DGRP_584	M	140
DGRP_584	M	147
DGRP_584	F	52
DGRP_584	F	55
DGRP_584	F	111
DGRP_584	M	115
DGRP_584	M	133
DGRP_584	M	136
DGRP_584	F	68
DGRP_584	F	82
DGRP_584	F	101
DGRP_584	M	129
DGRP_584	M	143
DGRP_584	F	49
DGRP_584	F	91
DGRP_584	F	122
DGRP_584	M	125
DGRP_584	M	153
DGRP_584	F	88
DGRP_584	F	115
DGRP_584	M	119
DGRP_584	M	122
DGRP_584	M	151
DGRP_584	F	73
DGRP_584	F	87
DGRP_584	M	112
DGRP_584	M	125
DGRP_584	M	150
DGRP_584	F	84
DGRP_584	F	88
DGRP_584	F	116
DGRP_584	M	98
DGRP_584	M	133
DGRP_584	M	137
DGRP_584	F	73
DGRP_584	F	102
DGRP_584	F	105
DGRP_584	M	80
DGRP_584	M	157
DGRP_589	F	73
DGRP_589	F	101
DGRP_589	F	103
DGRP_589	M	139
DGRP_589	M	143
DGRP_589	M	152
DGRP_589	F	88
DGRP_589	F	96
DGRP_589	F	118
DGRP_589	M	136
DGRP_589	M	139
DGRP_589	F	80
DGRP_589	F	130
DGRP_589	F	133
DGRP_589	M	89
DGRP_589	M	130
DGRP_589	F	87
DGRP_589	F	94
DGRP_589	M	94
DGRP_589	M	108
DGRP_589	M	125
DGRP_589	F	105
DGRP_589	F	119
DGRP_589	F	129
DGRP_589	M	52
DGRP_589	M	63
DGRP_589	M	123
DGRP_589	F	105
DGRP_589	F	119
DGRP_589	M	34
DGRP_589	M	80
DGRP_589	M	97
DGRP_589	F	112
DGRP_589	F	119
DGRP_589	M	80
DGRP_589	M	105
DGRP_589	M	126
DGRP_589	F	42
DGRP_589	F	112
DGRP_589	M	122
DGRP_589	M	146
DGRP_589	F	29
DGRP_589	F	126
DGRP_589	M	104
DGRP_589	M	119
DGRP_589	F	108
DGRP_589	F	116
DGRP_589	F	136
DGRP_589	M	129
DGRP_589	M	130
DGRP_589	M	157
DGRP_589	F	10
DGRP_589	F	119
DGRP_589	F	132
DGRP_589	M	80
DGRP_589	M	81
DGRP_589	F	73
DGRP_589	F	91
DGRP_589	F	101
DGRP_589	M	94
DGRP_589	M	94
DGRP_589	M	95
DGRP_589	F	31
DGRP_589	F	81
DGRP_589	F	109
DGRP_589	M	39
DGRP_589	M	76
DGRP_589	M	109
DGRP_589	F	95
DGRP_589	F	109
DGRP_589	M	59
DGRP_589	M	77
DGRP_589	M	83
DGRP_589	F	68
DGRP_589	F	76
DGRP_589	F	108
DGRP_589	M	77
DGRP_589	M	108
DGRP_589	M	109
DGRP_589	F	56
DGRP_589	F	124
DGRP_589	F	133
DGRP_589	M	87
DGRP_589	M	101
DGRP_589	F	108
DGRP_589	F	122
DGRP_589	F	124
DGRP_589	M	34
DGRP_589	M	63
DGRP_589	M	110
DGRP_589	F	115
DGRP_589	F	122
DGRP_589	F	129
DGRP_589	M	39
DGRP_589	M	77
DGRP_589	M	81
DGRP_589	F	33
DGRP_589	F	94
DGRP_589	F	108
DGRP_589	M	94
DGRP_589	M	108
DGRP_589	M	109
DGRP_589	F	31
DGRP_589	F	94
DGRP_589	F	125
DGRP_589	M	31
DGRP_589	M	91
DGRP_589	M	108
DGRP_589	F	103
DGRP_589	F	129
DGRP_589	M	35
DGRP_589	M	68
DGRP_589	M	125
DGRP_589	F	94
DGRP_589	F	104
DGRP_589	F	109
DGRP_589	M	91
DGRP_589	M	108
DGRP_595	F	56
DGRP_595	F	73
DGRP_595	F	87
DGRP_595	M	91
DGRP_595	M	116
DGRP_595	F	49
DGRP_595	F	63
DGRP_595	F	89
DGRP_595	M	112
DGRP_595	M	129
DGRP_595	F	19
DGRP_595	F	98
DGRP_595	M	45
DGRP_595	M	102
DGRP_595	F	84
DGRP_595	F	109
DGRP_595	M	38
DGRP_595	M	53
DGRP_595	M	97
DGRP_595	F	25
DGRP_595	F	69
DGRP_595	F	185
DGRP_595	M	80
DGRP_595	M	80
DGRP_595	M	130
DGRP_595	F	29
DGRP_595	F	31
DGRP_595	F	52
DGRP_595	M	25
DGRP_595	M	101
DGRP_595	M	109
DGRP_595	F	32
DGRP_595	F	82
DGRP_595	F	105
DGRP_595	M	68
DGRP_595	M	108
DGRP_595	M	111
DGRP_595	F	26
DGRP_595	F	105
DGRP_595	M	101
DGRP_595	M	122
DGRP_595	F	38
DGRP_595	F	63
DGRP_595	M	91
DGRP_595	M	98
DGRP_595	F	40
DGRP_595	F	69
DGRP_595	F	80
DGRP_595	M	87
DGRP_595	M	88
DGRP_595	F	20
DGRP_595	F	75
DGRP_595	F	122
DGRP_595	M	96
DGRP_595	M	109
DGRP_595	F	7
DGRP_595	F	82
DGRP_595	F	88
DGRP_595	M	89
DGRP_595	M	101
DGRP_595	F	76
DGRP_595	F	94
DGRP_595	M	52
DGRP_595	M	76
DGRP_595	F	52
DGRP_595	F	69
DGRP_595	F	91
DGRP_595	M	53
DGRP_595	M	83
DGRP_595	M	84
DGRP_595	F	10
DGRP_595	F	91
DGRP_595	F	91
DGRP_595	M	91
DGRP_595	M	91
DGRP_595	F	10
DGRP_595	F	21
DGRP_595	F	41
DGRP_595	M	41
DGRP_595	M	94
DGRP_595	M	123
DGRP_595	F	5
DGRP_595	F	53
DGRP_595	F	94
DGRP_595	M	35
DGRP_595	M	53
DGRP_595	M	53
DGRP_595	F	18
DGRP_595	F	20
DGRP_595	F	70
DGRP_595	M	73
DGRP_595	M	75
DGRP_595	M	97
DGRP_595	F	5
DGRP_595	F	31
DGRP_595	F	39
DGRP_595	M	27
DGRP_595	M	33
DGRP_595	M	97
DGRP_595	F	31
DGRP_595	F	66
DGRP_595	F	104
DGRP_595	M	32
DGRP_595	M	101
DGRP_595	F	59
DGRP_595	F	63
DGRP_595	M	73
DGRP_595	M	118
DGRP_595	F	17
DGRP_595	F	42
DGRP_595	F	89
DGRP_595	M	17
DGRP_595	M	89
DGRP_595	M	94
DGRP_595	F	45
DGRP_595	F	66
DGRP_595	F	75
DGRP_595	M	66
DGRP_595	M	69
DGRP_595	M	118
DGRP_639	F	19
DGRP_639	F	78
DGRP_639	F	81
DGRP_639	M	9
DGRP_639	M	56
DGRP_639	M	81
DGRP_639	F	92
DGRP_639	F	95
DGRP_639	F	111
DGRP_639	M	95
DGRP_639	M	102
DGRP_639	F	47
DGRP_639	F	69
DGRP_639	M	48
DGRP_639	M	75
DGRP_639	M	113
DGRP_639	F	36
DGRP_639	F	74
DGRP_639	F	81
DGRP_639	M	61
DGRP_639	M	92
DGRP_639	F	46
DGRP_639	F	74
DGRP_639	F	116
DGRP_639	M	11
DGRP_639	M	92
DGRP_639	M	95
DGRP_639	F	25
DGRP_639	F	60
DGRP_639	F	92
DGRP_639	M	92
DGRP_639	M	111
DGRP_639	M	137
DGRP_639	F	78
DGRP_639	F	82
DGRP_639	F	90
DGRP_639	M	74
DGRP_639	M	95
DGRP_639	F	12
DGRP_639	F	48
DGRP_639	F	90
DGRP_639	M	92
DGRP_639	M	104
DGRP_639	M	123
DGRP_639	F	41
DGRP_639	F	62
DGRP_639	F	74
DGRP_639	M	55
DGRP_639	M	56
DGRP_639	M	104
DGRP_639	F	60
DGRP_639	F	67
DGRP_639	F	74
DGRP_639	M	90
DGRP_639	M	90
DGRP_639	F	64
DGRP_639	F	83
DGRP_639	F	96
DGRP_639	M	56
DGRP_639	M	60
DGRP_639	F	11
DGRP_639	F	56
DGRP_639	F	99
DGRP_639	M	75
DGRP_639	M	104
DGRP_639	M	120
DGRP_639	F	64
DGRP_639	F	81
DGRP_639	F	96
DGRP_639	M	69
DGRP_639	M	71
DGRP_639	M	89
DGRP_639	F	39
DGRP_639	F	64
DGRP_639	F	64
DGRP_639	M	109
DGRP_639	M	119
DGRP_639	M	123
DGRP_639	F	54
DGRP_639	F	74
DGRP_639	M	12
DGRP_639	M	74
DGRP_639	F	1
DGRP_639	F	82
DGRP_639	F	90
DGRP_639	M	82
DGRP_639	M	98
DGRP_639	M	112
DGRP_639	F	53
DGRP_639	F	88
DGRP_639	F	117
DGRP_639	M	12
DGRP_639	M	84
DGRP_639	M	106
DGRP_639	F	4
DGRP_639	F	53
DGRP_639	F	82
DGRP_639	M	1
DGRP_639	M	54
DGRP_639	M	67
DGRP_639	F	57
DGRP_639	F	61
DGRP_639	F	64
DGRP_639	M	55
DGRP_639	M	75
DGRP_639	M	103
DGRP_639	F	53
DGRP_639	F	53
DGRP_639	F	67
DGRP_639	M	96
DGRP_639	M	105
DGRP_639	M	110
DGRP_639	F	46
DGRP_639	F	61
DGRP_639	F	90
DGRP_639	M	18
DGRP_639	M	95
DGRP_639	M	99
DGRP_639	F	53
DGRP_639	F	98
DGRP_639	F	113
DGRP_639	M	54
DGRP_639	M	98
DGRP_639	M	109
DGRP_639	F	43
DGRP_639	F	62
DGRP_639	F	71
DGRP_639	M	70
DGRP_639	M	82
DGRP_639	M	95
DGRP_639	F	55
DGRP_639	F	57
DGRP_639	F	138
DGRP_639	M	11
DGRP_639	M	32
DGRP_639	M	96
DGRP_642	F	77
DGRP_642	F	84
DGRP_642	F	87
DGRP_642	M	14
DGRP_642	M	74
DGRP_642	M	109
DGRP_642	F	12
DGRP_642	F	101
DGRP_642	F	112
DGRP_642	M	59
DGRP_642	M	73
DGRP_642	F	18
DGRP_642	F	42
DGRP_642	M	35
DGRP_642	M	35
DGRP_642	M	111
DGRP_642	F	24
DGRP_642	F	74
DGRP_642	F	94
DGRP_642	M	33
DGRP_642	M	66
DGRP_642	F	54
DGRP_642	F	73
DGRP_642	F	94
DGRP_642	M	66
DGRP_642	M	73
DGRP_642	M	98
DGRP_642	F	88
DGRP_642	F	102
DGRP_642	M	56
DGRP_642	M	82
DGRP_642	M	102
DGRP_642	F	70
DGRP_642	F	70
DGRP_642	F	98
DGRP_642	M	85
DGRP_642	M	98
DGRP_642	M	99
DGRP_642	F	32
DGRP_642	F	60
DGRP_642	F	71
DGRP_642	M	70
DGRP_642	M	98
DGRP_642	M	126
DGRP_642	F	47
DGRP_642	F	63
DGRP_642	F	69
DGRP_642	M	52
DGRP_642	M	60
DGRP_642	M	68
DGRP_642	F	12
DGRP_642	F	69
DGRP_642	F	76
DGRP_642	M	17
DGRP_642	M	74
DGRP_642	M	76
DGRP_642	F	31
DGRP_642	F	80
DGRP_642	M	53
DGRP_642	M	74
DGRP_642	F	24
DGRP_642	F	73
DGRP_642	F	76
DGRP_642	M	49
DGRP_642	M	73
DGRP_642	F	77
DGRP_642	F	79
DGRP_642	F	87
DGRP_642	M	55
DGRP_642	M	90
DGRP_642	F	53
DGRP_642	F	67
DGRP_642	F	109
DGRP_642	M	53
DGRP_642	M	55
DGRP_642	M	73
DGRP_642	F	46
DGRP_642	F	52
DGRP_642	F	53
DGRP_642	M	53
DGRP_642	M	81
DGRP_642	M	94
DGRP_642	F	31
DGRP_642	F	56
DGRP_642	F	73
DGRP_642	M	52
DGRP_642	M	123
DGRP_642	F	60
DGRP_642	F	73
DGRP_642	F	74
DGRP_642	M	81
DGRP_642	M	115
DGRP_642	M	124
DGRP_642	F	32
DGRP_642	F	35
DGRP_642	F	48
DGRP_642	M	38
DGRP_642	M	49
DGRP_642	F	38
DGRP_642	F	84
DGRP_642	F	91
DGRP_642	M	52
DGRP_642	M	63
DGRP_642	M	96
DGRP_642	F	37
DGRP_642	F	51
DGRP_642	F	65
DGRP_642	M	77
DGRP_642	M	78
DGRP_642	M	78
DGRP_642	F	73
DGRP_642	F	77
DGRP_642	F	77
DGRP_642	M	21
DGRP_642	M	33
DGRP_642	F	24
DGRP_642	F	25
DGRP_642	F	73
DGRP_642	M	25
DGRP_642	M	35
DGRP_642	M	35
DGRP_642	F	59
DGRP_642	F	81
DGRP_642	F	84
DGRP_642	M	56
DGRP_642	M	56
DGRP_642	M	56
DGRP_642	F	14
DGRP_642	F	24
DGRP_642	F	56
DGRP_642	M	46
DGRP_642	M	90
DGRP_642	M	125
DGRP_646	F	101
DGRP_646	F	102
DGRP_646	M	125
DGRP_646	M	126
DGRP_646	M	144
DGRP_646	F	39
DGRP_646	F	111
DGRP_646	F	136
DGRP_646	M	95
DGRP_646	M	95
DGRP_646	M	95
DGRP_646	F	103
DGRP_646	F	126
DGRP_646	M	42
DGRP_646	M	82
DGRP_646	M	82
DGRP_646	F	17
DGRP_646	F	52
DGRP_646	F	132
DGRP_646	M	17
DGRP_646	M	80
DGRP_646	M	123
DGRP_646	F	101
DGRP_646	F	150
DGRP_646	M	81
DGRP_646	M	150
DGRP_646	F	130
DGRP_646	F	157
DGRP_646	M	80
DGRP_646	M	80
DGRP_646	F	53
DGRP_646	F	60
DGRP_646	M	80
DGRP_646	M	133
DGRP_646	F	7
DGRP_646	F	10
DGRP_646	M	73
DGRP_646	M	76
DGRP_646	M	146
DGRP_646	F	53
DGRP_646	F	96
DGRP_646	M	95
DGRP_646	M	123
DGRP_646	M	129
DGRP_646	F	10
DGRP_646	F	49
DGRP_646	F	60
DGRP_646	M	119
DGRP_646	M	119
DGRP_646	F	59
DGRP_646	F	130
DGRP_646	M	81
DGRP_646	M	88
DGRP_646	F	18
DGRP_646	F	91
DGRP_646	F	118
DGRP_646	M	98
DGRP_646	M	101
DGRP_646	F	31
DGRP_646	F	69
DGRP_646	F	122
DGRP_646	M	91
DGRP_646	M	108
DGRP_646	M	109
DGRP_646	F	108
DGRP_646	F	153
DGRP_646	M	32
DGRP_646	M	94
DGRP_646	F	31
DGRP_646	F	76
DGRP_646	F	126
DGRP_646	M	3
DGRP_646	M	59
DGRP_646	M	122
DGRP_646	F	62
DGRP_646	F	137
DGRP_646	F	137
DGRP_646	M	66
DGRP_646	M	67
DGRP_646	F	53
DGRP_646	F	122
DGRP_646	F	171
DGRP_646	M	91
DGRP_646	M	108
DGRP_646	M	108
DGRP_646	F	95
DGRP_646	F	136
DGRP_646	M	3
DGRP_646	M	87
DGRP_646	M	94
DGRP_646	F	77
DGRP_646	F	84
DGRP_646	F	91
DGRP_646	M	76
DGRP_646	M	84
DGRP_646	M	94
DGRP_646	F	126
DGRP_646	F	126
DGRP_646	F	129
DGRP_646	M	28
DGRP_646	M	108
DGRP_646	M	125
DGRP_646	F	10
DGRP_646	F	49
DGRP_646	F	97
DGRP_646	M	81
DGRP_646	M	91
DGRP_646	M	123
DGRP_646	F	21
DGRP_646	F	24
DGRP_646	F	108
DGRP_646	M	105
DGRP_646	M	129
DGRP_646	F	3
DGRP_646	F	94
DGRP_646	F	97
DGRP_646	M	34
DGRP_646	M	101
DGRP_646	M	102
DGRP_703	F	39
DGRP_703	F	59
DGRP_703	F	61
DGRP_703	M	76
DGRP_703	M	81
DGRP_703	F	26
DGRP_703	F	46
DGRP_703	M	59
DGRP_703	M	73
DGRP_703	F	60
DGRP_703	F	66
DGRP_703	F	75
DGRP_703	M	52
DGRP_703	M	59
DGRP_703	M	69
DGRP_703	F	61
DGRP_703	F	80
DGRP_703	F	82
DGRP_703	M	56
DGRP_703	M	74
DGRP_703	F	87
DGRP_703	F	88
DGRP_703	M	73
DGRP_703	M	75
DGRP_703	M	96
DGRP_703	F	40
DGRP_703	F	66
DGRP_703	F	73
DGRP_703	M	54
DGRP_703	M	56
DGRP_703	M	81
DGRP_703	F	46
DGRP_703	F	56
DGRP_703	F	66
DGRP_703	M	52
DGRP_703	M	59
DGRP_703	M	63
DGRP_703	F	77
DGRP_703	F	81
DGRP_703	M	81
DGRP_703	M	82
DGRP_703	M	101
DGRP_703	F	54
DGRP_703	F	75
DGRP_703	F	83
DGRP_703	M	53
DGRP_703	M	66
DGRP_703	M	80
DGRP_703	F	66
DGRP_703	F	80
DGRP_703	M	63
DGRP_703	M	66
DGRP_703	M	73
DGRP_703	F	24
DGRP_703	F	54
DGRP_703	F	73
DGRP_703	M	69
DGRP_703	M	82
DGRP_703	M	91
DGRP_703	F	46
DGRP_703	F	69
DGRP_703	F	88
DGRP_703	M	56
DGRP_703	M	66
DGRP_703	F	59
DGRP_703	F	62
DGRP_703	F	83
DGRP_703	M	3
DGRP_703	M	66
DGRP_703	F	60
DGRP_703	F	73
DGRP_703	F	73
DGRP_703	M	63
DGRP_703	M	67
DGRP_703	M	70
DGRP_703	F	27
DGRP_703	F	61
DGRP_703	F	69
DGRP_703	M	55
DGRP_703	M	61
DGRP_703	M	77
DGRP_703	F	45
DGRP_703	F	49
DGRP_703	F	84
DGRP_703	M	52
DGRP_703	M	53
DGRP_703	M	69
DGRP_703	F	46
DGRP_703	F	81
DGRP_703	F	91
DGRP_703	M	38
DGRP_703	M	73
DGRP_703	M	75
DGRP_703	F	35
DGRP_703	F	73
DGRP_703	F	91
DGRP_703	M	56
DGRP_703	M	60
DGRP_703	F	73
DGRP_703	F	74
DGRP_703	M	59
DGRP_703	M	62
DGRP_703	M	91
DGRP_703	F	66
DGRP_703	F	66
DGRP_703	F	81
DGRP_703	M	66
DGRP_703	M	74
DGRP_703	M	76
DGRP_703	F	54
DGRP_703	F	76
DGRP_703	F	80
DGRP_703	M	68
DGRP_703	M	76
DGRP_703	M	77
DGRP_703	F	38
DGRP_703	F	54
DGRP_703	F	91
DGRP_703	M	49
DGRP_703	M	63
DGRP_703	M	66
DGRP_703	F	31
DGRP_703	F	66
DGRP_703	F	75
DGRP_703	M	38
DGRP_703	M	66
DGRP_703	M	66
DGRP_703	F	63
DGRP_703	F	82
DGRP_703	M	52
DGRP_703	M	67
DGRP_705	F	75
DGRP_705	F	143
DGRP_705	M	101
DGRP_705	M	165
DGRP_705	F	19
DGRP_705	F	131
DGRP_705	M	10
DGRP_705	M	151
DGRP_705	M	173
DGRP_705	F	62
DGRP_705	F	66
DGRP_705	F	91
DGRP_705	M	108
DGRP_705	M	157
DGRP_705	F	73
DGRP_705	F	103
DGRP_705	F	108
DGRP_705	M	125
DGRP_705	M	182
DGRP_705	F	31
DGRP_705	F	38
DGRP_705	F	70
DGRP_705	M	178
DGRP_705	M	178
DGRP_705	F	25
DGRP_705	F	75
DGRP_705	F	140
DGRP_705	M	122
DGRP_705	M	123
DGRP_705	M	175
DGRP_705	F	45
DGRP_705	F	96
DGRP_705	M	66
DGRP_705	M	178
DGRP_705	F	47
DGRP_705	F	54
DGRP_705	F	59
DGRP_705	M	163
DGRP_705	M	164
DGRP_705	M	164
DGRP_705	F	7
DGRP_705	F	54
DGRP_705	F	59
DGRP_705	M	168
DGRP_705	M	178
DGRP_705	F	40
DGRP_705	F	137
DGRP_705	F	140
DGRP_705	M	96
DGRP_705	M	150
DGRP_705	F	27
DGRP_705	F	53
DGRP_705	F	89
DGRP_705	M	118
DGRP_705	M	150
DGRP_705	M	180
DGRP_705	F	46
DGRP_705	F	84
DGRP_705	F	94
DGRP_705	M	134
DGRP_705	M	151
DGRP_705	F	39
DGRP_705	F	56
DGRP_705	F	70
DGRP_705	M	76
DGRP_705	M	144
DGRP_705	M	185
DGRP_705	F	17
DGRP_705	F	74
DGRP_705	M	17
DGRP_705	M	122
DGRP_705	M	144
DGRP_705	F	52
DGRP_705	F	52
DGRP_705	M	52
DGRP_705	M	88
DGRP_705	M	101
DGRP_705	F	117
DGRP_705	F	117
DGRP_705	F	139
DGRP_705	M	68
DGRP_705	M	166
DGRP_705	M	166
DGRP_705	F	122
DGRP_705	F	137
DGRP_705	F	145
DGRP_705	M	87
DGRP_705	M	172
DGRP_705	M	178
DGRP_705	F	77
DGRP_705	F	111
DGRP_705	F	112
DGRP_705	M	132
DGRP_705	M	152
DGRP_705	M	172
DGRP_705	F	103
DGRP_705	F	109
DGRP_705	F	112
DGRP_705	M	111
DGRP_705	M	123
DGRP_705	M	136
DGRP_705	F	94
DGRP_705	F	102
DGRP_705	F	108
DGRP_705	M	137
DGRP_705	M	151
DGRP_705	M	165
DGRP_705	F	132
DGRP_705	F	151
DGRP_705	M	151
DGRP_705	M	151
DGRP_705	F	27
DGRP_705	F	81
DGRP_705	F	138
DGRP_705	M	32
DGRP_705	M	126
DGRP_705	M	186
DGRP_705	F	81
DGRP_705	F	81
DGRP_705	F	101
DGRP_705	M	101
DGRP_705	M	117
DGRP_705	M	119
DGRP_707	F	81
DGRP_707	F	109
DGRP_707	F	123
DGRP_707	M	78
DGRP_707	M	81
DGRP_707	F	74
DGRP_707	F	81
DGRP_707	F	105
DGRP_707	M	42
DGRP_707	M	106
DGRP_707	F	4
DGRP_707	F	62
DGRP_707	F	111
DGRP_707	M	116
DGRP_707	M	118
DGRP_707	F	56
DGRP_707	F	74
DGRP_707	M	102
DGRP_707	M	141
DGRP_707	F	4
DGRP_707	F	56
DGRP_707	F	124
DGRP_707	M	102
DGRP_707	M	127
DGRP_707	F	62
DGRP_707	F	90
DGRP_707	M	67
DGRP_707	M	75
DGRP_707	F	4
DGRP_707	F	60
DGRP_707	F	70
DGRP_707	M	60
DGRP_707	M	95
DGRP_707	F	74
DGRP_707	F	109
DGRP_707	F	123
DGRP_707	M	133
DGRP_707	M	134
DGRP_707	F	6
DGRP_707	F	71
DGRP_707	F	75
DGRP_707	M	113
DGRP_707	M	123
DGRP_707	F	60
DGRP_707	F	74
DGRP_707	F	123
DGRP_707	M	68
DGRP_707	M	69
DGRP_707	M	71
DGRP_707	F	57
DGRP_707	F	60
DGRP_707	F	71
DGRP_707	M	109
DGRP_707	M	125
DGRP_707	M	140
DGRP_707	F	61
DGRP_707	F	68
DGRP_707	F	70
DGRP_707	M	68
DGRP_707	M	98
DGRP_707	M	105
DGRP_707	F	70
DGRP_707	F	74
DGRP_707	F	103
DGRP_707	M	6
DGRP_707	M	43
DGRP_707	M	141
DGRP_707	F	8
DGRP_707	F	47
DGRP_707	F	109
DGRP_707	M	82
DGRP_707	M	96
DGRP_707	M	148
DGRP_707	F	67
DGRP_707	F	78
DGRP_707	F	99
DGRP_707	M	81
DGRP_707	M	139
DGRP_707	F	4
DGRP_707	F	61
DGRP_707	F	61
DGRP_707	M	61
DGRP_707	M	144
DGRP_707	F	57
DGRP_707	F	61
DGRP_707	F	82
DGRP_707	M	133
DGRP_707	M	139
DGRP_707	M	144
DGRP_707	F	61
DGRP_707	F	99
DGRP_707	F	103
DGRP_707	M	5
DGRP_707	M	26
DGRP_707	M	78
DGRP_707	F	67
DGRP_707	F	92
DGRP_707	M	67
DGRP_707	M	113
DGRP_707	F	1
DGRP_707	F	4
DGRP_707	F	109
DGRP_707	M	64
DGRP_707	M	71
DGRP_707	F	5
DGRP_707	F	92
DGRP_707	F	103
DGRP_707	M	127
DGRP_707	M	131
DGRP_707	M	141
DGRP_707	F	6
DGRP_707	F	54
DGRP_707	F	81
DGRP_707	M	127
DGRP_707	M	148
DGRP_707	F	53
DGRP_707	F	53
DGRP_707	F	53
DGRP_707	M	53
DGRP_707	M	53
DGRP_707	M	76
DGRP_712	F	75
DGRP_712	F	105
DGRP_712	F	111
DGRP_712	M	92
DGRP_712	M	106
DGRP_712	M	119
DGRP_712	F	49
DGRP_712	F	53
DGRP_712	F	120
DGRP_712	M	49
DGRP_712	M	75
DGRP_712	M	78
DGRP_712	F	111
DGRP_712	F	123
DGRP_712	F	130
DGRP_712	M	78
DGRP_712	M	104
DGRP_712	M	137
DGRP_712	F	32
DGRP_712	F	111
DGRP_712	F	111
DGRP_712	M	74
DGRP_712	M	95
DGRP_712	M	131
DGRP_712	F	53
DGRP_712	F	123
DGRP_712	F	124
DGRP_712	M	75
DGRP_712	M	90
DGRP_712	M	130
DGRP_712	F	32
DGRP_712	F	78
DGRP_712	F	131
DGRP_712	M	60
DGRP_712	M	88
DGRP_712	M	125
DGRP_712	F	48
DGRP_712	F	53
DGRP_712	F	60
DGRP_712	M	111
DGRP_712	M	137
DGRP_712	M	137
DGRP_712	F	67
DGRP_712	F	69
DGRP_712	F	95
DGRP_712	M	123
DGRP_712	M	123
DGRP_712	M	130
DGRP_712	F	67
DGRP_712	F	112
DGRP_712	F	123
DGRP_712	M	68
DGRP_712	M	92
DGRP_712	M	123
DGRP_712	F	82
DGRP_712	F	85
DGRP_712	F	120
DGRP_712	M	4
DGRP_712	M	111
DGRP_712	M	127
DGRP_712	F	35
DGRP_712	F	97
DGRP_712	M	123
DGRP_712	M	137
DGRP_712	F	57
DGRP_712	F	70
DGRP_712	F	84
DGRP_712	M	89
DGRP_712	M	90
DGRP_712	M	92
DGRP_712	F	56
DGRP_712	F	68
DGRP_712	F	85
DGRP_712	M	84
DGRP_712	M	105
DGRP_712	M	106
DGRP_712	F	82
DGRP_712	F	103
DGRP_712	F	117
DGRP_712	M	43
DGRP_712	M	92
DGRP_712	M	148
DGRP_712	F	61
DGRP_712	F	71
DGRP_712	F	110
DGRP_712	M	103
DGRP_712	M	110
DGRP_712	F	74
DGRP_712	F	105
DGRP_712	F	109
DGRP_712	M	103
DGRP_712	M	139
DGRP_712	M	141
DGRP_712	F	57
DGRP_712	F	98
DGRP_712	M	12
DGRP_712	M	131
DGRP_712	F	92
DGRP_712	F	92
DGRP_712	M	74
DGRP_712	M	90
DGRP_712	M	92
DGRP_712	F	110
DGRP_712	F	111
DGRP_712	F	117
DGRP_712	M	84
DGRP_712	M	105
DGRP_712	M	112
DGRP_712	F	43
DGRP_712	F	54
DGRP_712	F	116
DGRP_712	M	12
DGRP_712	M	74
DGRP_712	M	81
DGRP_712	F	67
DGRP_712	F	76
DGRP_712	F	103
DGRP_712	M	103
DGRP_712	M	105
DGRP_712	F	69
DGRP_712	F	116
DGRP_712	F	130
DGRP_712	M	69
DGRP_712	M	105
DGRP_712	M	139
DGRP_712	F	96
DGRP_712	F	98
DGRP_712	F	123
DGRP_712	M	92
DGRP_712	M	98
DGRP_712	M	125
DGRP_712	F	74
DGRP_712	F	96
DGRP_712	F	99
DGRP_712	M	76
DGRP_712	M	84
DGRP_712	M	130
DGRP_714	F	74
DGRP_714	F	158
DGRP_714	F	158
DGRP_714	M	68
DGRP_714	M	152
DGRP_714	M	172
DGRP_714	F	97
DGRP_714	F	123
DGRP_714	F	126
DGRP_714	M	151
DGRP_714	M	151
DGRP_714	F	67
DGRP_714	F	119
DGRP_714	F	137
DGRP_714	M	123
DGRP_714	M	162
DGRP_714	F	113
DGRP_714	F	133
DGRP_714	F	182
DGRP_714	M	109
DGRP_714	M	134
DGRP_714	M	145
DGRP_714	F	99
DGRP_714	F	158
DGRP_714	F	158
DGRP_714	M	9
DGRP_714	M	131
DGRP_714	M	134
DGRP_714	F	89
DGRP_714	F	119
DGRP_714	F	123
DGRP_714	M	32
DGRP_714	M	102
DGRP_714	M	104
DGRP_714	F	18
DGRP_714	F	144
DGRP_714	M	126
DGRP_714	M	165
DGRP_714	F	89
DGRP_714	F	160
DGRP_714	F	162
DGRP_714	M	139
DGRP_714	M	153
DGRP_714	M	160
DGRP_714	F	99
DGRP_714	F	116
DGRP_714	F	137
DGRP_714	M	29
DGRP_714	M	123
DGRP_714	M	160
DGRP_714	F	82
DGRP_714	F	98
DGRP_714	M	82
DGRP_714	M	117
DGRP_714	M	158
DGRP_714	F	123
DGRP_714	F	126
DGRP_714	M	137
DGRP_714	M	139
DGRP_714	M	165
DGRP_714	F	98
DGRP_714	F	104
DGRP_714	F	132
DGRP_714	M	124
DGRP_714	M	131
DGRP_714	M	175
DGRP_714	F	81
DGRP_714	F	99
DGRP_714	F	141
DGRP_714	M	82
DGRP_714	M	130
DGRP_714	M	139
DGRP_714	F	46
DGRP_714	F	103
DGRP_714	F	106
DGRP_714	M	54
DGRP_714	M	103
DGRP_714	M	127
DGRP_714	F	120
DGRP_714	F	141
DGRP_714	F	144
DGRP_714	M	82
DGRP_714	M	103
DGRP_714	M	137
DGRP_714	F	137
DGRP_714	F	146
DGRP_714	F	165
DGRP_714	M	53
DGRP_714	M	123
DGRP_714	M	131
DGRP_714	F	55
DGRP_714	F	95
DGRP_714	F	127
DGRP_714	M	103
DGRP_714	M	103
DGRP_714	M	130
DGRP_714	F	90
DGRP_714	F	103
DGRP_714	M	92
DGRP_714	M	98
DGRP_714	M	127
DGRP_714	F	123
DGRP_714	F	132
DGRP_714	F	137
DGRP_714	M	68
DGRP_714	M	113
DGRP_714	M	172
DGRP_714	F	56
DGRP_714	F	88
DGRP_714	F	109
DGRP_714	M	159
DGRP_714	M	159
DGRP_714	M	162
DGRP_714	F	127
DGRP_714	F	132
DGRP_714	F	134
DGRP_714	M	130
DGRP_714	M	132
DGRP_714	F	70
DGRP_714	F	96
DGRP_714	F	103
DGRP_714	M	1
DGRP_714	M	83
DGRP_714	M	95
DGRP_714	F	35
DGRP_714	F	64
DGRP_714	F	92
DGRP_714	M	92
DGRP_714	M	95
DGRP_714	M	95
DGRP_714	F	89
DGRP_714	F	92
DGRP_714	F	92
DGRP_714	M	22
DGRP_714	M	57
DGRP_714	M	92
DGRP_716	F	129
DGRP_716	F	132
DGRP_716	M	129
DGRP_716	M	146
DGRP_716	M	177
DGRP_716	F	126
DGRP_716	F	157
DGRP_716	M	17
DGRP_716	M	147
DGRP_716	F	98
DGRP_716	F	157
DGRP_716	M	157
DGRP_716	M	158
DGRP_716	F	137
DGRP_716	F	153
DGRP_716	F	157
DGRP_716	M	150
DGRP_716	M	157
DGRP_716	M	157
DGRP_716	F	124
DGRP_716	F	143
DGRP_716	M	158
DGRP_716	M	158
DGRP_716	F	133
DGRP_716	F	150
DGRP_716	M	130
DGRP_716	M	152
DGRP_716	M	157
DGRP_716	F	47
DGRP_716	F	80
DGRP_716	M	157
DGRP_716	M	157
DGRP_716	M	166
DGRP_716	F	129
DGRP_716	F	130
DGRP_716	M	132
DGRP_716	M	144
DGRP_716	M	153
DGRP_716	F	139
DGRP_716	F	140
DGRP_716	M	122
DGRP_716	M	150
DGRP_716	M	157
DGRP_716	F	110
DGRP_716	F	122
DGRP_716	F	132
DGRP_716	M	129
DGRP_716	M	159
DGRP_716	F	139
DGRP_716	F	153
DGRP_716	F	157
DGRP_716	M	132
DGRP_716	M	150
DGRP_716	M	152
DGRP_716	F	129
DGRP_716	F	136
DGRP_716	F	160
DGRP_716	M	130
DGRP_716	M	132
DGRP_716	F	129
DGRP_716	F	133
DGRP_716	F	133
DGRP_716	M	129
DGRP_716	M	133
DGRP_716	F	110
DGRP_716	F	117
DGRP_716	F	122
DGRP_716	M	110
DGRP_716	M	117
DGRP_716	M	160
DGRP_716	F	101
DGRP_716	F	122
DGRP_716	F	124
DGRP_716	M	108
DGRP_716	M	129
DGRP_716	F	5
DGRP_716	F	117
DGRP_716	F	122
DGRP_716	M	108
DGRP_716	M	122
DGRP_716	M	123
DGRP_716	F	103
DGRP_716	F	143
DGRP_716	M	103
DGRP_716	M	109
DGRP_716	F	122
DGRP_716	F	122
DGRP_716	M	108
DGRP_716	M	158
DGRP_716	F	118
DGRP_716	F	136
DGRP_716	F	147
DGRP_716	M	118
DGRP_716	M	124
DGRP_716	M	130
DGRP_716	F	122
DGRP_716	F	133
DGRP_716	F	147
DGRP_716	M	126
DGRP_716	M	147
DGRP_716	F	123
DGRP_716	F	130
DGRP_716	F	136
DGRP_716	M	112
DGRP_716	M	122
DGRP_716	M	130
DGRP_716	F	81
DGRP_716	F	125
DGRP_716	F	125
DGRP_716	M	122
DGRP_716	M	126
DGRP_716	M	133
DGRP_727	F	35
DGRP_727	F	47
DGRP_727	F	73
DGRP_727	M	11
DGRP_727	M	60
DGRP_727	M	73
DGRP_727	F	70
DGRP_727	F	74
DGRP_727	F	74
DGRP_727	M	11
DGRP_727	M	18
DGRP_727	M	73
DGRP_727	F	63
DGRP_727	F	66
DGRP_727	F	66
DGRP_727	M	45
DGRP_727	M	66
DGRP_727	M	66
DGRP_727	F	31
DGRP_727	F	63
DGRP_727	M	67
DGRP_727	M	67
DGRP_727	M	90
DGRP_727	F	4
DGRP_727	F	20
DGRP_727	M	25
DGRP_727	M	60
DGRP_727	F	66
DGRP_727	F	68
DGRP_727	M	7
DGRP_727	M	67
DGRP_727	M	67
DGRP_727	F	49
DGRP_727	F	52
DGRP_727	M	11
DGRP_727	M	52
DGRP_727	F	71
DGRP_727	F	92
DGRP_727	F	93
DGRP_727	M	44
DGRP_727	M	92
DGRP_727	F	14
DGRP_727	F	49
DGRP_727	M	49
DGRP_727	M	98
DGRP_727	F	63
DGRP_727	F	66
DGRP_727	F	80
DGRP_727	M	36
DGRP_727	M	72
DGRP_727	F	41
DGRP_727	F	47
DGRP_727	F	67
DGRP_727	M	62
DGRP_727	M	67
DGRP_727	M	76
DGRP_727	F	42
DGRP_727	F	57
DGRP_727	F	70
DGRP_727	M	49
DGRP_727	M	53
DGRP_727	M	56
DGRP_727	F	51
DGRP_727	F	57
DGRP_727	F	67
DGRP_727	M	57
DGRP_727	M	57
DGRP_727	M	57
DGRP_727	F	49
DGRP_727	F	49
DGRP_727	F	50
DGRP_727	M	57
DGRP_727	M	71
DGRP_727	M	141
DGRP_727	F	59
DGRP_727	F	80
DGRP_727	F	80
DGRP_727	M	59
DGRP_727	M	69
DGRP_727	M	80
DGRP_727	F	31
DGRP_727	F	60
DGRP_727	F	76
DGRP_727	M	34
DGRP_727	M	76
DGRP_727	M	77
DGRP_727	F	53
DGRP_727	F	53
DGRP_727	F	59
DGRP_727	M	10
DGRP_727	M	53
DGRP_727	M	53
DGRP_727	F	6
DGRP_727	F	35
DGRP_727	F	48
DGRP_727	M	47
DGRP_727	M	53
DGRP_727	M	53
DGRP_727	F	43
DGRP_727	F	50
DGRP_727	M	43
DGRP_727	M	50
DGRP_727	M	78
DGRP_727	F	9
DGRP_727	F	42
DGRP_727	F	42
DGRP_727	M	24
DGRP_727	M	42
DGRP_727	M	91
DGRP_727	F	64
DGRP_727	F	70
DGRP_727	F	81
DGRP_727	M	16
DGRP_727	M	18
DGRP_727	M	28
DGRP_727	F	89
DGRP_727	F	90
DGRP_727	M	73
DGRP_727	M	74
DGRP_727	M	74
DGRP_730	F	28
DGRP_730	F	31
DGRP_730	F	42
DGRP_730	M	28
DGRP_730	M	31
DGRP_730	M	35
DGRP_730	F	7
DGRP_730	F	93
DGRP_730	F	94
DGRP_730	M	52
DGRP_730	M	77
DGRP_730	F	60
DGRP_730	F	65
DGRP_730	M	65
DGRP_730	M	77
DGRP_730	F	10
DGRP_730	F	66
DGRP_730	F	88
DGRP_730	M	66
DGRP_730	M	74
DGRP_730	M	82
DGRP_730	F	73
DGRP_730	F	73
DGRP_730	F	84
DGRP_730	M	61
DGRP_730	M	68
DGRP_730	M	88
DGRP_730	F	57
DGRP_730	F	81
DGRP_730	M	60
DGRP_730	M	65
DGRP_730	M	67
DGRP_730	F	98
DGRP_730	F	99
DGRP_730	F	106
DGRP_730	M	63
DGRP_730	M	91
DGRP_730	M	99
DGRP_730	F	58
DGRP_730	F	63
DGRP_730	F	63
DGRP_730	M	58
DGRP_730	M	63
DGRP_730	F	39
DGRP_730	F	42
DGRP_730	F	44
DGRP_730	M	60
DGRP_730	M	63
DGRP_730	F	56
DGRP_730	F	59
DGRP_730	F	60
DGRP_730	M	51
DGRP_730	M	51
DGRP_730	M	52
DGRP_730	F	65
DGRP_730	F	80
DGRP_730	F	87
DGRP_730	M	16
DGRP_730	M	72
DGRP_730	F	7
DGRP_730	F	49
DGRP_730	F	59
DGRP_730	M	17
DGRP_730	M	57
DGRP_730	M	112
DGRP_730	F	43
DGRP_730	F	50
DGRP_730	F	50
DGRP_730	M	42
DGRP_730	M	45
DGRP_730	M	50
DGRP_730	F	31
DGRP_730	F	43
DGRP_730	F	50
DGRP_730	M	7
DGRP_730	M	39
DGRP_730	F	103
DGRP_730	F	105
DGRP_730	M	90
DGRP_730	M	91
DGRP_730	M	102
DGRP_730	F	11
DGRP_730	F	108
DGRP_730	M	82
DGRP_730	M	105
DGRP_730	M	108
DGRP_730	F	60
DGRP_730	F	60
DGRP_730	F	67
DGRP_730	M	49
DGRP_730	M	52
DGRP_730	M	55
DGRP_730	F	91
DGRP_730	F	99
DGRP_730	F	105
DGRP_730	M	98
DGRP_730	M	99
DGRP_730	M	101
DGRP_730	F	29
DGRP_730	F	35
DGRP_730	F	35
DGRP_730	M	39
DGRP_730	M	39
DGRP_730	M	39
DGRP_730	F	64
DGRP_730	F	67
DGRP_730	F	79
DGRP_730	M	77
DGRP_730	M	79
DGRP_730	M	86
DGRP_730	F	36
DGRP_730	F	36
DGRP_730	F	42
DGRP_730	M	36
DGRP_730	M	56
DGRP_730	M	70
DGRP_730	F	15
DGRP_730	F	67
DGRP_730	F	78
DGRP_730	M	60
DGRP_730	M	70
DGRP_730	M	72
DGRP_730	F	78
DGRP_730	F	106
DGRP_730	F	108
DGRP_730	M	84
DGRP_730	M	84
DGRP_730	M	95
DGRP_730	F	8
DGRP_730	F	98
DGRP_730	F	100
DGRP_730	M	100
DGRP_730	M	101
DGRP_730	M	112
DGRP_732	F	69
DGRP_732	F	95
DGRP_732	F	152
DGRP_732	M	71
DGRP_732	M	88
DGRP_732	F	36
DGRP_732	F	53
DGRP_732	F	53
DGRP_732	M	49
DGRP_732	M	56
DGRP_732	M	85
DGRP_732	F	67
DGRP_732	F	92
DGRP_732	F	104
DGRP_732	M	64
DGRP_732	M	109
DGRP_732	F	82
DGRP_732	F	88
DGRP_732	F	158
DGRP_732	M	74
DGRP_732	M	95
DGRP_732	F	46
DGRP_732	F	140
DGRP_732	M	55
DGRP_732	M	74
DGRP_732	M	117
DGRP_732	F	35
DGRP_732	F	36
DGRP_732	F	47
DGRP_732	M	119
DGRP_732	M	130
DGRP_732	M	132
DGRP_732	F	64
DGRP_732	F	74
DGRP_732	F	95
DGRP_732	M	81
DGRP_732	M	139
DGRP_732	F	43
DGRP_732	F	46
DGRP_732	F	97
DGRP_732	M	78
DGRP_732	M	104
DGRP_732	F	98
DGRP_732	F	154
DGRP_732	M	9
DGRP_732	M	64
DGRP_732	M	127
DGRP_732	F	98
DGRP_732	F	127
DGRP_732	F	130
DGRP_732	M	123
DGRP_732	M	123
DGRP_732	F	4
DGRP_732	F	95
DGRP_732	M	82
DGRP_732	M	123
DGRP_732	M	162
DGRP_732	F	6
DGRP_732	F	32
DGRP_732	F	46
DGRP_732	M	123
DGRP_732	M	165
DGRP_732	F	6
DGRP_732	F	56
DGRP_732	F	154
DGRP_732	M	39
DGRP_732	M	43
DGRP_732	M	89
DGRP_732	F	4
DGRP_732	F	82
DGRP_732	F	144
DGRP_732	M	50
DGRP_732	M	76
DGRP_732	M	113
DGRP_732	F	54
DGRP_732	F	78
DGRP_732	F	92
DGRP_732	M	69
DGRP_732	M	127
DGRP_732	M	158
DGRP_732	F	53
DGRP_732	F	137
DGRP_732	F	160
DGRP_732	M	81
DGRP_732	M	119
DGRP_732	M	124
DGRP_732	F	40
DGRP_732	F	103
DGRP_732	F	105
DGRP_732	M	28
DGRP_732	M	105
DGRP_732	M	105
DGRP_732	F	92
DGRP_732	F	103
DGRP_732	F	103
DGRP_732	M	92
DGRP_732	M	96
DGRP_732	M	103
DGRP_732	F	81
DGRP_732	F	141
DGRP_732	F	146
DGRP_732	M	70
DGRP_732	M	96
DGRP_732	M	144
DGRP_732	F	78
DGRP_732	F	103
DGRP_732	F	158
DGRP_732	M	5
DGRP_732	M	95
DGRP_732	F	60
DGRP_732	F	124
DGRP_732	F	162
DGRP_732	M	124
DGRP_732	M	124
DGRP_732	M	126
DGRP_732	F	70
DGRP_732	F	78
DGRP_732	F	151
DGRP_732	M	81
DGRP_732	M	88
DGRP_732	M	109
DGRP_732	F	53
DGRP_732	F	145
DGRP_732	M	92
DGRP_732	M	159
DGRP_732	M	162
DGRP_737	F	36
DGRP_737	F	98
DGRP_737	F	109
DGRP_737	M	109
DGRP_737	M	116
DGRP_737	M	116
DGRP_737	F	74
DGRP_737	F	118
DGRP_737	M	95
DGRP_737	M	118
DGRP_737	M	123
DGRP_737	F	41
DGRP_737	F	50
DGRP_737	M	78
DGRP_737	M	109
DGRP_737	M	132
DGRP_737	F	47
DGRP_737	F	55
DGRP_737	M	125
DGRP_737	M	126
DGRP_737	M	130
DGRP_737	F	33
DGRP_737	F	60
DGRP_737	M	130
DGRP_737	M	146
DGRP_737	F	32
DGRP_737	F	95
DGRP_737	F	98
DGRP_737	M	90
DGRP_737	M	98
DGRP_737	F	35
DGRP_737	F	98
DGRP_737	M	46
DGRP_737	M	119
DGRP_737	F	60
DGRP_737	F	95
DGRP_737	F	102
DGRP_737	M	78
DGRP_737	M	98
DGRP_737	M	102
DGRP_737	F	85
DGRP_737	F	102
DGRP_737	F	119
DGRP_737	M	88
DGRP_737	M	88
DGRP_737	F	67
DGRP_737	F	74
DGRP_737	F	90
DGRP_737	M	91
DGRP_737	M	113
DGRP_737	F	39
DGRP_737	F	81
DGRP_737	M	81
DGRP_737	M	98
DGRP_737	M	111
DGRP_737	F	48
DGRP_737	F	60
DGRP_737	M	82
DGRP_737	M	99
DGRP_737	M	109
DGRP_737	F	33
DGRP_737	F	26
DGRP_737	F	11
DGRP_737	M	127
DGRP_737	M	119
DGRP_737	M	71
DGRP_737	F	78
DGRP_737	F	62
DGRP_737	F	47
DGRP_737	M	116
DGRP_737	M	62
DGRP_737	F	83
DGRP_737	F	68
DGRP_737	F	57
DGRP_737	M	113
DGRP_737	M	89
DGRP_737	M	88
DGRP_737	F	103
DGRP_737	F	41
DGRP_737	M	132
DGRP_737	M	120
DGRP_737	M	118
DGRP_737	F	91
DGRP_737	F	62
DGRP_737	F	54
DGRP_737	M	95
DGRP_737	M	68
DGRP_737	M	61
DGRP_737	F	116
DGRP_737	F	67
DGRP_737	F	63
DGRP_737	M	120
DGRP_737	M	64
DGRP_737	M	3
DGRP_737	F	67
DGRP_737	F	46
DGRP_737	F	40
DGRP_737	M	67
DGRP_737	M	46
DGRP_737	F	102
DGRP_737	F	61
DGRP_737	F	55
DGRP_737	M	81
DGRP_737	M	67
DGRP_737	F	88
DGRP_737	F	61
DGRP_737	F	41
DGRP_737	M	130
DGRP_737	M	99
DGRP_737	M	35
DGRP_737	F	88
DGRP_737	F	68
DGRP_737	F	7
DGRP_737	M	82
DGRP_737	M	69
DGRP_737	F	89
DGRP_737	F	64
DGRP_737	F	49
DGRP_737	M	117
DGRP_737	M	92
DGRP_737	M	67
DGRP_737	F	71
DGRP_737	F	69
DGRP_737	M	126
DGRP_737	M	124
DGRP_737	M	74
DGRP_738	F	54
DGRP_738	F	75
DGRP_738	M	71
DGRP_738	M	90
DGRP_738	M	98
DGRP_738	F	67
DGRP_738	F	88
DGRP_738	F	106
DGRP_738	M	81
DGRP_738	M	83
DGRP_738	M	91
DGRP_738	F	130
DGRP_738	F	139
DGRP_738	F	151
DGRP_738	M	90
DGRP_738	M	102
DGRP_738	M	106
DGRP_738	F	88
DGRP_738	F	124
DGRP_738	M	62
DGRP_738	M	110
DGRP_738	F	98
DGRP_738	F	109
DGRP_738	F	119
DGRP_738	M	84
DGRP_738	M	91
DGRP_738	M	102
DGRP_738	F	98
DGRP_738	F	116
DGRP_738	F	127
DGRP_738	M	81
DGRP_738	M	95
DGRP_738	F	82
DGRP_738	F	111
DGRP_738	M	7
DGRP_738	M	81
DGRP_738	M	95
DGRP_738	F	26
DGRP_738	F	95
DGRP_738	F	120
DGRP_738	M	78
DGRP_738	M	83
DGRP_738	F	83
DGRP_738	F	116
DGRP_738	F	139
DGRP_738	M	95
DGRP_738	M	99
DGRP_738	M	102
DGRP_738	F	91
DGRP_738	F	112
DGRP_738	F	127
DGRP_738	M	76
DGRP_738	M	95
DGRP_738	M	117
DGRP_738	F	42
DGRP_738	F	102
DGRP_738	F	109
DGRP_738	M	48
DGRP_738	M	70
DGRP_738	M	81
DGRP_738	F	83
DGRP_738	F	109
DGRP_738	F	116
DGRP_738	M	67
DGRP_738	M	78
DGRP_738	M	95
DGRP_738	F	120
DGRP_738	F	53
DGRP_738	M	81
DGRP_738	M	81
DGRP_738	M	78
DGRP_738	F	123
DGRP_738	F	98
DGRP_738	F	95
DGRP_738	M	88
DGRP_738	M	88
DGRP_738	M	81
DGRP_738	F	74
DGRP_738	F	63
DGRP_738	M	106
DGRP_738	M	83
DGRP_738	F	102
DGRP_738	F	90
DGRP_738	F	53
DGRP_738	M	102
DGRP_738	M	90
DGRP_738	M	76
DGRP_738	F	118
DGRP_738	F	15
DGRP_738	M	110
DGRP_738	M	95
DGRP_738	M	61
DGRP_738	F	124
DGRP_738	F	119
DGRP_738	M	116
DGRP_738	M	89
DGRP_738	M	89
DGRP_738	F	139
DGRP_738	F	105
DGRP_738	F	102
DGRP_738	M	92
DGRP_738	M	91
DGRP_738	M	81
DGRP_738	F	109
DGRP_738	F	91
DGRP_738	F	91
DGRP_738	M	89
DGRP_738	M	88
DGRP_738	F	104
DGRP_738	F	102
DGRP_738	F	81
DGRP_738	M	77
DGRP_738	M	74
DGRP_738	M	70
DGRP_738	F	139
DGRP_738	F	127
DGRP_738	M	134
DGRP_738	M	111
DGRP_738	M	92
DGRP_738	F	132
DGRP_738	F	124
DGRP_738	F	120
DGRP_738	M	109
DGRP_738	M	64
DGRP_738	M	53
DGRP_738	F	112
DGRP_738	F	110
DGRP_738	F	62
DGRP_738	M	90
DGRP_738	M	89
DGRP_738	M	88
DGRP_748	F	61
DGRP_748	F	84
DGRP_748	F	92
DGRP_748	M	102
DGRP_748	M	117
DGRP_748	F	46
DGRP_748	F	74
DGRP_748	M	60
DGRP_748	M	116
DGRP_748	M	116
DGRP_748	F	67
DGRP_748	F	132
DGRP_748	M	84
DGRP_748	M	110
DGRP_748	M	116
DGRP_748	F	110
DGRP_748	F	119
DGRP_748	M	61
DGRP_748	M	117
DGRP_748	F	60
DGRP_748	F	102
DGRP_748	M	46
DGRP_748	M	98
DGRP_748	M	106
DGRP_748	F	60
DGRP_748	F	61
DGRP_748	F	109
DGRP_748	M	60
DGRP_748	M	102
DGRP_748	M	126
DGRP_748	F	111
DGRP_748	F	112
DGRP_748	F	116
DGRP_748	M	75
DGRP_748	M	83
DGRP_748	M	98
DGRP_748	F	115
DGRP_748	F	119
DGRP_748	F	139
DGRP_748	M	110
DGRP_748	M	110
DGRP_748	F	97
DGRP_748	F	116
DGRP_748	F	119
DGRP_748	M	104
DGRP_748	M	122
DGRP_748	M	131
DGRP_748	F	115
DGRP_748	F	115
DGRP_748	F	116
DGRP_748	M	115
DGRP_748	M	116
DGRP_748	M	126
DGRP_748	F	53
DGRP_748	F	55
DGRP_748	F	124
DGRP_748	M	101
DGRP_748	M	138
DGRP_748	F	98
DGRP_748	F	95
DGRP_748	F	89
DGRP_748	M	110
DGRP_748	M	102
DGRP_748	M	47
DGRP_748	F	109
DGRP_748	F	109
DGRP_748	F	56
DGRP_748	M	109
DGRP_748	M	109
DGRP_748	M	75
DGRP_748	F	123
DGRP_748	F	119
DGRP_748	F	111
DGRP_748	M	111
DGRP_748	M	109
DGRP_748	M	67
DGRP_748	F	116
DGRP_748	F	95
DGRP_748	F	95
DGRP_748	M	110
DGRP_748	M	109
DGRP_748	M	42
DGRP_748	F	118
DGRP_748	F	75
DGRP_748	F	53
DGRP_748	M	105
DGRP_748	M	103
DGRP_748	F	64
DGRP_748	F	63
DGRP_748	M	113
DGRP_748	M	110
DGRP_748	M	102
DGRP_748	F	120
DGRP_748	F	118
DGRP_748	F	69
DGRP_748	M	120
DGRP_748	M	109
DGRP_748	M	64
DGRP_748	F	123
DGRP_748	F	110
DGRP_748	F	78
DGRP_748	M	68
DGRP_748	M	67
DGRP_748	M	63
DGRP_748	F	119
DGRP_748	F	75
DGRP_748	F	71
DGRP_748	M	119
DGRP_748	M	92
DGRP_748	M	53
DGRP_748	F	123
DGRP_748	F	109
DGRP_748	F	69
DGRP_748	M	117
DGRP_748	M	88
DGRP_748	M	69
DGRP_748	F	117
DGRP_748	F	109
DGRP_748	M	123
DGRP_748	M	102
DGRP_757	F	7
DGRP_757	F	25
DGRP_757	F	27
DGRP_757	M	27
DGRP_757	M	33
DGRP_757	F	8
DGRP_757	F	35
DGRP_757	F	40
DGRP_757	M	32
DGRP_757	M	40
DGRP_757	M	53
DGRP_757	F	19
DGRP_757	F	25
DGRP_757	F	26
DGRP_757	M	14
DGRP_757	M	19
DGRP_757	M	29
DGRP_757	F	36
DGRP_757	F	39
DGRP_757	F	39
DGRP_757	M	25
DGRP_757	M	32
DGRP_757	M	39
DGRP_757	F	24
DGRP_757	F	25
DGRP_757	M	27
DGRP_757	M	47
DGRP_757	M	66
DGRP_757	F	17
DGRP_757	F	19
DGRP_757	F	32
DGRP_757	M	18
DGRP_757	M	63
DGRP_757	F	20
DGRP_757	F	34
DGRP_757	M	17
DGRP_757	M	18
DGRP_757	M	42
DGRP_757	F	10
DGRP_757	F	24
DGRP_757	M	24
DGRP_757	M	24
DGRP_757	M	42
DGRP_757	F	13
DGRP_757	F	24
DGRP_757	F	24
DGRP_757	M	17
DGRP_757	M	35
DGRP_757	M	41
DGRP_757	F	8
DGRP_757	F	14
DGRP_757	F	16
DGRP_757	M	3
DGRP_757	M	14
DGRP_757	M	18
DGRP_757	F	10
DGRP_757	F	15
DGRP_757	F	18
DGRP_757	M	14
DGRP_757	M	35
DGRP_757	M	35
DGRP_757	F	10
DGRP_757	F	14
DGRP_757	F	42
DGRP_757	M	11
DGRP_757	M	32
DGRP_757	M	35
DGRP_757	F	42
DGRP_757	F	34
DGRP_757	F	14
DGRP_757	M	63
DGRP_757	M	32
DGRP_757	M	28
DGRP_757	F	63
DGRP_757	F	40
DGRP_757	F	29
DGRP_757	M	63
DGRP_757	M	53
DGRP_757	M	35
DGRP_757	F	25
DGRP_757	F	22
DGRP_757	F	18
DGRP_757	M	46
DGRP_757	M	11
DGRP_757	M	11
DGRP_757	F	57
DGRP_757	F	26
DGRP_757	F	11
DGRP_757	M	53
DGRP_757	M	22
DGRP_757	F	40
DGRP_757	F	18
DGRP_757	F	11
DGRP_757	M	64
DGRP_757	M	18
DGRP_757	M	15
DGRP_757	F	40
DGRP_757	F	32
DGRP_757	F	15
DGRP_757	M	46
DGRP_757	M	40
DGRP_757	M	34
DGRP_757	F	76
DGRP_757	F	40
DGRP_757	F	18
DGRP_757	M	63
DGRP_757	M	53
DGRP_757	F	40
DGRP_757	F	33
DGRP_757	F	25
DGRP_757	M	53
DGRP_757	M	33
DGRP_757	M	29
DGRP_757	F	50
DGRP_757	F	46
DGRP_757	F	11
DGRP_757	M	69
DGRP_757	M	40
DGRP_757	M	11
DGRP_757	F	41
DGRP_757	F	32
DGRP_757	F	18
DGRP_757	M	32
DGRP_757	M	27
DGRP_757	M	14
DGRP_757	F	55
DGRP_757	F	11
DGRP_757	M	35
DGRP_757	M	35
DGRP_757	M	11
DGRP_757	F	62
DGRP_757	F	50
DGRP_757	F	40
DGRP_757	M	26
DGRP_757	M	15
DGRP_757	M	12
DGRP_761	F	60
DGRP_761	F	61
DGRP_761	F	82
DGRP_761	M	83
DGRP_761	M	110
DGRP_761	F	32
DGRP_761	F	69
DGRP_761	F	70
DGRP_761	M	88
DGRP_761	M	111
DGRP_761	F	60
DGRP_761	F	74
DGRP_761	M	62
DGRP_761	M	117
DGRP_761	F	55
DGRP_761	F	76
DGRP_761	M	83
DGRP_761	M	98
DGRP_761	M	138
DGRP_761	F	47
DGRP_761	F	55
DGRP_761	F	60
DGRP_761	M	90
DGRP_761	M	113
DGRP_761	M	116
DGRP_761	F	47
DGRP_761	F	53
DGRP_761	F	67
DGRP_761	M	88
DGRP_761	M	102
DGRP_761	F	60
DGRP_761	F	62
DGRP_761	M	67
DGRP_761	M	109
DGRP_761	F	61
DGRP_761	F	88
DGRP_761	M	64
DGRP_761	M	111
DGRP_761	M	132
DGRP_761	F	54
DGRP_761	F	62
DGRP_761	F	67
DGRP_761	M	109
DGRP_761	M	109
DGRP_761	M	138
DGRP_761	F	61
DGRP_761	F	69
DGRP_761	M	33
DGRP_761	M	74
DGRP_761	M	88
DGRP_761	F	54
DGRP_761	F	61
DGRP_761	F	74
DGRP_761	M	67
DGRP_761	M	67
DGRP_761	M	110
DGRP_761	F	49
DGRP_761	F	67
DGRP_761	M	91
DGRP_761	M	113
DGRP_761	M	116
DGRP_761	F	63
DGRP_761	F	63
DGRP_761	M	69
DGRP_761	M	63
DGRP_761	F	62
DGRP_761	F	61
DGRP_761	F	57
DGRP_761	M	75
DGRP_761	M	67
DGRP_761	M	67
DGRP_761	F	62
DGRP_761	F	61
DGRP_761	M	64
DGRP_761	M	63
DGRP_761	M	62
DGRP_761	F	71
DGRP_761	F	68
DGRP_761	F	62
DGRP_761	M	111
DGRP_761	M	75
DGRP_761	F	64
DGRP_761	F	62
DGRP_761	F	41
DGRP_761	M	95
DGRP_761	M	91
DGRP_761	M	64
DGRP_761	F	74
DGRP_761	F	67
DGRP_761	F	61
DGRP_761	M	113
DGRP_761	M	75
DGRP_761	M	75
DGRP_761	F	62
DGRP_761	F	62
DGRP_761	F	35
DGRP_761	M	109
DGRP_761	M	95
DGRP_761	M	90
DGRP_761	F	62
DGRP_761	F	14
DGRP_761	M	82
DGRP_761	M	77
DGRP_761	F	48
DGRP_761	F	47
DGRP_761	M	63
DGRP_761	M	62
DGRP_761	M	61
DGRP_761	F	63
DGRP_761	F	61
DGRP_761	M	92
DGRP_761	M	68
DGRP_761	M	64
DGRP_765	F	18
DGRP_765	F	46
DGRP_765	F	53
DGRP_765	M	36
DGRP_765	M	67
DGRP_765	F	36
DGRP_765	F	39
DGRP_765	F	39
DGRP_765	M	25
DGRP_765	M	68
DGRP_765	M	74
DGRP_765	F	11
DGRP_765	F	28
DGRP_765	F	32
DGRP_765	M	9
DGRP_765	M	26
DGRP_765	M	64
DGRP_765	F	18
DGRP_765	F	18
DGRP_765	F	28
DGRP_765	M	25
DGRP_765	M	25
DGRP_765	M	28
DGRP_765	F	32
DGRP_765	F	39
DGRP_765	F	46
DGRP_765	M	36
DGRP_765	M	49
DGRP_765	M	67
DGRP_765	F	28
DGRP_765	F	42
DGRP_765	F	53
DGRP_765	M	32
DGRP_765	M	34
DGRP_765	M	74
DGRP_765	F	32
DGRP_765	F	43
DGRP_765	M	25
DGRP_765	M	34
DGRP_765	M	47
DGRP_765	F	32
DGRP_765	F	33
DGRP_765	F	48
DGRP_765	M	4
DGRP_765	M	26
DGRP_765	M	33
DGRP_765	F	35
DGRP_765	F	39
DGRP_765	F	41
DGRP_765	M	36
DGRP_765	M	39
DGRP_765	M	47
DGRP_765	F	36
DGRP_765	F	36
DGRP_765	F	42
DGRP_765	M	14
DGRP_765	M	18
DGRP_765	M	74
DGRP_765	F	33
DGRP_765	F	41
DGRP_765	F	49
DGRP_765	M	18
DGRP_765	M	68
DGRP_765	M	74
DGRP_765	F	4
DGRP_765	F	32
DGRP_765	F	33
DGRP_765	M	33
DGRP_765	M	47
DGRP_765	M	53
DGRP_765	F	8
DGRP_765	F	25
DGRP_765	F	28
DGRP_765	M	12
DGRP_765	M	28
DGRP_765	M	75
DGRP_765	F	12
DGRP_765	F	43
DGRP_765	F	46
DGRP_765	M	5
DGRP_765	M	46
DGRP_765	M	61
DGRP_765	F	15
DGRP_765	F	39
DGRP_765	F	48
DGRP_765	M	15
DGRP_765	M	40
DGRP_765	M	76
DGRP_765	F	6
DGRP_765	F	47
DGRP_765	F	49
DGRP_765	M	43
DGRP_765	M	43
DGRP_765	M	49
DGRP_765	F	43
DGRP_765	F	46
DGRP_765	F	49
DGRP_765	M	53
DGRP_765	M	67
DGRP_765	M	68
DGRP_765	F	32
DGRP_765	F	46
DGRP_765	F	50
DGRP_765	M	46
DGRP_765	M	50
DGRP_765	M	50
DGRP_765	F	40
DGRP_765	F	46
DGRP_765	M	43
DGRP_765	M	50
DGRP_765	M	54
DGRP_765	F	1
DGRP_765	F	43
DGRP_765	F	46
DGRP_765	M	1
DGRP_765	M	49
DGRP_765	M	67
DGRP_765	F	15
DGRP_765	F	46
DGRP_765	F	53
DGRP_765	M	4
DGRP_765	M	15
DGRP_765	M	21
DGRP_765	F	43
DGRP_765	F	47
DGRP_765	F	49
DGRP_765	M	12
DGRP_765	M	39
DGRP_765	M	50
DGRP_765	F	6
DGRP_765	F	53
DGRP_765	F	53
DGRP_765	M	26
DGRP_765	M	64
DGRP_765	M	71
DGRP_774	F	125
DGRP_774	F	132
DGRP_774	M	146
DGRP_774	M	159
DGRP_774	F	126
DGRP_774	F	129
DGRP_774	F	129
DGRP_774	M	108
DGRP_774	M	129
DGRP_774	M	129
DGRP_774	F	102
DGRP_774	F	130
DGRP_774	M	76
DGRP_774	M	98
DGRP_774	F	116
DGRP_774	F	119
DGRP_774	F	123
DGRP_774	M	130
DGRP_774	M	130
DGRP_774	M	130
DGRP_774	F	101
DGRP_774	F	101
DGRP_774	F	110
DGRP_774	M	133
DGRP_774	M	157
DGRP_774	F	21
DGRP_774	F	111
DGRP_774	F	116
DGRP_774	M	101
DGRP_774	M	101
DGRP_774	M	136
DGRP_774	F	84
DGRP_774	F	88
DGRP_774	F	88
DGRP_774	M	52
DGRP_774	M	88
DGRP_774	F	129
DGRP_774	F	130
DGRP_774	M	101
DGRP_774	M	123
DGRP_774	M	130
DGRP_774	F	129
DGRP_774	F	130
DGRP_774	F	157
DGRP_774	M	124
DGRP_774	M	129
DGRP_774	M	130
DGRP_774	F	63
DGRP_774	F	66
DGRP_774	F	73
DGRP_774	M	66
DGRP_774	M	74
DGRP_774	F	45
DGRP_774	F	75
DGRP_774	F	136
DGRP_774	M	130
DGRP_774	M	132
DGRP_774	M	137
DGRP_774	F	48
DGRP_774	F	105
DGRP_774	F	122
DGRP_774	M	105
DGRP_774	M	122
DGRP_774	M	159
DGRP_774	F	73
DGRP_774	F	154
DGRP_774	M	69
DGRP_774	M	157
DGRP_774	F	4
DGRP_774	F	34
DGRP_774	F	104
DGRP_774	M	101
DGRP_774	M	109
DGRP_774	F	118
DGRP_774	F	129
DGRP_774	F	129
DGRP_774	M	117
DGRP_774	M	122
DGRP_774	M	130
DGRP_774	F	101
DGRP_774	F	101
DGRP_774	F	124
DGRP_774	M	101
DGRP_774	M	105
DGRP_774	F	117
DGRP_774	F	117
DGRP_774	M	125
DGRP_774	M	165
DGRP_774	M	167
DGRP_774	F	94
DGRP_774	F	109
DGRP_774	F	152
DGRP_774	M	122
DGRP_774	M	122
DGRP_774	M	122
DGRP_774	F	91
DGRP_774	F	91
DGRP_774	M	13
DGRP_774	M	108
DGRP_774	M	129
DGRP_774	F	33
DGRP_774	F	76
DGRP_774	F	77
DGRP_774	M	81
DGRP_774	M	115
DGRP_774	M	154
DGRP_774	F	91
DGRP_774	F	101
DGRP_774	F	103
DGRP_774	M	101
DGRP_774	M	104
DGRP_774	M	105
DGRP_774	F	125
DGRP_774	F	130
DGRP_774	F	130
DGRP_774	M	122
DGRP_774	M	130
DGRP_774	M	130
DGRP_776	F	116
DGRP_776	F	123
DGRP_776	M	75
DGRP_776	M	78
DGRP_776	M	109
DGRP_776	F	39
DGRP_776	F	68
DGRP_776	M	71
DGRP_776	M	92
DGRP_776	F	53
DGRP_776	F	67
DGRP_776	M	53
DGRP_776	M	83
DGRP_776	F	116
DGRP_776	F	120
DGRP_776	F	130
DGRP_776	M	95
DGRP_776	M	112
DGRP_776	F	71
DGRP_776	F	83
DGRP_776	F	92
DGRP_776	M	64
DGRP_776	M	76
DGRP_776	F	13
DGRP_776	F	98
DGRP_776	F	102
DGRP_776	M	95
DGRP_776	M	98
DGRP_776	F	83
DGRP_776	F	95
DGRP_776	F	104
DGRP_776	M	83
DGRP_776	M	95
DGRP_776	M	106
DGRP_776	F	67
DGRP_776	F	88
DGRP_776	F	126
DGRP_776	M	11
DGRP_776	M	81
DGRP_776	M	116
DGRP_776	F	56
DGRP_776	F	56
DGRP_776	F	68
DGRP_776	M	74
DGRP_776	M	81
DGRP_776	M	99
DGRP_776	F	54
DGRP_776	F	89
DGRP_776	F	95
DGRP_776	M	81
DGRP_776	M	83
DGRP_776	F	60
DGRP_776	F	98
DGRP_776	F	110
DGRP_776	M	88
DGRP_776	M	92
DGRP_776	F	47
DGRP_776	F	53
DGRP_776	F	90
DGRP_776	M	74
DGRP_776	M	110
DGRP_776	F	92
DGRP_776	F	90
DGRP_776	F	1
DGRP_776	M	91
DGRP_776	M	71
DGRP_776	F	92
DGRP_776	F	68
DGRP_776	F	53
DGRP_776	M	123
DGRP_776	M	118
DGRP_776	M	53
DGRP_776	F	74
DGRP_776	F	69
DGRP_776	F	7
DGRP_776	M	120
DGRP_776	M	74
DGRP_776	M	61
DGRP_776	F	117
DGRP_776	F	89
DGRP_776	F	88
DGRP_776	M	102
DGRP_776	M	102
DGRP_776	M	102
DGRP_776	F	106
DGRP_776	F	105
DGRP_776	F	96
DGRP_776	M	117
DGRP_776	M	116
DGRP_776	M	102
DGRP_776	F	110
DGRP_776	F	64
DGRP_776	F	61
DGRP_776	M	120
DGRP_776	M	64
DGRP_776	F	69
DGRP_776	F	67
DGRP_776	M	123
DGRP_776	M	109
DGRP_776	M	68
DGRP_776	F	82
DGRP_776	F	63
DGRP_776	F	26
DGRP_776	M	118
DGRP_776	M	92
DGRP_776	F	123
DGRP_776	F	118
DGRP_776	M	119
DGRP_776	M	102
DGRP_776	M	70
DGRP_776	F	117
DGRP_776	F	109
DGRP_776	F	67
DGRP_776	M	117
DGRP_776	M	117
DGRP_776	M	106
DGRP_776	F	109
DGRP_776	F	62
DGRP_776	M	120
DGRP_776	M	88
DGRP_776	M	88
DGRP_776	F	102
DGRP_776	F	61
DGRP_776	F	53
DGRP_776	M	123
DGRP_776	M	89
DGRP_776	M	75
DGRP_783	F	61
DGRP_783	F	94
DGRP_783	F	101
DGRP_783	M	101
DGRP_783	M	117
DGRP_783	M	139
DGRP_783	F	45
DGRP_783	F	77
DGRP_783	M	117
DGRP_783	M	122
DGRP_783	F	40
DGRP_783	F	73
DGRP_783	F	112
DGRP_783	M	3
DGRP_783	M	131
DGRP_783	M	150
DGRP_783	F	14
DGRP_783	F	91
DGRP_783	F	97
DGRP_783	M	126
DGRP_783	M	143
DGRP_783	M	150
DGRP_783	F	115
DGRP_783	F	115
DGRP_783	F	122
DGRP_783	M	124
DGRP_783	M	147
DGRP_783	M	150
DGRP_783	F	20
DGRP_783	F	38
DGRP_783	F	87
DGRP_783	M	63
DGRP_783	M	129
DGRP_783	M	151
DGRP_783	F	45
DGRP_783	F	119
DGRP_783	F	122
DGRP_783	M	66
DGRP_783	M	101
DGRP_783	M	157
DGRP_783	F	21
DGRP_783	F	37
DGRP_783	M	116
DGRP_783	M	147
DGRP_783	M	147
DGRP_783	F	15
DGRP_783	F	22
DGRP_783	M	7
DGRP_783	M	35
DGRP_783	M	109
DGRP_783	F	45
DGRP_783	F	73
DGRP_783	M	53
DGRP_783	M	101
DGRP_783	M	104
DGRP_783	F	28
DGRP_783	F	53
DGRP_783	F	61
DGRP_783	M	75
DGRP_783	M	143
DGRP_783	F	24
DGRP_783	F	61
DGRP_783	M	80
DGRP_783	M	110
DGRP_783	F	109
DGRP_783	F	43
DGRP_783	F	41
DGRP_783	M	124
DGRP_783	M	41
DGRP_783	F	106
DGRP_783	F	106
DGRP_783	F	105
DGRP_783	M	120
DGRP_783	M	117
DGRP_783	M	41
DGRP_783	F	75
DGRP_783	F	61
DGRP_783	F	49
DGRP_783	M	117
DGRP_783	M	57
DGRP_783	M	53
DGRP_783	F	124
DGRP_783	F	90
DGRP_783	F	78
DGRP_783	M	95
DGRP_783	M	68
DGRP_783	M	64
DGRP_783	F	98
DGRP_783	F	89
DGRP_783	F	88
DGRP_783	M	148
DGRP_783	M	120
DGRP_783	M	82
DGRP_783	F	62
DGRP_783	F	6
DGRP_783	M	137
DGRP_783	M	104
DGRP_783	M	11
DGRP_783	F	109
DGRP_783	F	95
DGRP_783	F	95
DGRP_783	M	109
DGRP_783	M	95
DGRP_783	M	11
DGRP_783	F	102
DGRP_783	F	95
DGRP_783	F	95
DGRP_783	M	124
DGRP_783	M	92
DGRP_783	F	76
DGRP_783	F	75
DGRP_783	M	130
DGRP_783	M	90
DGRP_783	M	40
DGRP_783	F	78
DGRP_783	F	77
DGRP_783	F	1
DGRP_783	M	147
DGRP_783	M	77
DGRP_783	M	4
DGRP_783	F	123
DGRP_783	F	116
DGRP_783	F	3
DGRP_783	M	123
DGRP_783	M	123
DGRP_783	M	110
DGRP_783	F	110
DGRP_783	F	103
DGRP_783	F	49
DGRP_783	M	127
DGRP_783	M	8
DGRP_786	F	119
DGRP_786	F	123
DGRP_786	M	90
DGRP_786	M	95
DGRP_786	M	111
DGRP_786	F	49
DGRP_786	F	95
DGRP_786	F	120
DGRP_786	M	78
DGRP_786	M	82
DGRP_786	M	123
DGRP_786	F	109
DGRP_786	F	112
DGRP_786	F	118
DGRP_786	M	69
DGRP_786	M	92
DGRP_786	M	95
DGRP_786	F	97
DGRP_786	F	119
DGRP_786	F	123
DGRP_786	M	28
DGRP_786	M	116
DGRP_786	M	119
DGRP_786	F	106
DGRP_786	F	109
DGRP_786	F	123
DGRP_786	M	90
DGRP_786	M	116
DGRP_786	F	105
DGRP_786	F	119
DGRP_786	F	120
DGRP_786	M	74
DGRP_786	M	95
DGRP_786	M	97
DGRP_786	F	104
DGRP_786	F	111
DGRP_786	F	119
DGRP_786	M	4
DGRP_786	M	74
DGRP_786	M	92
DGRP_786	F	82
DGRP_786	F	97
DGRP_786	F	97
DGRP_786	M	95
DGRP_786	M	99
DGRP_786	F	95
DGRP_786	F	97
DGRP_786	F	97
DGRP_786	M	92
DGRP_786	M	97
DGRP_786	F	4
DGRP_786	F	68
DGRP_786	F	90
DGRP_786	M	88
DGRP_786	M	97
DGRP_786	F	95
DGRP_786	F	97
DGRP_786	F	106
DGRP_786	M	95
DGRP_786	M	97
DGRP_786	F	92
DGRP_786	F	95
DGRP_786	F	95
DGRP_786	M	78
DGRP_786	M	92
DGRP_786	F	99
DGRP_786	F	103
DGRP_786	F	103
DGRP_786	M	92
DGRP_786	M	98
DGRP_786	M	103
DGRP_786	F	92
DGRP_786	F	92
DGRP_786	F	95
DGRP_786	M	64
DGRP_786	M	78
DGRP_786	M	103
DGRP_786	F	70
DGRP_786	F	74
DGRP_786	F	85
DGRP_786	M	1
DGRP_786	M	103
DGRP_786	M	105
DGRP_786	F	76
DGRP_786	F	89
DGRP_786	F	118
DGRP_786	M	67
DGRP_786	M	103
DGRP_786	M	106
DGRP_786	F	70
DGRP_786	F	76
DGRP_786	F	105
DGRP_786	M	54
DGRP_786	M	75
DGRP_786	M	82
DGRP_786	F	75
DGRP_786	F	105
DGRP_786	F	118
DGRP_786	M	105
DGRP_786	M	118
DGRP_786	M	118
DGRP_786	F	103
DGRP_786	F	105
DGRP_786	F	124
DGRP_786	M	103
DGRP_786	M	109
DGRP_786	M	117
DGRP_786	F	92
DGRP_786	F	123
DGRP_786	F	124
DGRP_786	M	84
DGRP_786	M	88
DGRP_786	F	12
DGRP_786	F	96
DGRP_786	F	118
DGRP_786	M	92
DGRP_786	M	92
DGRP_786	M	98
DGRP_786	F	96
DGRP_786	F	106
DGRP_786	F	118
DGRP_786	M	90
DGRP_786	M	96
DGRP_786	M	96
DGRP_786	F	89
DGRP_786	F	96
DGRP_786	M	92
DGRP_786	M	92
DGRP_786	M	96
DGRP_786	F	53
DGRP_786	F	92
DGRP_786	F	95
DGRP_786	M	92
DGRP_786	M	95
DGRP_786	M	96
DGRP_787	F	11
DGRP_787	F	116
DGRP_787	M	91
DGRP_787	M	110
DGRP_787	M	111
DGRP_787	F	109
DGRP_787	F	113
DGRP_787	M	81
DGRP_787	M	82
DGRP_787	M	104
DGRP_787	F	68
DGRP_787	F	102
DGRP_787	M	71
DGRP_787	M	106
DGRP_787	F	106
DGRP_787	F	111
DGRP_787	F	123
DGRP_787	M	29
DGRP_787	M	111
DGRP_787	F	77
DGRP_787	F	96
DGRP_787	M	11
DGRP_787	M	62
DGRP_787	M	77
DGRP_787	F	96
DGRP_787	F	99
DGRP_787	M	96
DGRP_787	M	97
DGRP_787	F	85
DGRP_787	F	88
DGRP_787	M	67
DGRP_787	M	69
DGRP_787	F	12
DGRP_787	F	75
DGRP_787	F	78
DGRP_787	M	67
DGRP_787	M	74
DGRP_787	M	91
DGRP_787	F	53
DGRP_787	F	127
DGRP_787	F	134
DGRP_787	M	5
DGRP_787	M	133
DGRP_787	F	91
DGRP_787	F	95
DGRP_787	F	123
DGRP_787	M	91
DGRP_787	M	95
DGRP_787	M	102
DGRP_787	F	68
DGRP_787	F	102
DGRP_787	F	104
DGRP_787	M	103
DGRP_787	M	111
DGRP_787	F	70
DGRP_787	F	76
DGRP_787	F	111
DGRP_787	M	63
DGRP_787	M	75
DGRP_787	F	56
DGRP_787	F	55
DGRP_787	F	11
DGRP_787	M	64
DGRP_787	M	62
DGRP_787	M	54
DGRP_787	F	56
DGRP_787	F	4
DGRP_787	M	56
DGRP_787	M	21
DGRP_787	F	63
DGRP_787	F	57
DGRP_787	F	54
DGRP_787	M	55
DGRP_787	M	55
DGRP_787	F	56
DGRP_787	F	48
DGRP_787	F	5
DGRP_787	M	54
DGRP_787	M	46
DGRP_787	M	42
DGRP_787	F	61
DGRP_787	F	56
DGRP_787	F	33
DGRP_787	M	95
DGRP_787	M	56
DGRP_787	M	48
DGRP_787	F	84
DGRP_787	F	55
DGRP_787	F	54
DGRP_787	M	68
DGRP_787	M	55
DGRP_787	M	19
DGRP_787	F	60
DGRP_787	F	54
DGRP_787	F	33
DGRP_787	M	56
DGRP_787	M	36
DGRP_787	M	33
DGRP_787	F	69
DGRP_787	F	56
DGRP_787	F	36
DGRP_787	M	74
DGRP_787	M	60
DGRP_787	M	56
DGRP_787	F	54
DGRP_787	F	39
DGRP_787	F	5
DGRP_787	M	57
DGRP_787	M	55
DGRP_787	M	54
DGRP_787	F	62
DGRP_787	F	55
DGRP_787	F	8
DGRP_787	M	61
DGRP_787	M	61
DGRP_787	M	35
DGRP_787	F	20
DGRP_787	F	7
DGRP_787	M	56
DGRP_787	M	27
DGRP_787	M	4
DGRP_787	F	55
DGRP_787	F	50
DGRP_787	M	25
DGRP_787	M	4
DGRP_790	F	47
DGRP_790	F	74
DGRP_790	F	82
DGRP_790	M	55
DGRP_790	M	71
DGRP_790	M	71
DGRP_790	F	68
DGRP_790	F	88
DGRP_790	F	99
DGRP_790	M	95
DGRP_790	M	102
DGRP_790	M	131
DGRP_790	F	11
DGRP_790	F	91
DGRP_790	M	11
DGRP_790	M	78
DGRP_790	M	91
DGRP_790	F	8
DGRP_790	F	54
DGRP_790	F	71
DGRP_790	M	71
DGRP_790	M	91
DGRP_790	F	55
DGRP_790	F	60
DGRP_790	F	71
DGRP_790	M	74
DGRP_790	M	76
DGRP_790	M	85
DGRP_790	F	53
DGRP_790	F	64
DGRP_790	M	11
DGRP_790	M	28
DGRP_790	M	82
DGRP_790	F	14
DGRP_790	F	54
DGRP_790	F	67
DGRP_790	M	67
DGRP_790	M	91
DGRP_790	M	102
DGRP_790	F	67
DGRP_790	F	74
DGRP_790	F	84
DGRP_790	M	6
DGRP_790	M	43
DGRP_790	M	91
DGRP_790	F	53
DGRP_790	F	85
DGRP_790	F	92
DGRP_790	M	91
DGRP_790	M	91
DGRP_790	M	91
DGRP_790	F	55
DGRP_790	F	84
DGRP_790	M	91
DGRP_790	M	109
DGRP_790	M	110
DGRP_790	F	26
DGRP_790	F	57
DGRP_790	F	95
DGRP_790	M	68
DGRP_790	M	125
DGRP_790	M	138
DGRP_790	F	11
DGRP_790	F	13
DGRP_790	F	50
DGRP_790	M	67
DGRP_790	M	109
DGRP_790	M	109
DGRP_790	F	46
DGRP_790	F	42
DGRP_790	F	42
DGRP_790	M	68
DGRP_790	M	33
DGRP_790	F	113
DGRP_790	F	68
DGRP_790	F	39
DGRP_790	M	111
DGRP_790	M	57
DGRP_790	M	54
DGRP_790	F	55
DGRP_790	F	47
DGRP_790	F	39
DGRP_790	M	102
DGRP_790	M	55
DGRP_790	M	39
DGRP_790	F	71
DGRP_790	F	69
DGRP_790	F	61
DGRP_790	M	112
DGRP_790	M	62
DGRP_790	M	54
DGRP_790	F	68
DGRP_790	F	60
DGRP_790	F	28
DGRP_790	M	116
DGRP_790	M	103
DGRP_790	M	34
DGRP_790	F	64
DGRP_790	F	60
DGRP_790	F	50
DGRP_790	M	137
DGRP_790	M	131
DGRP_790	M	113
DGRP_790	F	103
DGRP_790	F	67
DGRP_790	M	102
DGRP_790	M	102
DGRP_790	M	84
DGRP_790	F	56
DGRP_790	F	54
DGRP_790	F	14
DGRP_790	M	116
DGRP_790	M	111
DGRP_790	F	61
DGRP_790	F	55
DGRP_790	F	33
DGRP_790	M	81
DGRP_790	M	56
DGRP_790	M	55
DGRP_790	F	64
DGRP_790	F	64
DGRP_790	M	113
DGRP_790	M	113
DGRP_790	M	64
DGRP_790	F	55
DGRP_790	F	18
DGRP_790	F	11
DGRP_790	M	83
DGRP_790	M	76
DGRP_790	F	116
DGRP_790	F	68
DGRP_790	F	67
DGRP_790	M	62
DGRP_790	M	48
DGRP_796	F	75
DGRP_796	F	81
DGRP_796	F	82
DGRP_796	M	74
DGRP_796	M	75
DGRP_796	F	13
DGRP_796	F	88
DGRP_796	F	95
DGRP_796	M	83
DGRP_796	M	144
DGRP_796	F	68
DGRP_796	F	88
DGRP_796	F	88
DGRP_796	M	63
DGRP_796	M	69
DGRP_796	F	75
DGRP_796	F	81
DGRP_796	F	88
DGRP_796	M	47
DGRP_796	M	53
DGRP_796	F	88
DGRP_796	F	91
DGRP_796	M	67
DGRP_796	M	88
DGRP_796	F	55
DGRP_796	F	74
DGRP_796	F	82
DGRP_796	M	46
DGRP_796	M	67
DGRP_796	M	75
DGRP_796	F	91
DGRP_796	F	91
DGRP_796	F	102
DGRP_796	M	91
DGRP_796	M	95
DGRP_796	M	109
DGRP_796	F	53
DGRP_796	F	78
DGRP_796	M	13
DGRP_796	M	130
DGRP_796	F	34
DGRP_796	F	67
DGRP_796	F	67
DGRP_796	M	53
DGRP_796	M	60
DGRP_796	M	63
DGRP_796	F	53
DGRP_796	F	55
DGRP_796	F	64
DGRP_796	M	64
DGRP_796	M	81
DGRP_796	M	92
DGRP_796	F	18
DGRP_796	F	53
DGRP_796	M	71
DGRP_796	M	81
DGRP_796	M	95
DGRP_796	F	60
DGRP_796	F	67
DGRP_796	F	74
DGRP_796	M	49
DGRP_796	M	60
DGRP_796	M	60
DGRP_796	F	132
DGRP_796	F	103
DGRP_796	F	57
DGRP_796	M	103
DGRP_796	M	102
DGRP_796	F	110
DGRP_796	F	33
DGRP_796	M	76
DGRP_796	M	13
DGRP_796	F	102
DGRP_796	F	75
DGRP_796	F	69
DGRP_796	M	70
DGRP_796	M	69
DGRP_796	M	40
DGRP_796	F	103
DGRP_796	F	95
DGRP_796	F	67
DGRP_796	M	116
DGRP_796	M	88
DGRP_796	M	83
DGRP_796	F	102
DGRP_796	F	61
DGRP_796	F	60
DGRP_796	M	75
DGRP_796	M	71
DGRP_796	M	70
DGRP_796	F	116
DGRP_796	F	81
DGRP_796	F	64
DGRP_796	M	113
DGRP_796	M	112
DGRP_796	M	102
DGRP_796	F	125
DGRP_796	F	92
DGRP_796	F	54
DGRP_796	M	112
DGRP_796	M	71
DGRP_796	M	54
DGRP_796	F	84
DGRP_796	F	74
DGRP_796	M	88
DGRP_796	M	85
DGRP_796	M	70
DGRP_796	F	78
DGRP_796	F	67
DGRP_796	F	62
DGRP_796	M	82
DGRP_796	M	78
DGRP_796	M	62
DGRP_796	F	82
DGRP_796	F	82
DGRP_796	F	81
DGRP_796	M	84
DGRP_796	M	74
DGRP_796	M	61
DGRP_796	F	116
DGRP_796	F	85
DGRP_796	F	68
DGRP_796	M	89
DGRP_796	M	85
DGRP_796	M	81
DGRP_799	F	95
DGRP_799	F	112
DGRP_799	F	145
DGRP_799	M	92
DGRP_799	M	95
DGRP_799	M	127
DGRP_799	F	97
DGRP_799	F	151
DGRP_799	M	77
DGRP_799	M	148
DGRP_799	F	32
DGRP_799	F	130
DGRP_799	F	144
DGRP_799	M	123
DGRP_799	M	127
DGRP_799	M	147
DGRP_799	F	124
DGRP_799	F	127
DGRP_799	M	78
DGRP_799	M	130
DGRP_799	M	144
DGRP_799	F	110
DGRP_799	F	123
DGRP_799	F	124
DGRP_799	M	95
DGRP_799	M	124
DGRP_799	M	125
DGRP_799	F	92
DGRP_799	F	95
DGRP_799	F	97
DGRP_799	M	85
DGRP_799	M	113
DGRP_799	F	98
DGRP_799	F	123
DGRP_799	F	127
DGRP_799	M	116
DGRP_799	M	123
DGRP_799	M	123
DGRP_799	F	39
DGRP_799	F	68
DGRP_799	F	78
DGRP_799	M	60
DGRP_799	M	81
DGRP_799	M	81
DGRP_799	F	32
DGRP_799	F	88
DGRP_799	M	85
DGRP_799	M	90
DGRP_799	F	123
DGRP_799	F	124
DGRP_799	M	130
DGRP_799	M	130
DGRP_799	F	98
DGRP_799	F	103
DGRP_799	F	106
DGRP_799	M	123
DGRP_799	M	123
DGRP_799	M	123
DGRP_799	F	110
DGRP_799	F	117
DGRP_799	M	103
DGRP_799	M	117
DGRP_799	M	123
DGRP_799	F	106
DGRP_799	F	106
DGRP_799	F	112
DGRP_799	M	103
DGRP_799	M	103
DGRP_799	M	103
DGRP_799	F	12
DGRP_799	F	88
DGRP_799	F	89
DGRP_799	M	88
DGRP_799	M	137
DGRP_799	M	145
DGRP_799	F	39
DGRP_799	F	119
DGRP_799	F	125
DGRP_799	M	117
DGRP_799	M	124
DGRP_799	M	124
DGRP_799	F	117
DGRP_799	F	145
DGRP_799	M	12
DGRP_799	M	12
DGRP_799	M	145
DGRP_799	F	116
DGRP_799	F	117
DGRP_799	F	141
DGRP_799	M	39
DGRP_799	M	43
DGRP_799	M	68
DGRP_799	F	76
DGRP_799	F	117
DGRP_799	F	124
DGRP_799	M	47
DGRP_799	M	99
DGRP_799	F	124
DGRP_799	F	160
DGRP_799	M	21
DGRP_799	M	117
DGRP_799	M	124
DGRP_799	F	49
DGRP_799	F	109
DGRP_799	F	138
DGRP_799	M	110
DGRP_799	M	110
DGRP_799	M	117
DGRP_799	F	47
DGRP_799	F	60
DGRP_799	F	75
DGRP_799	M	67
DGRP_799	M	83
DGRP_799	M	102
DGRP_799	F	67
DGRP_799	F	112
DGRP_799	F	138
DGRP_799	M	117
DGRP_799	M	138
DGRP_801	F	46
DGRP_801	F	46
DGRP_801	F	81
DGRP_801	M	82
DGRP_801	M	119
DGRP_801	F	81
DGRP_801	F	102
DGRP_801	M	11
DGRP_801	M	130
DGRP_801	F	29
DGRP_801	F	63
DGRP_801	M	95
DGRP_801	M	104
DGRP_801	M	105
DGRP_801	F	70
DGRP_801	F	91
DGRP_801	M	109
DGRP_801	M	116
DGRP_801	F	81
DGRP_801	F	95
DGRP_801	F	109
DGRP_801	M	95
DGRP_801	M	97
DGRP_801	F	11
DGRP_801	F	61
DGRP_801	M	64
DGRP_801	M	91
DGRP_801	M	105
DGRP_801	F	60
DGRP_801	F	76
DGRP_801	F	105
DGRP_801	M	105
DGRP_801	M	106
DGRP_801	F	91
DGRP_801	F	105
DGRP_801	F	105
DGRP_801	M	14
DGRP_801	M	91
DGRP_801	F	11
DGRP_801	F	91
DGRP_801	F	96
DGRP_801	M	43
DGRP_801	M	91
DGRP_801	M	105
DGRP_801	F	45
DGRP_801	F	66
DGRP_801	F	81
DGRP_801	M	59
DGRP_801	M	101
DGRP_801	M	118
DGRP_801	F	39
DGRP_801	F	83
DGRP_801	M	60
DGRP_801	M	87
DGRP_801	M	103
DGRP_801	F	18
DGRP_801	F	41
DGRP_801	F	81
DGRP_801	M	28
DGRP_801	M	87
DGRP_801	F	57
DGRP_801	F	56
DGRP_801	F	56
DGRP_801	M	106
DGRP_801	M	56
DGRP_801	M	22
DGRP_801	F	68
DGRP_801	F	61
DGRP_801	F	60
DGRP_801	M	104
DGRP_801	M	81
DGRP_801	M	69
DGRP_801	F	68
DGRP_801	F	67
DGRP_801	F	55
DGRP_801	M	67
DGRP_801	M	55
DGRP_801	M	26
DGRP_801	F	116
DGRP_801	F	64
DGRP_801	M	88
DGRP_801	M	39
DGRP_801	M	19
DGRP_801	F	68
DGRP_801	F	60
DGRP_801	F	28
DGRP_801	M	95
DGRP_801	M	88
DGRP_801	F	70
DGRP_801	F	67
DGRP_801	F	36
DGRP_801	M	106
DGRP_801	M	88
DGRP_801	M	4
DGRP_801	F	56
DGRP_801	F	14
DGRP_801	F	11
DGRP_801	M	116
DGRP_801	M	113
DGRP_801	M	11
DGRP_801	F	68
DGRP_801	F	57
DGRP_801	F	15
DGRP_801	M	110
DGRP_801	M	110
DGRP_801	M	4
DGRP_801	F	88
DGRP_801	F	64
DGRP_801	F	4
DGRP_801	M	84
DGRP_801	M	64
DGRP_801	M	64
DGRP_801	F	95
DGRP_801	F	4
DGRP_801	M	99
DGRP_801	M	63
DGRP_801	M	8
DGRP_801	F	109
DGRP_801	F	98
DGRP_801	F	1
DGRP_801	M	99
DGRP_801	M	98
DGRP_801	M	91
DGRP_802	F	60
DGRP_802	F	64
DGRP_802	F	103
DGRP_802	M	81
DGRP_802	M	103
DGRP_802	M	106
DGRP_802	F	40
DGRP_802	F	78
DGRP_802	F	123
DGRP_802	M	71
DGRP_802	M	91
DGRP_802	M	123
DGRP_802	F	102
DGRP_802	F	105
DGRP_802	F	113
DGRP_802	M	92
DGRP_802	M	102
DGRP_802	F	67
DGRP_802	F	102
DGRP_802	F	138
DGRP_802	M	85
DGRP_802	M	91
DGRP_802	M	120
DGRP_802	F	120
DGRP_802	F	125
DGRP_802	M	123
DGRP_802	M	138
DGRP_802	F	78
DGRP_802	F	85
DGRP_802	F	127
DGRP_802	M	103
DGRP_802	M	132
DGRP_802	F	60
DGRP_802	F	81
DGRP_802	F	82
DGRP_802	M	103
DGRP_802	M	118
DGRP_802	F	60
DGRP_802	F	60
DGRP_802	F	68
DGRP_802	M	81
DGRP_802	M	88
DGRP_802	M	116
DGRP_802	F	119
DGRP_802	F	131
DGRP_802	M	91
DGRP_802	M	102
DGRP_802	M	106
DGRP_802	F	70
DGRP_802	F	74
DGRP_802	F	85
DGRP_802	M	60
DGRP_802	M	91
DGRP_802	M	109
DGRP_802	F	116
DGRP_802	F	123
DGRP_802	M	105
DGRP_802	M	109
DGRP_802	F	47
DGRP_802	F	49
DGRP_802	F	76
DGRP_802	M	63
DGRP_802	M	144
DGRP_802	F	120
DGRP_802	F	102
DGRP_802	F	57
DGRP_802	M	105
DGRP_802	M	103
DGRP_802	M	102
DGRP_802	F	113
DGRP_802	F	35
DGRP_802	M	116
DGRP_802	M	95
DGRP_802	M	78
DGRP_802	F	99
DGRP_802	F	88
DGRP_802	M	84
DGRP_802	M	77
DGRP_802	F	132
DGRP_802	F	131
DGRP_802	F	42
DGRP_802	M	105
DGRP_802	M	74
DGRP_802	F	120
DGRP_802	F	109
DGRP_802	F	61
DGRP_802	M	112
DGRP_802	M	74
DGRP_802	M	74
DGRP_802	F	118
DGRP_802	F	88
DGRP_802	F	42
DGRP_802	M	113
DGRP_802	M	102
DGRP_802	F	111
DGRP_802	F	85
DGRP_802	F	77
DGRP_802	M	61
DGRP_802	M	49
DGRP_802	F	119
DGRP_802	F	99
DGRP_802	F	13
DGRP_802	M	97
DGRP_802	M	97
DGRP_802	F	123
DGRP_802	F	116
DGRP_802	F	102
DGRP_802	M	119
DGRP_802	M	99
DGRP_802	M	82
DGRP_802	F	137
DGRP_802	F	130
DGRP_802	F	111
DGRP_802	M	50
DGRP_802	M	50
DGRP_804	F	57
DGRP_804	F	64
DGRP_804	F	64
DGRP_804	M	25
DGRP_804	M	25
DGRP_804	M	105
DGRP_804	F	11
DGRP_804	F	12
DGRP_804	F	43
DGRP_804	M	62
DGRP_804	M	88
DGRP_804	F	4
DGRP_804	F	33
DGRP_804	F	43
DGRP_804	M	83
DGRP_804	M	88
DGRP_804	M	103
DGRP_804	F	26
DGRP_804	F	41
DGRP_804	M	69
DGRP_804	M	83
DGRP_804	F	4
DGRP_804	F	11
DGRP_804	F	40
DGRP_804	M	15
DGRP_804	M	60
DGRP_804	M	112
DGRP_804	F	28
DGRP_804	F	76
DGRP_804	F	76
DGRP_804	M	25
DGRP_804	M	57
DGRP_804	M	78
DGRP_804	F	84
DGRP_804	F	85
DGRP_804	F	91
DGRP_804	M	83
DGRP_804	M	91
DGRP_804	F	8
DGRP_804	F	34
DGRP_804	F	62
DGRP_804	M	69
DGRP_804	M	88
DGRP_804	M	95
DGRP_804	F	18
DGRP_804	F	25
DGRP_804	F	28
DGRP_804	M	69
DGRP_804	M	131
DGRP_804	F	53
DGRP_804	F	54
DGRP_804	F	61
DGRP_804	M	28
DGRP_804	M	102
DGRP_804	F	13
DGRP_804	F	53
DGRP_804	F	53
DGRP_804	M	53
DGRP_804	M	91
DGRP_804	M	91
DGRP_804	F	19
DGRP_804	F	67
DGRP_804	F	95
DGRP_804	M	7
DGRP_804	M	60
DGRP_804	M	64
DGRP_804	F	64
DGRP_804	F	40
DGRP_804	F	39
DGRP_804	M	50
DGRP_804	M	39
DGRP_804	F	62
DGRP_804	F	60
DGRP_804	M	68
DGRP_804	M	60
DGRP_804	F	56
DGRP_804	F	48
DGRP_804	M	56
DGRP_804	M	39
DGRP_804	M	26
DGRP_804	F	56
DGRP_804	F	42
DGRP_804	F	39
DGRP_804	M	39
DGRP_804	M	39
DGRP_804	M	34
DGRP_804	F	18
DGRP_804	F	15
DGRP_804	F	11
DGRP_804	M	33
DGRP_804	M	20
DGRP_804	M	18
DGRP_804	F	56
DGRP_804	F	39
DGRP_804	F	25
DGRP_804	M	39
DGRP_804	M	34
DGRP_804	M	34
DGRP_804	F	95
DGRP_804	F	35
DGRP_804	F	11
DGRP_804	M	39
DGRP_804	M	39
DGRP_804	M	13
DGRP_804	F	74
DGRP_804	F	62
DGRP_804	F	27
DGRP_804	M	69
DGRP_804	M	56
DGRP_804	M	14
DGRP_804	F	35
DGRP_804	F	11
DGRP_804	F	11
DGRP_804	M	56
DGRP_804	M	34
DGRP_804	M	34
DGRP_804	F	34
DGRP_804	F	33
DGRP_804	F	5
DGRP_804	M	40
DGRP_804	M	33
DGRP_804	M	25
DGRP_804	F	56
DGRP_804	F	54
DGRP_804	F	39
DGRP_804	M	55
DGRP_804	M	28
DGRP_804	M	15
DGRP_804	F	67
DGRP_804	F	67
DGRP_804	M	67
DGRP_804	M	39
DGRP_805	F	91
DGRP_805	F	95
DGRP_805	M	92
DGRP_805	M	123
DGRP_805	F	102
DGRP_805	F	102
DGRP_805	F	106
DGRP_805	M	69
DGRP_805	M	116
DGRP_805	F	18
DGRP_805	F	106
DGRP_805	F	117
DGRP_805	M	103
DGRP_805	M	123
DGRP_805	M	137
DGRP_805	F	76
DGRP_805	F	82
DGRP_805	F	91
DGRP_805	M	78
DGRP_805	M	84
DGRP_805	M	116
DGRP_805	F	59
DGRP_805	F	59
DGRP_805	F	87
DGRP_805	M	10
DGRP_805	M	77
DGRP_805	M	112
DGRP_805	F	6
DGRP_805	F	82
DGRP_805	F	103
DGRP_805	M	80
DGRP_805	M	82
DGRP_805	F	3
DGRP_805	F	10
DGRP_805	F	80
DGRP_805	M	73
DGRP_805	M	90
DGRP_805	F	91
DGRP_805	F	95
DGRP_805	F	143
DGRP_805	M	10
DGRP_805	M	12
DGRP_805	F	40
DGRP_805	F	68
DGRP_805	F	94
DGRP_805	M	96
DGRP_805	M	137
DGRP_805	F	25
DGRP_805	F	94
DGRP_805	F	104
DGRP_805	M	17
DGRP_805	M	87
DGRP_805	F	31
DGRP_805	F	68
DGRP_805	M	66
DGRP_805	M	133
DGRP_805	F	10
DGRP_805	F	17
DGRP_805	M	10
DGRP_805	M	122
DGRP_805	M	132
DGRP_805	F	64
DGRP_805	F	61
DGRP_805	F	19
DGRP_805	M	109
DGRP_805	M	68
DGRP_805	F	97
DGRP_805	F	95
DGRP_805	F	67
DGRP_805	M	102
DGRP_805	M	71
DGRP_805	M	70
DGRP_805	F	70
DGRP_805	F	63
DGRP_805	F	63
DGRP_805	M	99
DGRP_805	M	69
DGRP_805	M	14
DGRP_805	F	103
DGRP_805	F	102
DGRP_805	M	116
DGRP_805	M	98
DGRP_805	M	39
DGRP_805	F	88
DGRP_805	F	60
DGRP_805	F	57
DGRP_805	M	109
DGRP_805	M	82
DGRP_805	M	36
DGRP_805	F	74
DGRP_805	F	56
DGRP_805	F	33
DGRP_805	M	113
DGRP_805	M	96
DGRP_805	M	71
DGRP_805	F	56
DGRP_805	F	33
DGRP_805	M	144
DGRP_805	M	116
DGRP_805	M	70
DGRP_805	F	96
DGRP_805	F	92
DGRP_805	F	88
DGRP_805	M	111
DGRP_805	M	99
DGRP_805	M	54
DGRP_805	F	88
DGRP_805	F	43
DGRP_805	F	34
DGRP_805	M	132
DGRP_805	M	112
DGRP_805	M	88
DGRP_805	F	106
DGRP_805	F	95
DGRP_805	F	60
DGRP_805	M	113
DGRP_805	M	110
DGRP_805	M	99
DGRP_805	F	71
DGRP_805	F	71
DGRP_805	F	69
DGRP_805	M	103
DGRP_805	M	71
DGRP_805	M	68
DGRP_805	F	50
DGRP_805	F	46
DGRP_805	M	111
DGRP_805	M	103
DGRP_805	M	62
DGRP_808	F	19
DGRP_808	F	41
DGRP_808	F	136
DGRP_808	M	74
DGRP_808	M	117
DGRP_808	M	122
DGRP_808	F	59
DGRP_808	F	101
DGRP_808	M	53
DGRP_808	M	95
DGRP_808	M	122
DGRP_808	F	66
DGRP_808	F	75
DGRP_808	F	87
DGRP_808	M	87
DGRP_808	M	96
DGRP_808	M	110
DGRP_808	F	3
DGRP_808	F	115
DGRP_808	M	82
DGRP_808	M	94
DGRP_808	F	70
DGRP_808	F	74
DGRP_808	F	91
DGRP_808	M	112
DGRP_808	M	137
DGRP_808	F	113
DGRP_808	F	116
DGRP_808	F	127
DGRP_808	M	114
DGRP_808	M	140
DGRP_808	F	65
DGRP_808	F	70
DGRP_808	M	1
DGRP_808	M	87
DGRP_808	F	71
DGRP_808	F	130
DGRP_808	M	120
DGRP_808	M	123
DGRP_808	F	91
DGRP_808	F	116
DGRP_808	F	140
DGRP_808	M	101
DGRP_808	M	102
DGRP_808	F	43
DGRP_808	F	73
DGRP_808	F	87
DGRP_808	M	49
DGRP_808	M	74
DGRP_808	F	35
DGRP_808	F	56
DGRP_808	M	91
DGRP_808	M	129
DGRP_808	F	53
DGRP_808	F	87
DGRP_808	M	67
DGRP_808	M	94
DGRP_808	F	75
DGRP_808	F	26
DGRP_808	M	111
DGRP_808	M	102
DGRP_808	F	144
DGRP_808	F	69
DGRP_808	F	15
DGRP_808	M	144
DGRP_808	M	113
DGRP_808	M	104
DGRP_808	F	70
DGRP_808	F	70
DGRP_808	F	67
DGRP_808	M	116
DGRP_808	M	102
DGRP_808	M	71
DGRP_808	F	102
DGRP_808	F	102
DGRP_808	F	81
DGRP_808	M	99
DGRP_808	M	98
DGRP_808	M	84
DGRP_808	F	99
DGRP_808	F	85
DGRP_808	F	67
DGRP_808	M	96
DGRP_808	M	78
DGRP_808	M	42
DGRP_808	F	134
DGRP_808	F	120
DGRP_808	F	82
DGRP_808	M	112
DGRP_808	M	103
DGRP_808	M	102
DGRP_808	F	92
DGRP_808	F	41
DGRP_808	M	127
DGRP_808	M	107
DGRP_808	F	97
DGRP_808	F	50
DGRP_808	M	96
DGRP_808	M	64
DGRP_808	M	49
DGRP_808	F	142
DGRP_808	F	110
DGRP_808	F	40
DGRP_808	M	86
DGRP_808	M	56
DGRP_808	F	135
DGRP_808	F	131
DGRP_808	F	120
DGRP_808	M	105
DGRP_808	M	96
DGRP_808	M	83
DGRP_808	F	139
DGRP_808	F	27
DGRP_808	F	27
DGRP_808	M	140
DGRP_808	M	107
DGRP_808	M	104
DGRP_810	F	32
DGRP_810	F	50
DGRP_810	F	64
DGRP_810	M	88
DGRP_810	M	109
DGRP_810	F	55
DGRP_810	F	60
DGRP_810	F	76
DGRP_810	M	76
DGRP_810	M	81
DGRP_810	F	13
DGRP_810	F	60
DGRP_810	M	76
DGRP_810	M	81
DGRP_810	F	77
DGRP_810	F	81
DGRP_810	F	103
DGRP_810	M	20
DGRP_810	M	60
DGRP_810	M	97
DGRP_810	F	47
DGRP_810	F	64
DGRP_810	F	85
DGRP_810	M	48
DGRP_810	M	64
DGRP_810	M	95
DGRP_810	F	25
DGRP_810	F	43
DGRP_810	M	64
DGRP_810	M	95
DGRP_810	M	97
DGRP_810	F	28
DGRP_810	F	32
DGRP_810	F	50
DGRP_810	M	47
DGRP_810	M	53
DGRP_810	M	78
DGRP_810	F	74
DGRP_810	F	77
DGRP_810	M	69
DGRP_810	M	74
DGRP_810	F	28
DGRP_810	F	75
DGRP_810	F	81
DGRP_810	M	32
DGRP_810	M	75
DGRP_810	F	32
DGRP_810	F	60
DGRP_810	F	81
DGRP_810	M	5
DGRP_810	M	74
DGRP_810	M	84
DGRP_810	F	39
DGRP_810	F	56
DGRP_810	F	80
DGRP_810	M	13
DGRP_810	M	73
DGRP_810	F	17
DGRP_810	F	80
DGRP_810	M	39
DGRP_810	M	46
DGRP_810	M	73
DGRP_810	F	62
DGRP_810	F	60
DGRP_810	F	56
DGRP_810	M	88
DGRP_810	M	60
DGRP_810	M	40
DGRP_810	F	54
DGRP_810	F	39
DGRP_810	F	39
DGRP_810	M	109
DGRP_810	M	56
DGRP_810	F	46
DGRP_810	F	27
DGRP_810	F	14
DGRP_810	M	57
DGRP_810	M	50
DGRP_810	F	56
DGRP_810	F	39
DGRP_810	F	5
DGRP_810	M	61
DGRP_810	M	55
DGRP_810	M	54
DGRP_810	F	61
DGRP_810	F	57
DGRP_810	F	46
DGRP_810	M	56
DGRP_810	M	54
DGRP_810	M	26
DGRP_810	F	74
DGRP_810	F	48
DGRP_810	F	39
DGRP_810	M	62
DGRP_810	M	61
DGRP_810	M	60
DGRP_810	F	64
DGRP_810	F	54
DGRP_810	F	35
DGRP_810	M	57
DGRP_810	M	55
DGRP_810	M	54
DGRP_810	F	54
DGRP_810	F	39
DGRP_810	F	11
DGRP_810	M	102
DGRP_810	M	63
DGRP_810	M	49
DGRP_810	F	95
DGRP_810	F	11
DGRP_810	M	61
DGRP_810	M	61
DGRP_810	M	56
DGRP_810	F	54
DGRP_810	F	33
DGRP_810	F	15
DGRP_810	M	56
DGRP_810	M	55
DGRP_810	M	33
DGRP_810	F	91
DGRP_810	F	56
DGRP_810	F	11
DGRP_810	M	63
DGRP_810	M	56
DGRP_810	M	39
DGRP_810	F	56
DGRP_810	F	21
DGRP_810	M	60
DGRP_810	M	42
DGRP_812	F	60
DGRP_812	F	67
DGRP_812	F	77
DGRP_812	M	98
DGRP_812	M	102
DGRP_812	F	53
DGRP_812	F	67
DGRP_812	M	60
DGRP_812	M	85
DGRP_812	M	102
DGRP_812	F	54
DGRP_812	F	74
DGRP_812	M	74
DGRP_812	M	74
DGRP_812	M	102
DGRP_812	F	36
DGRP_812	F	47
DGRP_812	M	96
DGRP_812	M	109
DGRP_812	F	53
DGRP_812	F	64
DGRP_812	M	81
DGRP_812	M	91
DGRP_812	F	53
DGRP_812	F	85
DGRP_812	M	70
DGRP_812	M	83
DGRP_812	M	85
DGRP_812	F	60
DGRP_812	F	63
DGRP_812	F	63
DGRP_812	M	91
DGRP_812	M	92
DGRP_812	F	46
DGRP_812	F	62
DGRP_812	M	54
DGRP_812	M	60
DGRP_812	M	97
DGRP_812	F	60
DGRP_812	F	62
DGRP_812	F	81
DGRP_812	M	95
DGRP_812	M	120
DGRP_812	F	39
DGRP_812	F	53
DGRP_812	F	62
DGRP_812	M	85
DGRP_812	M	88
DGRP_812	F	53
DGRP_812	F	69
DGRP_812	F	78
DGRP_812	M	18
DGRP_812	M	46
DGRP_812	M	81
DGRP_812	F	60
DGRP_812	F	71
DGRP_812	M	28
DGRP_812	M	32
DGRP_812	M	88
DGRP_812	F	74
DGRP_812	F	56
DGRP_812	F	54
DGRP_812	M	103
DGRP_812	M	81
DGRP_812	M	49
DGRP_812	F	50
DGRP_812	F	4
DGRP_812	M	96
DGRP_812	M	82
DGRP_812	F	47
DGRP_812	F	47
DGRP_812	F	55
DGRP_812	M	88
DGRP_812	M	67
DGRP_812	M	55
DGRP_812	F	67
DGRP_812	F	55
DGRP_812	F	55
DGRP_812	M	68
DGRP_812	M	60
DGRP_812	M	4
DGRP_812	F	56
DGRP_812	F	56
DGRP_812	F	4
DGRP_812	M	99
DGRP_812	M	74
DGRP_812	M	69
DGRP_812	F	61
DGRP_812	F	60
DGRP_812	F	54
DGRP_812	M	106
DGRP_812	M	62
DGRP_812	M	4
DGRP_812	F	82
DGRP_812	F	68
DGRP_812	F	48
DGRP_812	M	91
DGRP_812	M	85
DGRP_812	M	71
DGRP_812	F	60
DGRP_812	F	54
DGRP_812	F	50
DGRP_812	M	92
DGRP_812	M	92
DGRP_812	M	61
DGRP_812	F	67
DGRP_812	F	60
DGRP_812	F	56
DGRP_812	M	98
DGRP_812	M	60
DGRP_812	F	70
DGRP_812	F	67
DGRP_812	F	55
DGRP_812	M	95
DGRP_812	M	74
DGRP_812	M	71
DGRP_812	F	62
DGRP_812	F	60
DGRP_812	M	96
DGRP_812	M	70
DGRP_812	F	57
DGRP_812	F	56
DGRP_812	F	55
DGRP_812	M	102
DGRP_812	M	57
DGRP_818	F	88
DGRP_818	F	99
DGRP_818	F	109
DGRP_818	M	84
DGRP_818	M	84
DGRP_818	F	91
DGRP_818	F	130
DGRP_818	M	5
DGRP_818	M	25
DGRP_818	M	34
DGRP_818	F	5
DGRP_818	F	105
DGRP_818	F	109
DGRP_818	M	102
DGRP_818	M	106
DGRP_818	F	33
DGRP_818	F	67
DGRP_818	M	4
DGRP_818	M	106
DGRP_818	F	43
DGRP_818	F	60
DGRP_818	F	67
DGRP_818	M	22
DGRP_818	M	92
DGRP_818	F	21
DGRP_818	F	33
DGRP_818	M	36
DGRP_818	M	88
DGRP_818	M	91
DGRP_818	F	33
DGRP_818	F	92
DGRP_818	M	69
DGRP_818	M	102
DGRP_818	F	39
DGRP_818	F	46
DGRP_818	F	47
DGRP_818	M	43
DGRP_818	M	123
DGRP_818	F	36
DGRP_818	F	74
DGRP_818	F	109
DGRP_818	M	88
DGRP_818	M	106
DGRP_818	F	18
DGRP_818	F	88
DGRP_818	F	109
DGRP_818	M	40
DGRP_818	M	43
DGRP_818	F	19
DGRP_818	F	95
DGRP_818	F	97
DGRP_818	M	81
DGRP_818	M	104
DGRP_818	M	118
DGRP_818	F	46
DGRP_818	F	47
DGRP_818	F	74
DGRP_818	M	7
DGRP_818	M	47
DGRP_818	M	53
DGRP_818	F	71
DGRP_818	F	50
DGRP_818	F	28
DGRP_818	M	64
DGRP_818	M	50
DGRP_818	M	48
DGRP_818	F	83
DGRP_818	F	28
DGRP_818	F	8
DGRP_818	M	98
DGRP_818	M	57
DGRP_818	M	28
DGRP_818	F	99
DGRP_818	F	60
DGRP_818	M	92
DGRP_818	M	75
DGRP_818	F	97
DGRP_818	F	11
DGRP_818	F	6
DGRP_818	M	96
DGRP_818	M	95
DGRP_818	M	84
DGRP_818	F	61
DGRP_818	F	57
DGRP_818	M	34
DGRP_818	M	1
DGRP_818	F	99
DGRP_818	F	95
DGRP_818	F	5
DGRP_818	M	91
DGRP_818	M	5
DGRP_818	F	50
DGRP_818	F	50
DGRP_818	F	28
DGRP_818	M	113
DGRP_818	M	54
DGRP_818	F	112
DGRP_818	F	20
DGRP_818	F	7
DGRP_818	M	109
DGRP_818	M	103
DGRP_818	M	102
DGRP_818	F	106
DGRP_818	F	98
DGRP_818	F	91
DGRP_818	M	109
DGRP_818	M	102
DGRP_818	M	56
DGRP_818	F	95
DGRP_818	F	67
DGRP_818	F	34
DGRP_818	M	116
DGRP_818	M	85
DGRP_818	F	96
DGRP_818	F	33
DGRP_818	F	25
DGRP_818	M	92
DGRP_818	M	76
DGRP_818	F	60
DGRP_818	F	8
DGRP_818	M	102
DGRP_818	M	84
DGRP_818	M	83
DGRP_819	F	36
DGRP_819	F	92
DGRP_819	M	57
DGRP_819	M	91
DGRP_819	F	91
DGRP_819	F	103
DGRP_819	M	74
DGRP_819	M	77
DGRP_819	F	67
DGRP_819	F	91
DGRP_819	F	95
DGRP_819	M	4
DGRP_819	M	81
DGRP_819	M	91
DGRP_819	F	74
DGRP_819	F	74
DGRP_819	F	97
DGRP_819	M	74
DGRP_819	M	104
DGRP_819	F	74
DGRP_819	F	95
DGRP_819	F	104
DGRP_819	M	47
DGRP_819	M	61
DGRP_819	F	7
DGRP_819	F	46
DGRP_819	F	69
DGRP_819	M	4
DGRP_819	M	43
DGRP_819	F	47
DGRP_819	F	77
DGRP_819	F	102
DGRP_819	M	26
DGRP_819	M	76
DGRP_819	M	116
DGRP_819	F	49
DGRP_819	F	113
DGRP_819	F	123
DGRP_819	M	57
DGRP_819	M	111
DGRP_819	M	117
DGRP_819	F	29
DGRP_819	F	46
DGRP_819	M	74
DGRP_819	M	88
DGRP_819	M	120
DGRP_819	F	62
DGRP_819	F	64
DGRP_819	M	4
DGRP_819	M	91
DGRP_819	M	110
DGRP_819	F	13
DGRP_819	F	84
DGRP_819	F	103
DGRP_819	M	17
DGRP_819	M	73
DGRP_819	F	27
DGRP_819	F	87
DGRP_819	F	95
DGRP_819	M	46
DGRP_819	M	90
DGRP_819	F	49
DGRP_819	F	20
DGRP_819	F	4
DGRP_819	M	111
DGRP_819	M	61
DGRP_819	M	57
DGRP_819	F	85
DGRP_819	F	83
DGRP_819	F	39
DGRP_819	M	84
DGRP_819	M	74
DGRP_819	M	62
DGRP_819	F	95
DGRP_819	F	95
DGRP_819	F	82
DGRP_819	M	116
DGRP_819	M	95
DGRP_819	M	85
DGRP_819	F	71
DGRP_819	F	63
DGRP_819	F	50
DGRP_819	M	112
DGRP_819	M	99
DGRP_819	F	81
DGRP_819	F	56
DGRP_819	F	48
DGRP_819	M	62
DGRP_819	M	60
DGRP_819	M	28
DGRP_819	F	103
DGRP_819	F	54
DGRP_819	F	50
DGRP_819	M	113
DGRP_819	M	57
DGRP_819	M	57
DGRP_819	F	102
DGRP_819	F	64
DGRP_819	F	42
DGRP_819	M	113
DGRP_819	M	83
DGRP_819	M	64
DGRP_819	F	102
DGRP_819	F	64
DGRP_819	F	56
DGRP_819	M	71
DGRP_819	M	71
DGRP_819	M	27
DGRP_819	F	95
DGRP_819	F	48
DGRP_819	F	25
DGRP_819	M	96
DGRP_819	M	62
DGRP_819	M	61
DGRP_819	F	88
DGRP_819	F	55
DGRP_819	F	40
DGRP_819	M	81
DGRP_819	M	71
DGRP_819	M	55
DGRP_819	F	89
DGRP_819	F	88
DGRP_819	F	50
DGRP_819	M	89
DGRP_819	M	84
DGRP_819	M	60
DGRP_819	F	104
DGRP_819	F	55
DGRP_819	F	48
DGRP_819	M	96
DGRP_819	M	81
DGRP_819	M	22
DGRP_820	F	39
DGRP_820	F	74
DGRP_820	F	127
DGRP_820	M	62
DGRP_820	M	95
DGRP_820	F	42
DGRP_820	F	78
DGRP_820	M	99
DGRP_820	M	123
DGRP_820	F	60
DGRP_820	F	92
DGRP_820	F	97
DGRP_820	M	67
DGRP_820	M	97
DGRP_820	M	119
DGRP_820	F	41
DGRP_820	F	77
DGRP_820	F	90
DGRP_820	M	25
DGRP_820	M	74
DGRP_820	M	130
DGRP_820	F	18
DGRP_820	F	34
DGRP_820	F	77
DGRP_820	M	126
DGRP_820	M	127
DGRP_820	F	34
DGRP_820	F	39
DGRP_820	F	69
DGRP_820	M	95
DGRP_820	M	95
DGRP_820	M	118
DGRP_820	F	53
DGRP_820	F	123
DGRP_820	F	130
DGRP_820	M	83
DGRP_820	M	97
DGRP_820	M	116
DGRP_820	F	95
DGRP_820	F	124
DGRP_820	F	137
DGRP_820	M	83
DGRP_820	M	92
DGRP_820	M	95
DGRP_820	F	92
DGRP_820	F	124
DGRP_820	M	74
DGRP_820	M	97
DGRP_820	M	123
DGRP_820	F	74
DGRP_820	F	95
DGRP_820	F	124
DGRP_820	M	32
DGRP_820	M	110
DGRP_820	F	4
DGRP_820	F	53
DGRP_820	F	130
DGRP_820	M	4
DGRP_820	M	102
DGRP_820	M	110
DGRP_820	F	60
DGRP_820	F	68
DGRP_820	F	69
DGRP_820	M	41
DGRP_820	M	95
DGRP_820	M	97
DGRP_820	F	54
DGRP_820	F	61
DGRP_820	F	74
DGRP_820	M	57
DGRP_820	M	64
DGRP_820	M	68
DGRP_820	F	60
DGRP_820	F	67
DGRP_820	F	82
DGRP_820	M	69
DGRP_820	M	74
DGRP_820	M	74
DGRP_820	F	71
DGRP_820	F	74
DGRP_820	F	75
DGRP_820	M	15
DGRP_820	M	71
DGRP_820	M	75
DGRP_820	F	15
DGRP_820	F	43
DGRP_820	F	92
DGRP_820	M	15
DGRP_820	M	18
DGRP_820	M	116
DGRP_820	F	53
DGRP_820	F	71
DGRP_820	M	39
DGRP_820	M	105
DGRP_820	M	146
DGRP_820	F	15
DGRP_820	F	67
DGRP_820	F	98
DGRP_820	M	15
DGRP_820	M	46
DGRP_820	M	96
DGRP_820	F	60
DGRP_820	F	98
DGRP_820	F	105
DGRP_820	M	15
DGRP_820	M	64
DGRP_820	M	92
DGRP_820	F	67
DGRP_820	F	67
DGRP_820	F	68
DGRP_820	M	68
DGRP_820	M	81
DGRP_820	M	123
DGRP_820	F	75
DGRP_820	F	76
DGRP_820	F	109
DGRP_820	M	15
DGRP_820	M	81
DGRP_820	M	103
DGRP_820	F	67
DGRP_820	F	95
DGRP_820	F	124
DGRP_820	M	81
DGRP_820	M	95
DGRP_820	M	118
DGRP_820	F	71
DGRP_820	F	99
DGRP_820	F	103
DGRP_820	M	15
DGRP_820	M	103
DGRP_820	M	103
DGRP_821	F	34
DGRP_821	F	151
DGRP_821	F	153
DGRP_821	M	124
DGRP_821	M	153
DGRP_821	F	87
DGRP_821	F	174
DGRP_821	M	61
DGRP_821	M	88
DGRP_821	M	103
DGRP_821	F	67
DGRP_821	F	123
DGRP_821	F	140
DGRP_821	M	105
DGRP_821	M	115
DGRP_821	M	122
DGRP_821	F	119
DGRP_821	F	147
DGRP_821	F	150
DGRP_821	M	109
DGRP_821	M	148
DGRP_821	F	137
DGRP_821	F	140
DGRP_821	F	143
DGRP_821	M	16
DGRP_821	M	140
DGRP_821	F	98
DGRP_821	F	154
DGRP_821	F	161
DGRP_821	M	94
DGRP_821	M	148
DGRP_821	F	95
DGRP_821	F	161
DGRP_821	F	182
DGRP_821	M	119
DGRP_821	M	128
DGRP_821	F	88
DGRP_821	F	182
DGRP_821	M	128
DGRP_821	M	133
DGRP_821	F	142
DGRP_821	F	147
DGRP_821	F	151
DGRP_821	M	148
DGRP_821	M	150
DGRP_821	F	80
DGRP_821	F	146
DGRP_821	F	147
DGRP_821	M	126
DGRP_821	M	130
DGRP_821	M	146
DGRP_821	F	136
DGRP_821	F	154
DGRP_821	M	126
DGRP_821	M	130
DGRP_821	M	152
DGRP_821	F	11
DGRP_821	F	48
DGRP_821	F	153
DGRP_821	M	152
DGRP_821	M	153
DGRP_821	F	122
DGRP_821	F	119
DGRP_821	F	118
DGRP_821	M	154
DGRP_821	M	122
DGRP_821	M	117
DGRP_821	F	126
DGRP_821	F	125
DGRP_821	F	32
DGRP_821	M	126
DGRP_821	M	126
DGRP_821	M	122
DGRP_821	F	111
DGRP_821	F	108
DGRP_821	F	108
DGRP_821	M	117
DGRP_821	M	108
DGRP_821	M	108
DGRP_821	F	119
DGRP_821	F	115
DGRP_821	F	114
DGRP_821	M	116
DGRP_821	M	116
DGRP_821	M	112
DGRP_821	F	116
DGRP_821	F	112
DGRP_821	F	112
DGRP_821	M	116
DGRP_821	M	115
DGRP_821	M	112
DGRP_821	F	121
DGRP_821	F	119
DGRP_821	F	37
DGRP_821	M	130
DGRP_821	M	126
DGRP_821	M	119
DGRP_821	F	151
DGRP_821	F	113
DGRP_821	F	80
DGRP_821	M	140
DGRP_821	M	115
DGRP_821	M	112
DGRP_821	F	151
DGRP_821	F	136
DGRP_821	F	128
DGRP_821	M	133
DGRP_821	M	126
DGRP_821	M	88
DGRP_821	F	119
DGRP_821	F	118
DGRP_821	F	49
DGRP_821	M	151
DGRP_821	M	116
DGRP_821	M	115
DGRP_821	F	122
DGRP_821	F	122
DGRP_821	F	115
DGRP_821	M	115
DGRP_821	M	111
DGRP_821	M	111
DGRP_821	F	118
DGRP_821	F	98
DGRP_821	M	119
DGRP_821	M	115
DGRP_821	M	102
DGRP_821	F	143
DGRP_821	F	119
DGRP_821	F	112
DGRP_821	M	119
DGRP_821	M	112
DGRP_821	M	110
DGRP_822	F	53
DGRP_822	F	60
DGRP_822	M	56
DGRP_822	M	101
DGRP_822	F	73
DGRP_822	F	82
DGRP_822	M	63
DGRP_822	M	108
DGRP_822	F	63
DGRP_822	F	73
DGRP_822	M	87
DGRP_822	M	89
DGRP_822	M	103
DGRP_822	F	77
DGRP_822	F	80
DGRP_822	F	80
DGRP_822	M	110
DGRP_822	M	137
DGRP_822	F	47
DGRP_822	F	53
DGRP_822	F	97
DGRP_822	M	89
DGRP_822	M	101
DGRP_822	M	129
DGRP_822	F	52
DGRP_822	F	59
DGRP_822	M	82
DGRP_822	M	97
DGRP_822	M	138
DGRP_822	F	75
DGRP_822	F	80
DGRP_822	F	82
DGRP_822	M	5
DGRP_822	M	108
DGRP_822	M	108
DGRP_822	F	80
DGRP_822	F	80
DGRP_822	M	103
DGRP_822	M	118
DGRP_822	F	5
DGRP_822	F	60
DGRP_822	F	73
DGRP_822	M	87
DGRP_822	M	101
DGRP_822	M	101
DGRP_822	F	75
DGRP_822	F	104
DGRP_822	M	53
DGRP_822	M	84
DGRP_822	F	77
DGRP_822	F	84
DGRP_822	M	84
DGRP_822	M	94
DGRP_822	F	67
DGRP_822	F	77
DGRP_822	M	77
DGRP_822	M	81
DGRP_822	F	66
DGRP_822	F	61
DGRP_822	M	119
DGRP_822	M	84
DGRP_822	M	66
DGRP_822	F	62
DGRP_822	F	55
DGRP_822	F	6
DGRP_822	M	87
DGRP_822	M	68
DGRP_822	F	61
DGRP_822	F	56
DGRP_822	F	54
DGRP_822	M	101
DGRP_822	M	89
DGRP_822	M	69
DGRP_822	F	60
DGRP_822	F	60
DGRP_822	F	60
DGRP_822	M	112
DGRP_822	M	95
DGRP_822	M	70
DGRP_822	F	69
DGRP_822	F	62
DGRP_822	M	115
DGRP_822	M	88
DGRP_822	M	75
DGRP_822	F	77
DGRP_822	F	66
DGRP_822	M	108
DGRP_822	M	74
DGRP_822	M	70
DGRP_822	F	73
DGRP_822	F	68
DGRP_822	M	88
DGRP_822	M	77
DGRP_822	F	94
DGRP_822	F	74
DGRP_822	F	58
DGRP_822	M	91
DGRP_822	M	87
DGRP_822	M	66
DGRP_822	F	101
DGRP_822	F	67
DGRP_822	F	63
DGRP_822	M	91
DGRP_822	M	91
DGRP_822	M	74
DGRP_822	F	84
DGRP_822	F	64
DGRP_822	F	60
DGRP_822	M	88
DGRP_822	M	87
DGRP_822	M	74
DGRP_832	F	66
DGRP_832	F	70
DGRP_832	M	52
DGRP_832	M	101
DGRP_832	M	102
DGRP_832	F	45
DGRP_832	F	46
DGRP_832	F	53
DGRP_832	M	77
DGRP_832	M	119
DGRP_832	F	66
DGRP_832	F	66
DGRP_832	F	70
DGRP_832	M	101
DGRP_832	M	101
DGRP_832	F	45
DGRP_832	F	45
DGRP_832	F	59
DGRP_832	M	87
DGRP_832	M	96
DGRP_832	F	47
DGRP_832	F	80
DGRP_832	M	76
DGRP_832	M	80
DGRP_832	F	73
DGRP_832	F	77
DGRP_832	F	90
DGRP_832	M	54
DGRP_832	M	98
DGRP_832	F	6
DGRP_832	F	38
DGRP_832	F	42
DGRP_832	M	63
DGRP_832	M	84
DGRP_832	M	108
DGRP_832	F	52
DGRP_832	F	62
DGRP_832	F	73
DGRP_832	M	10
DGRP_832	M	66
DGRP_832	M	94
DGRP_832	F	48
DGRP_832	F	80
DGRP_832	F	81
DGRP_832	M	38
DGRP_832	M	83
DGRP_832	M	98
DGRP_832	F	73
DGRP_832	F	87
DGRP_832	M	10
DGRP_832	M	83
DGRP_832	M	87
DGRP_832	F	68
DGRP_832	F	73
DGRP_832	F	75
DGRP_832	M	68
DGRP_832	M	90
DGRP_832	M	115
DGRP_832	F	61
DGRP_832	F	67
DGRP_832	F	68
DGRP_832	M	88
DGRP_832	M	90
DGRP_832	M	115
DGRP_832	F	53
DGRP_832	F	49
DGRP_832	F	45
DGRP_832	M	97
DGRP_832	M	69
DGRP_832	M	55
DGRP_832	F	55
DGRP_832	F	42
DGRP_832	F	41
DGRP_832	M	61
DGRP_832	M	48
DGRP_832	F	56
DGRP_832	F	54
DGRP_832	M	60
DGRP_832	M	56
DGRP_832	F	67
DGRP_832	F	55
DGRP_832	F	53
DGRP_832	M	87
DGRP_832	M	61
DGRP_832	M	61
DGRP_832	F	75
DGRP_832	F	45
DGRP_832	F	39
DGRP_832	M	75
DGRP_832	M	75
DGRP_832	M	70
DGRP_832	F	67
DGRP_832	F	55
DGRP_832	F	54
DGRP_832	M	70
DGRP_832	M	70
DGRP_832	F	94
DGRP_832	F	53
DGRP_832	F	42
DGRP_832	M	77
DGRP_832	M	56
DGRP_832	M	55
DGRP_832	F	63
DGRP_832	F	53
DGRP_832	M	53
DGRP_832	M	53
DGRP_832	M	53
DGRP_832	F	55
DGRP_832	F	38
DGRP_832	M	67
DGRP_832	M	59
DGRP_832	M	53
DGRP_832	F	80
DGRP_832	F	70
DGRP_832	F	70
DGRP_832	M	62
DGRP_832	M	60
DGRP_832	M	54
DGRP_837	F	84
DGRP_837	F	90
DGRP_837	F	97
DGRP_837	M	102
DGRP_837	M	136
DGRP_837	F	59
DGRP_837	F	94
DGRP_837	F	101
DGRP_837	M	103
DGRP_837	M	131
DGRP_837	F	59
DGRP_837	F	105
DGRP_837	M	110
DGRP_837	M	136
DGRP_837	F	87
DGRP_837	F	91
DGRP_837	F	97
DGRP_837	M	122
DGRP_837	M	124
DGRP_837	M	147
DGRP_837	F	5
DGRP_837	F	97
DGRP_837	F	122
DGRP_837	M	101
DGRP_837	M	138
DGRP_837	F	73
DGRP_837	F	76
DGRP_837	F	97
DGRP_837	M	131
DGRP_837	M	133
DGRP_837	M	146
DGRP_837	F	87
DGRP_837	F	94
DGRP_837	F	94
DGRP_837	M	108
DGRP_837	M	132
DGRP_837	F	82
DGRP_837	F	89
DGRP_837	F	112
DGRP_837	M	97
DGRP_837	M	129
DGRP_837	M	130
DGRP_837	F	73
DGRP_837	F	87
DGRP_837	F	90
DGRP_837	M	95
DGRP_837	M	105
DGRP_837	M	122
DGRP_837	F	83
DGRP_837	F	88
DGRP_837	F	89
DGRP_837	M	112
DGRP_837	M	146
DGRP_837	F	52
DGRP_837	F	61
DGRP_837	F	89
DGRP_837	M	95
DGRP_837	M	140
DGRP_837	M	147
DGRP_837	F	73
DGRP_837	F	80
DGRP_837	F	87
DGRP_837	M	104
DGRP_837	M	129
DGRP_837	M	136
DGRP_837	F	77
DGRP_837	F	63
DGRP_837	F	54
DGRP_837	M	119
DGRP_837	M	118
DGRP_837	M	110
DGRP_837	F	88
DGRP_837	F	73
DGRP_837	F	60
DGRP_837	M	122
DGRP_837	M	119
DGRP_837	M	77
DGRP_837	F	111
DGRP_837	F	105
DGRP_837	F	61
DGRP_837	M	115
DGRP_837	M	111
DGRP_837	M	108
DGRP_837	F	83
DGRP_837	F	74
DGRP_837	F	62
DGRP_837	M	97
DGRP_837	M	87
DGRP_837	M	66
DGRP_837	F	76
DGRP_837	F	68
DGRP_837	M	117
DGRP_837	M	77
DGRP_837	M	66
DGRP_837	F	87
DGRP_837	F	73
DGRP_837	F	68
DGRP_837	M	124
DGRP_837	M	119
DGRP_837	M	116
DGRP_837	F	81
DGRP_837	F	80
DGRP_837	F	66
DGRP_837	M	88
DGRP_837	M	75
DGRP_837	M	66
DGRP_837	F	80
DGRP_837	F	76
DGRP_837	F	74
DGRP_837	M	119
DGRP_837	M	91
DGRP_837	F	75
DGRP_837	F	67
DGRP_837	F	4
DGRP_837	M	109
DGRP_837	M	62
DGRP_837	M	32
DGRP_837	F	94
DGRP_837	F	70
DGRP_837	F	67
DGRP_837	M	122
DGRP_837	M	119
DGRP_837	M	14
DGRP_837	F	80
DGRP_837	F	66
DGRP_837	F	66
DGRP_837	M	117
DGRP_837	M	117
DGRP_837	M	67
DGRP_837	F	80
DGRP_837	F	73
DGRP_837	F	13
DGRP_837	M	122
DGRP_837	M	94
DGRP_837	M	94
DGRP_843	F	66
DGRP_843	F	112
DGRP_843	F	115
DGRP_843	M	129
DGRP_843	M	157
DGRP_843	F	101
DGRP_843	F	109
DGRP_843	M	125
DGRP_843	M	138
DGRP_843	F	82
DGRP_843	F	129
DGRP_843	M	147
DGRP_843	M	150
DGRP_843	F	108
DGRP_843	F	112
DGRP_843	M	151
DGRP_843	M	160
DGRP_843	M	175
DGRP_843	F	115
DGRP_843	F	115
DGRP_843	M	150
DGRP_843	M	172
DGRP_843	F	105
DGRP_843	F	112
DGRP_843	M	137
DGRP_843	M	153
DGRP_843	M	157
DGRP_843	F	115
DGRP_843	F	122
DGRP_843	M	108
DGRP_843	M	110
DGRP_843	F	95
DGRP_843	F	101
DGRP_843	F	122
DGRP_843	M	74
DGRP_843	M	102
DGRP_843	F	112
DGRP_843	F	136
DGRP_843	M	115
DGRP_843	M	125
DGRP_843	F	46
DGRP_843	F	124
DGRP_843	M	112
DGRP_843	M	125
DGRP_843	F	46
DGRP_843	F	52
DGRP_843	F	102
DGRP_843	M	138
DGRP_843	M	143
DGRP_843	M	146
DGRP_843	F	119
DGRP_843	F	129
DGRP_843	F	129
DGRP_843	M	151
DGRP_843	M	153
DGRP_843	M	153
DGRP_843	F	80
DGRP_843	F	77
DGRP_843	F	77
DGRP_843	M	90
DGRP_843	M	88
DGRP_843	M	87
DGRP_843	F	109
DGRP_843	F	108
DGRP_843	M	103
DGRP_843	M	80
DGRP_843	F	108
DGRP_843	F	67
DGRP_843	F	66
DGRP_843	M	124
DGRP_843	M	77
DGRP_843	M	66
DGRP_843	F	123
DGRP_843	F	108
DGRP_843	F	70
DGRP_843	M	122
DGRP_843	M	118
DGRP_843	M	105
DGRP_843	F	122
DGRP_843	F	119
DGRP_843	F	90
DGRP_843	M	112
DGRP_843	M	104
DGRP_843	M	102
DGRP_843	F	110
DGRP_843	F	109
DGRP_843	F	91
DGRP_843	M	101
DGRP_843	M	94
DGRP_843	M	91
DGRP_843	F	116
DGRP_843	F	97
DGRP_843	F	94
DGRP_843	M	123
DGRP_843	M	117
DGRP_843	M	75
DGRP_843	F	108
DGRP_843	F	77
DGRP_843	F	60
DGRP_843	M	143
DGRP_843	M	76
DGRP_843	M	62
DGRP_843	F	108
DGRP_843	F	101
DGRP_843	F	84
DGRP_843	M	111
DGRP_843	M	102
DGRP_843	M	101
DGRP_843	F	89
DGRP_843	F	87
DGRP_843	F	82
DGRP_843	M	105
DGRP_843	M	95
DGRP_843	M	12
DGRP_843	F	116
DGRP_843	F	94
DGRP_843	F	91
DGRP_843	M	122
DGRP_843	M	122
DGRP_843	M	90
DGRP_843	F	94
DGRP_843	F	81
DGRP_843	F	2
DGRP_843	M	101
DGRP_843	M	67
DGRP_849	F	68
DGRP_849	F	108
DGRP_849	F	108
DGRP_849	M	108
DGRP_849	M	110
DGRP_849	F	123
DGRP_849	F	143
DGRP_849	F	150
DGRP_849	M	125
DGRP_849	M	129
DGRP_849	M	130
DGRP_849	F	92
DGRP_849	F	126
DGRP_849	F	143
DGRP_849	M	94
DGRP_849	M	123
DGRP_849	F	122
DGRP_849	F	126
DGRP_849	F	144
DGRP_849	M	95
DGRP_849	M	144
DGRP_849	F	63
DGRP_849	F	119
DGRP_849	M	91
DGRP_849	M	151
DGRP_849	F	91
DGRP_849	F	119
DGRP_849	F	120
DGRP_849	M	128
DGRP_849	M	157
DGRP_849	F	28
DGRP_849	F	63
DGRP_849	F	92
DGRP_849	M	120
DGRP_849	M	168
DGRP_849	F	115
DGRP_849	F	122
DGRP_849	F	133
DGRP_849	M	122
DGRP_849	M	172
DGRP_849	F	124
DGRP_849	F	160
DGRP_849	M	118
DGRP_849	M	122
DGRP_849	F	115
DGRP_849	F	122
DGRP_849	M	96
DGRP_849	M	117
DGRP_849	M	123
DGRP_849	F	94
DGRP_849	F	143
DGRP_849	M	125
DGRP_849	M	130
DGRP_849	M	143
DGRP_849	F	88
DGRP_849	F	94
DGRP_849	M	115
DGRP_849	M	129
DGRP_849	F	84
DGRP_849	F	69
DGRP_849	M	167
DGRP_849	M	88
DGRP_849	M	75
DGRP_849	F	115
DGRP_849	F	115
DGRP_849	F	109
DGRP_849	M	109
DGRP_849	M	70
DGRP_849	F	109
DGRP_849	F	95
DGRP_849	F	88
DGRP_849	M	112
DGRP_849	M	112
DGRP_849	M	112
DGRP_849	F	113
DGRP_849	F	63
DGRP_849	M	113
DGRP_849	M	109
DGRP_849	F	87
DGRP_849	F	78
DGRP_849	F	59
DGRP_849	M	91
DGRP_849	M	86
DGRP_849	F	102
DGRP_849	F	101
DGRP_849	F	73
DGRP_849	M	119
DGRP_849	M	99
DGRP_849	M	98
DGRP_849	F	122
DGRP_849	F	122
DGRP_849	F	116
DGRP_849	M	83
DGRP_849	M	74
DGRP_849	M	10
DGRP_849	F	116
DGRP_849	F	104
DGRP_849	F	103
DGRP_849	M	112
DGRP_849	M	112
DGRP_849	F	74
DGRP_849	F	74
DGRP_849	F	32
DGRP_849	M	77
DGRP_849	M	56
DGRP_849	M	53
DGRP_849	F	101
DGRP_849	F	98
DGRP_849	F	81
DGRP_849	M	101
DGRP_849	M	80
DGRP_849	M	74
DGRP_849	F	115
DGRP_849	F	115
DGRP_849	F	74
DGRP_849	M	101
DGRP_849	M	84
DGRP_849	M	69
DGRP_850	F	59
DGRP_850	F	59
DGRP_850	F	80
DGRP_850	M	46
DGRP_850	M	59
DGRP_850	M	80
DGRP_850	F	49
DGRP_850	F	52
DGRP_850	F	64
DGRP_850	M	53
DGRP_850	M	72
DGRP_850	M	81
DGRP_850	F	60
DGRP_850	F	63
DGRP_850	F	63
DGRP_850	M	78
DGRP_850	M	80
DGRP_850	F	63
DGRP_850	F	64
DGRP_850	F	78
DGRP_850	M	45
DGRP_850	M	71
DGRP_850	F	45
DGRP_850	F	57
DGRP_850	F	63
DGRP_850	M	16
DGRP_850	M	74
DGRP_850	F	52
DGRP_850	F	74
DGRP_850	M	59
DGRP_850	M	68
DGRP_850	F	52
DGRP_850	F	80
DGRP_850	M	61
DGRP_850	M	80
DGRP_850	F	67
DGRP_850	F	69
DGRP_850	F	70
DGRP_850	M	63
DGRP_850	M	73
DGRP_850	F	66
DGRP_850	F	67
DGRP_850	F	70
DGRP_850	M	59
DGRP_850	M	68
DGRP_850	M	73
DGRP_850	F	52
DGRP_850	F	53
DGRP_850	M	69
DGRP_850	M	73
DGRP_850	F	49
DGRP_850	F	52
DGRP_850	F	73
DGRP_850	M	52
DGRP_850	M	80
DGRP_850	F	84
DGRP_850	F	40
DGRP_850	F	40
DGRP_850	M	69
DGRP_850	M	52
DGRP_850	M	52
DGRP_850	F	74
DGRP_850	F	70
DGRP_850	F	63
DGRP_850	M	101
DGRP_850	M	73
DGRP_850	F	74
DGRP_850	F	67
DGRP_850	F	64
DGRP_850	M	64
DGRP_850	M	63
DGRP_850	F	59
DGRP_850	F	58
DGRP_850	F	49
DGRP_850	M	72
DGRP_850	M	63
DGRP_850	M	57
DGRP_850	F	67
DGRP_850	F	45
DGRP_850	M	69
DGRP_850	M	59
DGRP_850	M	56
DGRP_850	F	84
DGRP_850	F	70
DGRP_850	F	5
DGRP_850	M	60
DGRP_850	M	54
DGRP_850	M	46
DGRP_850	F	63
DGRP_850	F	62
DGRP_850	F	56
DGRP_850	M	67
DGRP_850	M	55
DGRP_850	M	55
DGRP_850	F	59
DGRP_850	F	40
DGRP_850	F	33
DGRP_850	M	67
DGRP_850	M	49
DGRP_850	M	47
DGRP_850	F	74
DGRP_850	F	55
DGRP_850	F	48
DGRP_850	M	70
DGRP_850	M	60
DGRP_850	M	49
DGRP_850	F	81
DGRP_850	F	74
DGRP_850	F	53
DGRP_850	M	83
DGRP_850	M	80
DGRP_850	M	70
DGRP_850	F	62
DGRP_850	F	45
DGRP_850	F	42
DGRP_850	M	82
DGRP_850	M	70
DGRP_850	M	55
DGRP_852	F	98
DGRP_852	F	127
DGRP_852	M	78
DGRP_852	M	123
DGRP_852	M	123
DGRP_852	F	60
DGRP_852	F	123
DGRP_852	F	123
DGRP_852	M	123
DGRP_852	M	125
DGRP_852	M	132
DGRP_852	F	53
DGRP_852	F	74
DGRP_852	M	61
DGRP_852	M	75
DGRP_852	M	141
DGRP_852	F	82
DGRP_852	F	83
DGRP_852	M	123
DGRP_852	M	126
DGRP_852	M	151
DGRP_852	F	74
DGRP_852	F	88
DGRP_852	M	146
DGRP_852	M	146
DGRP_852	M	159
DGRP_852	F	74
DGRP_852	F	110
DGRP_852	M	154
DGRP_852	M	158
DGRP_852	F	84
DGRP_852	F	95
DGRP_852	F	98
DGRP_852	M	95
DGRP_852	M	124
DGRP_852	F	67
DGRP_852	F	116
DGRP_852	M	110
DGRP_852	M	117
DGRP_852	M	148
DGRP_852	F	67
DGRP_852	F	120
DGRP_852	M	116
DGRP_852	M	120
DGRP_852	F	71
DGRP_852	F	74
DGRP_852	F	127
DGRP_852	M	137
DGRP_852	M	144
DGRP_852	F	71
DGRP_852	F	132
DGRP_852	F	144
DGRP_852	M	109
DGRP_852	M	120
DGRP_852	F	78
DGRP_852	F	88
DGRP_852	M	78
DGRP_852	M	111
DGRP_852	M	124
DGRP_852	F	43
DGRP_852	F	81
DGRP_852	M	81
DGRP_852	M	139
DGRP_852	F	118
DGRP_852	F	123
DGRP_852	F	131
DGRP_852	M	74
DGRP_852	M	82
DGRP_852	M	109
DGRP_852	F	103
DGRP_852	F	119
DGRP_852	F	125
DGRP_852	M	120
DGRP_852	M	126
DGRP_852	M	127
DGRP_852	F	75
DGRP_852	F	78
DGRP_852	F	116
DGRP_852	M	47
DGRP_852	M	74
DGRP_852	M	105
DGRP_852	F	61
DGRP_852	F	64
DGRP_852	F	137
DGRP_852	M	103
DGRP_852	M	103
DGRP_852	M	118
DGRP_852	F	35
DGRP_852	F	46
DGRP_852	M	15
DGRP_852	M	43
DGRP_852	M	137
DGRP_852	F	88
DGRP_852	F	90
DGRP_852	F	137
DGRP_852	M	29
DGRP_852	M	70
DGRP_852	F	130
DGRP_852	F	139
DGRP_852	M	120
DGRP_852	M	130
DGRP_852	M	144
DGRP_852	F	117
DGRP_852	F	117
DGRP_852	F	151
DGRP_852	M	102
DGRP_852	M	123
DGRP_852	M	138
DGRP_852	F	98
DGRP_852	F	113
DGRP_852	M	75
DGRP_852	M	132
DGRP_852	M	132
DGRP_852	F	109
DGRP_852	F	110
DGRP_852	F	112
DGRP_852	M	85
DGRP_852	M	98
DGRP_853	F	72
DGRP_853	F	101
DGRP_853	M	56
DGRP_853	M	164
DGRP_853	F	75
DGRP_853	F	98
DGRP_853	M	95
DGRP_853	M	140
DGRP_853	F	84
DGRP_853	F	92
DGRP_853	F	114
DGRP_853	M	72
DGRP_853	M	100
DGRP_853	F	127
DGRP_853	F	133
DGRP_853	M	109
DGRP_853	M	142
DGRP_853	F	42
DGRP_853	F	84
DGRP_853	F	92
DGRP_853	M	107
DGRP_853	M	119
DGRP_853	F	106
DGRP_853	F	112
DGRP_853	F	112
DGRP_853	M	77
DGRP_853	M	106
DGRP_853	F	102
DGRP_853	F	119
DGRP_853	M	99
DGRP_853	M	112
DGRP_853	M	141
DGRP_853	F	82
DGRP_853	F	98
DGRP_853	F	140
DGRP_853	M	60
DGRP_853	M	63
DGRP_853	M	94
DGRP_853	F	52
DGRP_853	F	66
DGRP_853	F	70
DGRP_853	M	108
DGRP_853	M	115
DGRP_853	M	124
DGRP_853	F	74
DGRP_853	F	101
DGRP_853	F	101
DGRP_853	M	103
DGRP_853	M	108
DGRP_853	M	117
DGRP_853	F	91
DGRP_853	F	89
DGRP_853	F	84
DGRP_853	M	116
DGRP_853	M	91
DGRP_853	M	70
DGRP_853	F	101
DGRP_853	F	63
DGRP_853	F	33
DGRP_853	M	122
DGRP_853	M	117
DGRP_853	M	115
DGRP_853	F	116
DGRP_853	F	116
DGRP_853	M	122
DGRP_853	M	122
DGRP_853	M	87
DGRP_853	F	57
DGRP_853	F	57
DGRP_853	F	57
DGRP_853	M	147
DGRP_853	M	140
DGRP_853	M	102
DGRP_853	F	108
DGRP_853	F	94
DGRP_853	F	84
DGRP_853	M	94
DGRP_853	M	92
DGRP_853	M	92
DGRP_853	F	101
DGRP_853	F	98
DGRP_853	F	70
DGRP_853	M	116
DGRP_853	M	116
DGRP_853	M	98
DGRP_853	F	91
DGRP_853	F	81
DGRP_853	F	58
DGRP_853	M	107
DGRP_853	M	63
DGRP_853	M	58
DGRP_853	F	38
DGRP_853	F	8
DGRP_853	M	134
DGRP_853	M	115
DGRP_853	M	74
DGRP_853	F	115
DGRP_853	F	87
DGRP_853	F	54
DGRP_853	M	115
DGRP_853	M	111
DGRP_853	M	98
DGRP_855	F	10
DGRP_855	F	97
DGRP_855	M	91
DGRP_855	M	101
DGRP_855	F	101
DGRP_855	F	108
DGRP_855	M	76
DGRP_855	M	108
DGRP_855	F	52
DGRP_855	F	70
DGRP_855	M	55
DGRP_855	M	63
DGRP_855	M	67
DGRP_855	F	60
DGRP_855	F	75
DGRP_855	M	60
DGRP_855	M	80
DGRP_855	F	59
DGRP_855	F	97
DGRP_855	M	88
DGRP_855	M	95
DGRP_855	M	102
DGRP_855	F	39
DGRP_855	F	59
DGRP_855	F	108
DGRP_855	M	103
DGRP_855	M	116
DGRP_855	M	116
DGRP_855	F	105
DGRP_855	F	106
DGRP_855	F	126
DGRP_855	M	92
DGRP_855	M	94
DGRP_855	M	107
DGRP_855	F	92
DGRP_855	F	100
DGRP_855	F	119
DGRP_855	M	81
DGRP_855	M	94
DGRP_855	M	114
DGRP_855	F	105
DGRP_855	F	107
DGRP_855	M	86
DGRP_855	M	92
DGRP_855	M	98
DGRP_855	F	79
DGRP_855	F	88
DGRP_855	F	98
DGRP_855	M	80
DGRP_855	M	84
DGRP_855	M	88
DGRP_855	F	84
DGRP_855	F	84
DGRP_855	F	87
DGRP_855	M	65
DGRP_855	M	74
DGRP_855	M	94
DGRP_855	F	70
DGRP_855	F	91
DGRP_855	F	112
DGRP_855	M	81
DGRP_855	M	84
DGRP_855	M	94
DGRP_855	F	105
DGRP_855	F	70
DGRP_855	F	48
DGRP_855	M	123
DGRP_855	M	105
DGRP_855	M	77
DGRP_855	F	104
DGRP_855	F	56
DGRP_855	F	40
DGRP_855	M	105
DGRP_855	M	104
DGRP_855	M	90
DGRP_855	F	87
DGRP_855	F	66
DGRP_855	F	60
DGRP_855	M	87
DGRP_855	M	67
DGRP_855	M	66
DGRP_855	F	63
DGRP_855	F	55
DGRP_855	F	55
DGRP_855	M	62
DGRP_855	M	61
DGRP_855	M	61
DGRP_855	F	67
DGRP_855	F	62
DGRP_855	F	62
DGRP_855	M	66
DGRP_855	M	62
DGRP_855	M	48
DGRP_855	F	106
DGRP_855	F	105
DGRP_855	F	88
DGRP_855	M	109
DGRP_855	M	86
DGRP_855	M	63
DGRP_855	F	66
DGRP_855	F	60
DGRP_855	F	58
DGRP_855	M	64
DGRP_855	M	64
DGRP_855	M	63
DGRP_855	F	119
DGRP_855	F	78
DGRP_855	F	2
DGRP_855	M	85
DGRP_855	M	45
DGRP_855	F	105
DGRP_855	F	102
DGRP_855	F	14
DGRP_855	M	107
DGRP_855	M	84
DGRP_855	M	63
DGRP_855	F	85
DGRP_855	F	36
DGRP_855	F	1
DGRP_855	M	102
DGRP_855	M	70
DGRP_855	M	57
DGRP_855	F	105
DGRP_855	F	80
DGRP_855	M	91
DGRP_855	M	60
DGRP_855	F	104
DGRP_855	F	90
DGRP_855	F	54
DGRP_855	M	94
DGRP_855	M	87
DGRP_857	F	35
DGRP_857	F	42
DGRP_857	F	46
DGRP_857	M	49
DGRP_857	M	59
DGRP_857	M	74
DGRP_857	F	31
DGRP_857	F	38
DGRP_857	F	40
DGRP_857	M	55
DGRP_857	M	63
DGRP_857	M	73
DGRP_857	F	11
DGRP_857	F	31
DGRP_857	F	34
DGRP_857	M	46
DGRP_857	M	49
DGRP_857	M	56
DGRP_857	F	55
DGRP_857	F	59
DGRP_857	F	66
DGRP_857	M	38
DGRP_857	M	60
DGRP_857	M	75
DGRP_857	F	31
DGRP_857	F	43
DGRP_857	M	57
DGRP_857	M	71
DGRP_857	M	74
DGRP_857	F	39
DGRP_857	F	43
DGRP_857	F	45
DGRP_857	M	57
DGRP_857	M	70
DGRP_857	F	29
DGRP_857	F	35
DGRP_857	F	46
DGRP_857	M	65
DGRP_857	M	72
DGRP_857	F	39
DGRP_857	F	39
DGRP_857	M	70
DGRP_857	M	82
DGRP_857	F	48
DGRP_857	F	59
DGRP_857	F	70
DGRP_857	M	62
DGRP_857	M	88
DGRP_857	F	39
DGRP_857	F	39
DGRP_857	M	59
DGRP_857	M	67
DGRP_857	F	39
DGRP_857	F	45
DGRP_857	M	56
DGRP_857	M	66
DGRP_857	M	74
DGRP_857	F	46
DGRP_857	F	52
DGRP_857	F	108
DGRP_857	M	105
DGRP_857	M	108
DGRP_857	M	137
DGRP_857	F	52
DGRP_857	F	48
DGRP_857	F	48
DGRP_857	M	73
DGRP_857	M	45
DGRP_857	F	61
DGRP_857	F	40
DGRP_857	F	40
DGRP_857	M	77
DGRP_857	M	77
DGRP_857	M	32
DGRP_857	F	34
DGRP_857	F	33
DGRP_857	F	28
DGRP_857	M	77
DGRP_857	M	73
DGRP_857	M	45
DGRP_857	F	26
DGRP_857	F	17
DGRP_857	F	2
DGRP_857	M	63
DGRP_857	M	61
DGRP_857	M	52
DGRP_857	F	45
DGRP_857	F	39
DGRP_857	F	39
DGRP_857	M	67
DGRP_857	M	39
DGRP_857	M	39
DGRP_857	F	38
DGRP_857	F	36
DGRP_857	F	36
DGRP_857	M	49
DGRP_857	M	49
DGRP_857	M	49
DGRP_857	F	42
DGRP_857	F	42
DGRP_857	F	28
DGRP_857	M	77
DGRP_857	M	59
DGRP_857	M	59
DGRP_857	F	47
DGRP_857	F	40
DGRP_857	F	38
DGRP_857	M	84
DGRP_857	M	53
DGRP_857	F	67
DGRP_857	F	53
DGRP_857	F	41
DGRP_857	M	108
DGRP_857	M	94
DGRP_857	M	88
DGRP_857	F	48
DGRP_857	F	38
DGRP_857	F	32
DGRP_857	M	76
DGRP_857	M	67
DGRP_857	M	59
DGRP_857	F	74
DGRP_857	F	67
DGRP_857	F	49
DGRP_857	M	117
DGRP_857	M	109
DGRP_857	M	88
DGRP_857	F	45
DGRP_857	F	38
DGRP_857	F	32
DGRP_857	M	90
DGRP_857	M	63
DGRP_857	M	59
DGRP_861	F	97
DGRP_861	F	118
DGRP_861	M	81
DGRP_861	M	87
DGRP_861	M	97
DGRP_861	F	94
DGRP_861	F	108
DGRP_861	M	87
DGRP_861	M	88
DGRP_861	M	90
DGRP_861	F	95
DGRP_861	F	101
DGRP_861	F	104
DGRP_861	M	87
DGRP_861	M	89
DGRP_861	F	81
DGRP_861	F	95
DGRP_861	F	112
DGRP_861	M	5
DGRP_861	M	89
DGRP_861	F	5
DGRP_861	F	109
DGRP_861	M	52
DGRP_861	M	94
DGRP_861	F	80
DGRP_861	F	87
DGRP_861	F	101
DGRP_861	M	80
DGRP_861	M	94
DGRP_861	M	101
DGRP_861	F	91
DGRP_861	F	97
DGRP_861	F	110
DGRP_861	M	83
DGRP_861	M	90
DGRP_861	M	91
DGRP_861	F	87
DGRP_861	F	94
DGRP_861	F	101
DGRP_861	M	87
DGRP_861	M	89
DGRP_861	M	94
DGRP_861	F	53
DGRP_861	F	97
DGRP_861	F	116
DGRP_861	M	84
DGRP_861	M	95
DGRP_861	F	94
DGRP_861	F	97
DGRP_861	F	97
DGRP_861	M	81
DGRP_861	M	97
DGRP_861	M	115
DGRP_861	F	91
DGRP_861	F	101
DGRP_861	F	117
DGRP_861	M	59
DGRP_861	M	82
DGRP_861	F	71
DGRP_861	F	78
DGRP_861	F	91
DGRP_861	M	2
DGRP_861	M	18
DGRP_861	F	108
DGRP_861	F	108
DGRP_861	F	80
DGRP_861	M	81
DGRP_861	M	60
DGRP_861	M	45
DGRP_861	F	97
DGRP_861	F	81
DGRP_861	F	74
DGRP_861	M	75
DGRP_861	M	69
DGRP_861	M	63
DGRP_861	F	117
DGRP_861	F	91
DGRP_861	F	69
DGRP_861	M	94
DGRP_861	M	61
DGRP_861	M	39
DGRP_861	F	109
DGRP_861	F	87
DGRP_861	F	74
DGRP_861	M	108
DGRP_861	M	80
DGRP_861	M	80
DGRP_861	F	83
DGRP_861	F	77
DGRP_861	M	90
DGRP_861	M	45
DGRP_861	M	41
DGRP_861	F	77
DGRP_861	F	62
DGRP_861	F	49
DGRP_861	M	77
DGRP_861	M	77
DGRP_861	M	45
DGRP_861	F	101
DGRP_861	F	74
DGRP_861	F	73
DGRP_861	M	83
DGRP_861	M	73
DGRP_861	M	66
DGRP_861	F	90
DGRP_861	F	42
DGRP_861	F	40
DGRP_861	M	83
DGRP_861	M	76
DGRP_861	M	62
DGRP_861	F	105
DGRP_861	F	102
DGRP_861	F	94
DGRP_861	M	105
DGRP_861	M	94
DGRP_861	M	45
DGRP_861	F	115
DGRP_861	F	112
DGRP_861	F	97
DGRP_861	M	109
DGRP_861	M	108
DGRP_861	M	40
DGRP_861	F	70
DGRP_861	F	70
DGRP_861	F	57
DGRP_861	M	105
DGRP_861	M	78
DGRP_861	M	70
DGRP_861	F	105
DGRP_861	F	86
DGRP_861	F	81
DGRP_861	M	77
DGRP_861	M	77
DGRP_879	F	87
DGRP_879	F	97
DGRP_879	M	87
DGRP_879	M	101
DGRP_879	M	108
DGRP_879	F	34
DGRP_879	F	97
DGRP_879	F	101
DGRP_879	M	59
DGRP_879	M	102
DGRP_879	M	133
DGRP_879	F	18
DGRP_879	F	70
DGRP_879	M	95
DGRP_879	M	105
DGRP_879	M	108
DGRP_879	F	46
DGRP_879	F	73
DGRP_879	F	81
DGRP_879	M	53
DGRP_879	M	73
DGRP_879	M	122
DGRP_879	F	77
DGRP_879	F	89
DGRP_879	F	89
DGRP_879	M	59
DGRP_879	M	75
DGRP_879	F	46
DGRP_879	F	59
DGRP_879	F	84
DGRP_879	M	31
DGRP_879	M	89
DGRP_879	F	49
DGRP_879	F	89
DGRP_879	F	95
DGRP_879	M	87
DGRP_879	M	115
DGRP_879	M	144
DGRP_879	F	40
DGRP_879	F	81
DGRP_879	F	87
DGRP_879	M	68
DGRP_879	M	73
DGRP_879	M	89
DGRP_879	F	73
DGRP_879	F	87
DGRP_879	F	91
DGRP_879	M	73
DGRP_879	M	87
DGRP_879	M	91
DGRP_879	F	74
DGRP_879	F	84
DGRP_879	F	87
DGRP_879	M	11
DGRP_879	M	48
DGRP_879	M	53
DGRP_879	F	90
DGRP_879	F	94
DGRP_879	F	97
DGRP_879	M	77
DGRP_879	M	87
DGRP_879	M	87
DGRP_879	F	88
DGRP_879	F	101
DGRP_879	M	66
DGRP_879	M	73
DGRP_879	M	102
DGRP_879	F	74
DGRP_879	F	73
DGRP_879	F	73
DGRP_879	M	81
DGRP_879	M	62
DGRP_879	M	56
DGRP_879	F	108
DGRP_879	F	94
DGRP_879	F	52
DGRP_879	M	108
DGRP_879	M	60
DGRP_879	M	34
DGRP_879	F	97
DGRP_879	F	84
DGRP_879	F	20
DGRP_879	M	74
DGRP_879	M	70
DGRP_879	M	66
DGRP_879	F	61
DGRP_879	F	45
DGRP_879	F	34
DGRP_879	M	97
DGRP_879	M	54
DGRP_879	M	40
DGRP_879	F	77
DGRP_879	F	60
DGRP_879	F	47
DGRP_879	M	73
DGRP_879	M	52
DGRP_879	M	40
DGRP_879	F	84
DGRP_879	F	81
DGRP_879	F	73
DGRP_879	M	101
DGRP_879	M	66
DGRP_879	M	61
DGRP_879	F	81
DGRP_879	F	45
DGRP_879	F	21
DGRP_879	M	104
DGRP_879	M	97
DGRP_879	M	41
DGRP_879	F	94
DGRP_879	F	77
DGRP_879	F	74
DGRP_879	M	97
DGRP_879	M	88
DGRP_879	M	39
DGRP_879	F	84
DGRP_879	F	81
DGRP_879	F	34
DGRP_879	M	80
DGRP_879	M	63
DGRP_879	F	73
DGRP_879	F	67
DGRP_879	F	42
DGRP_879	M	81
DGRP_879	M	74
DGRP_879	M	66
DGRP_879	F	74
DGRP_879	F	52
DGRP_879	F	40
DGRP_879	M	67
DGRP_879	M	63
DGRP_879	M	40
DGRP_879	F	77
DGRP_879	F	62
DGRP_879	F	45
DGRP_879	M	105
DGRP_879	M	61
DGRP_879	M	60
DGRP_882	F	49
DGRP_882	F	56
DGRP_882	F	59
DGRP_882	M	31
DGRP_882	M	60
DGRP_882	M	80
DGRP_882	F	59
DGRP_882	F	60
DGRP_882	M	40
DGRP_882	M	73
DGRP_882	F	42
DGRP_882	F	46
DGRP_882	F	46
DGRP_882	M	39
DGRP_882	M	66
DGRP_882	F	14
DGRP_882	F	38
DGRP_882	F	52
DGRP_882	M	66
DGRP_882	M	69
DGRP_882	F	46
DGRP_882	F	52
DGRP_882	F	53
DGRP_882	M	34
DGRP_882	M	45
DGRP_882	M	53
DGRP_882	F	73
DGRP_882	F	82
DGRP_882	F	87
DGRP_882	M	59
DGRP_882	M	75
DGRP_882	M	101
DGRP_882	F	46
DGRP_882	F	68
DGRP_882	F	74
DGRP_882	M	38
DGRP_882	M	75
DGRP_882	F	47
DGRP_882	F	77
DGRP_882	F	87
DGRP_882	M	42
DGRP_882	M	48
DGRP_882	M	73
DGRP_882	F	46
DGRP_882	F	46
DGRP_882	F	49
DGRP_882	M	46
DGRP_882	M	77
DGRP_882	M	91
DGRP_882	F	38
DGRP_882	F	48
DGRP_882	F	59
DGRP_882	M	49
DGRP_882	M	53
DGRP_882	M	53
DGRP_882	F	64
DGRP_882	F	77
DGRP_882	F	78
DGRP_882	M	56
DGRP_882	M	63
DGRP_882	F	61
DGRP_882	F	45
DGRP_882	F	45
DGRP_882	M	66
DGRP_882	M	60
DGRP_882	M	19
DGRP_882	F	52
DGRP_882	F	45
DGRP_882	F	34
DGRP_882	M	63
DGRP_882	M	48
DGRP_882	M	45
DGRP_882	F	62
DGRP_882	F	45
DGRP_882	F	40
DGRP_882	M	61
DGRP_882	M	40
DGRP_882	M	40
DGRP_882	F	47
DGRP_882	F	21
DGRP_882	M	67
DGRP_882	M	40
DGRP_882	M	39
DGRP_882	F	52
DGRP_882	F	48
DGRP_882	F	12
DGRP_882	M	46
DGRP_882	M	45
DGRP_882	F	53
DGRP_882	F	39
DGRP_882	F	39
DGRP_882	M	98
DGRP_882	M	62
DGRP_882	M	56
DGRP_882	F	45
DGRP_882	F	42
DGRP_882	F	19
DGRP_882	M	60
DGRP_882	M	40
DGRP_882	M	34
DGRP_882	F	60
DGRP_882	F	52
DGRP_882	F	45
DGRP_882	M	81
DGRP_882	M	62
DGRP_882	M	60
DGRP_882	F	46
DGRP_882	F	45
DGRP_882	F	42
DGRP_882	M	77
DGRP_882	M	17
DGRP_882	M	14
DGRP_882	F	71
DGRP_882	F	70
DGRP_882	M	70
DGRP_882	M	60
DGRP_882	F	66
DGRP_882	F	37
DGRP_882	M	66
DGRP_882	M	37
DGRP_882	M	31
DGRP_884	F	32
DGRP_884	F	56
DGRP_884	F	67
DGRP_884	M	98
DGRP_884	M	141
DGRP_884	F	24
DGRP_884	F	56
DGRP_884	F	79
DGRP_884	M	72
DGRP_884	M	78
DGRP_884	F	15
DGRP_884	F	85
DGRP_884	F	100
DGRP_884	M	94
DGRP_884	M	112
DGRP_884	F	16
DGRP_884	F	45
DGRP_884	F	50
DGRP_884	M	74
DGRP_884	M	84
DGRP_884	F	56
DGRP_884	F	56
DGRP_884	M	56
DGRP_884	M	137
DGRP_884	F	77
DGRP_884	F	79
DGRP_884	M	106
DGRP_884	M	126
DGRP_884	F	63
DGRP_884	F	70
DGRP_884	M	91
DGRP_884	M	106
DGRP_884	F	15
DGRP_884	F	95
DGRP_884	M	95
DGRP_884	M	98
DGRP_884	F	11
DGRP_884	F	63
DGRP_884	F	63
DGRP_884	M	140
DGRP_884	M	140
DGRP_884	F	44
DGRP_884	F	64
DGRP_884	F	127
DGRP_884	M	57
DGRP_884	M	126
DGRP_884	F	65
DGRP_884	F	70
DGRP_884	F	71
DGRP_884	M	98
DGRP_884	M	114
DGRP_884	F	30
DGRP_884	F	35
DGRP_884	F	92
DGRP_884	M	63
DGRP_884	M	157
DGRP_884	F	72
DGRP_884	F	11
DGRP_884	M	123
DGRP_884	M	116
DGRP_884	M	91
DGRP_884	F	53
DGRP_884	F	49
DGRP_884	M	52
DGRP_884	M	24
DGRP_884	F	63
DGRP_884	F	58
DGRP_884	M	63
DGRP_884	M	58
DGRP_884	F	52
DGRP_884	F	51
DGRP_884	F	32
DGRP_884	M	136
DGRP_884	M	64
DGRP_884	F	59
DGRP_884	F	15
DGRP_884	M	136
DGRP_884	M	32
DGRP_884	F	57
DGRP_884	F	53
DGRP_884	F	32
DGRP_884	M	77
DGRP_884	M	67
DGRP_884	M	56
DGRP_884	F	60
DGRP_884	F	60
DGRP_884	M	86
DGRP_884	M	85
DGRP_884	M	59
DGRP_884	F	63
DGRP_884	F	56
DGRP_884	F	14
DGRP_884	M	63
DGRP_884	M	63
DGRP_884	M	57
DGRP_884	F	77
DGRP_884	F	60
DGRP_884	F	58
DGRP_884	M	84
DGRP_884	M	84
DGRP_884	M	59
DGRP_887	F	14
DGRP_887	F	24
DGRP_887	F	35
DGRP_887	M	46
DGRP_887	M	64
DGRP_887	M	70
DGRP_887	F	7
DGRP_887	F	22
DGRP_887	F	39
DGRP_887	M	64
DGRP_887	M	106
DGRP_887	F	35
DGRP_887	F	56
DGRP_887	F	64
DGRP_887	M	58
DGRP_887	M	70
DGRP_887	M	106
DGRP_887	F	63
DGRP_887	F	73
DGRP_887	F	78
DGRP_887	M	7
DGRP_887	M	70
DGRP_887	F	37
DGRP_887	F	39
DGRP_887	F	63
DGRP_887	M	44
DGRP_887	M	91
DGRP_887	M	106
DGRP_887	F	9
DGRP_887	F	38
DGRP_887	F	72
DGRP_887	M	7
DGRP_887	M	56
DGRP_887	M	92
DGRP_887	F	15
DGRP_887	F	39
DGRP_887	M	7
DGRP_887	M	106
DGRP_887	M	112
DGRP_887	F	38
DGRP_887	F	38
DGRP_887	F	56
DGRP_887	M	49
DGRP_887	M	86
DGRP_887	M	101
DGRP_887	F	67
DGRP_887	F	73
DGRP_887	F	87
DGRP_887	M	31
DGRP_887	M	102
DGRP_887	F	55
DGRP_887	F	73
DGRP_887	F	94
DGRP_887	M	25
DGRP_887	M	80
DGRP_887	M	91
DGRP_887	F	41
DGRP_887	F	70
DGRP_887	F	83
DGRP_887	M	42
DGRP_887	M	73
DGRP_887	M	115
DGRP_887	F	66
DGRP_887	F	82
DGRP_887	F	87
DGRP_887	M	31
DGRP_887	M	73
DGRP_887	M	94
DGRP_887	F	55
DGRP_887	F	36
DGRP_887	F	31
DGRP_887	M	49
DGRP_887	M	37
DGRP_887	F	45
DGRP_887	F	35
DGRP_887	F	27
DGRP_887	M	69
DGRP_887	M	49
DGRP_887	M	35
DGRP_887	F	31
DGRP_887	F	35
DGRP_887	F	24
DGRP_887	M	41
DGRP_887	M	24
DGRP_887	M	20
DGRP_887	F	66
DGRP_887	F	60
DGRP_887	F	10
DGRP_887	M	64
DGRP_887	M	64
DGRP_887	M	25
DGRP_887	F	64
DGRP_887	F	56
DGRP_887	F	52
DGRP_887	M	66
DGRP_887	M	66
DGRP_887	M	16
DGRP_887	F	57
DGRP_887	F	52
DGRP_887	F	42
DGRP_887	M	60
DGRP_887	M	56
DGRP_887	M	51
DGRP_887	F	51
DGRP_887	F	42
DGRP_887	F	7
DGRP_887	M	73
DGRP_887	M	63
DGRP_887	F	59
DGRP_887	F	55
DGRP_887	F	17
DGRP_887	M	56
DGRP_887	M	55
DGRP_887	M	54
DGRP_887	F	56
DGRP_887	F	5
DGRP_887	F	4
DGRP_887	M	59
DGRP_887	M	54
DGRP_887	M	54
DGRP_887	F	56
DGRP_887	F	54
DGRP_887	F	53
DGRP_887	M	60
DGRP_887	M	55
DGRP_887	M	39
DGRP_887	F	59
DGRP_887	F	35
DGRP_887	M	49
DGRP_887	M	49
DGRP_890	F	35
DGRP_890	F	46
DGRP_890	M	52
DGRP_890	M	59
DGRP_890	F	42
DGRP_890	F	56
DGRP_890	M	80
DGRP_890	M	95
DGRP_890	F	80
DGRP_890	F	82
DGRP_890	M	53
DGRP_890	M	80
DGRP_890	M	90
DGRP_890	F	52
DGRP_890	F	81
DGRP_890	M	70
DGRP_890	M	67
DGRP_890	F	31
DGRP_890	F	87
DGRP_890	M	34
DGRP_890	M	59
DGRP_890	F	34
DGRP_890	F	74
DGRP_890	M	75
DGRP_890	M	95
DGRP_890	F	55
DGRP_890	F	59
DGRP_890	M	68
DGRP_890	M	73
DGRP_890	F	37
DGRP_890	F	100
DGRP_890	M	46
DGRP_890	M	66
DGRP_890	F	49
DGRP_890	F	72
DGRP_890	F	112
DGRP_890	M	63
DGRP_890	M	70
DGRP_890	F	70
DGRP_890	F	92
DGRP_890	M	60
DGRP_890	M	74
DGRP_890	M	84
DGRP_890	F	77
DGRP_890	F	77
DGRP_890	M	50
DGRP_890	M	67
DGRP_890	F	43
DGRP_890	F	56
DGRP_890	F	67
DGRP_890	M	79
DGRP_890	M	91
DGRP_890	M	99
DGRP_890	F	52
DGRP_890	F	17
DGRP_890	F	13
DGRP_890	M	45
DGRP_890	M	45
DGRP_890	F	122
DGRP_890	F	62
DGRP_890	F	25
DGRP_890	M	41
DGRP_890	M	40
DGRP_890	F	80
DGRP_890	F	63
DGRP_890	F	60
DGRP_890	M	63
DGRP_890	M	62
DGRP_890	M	61
DGRP_890	F	61
DGRP_890	F	47
DGRP_890	F	45
DGRP_890	M	61
DGRP_890	M	45
DGRP_890	M	17
DGRP_890	F	63
DGRP_890	F	60
DGRP_890	F	45
DGRP_890	M	63
DGRP_890	M	61
DGRP_890	M	41
DGRP_890	F	87
DGRP_890	F	66
DGRP_890	F	45
DGRP_890	M	45
DGRP_890	M	45
DGRP_890	M	41
DGRP_890	F	41
DGRP_890	F	40
DGRP_890	F	34
DGRP_890	M	62
DGRP_890	M	40
DGRP_890	F	59
DGRP_890	F	52
DGRP_890	F	37
DGRP_890	M	58
DGRP_890	M	38
DGRP_890	M	38
DGRP_890	F	66
DGRP_890	F	64
DGRP_890	F	58
DGRP_890	M	60
DGRP_890	M	57
DGRP_890	M	42
DGRP_890	F	59
DGRP_890	F	63
DGRP_890	F	36
DGRP_890	M	58
DGRP_890	M	38
DGRP_890	M	36
DGRP_890	F	60
DGRP_890	F	42
DGRP_890	F	31
DGRP_890	M	59
DGRP_890	M	42
DGRP_890	M	38
DGRP_890	F	58
DGRP_890	F	58
DGRP_890	M	84
DGRP_890	M	78
DGRP_890	M	78
DGRP_892	F	32
DGRP_892	F	95
DGRP_892	F	109
DGRP_892	M	125
DGRP_892	M	144
DGRP_892	F	35
DGRP_892	F	60
DGRP_892	F	117
DGRP_892	M	60
DGRP_892	M	158
DGRP_892	F	25
DGRP_892	F	46
DGRP_892	F	60
DGRP_892	M	131
DGRP_892	M	132
DGRP_892	F	21
DGRP_892	F	59
DGRP_892	F	77
DGRP_892	M	90
DGRP_892	M	94
DGRP_892	F	55
DGRP_892	F	80
DGRP_892	M	66
DGRP_892	M	67
DGRP_892	F	28
DGRP_892	F	56
DGRP_892	M	67
DGRP_892	M	82
DGRP_892	F	80
DGRP_892	F	90
DGRP_892	F	104
DGRP_892	M	76
DGRP_892	M	87
DGRP_892	M	104
DGRP_892	F	76
DGRP_892	F	80
DGRP_892	F	87
DGRP_892	M	86
DGRP_892	M	121
DGRP_892	M	119
DGRP_892	F	34
DGRP_892	F	48
DGRP_892	F	97
DGRP_892	M	69
DGRP_892	M	76
DGRP_892	M	90
DGRP_892	F	82
DGRP_892	F	101
DGRP_892	F	115
DGRP_892	M	73
DGRP_892	M	80
DGRP_892	M	84
DGRP_892	F	52
DGRP_892	F	56
DGRP_892	F	67
DGRP_892	M	75
DGRP_892	M	80
DGRP_892	M	81
DGRP_892	F	70
DGRP_892	F	2
DGRP_892	F	1
DGRP_892	M	101
DGRP_892	M	8
DGRP_892	M	1
DGRP_892	F	64
DGRP_892	F	40
DGRP_892	M	106
DGRP_892	M	104
DGRP_892	M	92
DGRP_892	F	54
DGRP_892	F	53
DGRP_892	F	53
DGRP_892	M	97
DGRP_892	M	49
DGRP_892	M	26
DGRP_892	F	95
DGRP_892	F	39
DGRP_892	M	89
DGRP_892	M	78
DGRP_892	F	45
DGRP_892	F	21
DGRP_892	M	45
DGRP_892	M	45
DGRP_892	F	84
DGRP_892	F	72
DGRP_892	F	62
DGRP_892	M	84
DGRP_892	M	71
DGRP_892	M	56
DGRP_892	F	61
DGRP_892	F	48
DGRP_892	F	46
DGRP_892	M	45
DGRP_892	M	40
DGRP_892	M	28
DGRP_892	F	84
DGRP_892	F	50
DGRP_892	M	85
DGRP_892	M	55
DGRP_892	F	94
DGRP_892	F	91
DGRP_892	F	83
DGRP_892	M	94
DGRP_892	M	65
DGRP_892	F	59
DGRP_892	F	45
DGRP_892	F	43
DGRP_892	M	100
DGRP_892	M	100
DGRP_892	M	43
DGRP_892	F	93
DGRP_892	F	52
DGRP_892	F	6
DGRP_892	M	79
DGRP_892	M	50
DGRP_892	M	48
DGRP_892	F	76
DGRP_892	F	75
DGRP_892	F	63
DGRP_892	M	70
DGRP_892	M	42
DGRP_892	M	41
DGRP_894	F	46
DGRP_894	F	52
DGRP_894	F	102
DGRP_894	M	94
DGRP_894	M	124
DGRP_894	F	59
DGRP_894	F	63
DGRP_894	F	97
DGRP_894	M	129
DGRP_894	M	145
DGRP_894	M	150
DGRP_894	F	18
DGRP_894	F	42
DGRP_894	M	123
DGRP_894	M	142
DGRP_894	F	30
DGRP_894	F	42
DGRP_894	F	52
DGRP_894	M	126
DGRP_894	M	128
DGRP_894	F	35
DGRP_894	F	42
DGRP_894	F	63
DGRP_894	M	42
DGRP_894	M	105
DGRP_894	M	148
DGRP_894	F	32
DGRP_894	F	32
DGRP_894	F	70
DGRP_894	M	73
DGRP_894	M	91
DGRP_894	M	137
DGRP_894	F	46
DGRP_894	F	50
DGRP_894	F	70
DGRP_894	M	107
DGRP_894	M	116
DGRP_894	M	126
DGRP_894	F	36
DGRP_894	F	42
DGRP_894	F	49
DGRP_894	M	121
DGRP_894	M	141
DGRP_894	F	3
DGRP_894	F	31
DGRP_894	F	39
DGRP_894	M	7
DGRP_894	M	98
DGRP_894	F	38
DGRP_894	F	57
DGRP_894	F	105
DGRP_894	M	114
DGRP_894	M	154
DGRP_894	F	42
DGRP_894	F	71
DGRP_894	F	78
DGRP_894	M	120
DGRP_894	M	120
DGRP_894	M	121
DGRP_894	F	80
DGRP_894	F	63
DGRP_894	F	39
DGRP_894	M	119
DGRP_894	M	63
DGRP_894	M	28
DGRP_894	F	74
DGRP_894	F	62
DGRP_894	F	60
DGRP_894	M	117
DGRP_894	M	77
DGRP_894	M	2
DGRP_894	F	88
DGRP_894	F	76
DGRP_894	F	61
DGRP_894	M	122
DGRP_894	M	80
DGRP_894	M	66
DGRP_894	F	84
DGRP_894	F	64
DGRP_894	F	57
DGRP_894	M	64
DGRP_894	M	59
DGRP_894	M	9
DGRP_894	F	88
DGRP_894	F	57
DGRP_894	F	37
DGRP_894	M	109
DGRP_894	M	63
DGRP_894	M	57
DGRP_894	F	106
DGRP_894	F	95
DGRP_894	F	65
DGRP_894	M	102
DGRP_894	M	46
DGRP_894	M	38
DGRP_894	F	113
DGRP_894	F	86
DGRP_894	M	113
DGRP_894	M	102
DGRP_894	M	101
DGRP_894	F	71
DGRP_894	F	37
DGRP_894	M	71
DGRP_894	M	71
DGRP_894	F	60
DGRP_894	F	60
DGRP_894	F	31
DGRP_894	M	108
DGRP_894	M	60
DGRP_894	M	60
DGRP_894	F	67
DGRP_894	F	58
DGRP_894	F	57
DGRP_894	M	115
DGRP_894	M	115
DGRP_894	M	98
DGRP_894	F	65
DGRP_894	F	59
DGRP_894	F	31
DGRP_894	M	57
DGRP_894	M	53
DGRP_894	F	109
DGRP_894	F	48
DGRP_894	F	48
DGRP_894	M	109
DGRP_894	M	109
DGRP_897	F	105
DGRP_897	F	107
DGRP_897	M	46
DGRP_897	M	63
DGRP_897	M	84
DGRP_897	F	74
DGRP_897	F	78
DGRP_897	F	92
DGRP_897	M	56
DGRP_897	M	71
DGRP_897	F	88
DGRP_897	F	92
DGRP_897	M	107
DGRP_897	M	109
DGRP_897	F	60
DGRP_897	F	82
DGRP_897	F	88
DGRP_897	M	98
DGRP_897	M	99
DGRP_897	F	74
DGRP_897	F	99
DGRP_897	M	48
DGRP_897	M	53
DGRP_897	F	77
DGRP_897	F	90
DGRP_897	F	104
DGRP_897	M	14
DGRP_897	M	57
DGRP_897	M	77
DGRP_897	F	73
DGRP_897	F	86
DGRP_897	F	97
DGRP_897	M	70
DGRP_897	M	76
DGRP_897	M	91
DGRP_897	F	57
DGRP_897	F	71
DGRP_897	F	90
DGRP_897	M	72
DGRP_897	M	76
DGRP_897	M	80
DGRP_897	F	21
DGRP_897	F	59
DGRP_897	M	58
DGRP_897	M	97
DGRP_897	M	105
DGRP_897	F	57
DGRP_897	F	76
DGRP_897	F	78
DGRP_897	M	73
DGRP_897	M	104
DGRP_897	F	87
DGRP_897	F	87
DGRP_897	F	89
DGRP_897	M	45
DGRP_897	M	84
DGRP_897	M	101
DGRP_897	F	55
DGRP_897	F	70
DGRP_897	F	77
DGRP_897	M	75
DGRP_897	M	80
DGRP_897	M	80
DGRP_897	F	63
DGRP_897	F	60
DGRP_897	F	6
DGRP_897	M	77
DGRP_897	M	77
DGRP_897	M	69
DGRP_897	F	102
DGRP_897	F	73
DGRP_897	F	70
DGRP_897	M	64
DGRP_897	M	59
DGRP_897	F	105
DGRP_897	F	84
DGRP_897	F	81
DGRP_897	M	78
DGRP_897	M	78
DGRP_897	M	77
DGRP_897	F	75
DGRP_897	F	69
DGRP_897	F	64
DGRP_897	M	91
DGRP_897	M	89
DGRP_897	M	48
DGRP_897	F	84
DGRP_897	F	84
DGRP_897	F	76
DGRP_897	M	84
DGRP_897	M	65
DGRP_897	M	64
DGRP_897	F	84
DGRP_897	F	55
DGRP_897	F	48
DGRP_897	M	85
DGRP_897	M	84
DGRP_897	M	76
DGRP_897	F	55
DGRP_897	F	52
DGRP_897	F	45
DGRP_897	M	105
DGRP_897	M	62
DGRP_897	F	84
DGRP_897	F	76
DGRP_897	F	52
DGRP_897	M	76
DGRP_897	M	69
DGRP_897	M	59
DGRP_897	F	100
DGRP_897	F	84
DGRP_897	F	80
DGRP_897	M	104
DGRP_897	M	100
DGRP_897	M	90
DGRP_897	F	69
DGRP_897	F	48
DGRP_897	M	84
DGRP_897	M	73
DGRP_897	M	49
DGRP_897	F	68
DGRP_897	F	49
DGRP_897	M	84
DGRP_897	M	68
DGRP_897	F	87
DGRP_897	F	52
DGRP_897	F	45
DGRP_897	M	105
DGRP_897	M	52
DGRP_897	M	45
DGRP_900	F	47
DGRP_900	F	80
DGRP_900	F	84
DGRP_900	M	88
DGRP_900	M	91
DGRP_900	M	122
DGRP_900	F	38
DGRP_900	F	131
DGRP_900	M	108
DGRP_900	M	122
DGRP_900	M	130
DGRP_900	F	108
DGRP_900	F	115
DGRP_900	F	131
DGRP_900	M	81
DGRP_900	M	95
DGRP_900	M	137
DGRP_900	F	95
DGRP_900	F	97
DGRP_900	F	122
DGRP_900	M	59
DGRP_900	M	112
DGRP_900	M	115
DGRP_900	F	122
DGRP_900	F	122
DGRP_900	F	123
DGRP_900	M	42
DGRP_900	M	49
DGRP_900	F	53
DGRP_900	F	73
DGRP_900	F	97
DGRP_900	M	73
DGRP_900	M	91
DGRP_900	M	115
DGRP_900	F	108
DGRP_900	F	108
DGRP_900	M	82
DGRP_900	M	101
DGRP_900	F	59
DGRP_900	F	91
DGRP_900	F	115
DGRP_900	M	25
DGRP_900	M	84
DGRP_900	M	129
DGRP_900	F	56
DGRP_900	F	105
DGRP_900	F	119
DGRP_900	M	30
DGRP_900	M	105
DGRP_900	F	70
DGRP_900	F	105
DGRP_900	F	142
DGRP_900	M	79
DGRP_900	M	105
DGRP_900	M	121
DGRP_900	F	98
DGRP_900	F	105
DGRP_900	F	116
DGRP_900	M	91
DGRP_900	M	112
DGRP_900	F	52
DGRP_900	F	108
DGRP_900	F	122
DGRP_900	M	78
DGRP_900	M	88
DGRP_900	M	100
DGRP_900	F	105
DGRP_900	F	104
DGRP_900	F	25
DGRP_900	M	109
DGRP_900	M	102
DGRP_900	M	91
DGRP_900	F	101
DGRP_900	F	87
DGRP_900	F	60
DGRP_900	M	119
DGRP_900	M	117
DGRP_900	M	101
DGRP_900	F	77
DGRP_900	F	74
DGRP_900	F	63
DGRP_900	M	105
DGRP_900	M	104
DGRP_900	M	69
DGRP_900	F	115
DGRP_900	F	105
DGRP_900	F	62
DGRP_900	M	102
DGRP_900	M	94
DGRP_900	M	63
DGRP_900	F	118
DGRP_900	F	112
DGRP_900	F	108
DGRP_900	M	108
DGRP_900	M	89
DGRP_900	M	48
DGRP_900	F	122
DGRP_900	F	109
DGRP_900	F	80
DGRP_900	M	87
DGRP_900	M	80
DGRP_900	M	60
DGRP_900	F	105
DGRP_900	F	105
DGRP_900	F	27
DGRP_900	M	105
DGRP_900	M	105
DGRP_900	M	61
DGRP_900	F	101
DGRP_900	F	101
DGRP_900	F	80
DGRP_900	M	105
DGRP_900	M	98
DGRP_900	M	39
DGRP_900	F	106
DGRP_900	F	102
DGRP_900	F	17
DGRP_900	M	105
DGRP_900	M	101
DGRP_900	M	85
DGRP_900	F	105
DGRP_900	F	101
DGRP_900	F	45
DGRP_900	M	101
DGRP_900	M	74
DGRP_900	M	21
DGRP_900	F	105
DGRP_900	F	102
DGRP_900	F	59
DGRP_900	M	102
DGRP_900	M	84
DGRP_900	M	58
DGRP_900	F	116
DGRP_900	F	49
DGRP_900	F	10
DGRP_900	M	85
DGRP_900	M	38
DGRP_907	F	59
DGRP_907	F	97
DGRP_907	F	140
DGRP_907	M	80
DGRP_907	M	81
DGRP_907	M	115
DGRP_907	F	59
DGRP_907	F	76
DGRP_907	F	110
DGRP_907	M	46
DGRP_907	M	63
DGRP_907	M	97
DGRP_907	F	77
DGRP_907	F	104
DGRP_907	F	112
DGRP_907	M	87
DGRP_907	M	98
DGRP_907	M	115
DGRP_907	F	75
DGRP_907	F	97
DGRP_907	F	117
DGRP_907	M	73
DGRP_907	M	95
DGRP_907	M	116
DGRP_907	F	97
DGRP_907	F	124
DGRP_907	F	129
DGRP_907	M	49
DGRP_907	M	112
DGRP_907	F	59
DGRP_907	F	59
DGRP_907	F	105
DGRP_907	M	108
DGRP_907	M	117
DGRP_907	M	133
DGRP_907	F	66
DGRP_907	F	112
DGRP_907	M	63
DGRP_907	M	97
DGRP_907	M	108
DGRP_907	F	103
DGRP_907	F	108
DGRP_907	F	151
DGRP_907	M	59
DGRP_907	M	59
DGRP_907	M	124
DGRP_907	F	53
DGRP_907	F	59
DGRP_907	F	80
DGRP_907	M	75
DGRP_907	M	95
DGRP_907	M	150
DGRP_907	F	101
DGRP_907	F	123
DGRP_907	M	83
DGRP_907	M	94
DGRP_907	F	25
DGRP_907	F	88
DGRP_907	F	94
DGRP_907	M	84
DGRP_907	M	94
DGRP_907	F	123
DGRP_907	F	125
DGRP_907	F	147
DGRP_907	M	77
DGRP_907	M	99
DGRP_907	F	108
DGRP_907	F	49
DGRP_907	F	14
DGRP_907	M	63
DGRP_907	M	60
DGRP_907	M	60
DGRP_907	F	87
DGRP_907	F	77
DGRP_907	F	40
DGRP_907	M	87
DGRP_907	M	87
DGRP_907	M	87
DGRP_907	F	101
DGRP_907	F	101
DGRP_907	F	101
DGRP_907	M	81
DGRP_907	M	80
DGRP_907	M	76
DGRP_907	F	104
DGRP_907	F	103
DGRP_907	F	103
DGRP_907	M	88
DGRP_907	M	53
DGRP_907	F	105
DGRP_907	F	101
DGRP_907	F	94
DGRP_907	M	97
DGRP_907	M	90
DGRP_907	M	89
DGRP_907	F	105
DGRP_907	F	82
DGRP_907	F	81
DGRP_907	M	62
DGRP_907	M	62
DGRP_907	M	61
DGRP_907	F	105
DGRP_907	F	104
DGRP_907	F	77
DGRP_907	M	74
DGRP_907	M	61
DGRP_907	M	60
DGRP_907	F	91
DGRP_907	F	84
DGRP_907	F	77
DGRP_907	M	105
DGRP_907	M	81
DGRP_907	M	81
DGRP_907	F	80
DGRP_907	F	62
DGRP_907	F	56
DGRP_907	M	76
DGRP_907	M	75
DGRP_907	F	104
DGRP_907	F	102
DGRP_907	M	91
DGRP_907	M	63
DGRP_907	M	63
DGRP_907	F	94
DGRP_907	F	86
DGRP_907	F	67
DGRP_907	M	57
DGRP_907	M	57
DGRP_907	M	57
DGRP_907	F	77
DGRP_907	F	74
DGRP_907	F	72
DGRP_907	M	59
DGRP_907	M	36
DGRP_908	F	41
DGRP_908	F	46
DGRP_908	F	59
DGRP_908	M	35
DGRP_908	M	54
DGRP_908	M	60
DGRP_908	F	46
DGRP_908	F	59
DGRP_908	M	59
DGRP_908	M	73
DGRP_908	F	59
DGRP_908	F	59
DGRP_908	F	73
DGRP_908	M	52
DGRP_908	M	97
DGRP_908	F	35
DGRP_908	F	38
DGRP_908	F	56
DGRP_908	M	55
DGRP_908	M	59
DGRP_908	F	46
DGRP_908	F	68
DGRP_908	F	82
DGRP_908	M	59
DGRP_908	M	59
DGRP_908	M	66
DGRP_908	F	34
DGRP_908	F	41
DGRP_908	F	68
DGRP_908	M	47
DGRP_908	M	59
DGRP_908	M	73
DGRP_908	F	59
DGRP_908	F	73
DGRP_908	F	75
DGRP_908	M	59
DGRP_908	M	59
DGRP_908	M	60
DGRP_908	F	38
DGRP_908	F	89
DGRP_908	M	48
DGRP_908	M	56
DGRP_908	M	70
DGRP_908	F	45
DGRP_908	F	73
DGRP_908	M	61
DGRP_908	M	66
DGRP_908	M	73
DGRP_908	F	51
DGRP_908	F	70
DGRP_908	F	78
DGRP_908	M	60
DGRP_908	M	70
DGRP_908	F	50
DGRP_908	F	65
DGRP_908	M	63
DGRP_908	M	73
DGRP_908	F	43
DGRP_908	F	70
DGRP_908	M	50
DGRP_908	M	94
DGRP_908	F	60
DGRP_908	F	45
DGRP_908	F	31
DGRP_908	M	53
DGRP_908	M	52
DGRP_908	M	45
DGRP_908	F	63
DGRP_908	F	55
DGRP_908	F	52
DGRP_908	M	63
DGRP_908	M	56
DGRP_908	M	45
DGRP_908	F	87
DGRP_908	F	74
DGRP_908	F	61
DGRP_908	M	60
DGRP_908	M	60
DGRP_908	M	52
DGRP_908	F	69
DGRP_908	F	62
DGRP_908	F	39
DGRP_908	M	62
DGRP_908	M	53
DGRP_908	M	52
DGRP_908	F	60
DGRP_908	F	56
DGRP_908	F	54
DGRP_908	M	61
DGRP_908	M	41
DGRP_908	M	39
DGRP_908	F	62
DGRP_908	F	62
DGRP_908	F	53
DGRP_908	M	53
DGRP_908	M	53
DGRP_908	M	52
DGRP_908	F	84
DGRP_908	F	70
DGRP_908	F	56
DGRP_908	M	60
DGRP_908	M	56
DGRP_908	M	52
DGRP_908	F	61
DGRP_908	F	61
DGRP_908	F	55
DGRP_908	M	61
DGRP_908	M	61
DGRP_908	M	61
DGRP_908	F	59
DGRP_908	F	57
DGRP_908	M	60
DGRP_908	M	58
DGRP_908	F	71
DGRP_908	F	60
DGRP_908	F	29
DGRP_908	M	50
DGRP_908	M	49
DGRP_908	M	49
DGRP_908	F	98
DGRP_908	F	53
DGRP_908	F	51
DGRP_908	M	58
DGRP_908	M	52
DGRP_908	M	52
DGRP_908	F	59
DGRP_908	F	30
DGRP_908	M	49
DGRP_908	M	49
DGRP_911	F	46
DGRP_911	F	53
DGRP_911	M	42
DGRP_911	M	46
DGRP_911	F	21
DGRP_911	F	32
DGRP_911	F	34
DGRP_911	M	46
DGRP_911	M	57
DGRP_911	F	50
DGRP_911	F	56
DGRP_911	F	56
DGRP_911	M	47
DGRP_911	M	67
DGRP_911	F	25
DGRP_911	F	36
DGRP_911	F	46
DGRP_911	M	33
DGRP_911	M	53
DGRP_911	M	56
DGRP_911	F	27
DGRP_911	F	35
DGRP_911	F	38
DGRP_911	M	57
DGRP_911	M	62
DGRP_911	M	83
DGRP_911	F	23
DGRP_911	F	23
DGRP_911	F	41
DGRP_911	M	23
DGRP_911	M	27
DGRP_911	M	55
DGRP_911	F	24
DGRP_911	F	28
DGRP_911	F	45
DGRP_911	M	31
DGRP_911	M	55
DGRP_911	F	20
DGRP_911	F	24
DGRP_911	F	49
DGRP_911	M	54
DGRP_911	M	59
DGRP_911	F	18
DGRP_911	F	25
DGRP_911	F	38
DGRP_911	M	24
DGRP_911	M	54
DGRP_911	M	59
DGRP_911	F	18
DGRP_911	F	26
DGRP_911	M	35
DGRP_911	M	62
DGRP_911	M	80
DGRP_911	F	26
DGRP_911	F	42
DGRP_911	F	47
DGRP_911	M	45
DGRP_911	M	59
DGRP_911	F	24
DGRP_911	F	24
DGRP_911	F	45
DGRP_911	M	20
DGRP_911	M	67
DGRP_911	M	77
DGRP_911	F	59
DGRP_911	F	49
DGRP_911	M	74
DGRP_911	M	37
DGRP_911	M	21
DGRP_911	F	41
DGRP_911	F	26
DGRP_911	F	19
DGRP_911	M	42
DGRP_911	M	39
DGRP_911	M	26
DGRP_911	F	29
DGRP_911	F	29
DGRP_911	F	26
DGRP_911	M	39
DGRP_911	M	35
DGRP_911	M	29
DGRP_911	F	34
DGRP_911	F	32
DGRP_911	F	32
DGRP_911	M	48
DGRP_911	M	43
DGRP_911	F	35
DGRP_911	F	34
DGRP_911	F	27
DGRP_911	M	34
DGRP_911	M	31
DGRP_911	M	30
DGRP_911	F	34
DGRP_911	F	27
DGRP_911	F	16
DGRP_911	M	49
DGRP_911	M	48
DGRP_911	M	23
DGRP_911	F	45
DGRP_911	F	42
DGRP_911	F	20
DGRP_911	M	45
DGRP_911	M	41
DGRP_911	M	27
DGRP_911	F	42
DGRP_911	F	31
DGRP_911	F	27
DGRP_911	M	49
DGRP_911	M	15
DGRP_911	M	14
DGRP_911	F	23
DGRP_911	F	23
DGRP_911	M	44
DGRP_911	M	31
DGRP_911	F	39
DGRP_911	F	33
DGRP_911	F	14
DGRP_911	M	39
DGRP_911	M	33
DGRP_911	M	14
DGRP_913	F	52
DGRP_913	F	102
DGRP_913	M	146
DGRP_913	M	160
DGRP_913	M	161
DGRP_913	F	124
DGRP_913	F	136
DGRP_913	M	45
DGRP_913	M	66
DGRP_913	M	136
DGRP_913	F	98
DGRP_913	F	146
DGRP_913	M	144
DGRP_913	M	150
DGRP_913	M	157
DGRP_913	F	130
DGRP_913	F	140
DGRP_913	M	108
DGRP_913	M	130
DGRP_913	M	154
DGRP_913	F	129
DGRP_913	F	136
DGRP_913	M	161
DGRP_913	M	165
DGRP_913	M	167
DGRP_913	F	109
DGRP_913	F	122
DGRP_913	F	136
DGRP_913	M	136
DGRP_913	M	150
DGRP_913	M	152
DGRP_913	F	53
DGRP_913	F	122
DGRP_913	F	133
DGRP_913	M	46
DGRP_913	M	105
DGRP_913	M	145
DGRP_913	F	126
DGRP_913	F	133
DGRP_913	M	150
DGRP_913	M	157
DGRP_913	M	164
DGRP_913	F	101
DGRP_913	F	129
DGRP_913	F	129
DGRP_913	M	161
DGRP_913	M	164
DGRP_913	F	91
DGRP_913	F	115
DGRP_913	M	150
DGRP_913	M	154
DGRP_913	F	73
DGRP_913	F	111
DGRP_913	F	129
DGRP_913	M	59
DGRP_913	M	159
DGRP_913	F	34
DGRP_913	F	132
DGRP_913	M	95
DGRP_913	M	164
DGRP_913	F	122
DGRP_913	F	119
DGRP_913	F	118
DGRP_913	M	164
DGRP_913	M	105
DGRP_913	M	91
DGRP_913	F	129
DGRP_913	F	123
DGRP_913	M	158
DGRP_913	M	123
DGRP_913	F	123
DGRP_913	F	119
DGRP_913	F	91
DGRP_913	M	164
DGRP_913	M	119
DGRP_913	F	151
DGRP_913	F	122
DGRP_913	F	98
DGRP_913	M	154
DGRP_913	M	122
DGRP_913	M	108
DGRP_913	F	105
DGRP_913	F	104
DGRP_913	M	158
DGRP_913	M	117
DGRP_913	M	62
DGRP_913	F	122
DGRP_913	F	118
DGRP_913	F	117
DGRP_913	M	122
DGRP_913	M	108
DGRP_913	M	73
DGRP_913	F	126
DGRP_913	F	123
DGRP_913	F	112
DGRP_913	M	151
DGRP_913	M	126
DGRP_913	M	116
DGRP_913	F	126
DGRP_913	F	45
DGRP_913	M	119
DGRP_913	M	118
DGRP_913	M	39
DGRP_913	F	117
DGRP_913	F	102
DGRP_913	F	80
DGRP_913	M	84
DGRP_913	M	80
DGRP_913	F	126
DGRP_913	F	122
DGRP_913	F	119
DGRP_913	M	152
DGRP_913	M	152
DGRP_913	M	95
