DGRP	sex	value
DGRP_021	F	51
DGRP_021	F	58
DGRP_021	F	63
DGRP_021	F	43
DGRP_021	F	45
DGRP_021	F	51
DGRP_021	F	58
DGRP_021	F	58
DGRP_021	F	57
DGRP_021	F	58
DGRP_021	F	63
DGRP_021	F	43
DGRP_021	F	58
DGRP_021	F	59
DGRP_021	F	44
DGRP_021	F	49
DGRP_021	F	56
DGRP_021	F	51
DGRP_021	F	56
DGRP_021	F	43
DGRP_021	F	50
DGRP_021	F	59
DGRP_021	F	63
DGRP_021	F	63
DGRP_021	F	63
DGRP_021	F	37
DGRP_021	F	44
DGRP_021	F	63
DGRP_021	F	43
DGRP_021	F	44
DGRP_021	F	44
DGRP_021	F	44
DGRP_021	F	57
DGRP_021	F	58
DGRP_021	F	56
DGRP_021	F	57
DGRP_021	F	59
DGRP_021	F	43
DGRP_021	F	53
DGRP_021	F	63
DGRP_021	F	37
DGRP_021	F	49
DGRP_021	F	57
DGRP_021	F	49
DGRP_021	F	63
DGRP_021	F	63
DGRP_021	F	49
DGRP_021	F	59
DGRP_021	F	64
DGRP_021	F	35
DGRP_021	F	44
DGRP_021	F	43
DGRP_021	F	50
DGRP_021	F	59
DGRP_021	F	14
DGRP_021	F	49
DGRP_021	F	58
DGRP_021	F	35
DGRP_021	F	44
DGRP_021	F	43
DGRP_021	F	44
DGRP_021	F	56
DGRP_021	F	44
DGRP_021	F	56
DGRP_021	F	63
DGRP_021	F	17
DGRP_021	F	43
DGRP_021	F	44
DGRP_021	M	53
DGRP_021	M	63
DGRP_021	M	36
DGRP_021	M	44
DGRP_021	M	52
DGRP_021	M	28
DGRP_021	M	35
DGRP_021	M	43
DGRP_021	M	35
DGRP_021	M	39
DGRP_021	M	44
DGRP_021	M	35
DGRP_021	M	52
DGRP_021	M	59
DGRP_021	M	49
DGRP_021	M	49
DGRP_021	M	56
DGRP_021	M	53
DGRP_021	M	71
DGRP_021	M	42
DGRP_021	M	56
DGRP_021	M	42
DGRP_021	M	42
DGRP_021	M	42
DGRP_021	M	49
DGRP_021	M	56
DGRP_021	M	31
DGRP_021	M	43
DGRP_021	M	44
DGRP_021	M	51
DGRP_021	M	52
DGRP_021	M	36
DGRP_021	M	43
DGRP_021	M	43
DGRP_021	M	28
DGRP_021	M	45
DGRP_021	M	36
DGRP_021	M	56
DGRP_021	M	63
DGRP_021	M	38
DGRP_021	M	44
DGRP_021	M	58
DGRP_021	M	35
DGRP_021	M	43
DGRP_021	M	43
DGRP_021	M	29
DGRP_021	M	31
DGRP_021	M	44
DGRP_021	M	37
DGRP_021	M	44
DGRP_021	M	28
DGRP_021	M	58
DGRP_021	M	58
DGRP_021	M	35
DGRP_021	M	44
DGRP_021	M	44
DGRP_021	M	49
DGRP_021	M	56
DGRP_021	M	29
DGRP_021	M	35
DGRP_021	M	63
DGRP_021	M	37
DGRP_021	M	56
DGRP_021	M	58
DGRP_026	F	29
DGRP_026	F	29
DGRP_026	F	35
DGRP_026	F	35
DGRP_026	F	35
DGRP_026	F	38
DGRP_026	F	25
DGRP_026	F	29
DGRP_026	F	35
DGRP_026	F	28
DGRP_026	F	29
DGRP_026	F	35
DGRP_026	F	29
DGRP_026	F	31
DGRP_026	F	35
DGRP_026	F	35
DGRP_026	F	35
DGRP_026	F	35
DGRP_026	F	28
DGRP_026	F	29
DGRP_026	F	35
DGRP_026	F	35
DGRP_026	F	37
DGRP_026	F	42
DGRP_026	F	28
DGRP_026	F	28
DGRP_026	F	28
DGRP_026	F	43
DGRP_026	F	43
DGRP_026	F	44
DGRP_026	F	24
DGRP_026	F	29
DGRP_026	F	42
DGRP_026	F	25
DGRP_026	F	29
DGRP_026	F	32
DGRP_026	F	25
DGRP_026	F	28
DGRP_026	F	37
DGRP_026	F	21
DGRP_026	F	21
DGRP_026	F	29
DGRP_026	F	24
DGRP_026	F	39
DGRP_026	F	42
DGRP_026	F	16
DGRP_026	F	43
DGRP_026	F	49
DGRP_026	F	18
DGRP_026	F	39
DGRP_026	F	23
DGRP_026	F	29
DGRP_026	F	32
DGRP_026	F	29
DGRP_026	F	45
DGRP_026	F	29
DGRP_026	F	39
DGRP_026	F	42
DGRP_026	F	29
DGRP_026	F	42
DGRP_026	F	43
DGRP_026	F	25
DGRP_026	F	25
DGRP_026	F	25
DGRP_026	F	31
DGRP_026	F	42
DGRP_026	M	28
DGRP_026	M	35
DGRP_026	M	35
DGRP_026	M	28
DGRP_026	M	35
DGRP_026	M	35
DGRP_026	M	18
DGRP_026	M	25
DGRP_026	M	35
DGRP_026	M	23
DGRP_026	M	25
DGRP_026	M	28
DGRP_026	M	35
DGRP_026	M	35
DGRP_026	M	35
DGRP_026	M	28
DGRP_026	M	32
DGRP_026	M	35
DGRP_026	M	29
DGRP_026	M	29
DGRP_026	M	31
DGRP_026	M	23
DGRP_026	M	35
DGRP_026	M	37
DGRP_026	M	16
DGRP_026	M	28
DGRP_026	M	35
DGRP_026	M	37
DGRP_026	M	37
DGRP_026	M	29
DGRP_026	M	29
DGRP_026	M	35
DGRP_026	M	35
DGRP_026	M	42
DGRP_026	M	25
DGRP_026	M	25
DGRP_026	M	25
DGRP_026	M	24
DGRP_026	M	28
DGRP_026	M	35
DGRP_026	M	16
DGRP_026	M	35
DGRP_026	M	39
DGRP_026	M	25
DGRP_026	M	35
DGRP_026	M	35
DGRP_026	M	44
DGRP_026	M	44
DGRP_026	M	49
DGRP_026	M	29
DGRP_026	M	32
DGRP_026	M	35
DGRP_026	M	43
DGRP_026	M	45
DGRP_026	M	45
DGRP_026	M	37
DGRP_026	M	39
DGRP_026	M	39
DGRP_026	M	35
DGRP_026	M	42
DGRP_026	M	43
DGRP_026	M	23
DGRP_026	M	24
DGRP_026	M	25
DGRP_026	M	21
DGRP_026	M	28
DGRP_026	M	35
DGRP_028	F	53
DGRP_028	F	70
DGRP_028	F	58
DGRP_028	F	63
DGRP_028	F	63
DGRP_028	F	29
DGRP_028	F	35
DGRP_028	F	74
DGRP_028	F	36
DGRP_028	F	65
DGRP_028	F	35
DGRP_028	F	39
DGRP_028	F	44
DGRP_028	F	25
DGRP_028	F	49
DGRP_028	F	50
DGRP_028	F	7
DGRP_028	F	32
DGRP_028	F	32
DGRP_028	F	14
DGRP_028	F	32
DGRP_028	F	49
DGRP_028	F	64
DGRP_028	F	70
DGRP_028	F	70
DGRP_028	F	58
DGRP_028	F	63
DGRP_028	F	65
DGRP_028	F	39
DGRP_028	F	44
DGRP_028	F	71
DGRP_028	F	49
DGRP_028	F	49
DGRP_028	F	58
DGRP_028	F	14
DGRP_028	F	14
DGRP_028	F	63
DGRP_028	F	44
DGRP_028	F	70
DGRP_028	F	71
DGRP_028	F	4
DGRP_028	F	38
DGRP_028	F	46
DGRP_028	F	63
DGRP_028	F	63
DGRP_028	F	65
DGRP_028	F	28
DGRP_028	F	59
DGRP_028	F	29
DGRP_028	F	35
DGRP_028	F	70
DGRP_028	F	51
DGRP_028	F	51
DGRP_028	F	37
DGRP_028	F	49
DGRP_028	M	37
DGRP_028	M	53
DGRP_028	M	56
DGRP_028	M	43
DGRP_028	M	56
DGRP_028	M	63
DGRP_028	M	35
DGRP_028	M	63
DGRP_028	M	65
DGRP_028	M	28
DGRP_028	M	36
DGRP_028	M	73
DGRP_028	M	36
DGRP_028	M	43
DGRP_028	M	77
DGRP_028	M	43
DGRP_028	M	43
DGRP_028	M	64
DGRP_028	M	43
DGRP_028	M	58
DGRP_028	M	63
DGRP_028	M	37
DGRP_028	M	42
DGRP_028	M	63
DGRP_028	M	56
DGRP_028	M	59
DGRP_028	M	64
DGRP_028	M	29
DGRP_028	M	63
DGRP_028	M	70
DGRP_028	M	44
DGRP_028	M	70
DGRP_028	M	72
DGRP_028	M	39
DGRP_028	M	44
DGRP_028	M	58
DGRP_028	M	52
DGRP_028	M	67
DGRP_028	M	70
DGRP_028	M	44
DGRP_028	M	70
DGRP_028	M	36
DGRP_028	M	45
DGRP_028	M	49
DGRP_028	M	44
DGRP_028	M	51
DGRP_028	M	59
DGRP_028	M	43
DGRP_028	M	63
DGRP_028	M	63
DGRP_028	M	44
DGRP_028	M	63
DGRP_028	M	63
DGRP_028	M	23
DGRP_028	M	42
DGRP_028	M	32
DGRP_028	M	43
DGRP_028	M	63
DGRP_038	F	8
DGRP_038	F	36
DGRP_038	F	36
DGRP_038	F	4
DGRP_038	F	36
DGRP_038	F	34
DGRP_038	F	49
DGRP_038	F	50
DGRP_038	F	19
DGRP_038	F	23
DGRP_038	F	29
DGRP_038	F	39
DGRP_038	F	50
DGRP_038	F	50
DGRP_038	F	25
DGRP_038	F	40
DGRP_038	F	41
DGRP_038	F	46
DGRP_038	F	53
DGRP_038	F	62
DGRP_038	F	4
DGRP_038	F	19
DGRP_038	F	29
DGRP_038	F	43
DGRP_038	F	57
DGRP_038	F	67
DGRP_038	F	27
DGRP_038	F	32
DGRP_038	F	55
DGRP_038	F	46
DGRP_038	F	54
DGRP_038	F	60
DGRP_038	F	18
DGRP_038	F	32
DGRP_038	F	55
DGRP_038	F	39
DGRP_038	F	53
DGRP_038	F	55
DGRP_038	F	40
DGRP_038	F	54
DGRP_038	F	64
DGRP_038	F	46
DGRP_038	F	57
DGRP_038	F	8
DGRP_038	F	32
DGRP_038	F	50
DGRP_038	F	48
DGRP_038	F	53
DGRP_038	F	53
DGRP_038	F	46
DGRP_038	F	53
DGRP_038	F	57
DGRP_038	F	50
DGRP_038	F	54
DGRP_038	F	67
DGRP_038	F	32
DGRP_038	F	46
DGRP_038	F	46
DGRP_038	F	43
DGRP_038	F	54
DGRP_038	F	63
DGRP_038	F	42
DGRP_038	F	50
DGRP_038	F	64
DGRP_038	F	4
DGRP_038	F	25
DGRP_038	F	36
DGRP_038	M	32
DGRP_038	M	34
DGRP_038	M	25
DGRP_038	M	32
DGRP_038	M	36
DGRP_038	M	13
DGRP_038	M	36
DGRP_038	M	12
DGRP_038	M	57
DGRP_038	M	19
DGRP_038	M	32
DGRP_038	M	29
DGRP_038	M	39
DGRP_038	M	39
DGRP_038	M	35
DGRP_038	M	61
DGRP_038	M	39
DGRP_038	M	39
DGRP_038	M	4
DGRP_038	M	39
DGRP_038	M	26
DGRP_038	M	35
DGRP_038	M	39
DGRP_038	M	36
DGRP_038	M	54
DGRP_038	M	64
DGRP_038	M	46
DGRP_038	M	53
DGRP_038	M	39
DGRP_038	M	46
DGRP_038	M	53
DGRP_038	M	41
DGRP_038	M	54
DGRP_038	M	40
DGRP_038	M	46
DGRP_038	M	64
DGRP_038	M	29
DGRP_038	M	46
DGRP_038	M	70
DGRP_038	M	46
DGRP_038	M	46
DGRP_038	M	64
DGRP_038	M	46
DGRP_038	M	55
DGRP_038	M	64
DGRP_038	M	39
DGRP_038	M	50
DGRP_038	M	50
DGRP_038	M	46
DGRP_038	M	46
DGRP_038	M	11
DGRP_038	M	46
DGRP_038	M	63
DGRP_038	M	46
DGRP_038	M	53
DGRP_038	M	61
DGRP_038	M	61
DGRP_038	M	61
DGRP_040	F	40
DGRP_040	F	53
DGRP_040	F	46
DGRP_040	F	60
DGRP_040	F	71
DGRP_040	F	46
DGRP_040	F	50
DGRP_040	F	67
DGRP_040	F	11
DGRP_040	F	56
DGRP_040	F	57
DGRP_040	F	46
DGRP_040	F	53
DGRP_040	F	54
DGRP_040	F	53
DGRP_040	F	60
DGRP_040	F	67
DGRP_040	F	11
DGRP_040	F	40
DGRP_040	F	61
DGRP_040	F	46
DGRP_040	F	62
DGRP_040	F	67
DGRP_040	F	50
DGRP_040	F	53
DGRP_040	F	60
DGRP_040	F	49
DGRP_040	F	50
DGRP_040	F	60
DGRP_040	F	60
DGRP_040	F	60
DGRP_040	F	69
DGRP_040	F	33
DGRP_040	F	53
DGRP_040	F	67
DGRP_040	F	40
DGRP_040	F	61
DGRP_040	F	61
DGRP_040	F	48
DGRP_040	F	57
DGRP_040	F	57
DGRP_040	F	61
DGRP_040	F	61
DGRP_040	F	61
DGRP_040	F	35
DGRP_040	F	53
DGRP_040	F	53
DGRP_040	F	4
DGRP_040	F	39
DGRP_040	F	39
DGRP_040	F	46
DGRP_040	F	61
DGRP_040	F	64
DGRP_040	F	46
DGRP_040	F	53
DGRP_040	F	54
DGRP_040	F	4
DGRP_040	F	39
DGRP_040	F	67
DGRP_040	F	61
DGRP_040	F	61
DGRP_040	F	64
DGRP_040	F	40
DGRP_040	F	47
DGRP_040	F	57
DGRP_040	F	35
DGRP_040	F	67
DGRP_040	F	67
DGRP_040	F	47
DGRP_040	F	53
DGRP_040	F	61
DGRP_040	M	43
DGRP_040	M	50
DGRP_040	M	60
DGRP_040	M	50
DGRP_040	M	60
DGRP_040	M	29
DGRP_040	M	39
DGRP_040	M	60
DGRP_040	M	43
DGRP_040	M	53
DGRP_040	M	55
DGRP_040	M	39
DGRP_040	M	39
DGRP_040	M	46
DGRP_040	M	11
DGRP_040	M	41
DGRP_040	M	60
DGRP_040	M	34
DGRP_040	M	41
DGRP_040	M	57
DGRP_040	M	25
DGRP_040	M	46
DGRP_040	M	25
DGRP_040	M	32
DGRP_040	M	36
DGRP_040	M	42
DGRP_040	M	43
DGRP_040	M	56
DGRP_040	M	34
DGRP_040	M	43
DGRP_040	M	56
DGRP_040	M	40
DGRP_040	M	53
DGRP_040	M	32
DGRP_040	M	36
DGRP_040	M	53
DGRP_040	M	25
DGRP_040	M	39
DGRP_040	M	46
DGRP_040	M	39
DGRP_040	M	39
DGRP_040	M	46
DGRP_040	M	39
DGRP_040	M	43
DGRP_040	M	53
DGRP_040	M	43
DGRP_040	M	47
DGRP_040	M	61
DGRP_040	M	22
DGRP_040	M	46
DGRP_040	M	32
DGRP_040	M	42
DGRP_040	M	43
DGRP_040	M	25
DGRP_040	M	39
DGRP_040	M	46
DGRP_040	M	29
DGRP_040	M	39
DGRP_040	M	48
DGRP_040	M	34
DGRP_040	M	43
DGRP_040	M	53
DGRP_040	M	32
DGRP_040	M	39
DGRP_040	M	39
DGRP_040	M	35
DGRP_040	M	53
DGRP_041	F	59
DGRP_041	F	63
DGRP_041	F	70
DGRP_041	F	16
DGRP_041	F	43
DGRP_041	F	56
DGRP_041	F	56
DGRP_041	F	63
DGRP_041	F	37
DGRP_041	F	56
DGRP_041	F	43
DGRP_041	F	56
DGRP_041	F	59
DGRP_041	F	36
DGRP_041	F	44
DGRP_041	F	63
DGRP_041	F	28
DGRP_041	F	44
DGRP_041	F	44
DGRP_041	F	29
DGRP_041	F	59
DGRP_041	F	63
DGRP_041	F	14
DGRP_041	F	22
DGRP_041	F	63
DGRP_041	F	42
DGRP_041	F	43
DGRP_041	F	43
DGRP_041	F	16
DGRP_041	F	53
DGRP_041	F	56
DGRP_041	F	17
DGRP_041	F	46
DGRP_041	F	67
DGRP_041	F	21
DGRP_041	F	56
DGRP_041	F	63
DGRP_041	F	14
DGRP_041	F	49
DGRP_041	F	49
DGRP_041	F	57
DGRP_041	F	59
DGRP_041	F	24
DGRP_041	F	70
DGRP_041	F	45
DGRP_041	F	56
DGRP_041	F	56
DGRP_041	F	56
DGRP_041	F	56
DGRP_041	F	56
DGRP_041	F	39
DGRP_041	F	44
DGRP_041	F	56
DGRP_041	F	63
DGRP_041	M	43
DGRP_041	M	46
DGRP_041	M	44
DGRP_041	M	44
DGRP_041	M	29
DGRP_041	M	43
DGRP_041	M	57
DGRP_041	M	36
DGRP_041	M	42
DGRP_041	M	63
DGRP_041	M	51
DGRP_041	M	56
DGRP_041	M	44
DGRP_041	M	44
DGRP_041	M	39
DGRP_041	M	56
DGRP_041	M	35
DGRP_041	M	44
DGRP_041	M	51
DGRP_041	M	43
DGRP_041	M	49
DGRP_041	M	14
DGRP_041	M	70
DGRP_041	M	49
DGRP_041	M	51
DGRP_041	M	56
DGRP_041	M	18
DGRP_041	M	39
DGRP_041	M	44
DGRP_041	M	46
DGRP_041	M	56
DGRP_041	M	56
DGRP_041	M	24
DGRP_041	M	42
DGRP_041	M	42
DGRP_041	M	45
DGRP_041	M	59
DGRP_041	M	59
DGRP_041	M	49
DGRP_041	M	49
DGRP_041	M	63
DGRP_041	M	49
DGRP_041	M	49
DGRP_041	M	53
DGRP_041	M	49
DGRP_041	M	56
DGRP_041	M	56
DGRP_041	M	44
DGRP_041	M	44
DGRP_041	M	44
DGRP_041	M	39
DGRP_041	M	44
DGRP_042	F	15
DGRP_042	F	26
DGRP_042	F	36
DGRP_042	F	42
DGRP_042	F	46
DGRP_042	F	46
DGRP_042	F	25
DGRP_042	F	27
DGRP_042	F	32
DGRP_042	F	39
DGRP_042	F	39
DGRP_042	F	39
DGRP_042	F	28
DGRP_042	F	29
DGRP_042	F	32
DGRP_042	F	28
DGRP_042	F	32
DGRP_042	F	26
DGRP_042	F	34
DGRP_042	F	39
DGRP_042	F	32
DGRP_042	F	32
DGRP_042	F	35
DGRP_042	F	32
DGRP_042	F	32
DGRP_042	F	32
DGRP_042	F	39
DGRP_042	F	46
DGRP_042	F	46
DGRP_042	F	43
DGRP_042	F	46
DGRP_042	F	33
DGRP_042	F	36
DGRP_042	F	36
DGRP_042	F	42
DGRP_042	F	46
DGRP_042	F	25
DGRP_042	F	27
DGRP_042	F	32
DGRP_042	F	29
DGRP_042	F	29
DGRP_042	F	29
DGRP_042	F	29
DGRP_042	F	32
DGRP_042	F	18
DGRP_042	F	32
DGRP_042	F	32
DGRP_042	F	20
DGRP_042	F	27
DGRP_042	F	29
DGRP_042	F	22
DGRP_042	F	27
DGRP_042	F	32
DGRP_042	F	29
DGRP_042	F	32
DGRP_042	F	32
DGRP_042	F	20
DGRP_042	F	36
DGRP_042	F	20
DGRP_042	F	46
DGRP_042	F	46
DGRP_042	F	27
DGRP_042	F	32
DGRP_042	F	32
DGRP_042	F	25
DGRP_042	F	34
DGRP_042	F	39
DGRP_042	M	26
DGRP_042	M	32
DGRP_042	M	23
DGRP_042	M	46
DGRP_042	M	28
DGRP_042	M	32
DGRP_042	M	32
DGRP_042	M	39
DGRP_042	M	39
DGRP_042	M	41
DGRP_042	M	25
DGRP_042	M	32
DGRP_042	M	32
DGRP_042	M	4
DGRP_042	M	28
DGRP_042	M	29
DGRP_042	M	25
DGRP_042	M	32
DGRP_042	M	28
DGRP_042	M	32
DGRP_042	M	39
DGRP_042	M	27
DGRP_042	M	28
DGRP_042	M	32
DGRP_042	M	41
DGRP_042	M	46
DGRP_042	M	46
DGRP_042	M	46
DGRP_042	M	32
DGRP_042	M	32
DGRP_042	M	34
DGRP_042	M	32
DGRP_042	M	46
DGRP_042	M	46
DGRP_042	M	25
DGRP_042	M	25
DGRP_042	M	39
DGRP_042	M	29
DGRP_042	M	29
DGRP_042	M	36
DGRP_042	M	13
DGRP_042	M	13
DGRP_042	M	25
DGRP_042	M	29
DGRP_042	M	39
DGRP_042	M	39
DGRP_042	M	18
DGRP_042	M	27
DGRP_042	M	29
DGRP_042	M	25
DGRP_042	M	32
DGRP_042	M	32
DGRP_042	M	26
DGRP_042	M	29
DGRP_042	M	34
DGRP_042	M	46
DGRP_042	M	47
DGRP_042	M	54
DGRP_042	M	42
DGRP_042	M	46
DGRP_042	M	29
DGRP_042	M	29
DGRP_042	M	32
DGRP_042	M	39
DGRP_042	M	39
DGRP_042	M	43
DGRP_045	F	50
DGRP_045	F	52
DGRP_045	F	56
DGRP_045	F	49
DGRP_045	F	53
DGRP_045	F	58
DGRP_045	F	38
DGRP_045	F	49
DGRP_045	F	42
DGRP_045	F	44
DGRP_045	F	50
DGRP_045	F	35
DGRP_045	F	42
DGRP_045	F	44
DGRP_045	F	39
DGRP_045	F	46
DGRP_045	F	46
DGRP_045	F	49
DGRP_045	F	52
DGRP_045	F	49
DGRP_045	F	50
DGRP_045	F	50
DGRP_045	F	49
DGRP_045	F	49
DGRP_045	F	49
DGRP_045	F	43
DGRP_045	F	44
DGRP_045	F	52
DGRP_045	F	46
DGRP_045	F	46
DGRP_045	F	56
DGRP_045	F	49
DGRP_045	F	50
DGRP_045	F	50
DGRP_045	F	16
DGRP_045	F	16
DGRP_045	F	37
DGRP_045	F	18
DGRP_045	F	35
DGRP_045	F	44
DGRP_045	F	32
DGRP_045	F	49
DGRP_045	F	9
DGRP_045	F	35
DGRP_045	F	39
DGRP_045	F	49
DGRP_045	F	56
DGRP_045	F	39
DGRP_045	F	43
DGRP_045	F	56
DGRP_045	F	43
DGRP_045	F	44
DGRP_045	F	45
DGRP_045	F	43
DGRP_045	F	51
DGRP_045	M	42
DGRP_045	M	49
DGRP_045	M	49
DGRP_045	M	17
DGRP_045	M	51
DGRP_045	M	64
DGRP_045	M	45
DGRP_045	M	46
DGRP_045	M	66
DGRP_045	M	44
DGRP_045	M	49
DGRP_045	M	59
DGRP_045	M	35
DGRP_045	M	42
DGRP_045	M	44
DGRP_045	M	42
DGRP_045	M	44
DGRP_045	M	50
DGRP_045	M	56
DGRP_045	M	22
DGRP_045	M	44
DGRP_045	M	45
DGRP_045	M	50
DGRP_045	M	51
DGRP_045	M	58
DGRP_045	M	49
DGRP_045	M	57
DGRP_045	M	70
DGRP_045	M	56
DGRP_045	M	56
DGRP_045	M	56
DGRP_045	M	44
DGRP_045	M	49
DGRP_045	M	49
DGRP_045	M	49
DGRP_045	M	59
DGRP_045	M	45
DGRP_045	M	45
DGRP_045	M	35
DGRP_045	M	45
DGRP_045	M	49
DGRP_045	M	49
DGRP_045	M	50
DGRP_045	M	53
DGRP_045	M	44
DGRP_045	M	45
DGRP_045	M	50
DGRP_045	M	42
DGRP_045	M	50
DGRP_045	M	56
DGRP_045	M	49
DGRP_045	M	49
DGRP_045	M	49
DGRP_045	M	49
DGRP_045	M	50
DGRP_045	M	56
DGRP_049	F	39
DGRP_049	F	43
DGRP_049	F	43
DGRP_049	F	43
DGRP_049	F	46
DGRP_049	F	35
DGRP_049	F	35
DGRP_049	F	44
DGRP_049	F	21
DGRP_049	F	37
DGRP_049	F	43
DGRP_049	F	18
DGRP_049	F	46
DGRP_049	F	49
DGRP_049	F	37
DGRP_049	F	49
DGRP_049	F	50
DGRP_049	F	21
DGRP_049	F	23
DGRP_049	F	42
DGRP_049	F	44
DGRP_049	F	50
DGRP_049	F	59
DGRP_049	F	31
DGRP_049	F	35
DGRP_049	F	36
DGRP_049	F	28
DGRP_049	F	35
DGRP_049	F	44
DGRP_049	F	21
DGRP_049	F	31
DGRP_049	F	37
DGRP_049	F	32
DGRP_049	F	42
DGRP_049	F	44
DGRP_049	F	21
DGRP_049	F	28
DGRP_049	F	39
DGRP_049	F	24
DGRP_049	F	42
DGRP_049	F	37
DGRP_049	F	43
DGRP_049	F	44
DGRP_049	F	35
DGRP_049	F	39
DGRP_049	F	45
DGRP_049	F	31
DGRP_049	F	35
DGRP_049	F	39
DGRP_049	F	42
DGRP_049	F	49
DGRP_049	F	49
DGRP_049	F	21
DGRP_049	F	43
DGRP_049	F	43
DGRP_049	F	17
DGRP_049	F	42
DGRP_049	F	43
DGRP_049	F	24
DGRP_049	F	28
DGRP_049	F	28
DGRP_049	F	35
DGRP_049	F	35
DGRP_049	M	14
DGRP_049	M	32
DGRP_049	M	42
DGRP_049	M	31
DGRP_049	M	35
DGRP_049	M	44
DGRP_049	M	17
DGRP_049	M	35
DGRP_049	M	39
DGRP_049	M	31
DGRP_049	M	44
DGRP_049	M	31
DGRP_049	M	39
DGRP_049	M	42
DGRP_049	M	49
DGRP_049	M	51
DGRP_049	M	37
DGRP_049	M	39
DGRP_049	M	46
DGRP_049	M	35
DGRP_049	M	36
DGRP_049	M	37
DGRP_049	M	35
DGRP_049	M	37
DGRP_049	M	38
DGRP_049	M	37
DGRP_049	M	42
DGRP_049	M	56
DGRP_049	M	51
DGRP_049	M	53
DGRP_049	M	25
DGRP_049	M	28
DGRP_049	M	35
DGRP_049	M	35
DGRP_049	M	35
DGRP_049	M	37
DGRP_049	M	32
DGRP_049	M	42
DGRP_049	M	42
DGRP_049	M	23
DGRP_049	M	39
DGRP_049	M	58
DGRP_049	M	35
DGRP_049	M	46
DGRP_049	M	32
DGRP_049	M	35
DGRP_049	M	37
DGRP_049	M	29
DGRP_049	M	36
DGRP_049	M	39
DGRP_049	M	35
DGRP_049	M	35
DGRP_049	M	42
DGRP_049	M	29
DGRP_049	M	35
DGRP_049	M	42
DGRP_049	M	49
DGRP_049	M	50
DGRP_049	M	56
DGRP_049	M	35
DGRP_049	M	39
DGRP_049	M	44
DGRP_057	F	35
DGRP_057	F	39
DGRP_057	F	42
DGRP_057	F	37
DGRP_057	F	37
DGRP_057	F	49
DGRP_057	F	35
DGRP_057	F	43
DGRP_057	F	44
DGRP_057	F	14
DGRP_057	F	28
DGRP_057	F	39
DGRP_057	F	35
DGRP_057	F	49
DGRP_057	F	56
DGRP_057	F	29
DGRP_057	F	39
DGRP_057	F	43
DGRP_057	F	17
DGRP_057	F	43
DGRP_057	F	44
DGRP_057	F	29
DGRP_057	F	35
DGRP_057	F	42
DGRP_057	F	29
DGRP_057	F	35
DGRP_057	F	42
DGRP_057	F	35
DGRP_057	F	39
DGRP_057	F	44
DGRP_057	F	28
DGRP_057	F	35
DGRP_057	F	35
DGRP_057	F	35
DGRP_057	F	35
DGRP_057	F	35
DGRP_057	F	35
DGRP_057	F	37
DGRP_057	F	39
DGRP_057	F	37
DGRP_057	F	43
DGRP_057	F	44
DGRP_057	F	28
DGRP_057	F	31
DGRP_057	F	35
DGRP_057	F	29
DGRP_057	F	35
DGRP_057	F	44
DGRP_057	F	29
DGRP_057	F	31
DGRP_057	F	37
DGRP_057	F	35
DGRP_057	F	42
DGRP_057	F	49
DGRP_057	F	35
DGRP_057	F	44
DGRP_057	F	44
DGRP_057	F	44
DGRP_057	F	49
DGRP_057	F	53
DGRP_057	F	18
DGRP_057	F	21
DGRP_057	F	43
DGRP_057	F	14
DGRP_057	F	32
DGRP_057	F	35
DGRP_057	F	43
DGRP_057	F	44
DGRP_057	F	32
DGRP_057	F	35
DGRP_057	F	44
DGRP_057	M	37
DGRP_057	M	42
DGRP_057	M	58
DGRP_057	M	28
DGRP_057	M	31
DGRP_057	M	46
DGRP_057	M	28
DGRP_057	M	43
DGRP_057	M	32
DGRP_057	M	39
DGRP_057	M	49
DGRP_057	M	39
DGRP_057	M	43
DGRP_057	M	46
DGRP_057	M	35
DGRP_057	M	39
DGRP_057	M	42
DGRP_057	M	28
DGRP_057	M	28
DGRP_057	M	32
DGRP_057	M	28
DGRP_057	M	35
DGRP_057	M	35
DGRP_057	M	37
DGRP_057	M	49
DGRP_057	M	49
DGRP_057	M	29
DGRP_057	M	44
DGRP_057	M	28
DGRP_057	M	32
DGRP_057	M	35
DGRP_057	M	31
DGRP_057	M	49
DGRP_057	M	56
DGRP_057	M	35
DGRP_057	M	42
DGRP_057	M	51
DGRP_057	M	32
DGRP_057	M	43
DGRP_057	M	44
DGRP_057	M	29
DGRP_057	M	35
DGRP_057	M	35
DGRP_057	M	35
DGRP_057	M	39
DGRP_057	M	37
DGRP_057	M	44
DGRP_057	M	38
DGRP_057	M	39
DGRP_057	M	49
DGRP_057	M	35
DGRP_057	M	42
DGRP_057	M	44
DGRP_057	M	25
DGRP_057	M	35
DGRP_057	M	37
DGRP_057	M	56
DGRP_057	M	70
DGRP_057	M	31
DGRP_057	M	42
DGRP_057	M	49
DGRP_057	M	32
DGRP_057	M	42
DGRP_057	M	44
DGRP_057	M	35
DGRP_057	M	42
DGRP_057	M	63
DGRP_059	F	57
DGRP_059	F	67
DGRP_059	F	70
DGRP_059	F	56
DGRP_059	F	67
DGRP_059	F	70
DGRP_059	F	46
DGRP_059	F	56
DGRP_059	F	63
DGRP_059	F	59
DGRP_059	F	70
DGRP_059	F	44
DGRP_059	F	49
DGRP_059	F	59
DGRP_059	F	63
DGRP_059	F	67
DGRP_059	F	49
DGRP_059	F	57
DGRP_059	F	67
DGRP_059	F	7
DGRP_059	F	49
DGRP_059	F	59
DGRP_059	F	14
DGRP_059	F	56
DGRP_059	F	56
DGRP_059	F	53
DGRP_059	F	56
DGRP_059	F	56
DGRP_059	F	21
DGRP_059	F	63
DGRP_059	F	53
DGRP_059	F	56
DGRP_059	F	49
DGRP_059	F	56
DGRP_059	F	56
DGRP_059	F	56
DGRP_059	F	59
DGRP_059	F	43
DGRP_059	F	56
DGRP_059	F	73
DGRP_059	F	56
DGRP_059	F	59
DGRP_059	F	66
DGRP_059	F	56
DGRP_059	F	58
DGRP_059	F	58
DGRP_059	F	49
DGRP_059	F	56
DGRP_059	F	56
DGRP_059	F	36
DGRP_059	F	56
DGRP_059	F	56
DGRP_059	F	21
DGRP_059	F	42
DGRP_059	F	72
DGRP_059	F	59
DGRP_059	F	63
DGRP_059	F	66
DGRP_059	M	56
DGRP_059	M	63
DGRP_059	M	16
DGRP_059	M	42
DGRP_059	M	56
DGRP_059	M	56
DGRP_059	M	56
DGRP_059	M	39
DGRP_059	M	63
DGRP_059	M	63
DGRP_059	M	38
DGRP_059	M	56
DGRP_059	M	59
DGRP_059	M	66
DGRP_059	M	70
DGRP_059	M	44
DGRP_059	M	59
DGRP_059	M	65
DGRP_059	M	58
DGRP_059	M	59
DGRP_059	M	49
DGRP_059	M	59
DGRP_059	M	72
DGRP_059	M	45
DGRP_059	M	56
DGRP_059	M	56
DGRP_059	M	63
DGRP_059	M	63
DGRP_059	M	70
DGRP_059	M	56
DGRP_059	M	63
DGRP_059	M	56
DGRP_059	M	70
DGRP_059	M	78
DGRP_059	M	53
DGRP_059	M	59
DGRP_059	M	59
DGRP_059	M	42
DGRP_059	M	59
DGRP_059	M	77
DGRP_059	M	36
DGRP_059	M	56
DGRP_059	M	58
DGRP_059	M	49
DGRP_059	M	56
DGRP_059	M	57
DGRP_059	M	59
DGRP_059	M	63
DGRP_059	M	74
DGRP_059	M	56
DGRP_059	M	57
DGRP_059	M	63
DGRP_059	M	36
DGRP_059	M	56
DGRP_059	M	63
DGRP_059	M	58
DGRP_059	M	63
DGRP_069	F	17
DGRP_069	F	21
DGRP_069	F	21
DGRP_069	F	35
DGRP_069	F	39
DGRP_069	F	44
DGRP_069	F	51
DGRP_069	F	56
DGRP_069	F	30
DGRP_069	F	36
DGRP_069	F	49
DGRP_069	F	32
DGRP_069	F	45
DGRP_069	F	49
DGRP_069	F	32
DGRP_069	F	46
DGRP_069	F	49
DGRP_069	F	21
DGRP_069	F	43
DGRP_069	F	46
DGRP_069	F	25
DGRP_069	F	41
DGRP_069	F	41
DGRP_069	F	13
DGRP_069	F	39
DGRP_069	F	46
DGRP_069	F	27
DGRP_069	F	32
DGRP_069	F	13
DGRP_069	F	25
DGRP_069	F	36
DGRP_069	F	19
DGRP_069	F	46
DGRP_069	F	46
DGRP_069	F	8
DGRP_069	F	43
DGRP_069	F	38
DGRP_069	F	39
DGRP_069	F	44
DGRP_069	F	39
DGRP_069	F	50
DGRP_069	F	9
DGRP_069	F	11
DGRP_069	F	14
DGRP_069	F	35
DGRP_069	F	49
DGRP_069	F	46
DGRP_069	F	49
DGRP_069	F	51
DGRP_069	F	39
DGRP_069	F	40
DGRP_069	F	46
DGRP_069	F	26
DGRP_069	F	46
DGRP_069	F	67
DGRP_069	F	18
DGRP_069	F	25
DGRP_069	F	32
DGRP_069	F	18
DGRP_069	F	22
DGRP_069	F	32
DGRP_069	F	34
DGRP_069	F	46
DGRP_069	M	11
DGRP_069	M	11
DGRP_069	M	23
DGRP_069	M	11
DGRP_069	M	28
DGRP_069	M	11
DGRP_069	M	28
DGRP_069	M	35
DGRP_069	M	39
DGRP_069	M	39
DGRP_069	M	36
DGRP_069	M	37
DGRP_069	M	37
DGRP_069	M	42
DGRP_069	M	45
DGRP_069	M	32
DGRP_069	M	32
DGRP_069	M	36
DGRP_069	M	32
DGRP_069	M	39
DGRP_069	M	39
DGRP_069	M	32
DGRP_069	M	39
DGRP_069	M	39
DGRP_069	M	32
DGRP_069	M	34
DGRP_069	M	39
DGRP_069	M	36
DGRP_069	M	39
DGRP_069	M	19
DGRP_069	M	29
DGRP_069	M	29
DGRP_069	M	33
DGRP_069	M	42
DGRP_069	M	43
DGRP_069	M	35
DGRP_069	M	39
DGRP_069	M	42
DGRP_069	M	4
DGRP_069	M	14
DGRP_069	M	17
DGRP_069	M	18
DGRP_069	M	44
DGRP_069	M	25
DGRP_069	M	35
DGRP_069	M	35
DGRP_069	M	8
DGRP_069	M	24
DGRP_069	M	35
DGRP_069	M	25
DGRP_069	M	39
DGRP_069	M	53
DGRP_069	M	32
DGRP_069	M	36
DGRP_069	M	46
DGRP_069	M	36
DGRP_069	M	36
DGRP_069	M	36
DGRP_069	M	21
DGRP_069	M	32
DGRP_069	M	39
DGRP_069	M	34
DGRP_069	M	36
DGRP_069	M	36
DGRP_073	F	42
DGRP_073	F	46
DGRP_073	F	53
DGRP_073	F	34
DGRP_073	F	53
DGRP_073	F	32
DGRP_073	F	53
DGRP_073	F	53
DGRP_073	F	53
DGRP_073	F	54
DGRP_073	F	57
DGRP_073	F	46
DGRP_073	F	49
DGRP_073	F	56
DGRP_073	F	42
DGRP_073	F	46
DGRP_073	F	49
DGRP_073	F	43
DGRP_073	F	56
DGRP_073	F	42
DGRP_073	F	42
DGRP_073	F	49
DGRP_073	F	53
DGRP_073	F	63
DGRP_073	F	65
DGRP_073	F	10
DGRP_073	F	28
DGRP_073	F	28
DGRP_073	F	4
DGRP_073	F	28
DGRP_073	F	58
DGRP_073	F	49
DGRP_073	F	56
DGRP_073	F	4
DGRP_073	F	11
DGRP_073	F	42
DGRP_073	F	39
DGRP_073	F	53
DGRP_073	F	56
DGRP_073	F	1
DGRP_073	F	36
DGRP_073	F	42
DGRP_073	F	18
DGRP_073	F	29
DGRP_073	F	32
DGRP_073	F	40
DGRP_073	F	49
DGRP_073	F	54
DGRP_073	F	42
DGRP_073	F	52
DGRP_073	F	56
DGRP_073	F	50
DGRP_073	F	56
DGRP_073	F	56
DGRP_073	F	42
DGRP_073	F	50
DGRP_073	F	51
DGRP_073	F	46
DGRP_073	F	51
DGRP_073	F	51
DGRP_073	F	1
DGRP_073	F	18
DGRP_073	F	36
DGRP_073	F	42
DGRP_073	F	51
DGRP_073	F	49
DGRP_073	F	56
DGRP_073	F	58
DGRP_073	M	11
DGRP_073	M	40
DGRP_073	M	41
DGRP_073	M	34
DGRP_073	M	35
DGRP_073	M	25
DGRP_073	M	39
DGRP_073	M	39
DGRP_073	M	39
DGRP_073	M	48
DGRP_073	M	24
DGRP_073	M	37
DGRP_073	M	42
DGRP_073	M	42
DGRP_073	M	42
DGRP_073	M	43
DGRP_073	M	49
DGRP_073	M	28
DGRP_073	M	37
DGRP_073	M	2
DGRP_073	M	35
DGRP_073	M	56
DGRP_073	M	28
DGRP_073	M	39
DGRP_073	M	56
DGRP_073	M	28
DGRP_073	M	30
DGRP_073	M	43
DGRP_073	M	30
DGRP_073	M	42
DGRP_073	M	42
DGRP_073	M	42
DGRP_073	M	51
DGRP_073	M	6
DGRP_073	M	22
DGRP_073	M	25
DGRP_073	M	32
DGRP_073	M	36
DGRP_073	M	60
DGRP_073	M	22
DGRP_073	M	22
DGRP_073	M	41
DGRP_073	M	29
DGRP_073	M	32
DGRP_073	M	39
DGRP_073	M	1
DGRP_073	M	35
DGRP_073	M	45
DGRP_073	M	32
DGRP_073	M	38
DGRP_073	M	57
DGRP_073	M	28
DGRP_073	M	35
DGRP_073	M	45
DGRP_073	M	25
DGRP_073	M	35
DGRP_073	M	35
DGRP_073	M	1
DGRP_073	M	49
DGRP_073	M	51
DGRP_073	M	21
DGRP_073	M	32
DGRP_073	M	42
DGRP_073	M	32
DGRP_073	M	35
DGRP_073	M	49
DGRP_075	F	53
DGRP_075	F	57
DGRP_075	F	57
DGRP_075	F	32
DGRP_075	F	32
DGRP_075	F	57
DGRP_075	F	35
DGRP_075	F	56
DGRP_075	F	56
DGRP_075	F	53
DGRP_075	F	55
DGRP_075	F	60
DGRP_075	F	28
DGRP_075	F	57
DGRP_075	F	60
DGRP_075	F	46
DGRP_075	F	54
DGRP_075	F	54
DGRP_075	F	54
DGRP_075	F	57
DGRP_075	F	53
DGRP_075	F	53
DGRP_075	F	61
DGRP_075	F	41
DGRP_075	F	53
DGRP_075	F	54
DGRP_075	F	60
DGRP_075	F	60
DGRP_075	F	67
DGRP_075	F	28
DGRP_075	F	32
DGRP_075	F	42
DGRP_075	F	53
DGRP_075	F	67
DGRP_075	F	25
DGRP_075	F	29
DGRP_075	F	49
DGRP_075	F	55
DGRP_075	F	57
DGRP_075	F	60
DGRP_075	F	36
DGRP_075	F	60
DGRP_075	F	60
DGRP_075	F	57
DGRP_075	F	63
DGRP_075	F	64
DGRP_075	F	53
DGRP_075	F	63
DGRP_075	F	74
DGRP_075	F	26
DGRP_075	F	49
DGRP_075	F	53
DGRP_075	F	49
DGRP_075	F	67
DGRP_075	F	74
DGRP_075	F	32
DGRP_075	F	62
DGRP_075	F	69
DGRP_075	F	1
DGRP_075	F	46
DGRP_075	F	70
DGRP_075	F	60
DGRP_075	F	62
DGRP_075	F	67
DGRP_075	F	39
DGRP_075	F	61
DGRP_075	F	64
DGRP_075	M	53
DGRP_075	M	60
DGRP_075	M	60
DGRP_075	M	55
DGRP_075	M	57
DGRP_075	M	69
DGRP_075	M	42
DGRP_075	M	49
DGRP_075	M	56
DGRP_075	M	39
DGRP_075	M	53
DGRP_075	M	57
DGRP_075	M	46
DGRP_075	M	61
DGRP_075	M	32
DGRP_075	M	39
DGRP_075	M	39
DGRP_075	M	46
DGRP_075	M	46
DGRP_075	M	46
DGRP_075	M	11
DGRP_075	M	60
DGRP_075	M	60
DGRP_075	M	60
DGRP_075	M	60
DGRP_075	M	32
DGRP_075	M	46
DGRP_075	M	46
DGRP_075	M	60
DGRP_075	M	60
DGRP_075	M	60
DGRP_075	M	39
DGRP_075	M	39
DGRP_075	M	60
DGRP_075	M	46
DGRP_075	M	49
DGRP_075	M	81
DGRP_075	M	47
DGRP_075	M	60
DGRP_075	M	62
DGRP_075	M	34
DGRP_075	M	43
DGRP_075	M	61
DGRP_075	M	43
DGRP_075	M	47
DGRP_075	M	64
DGRP_075	M	41
DGRP_075	M	46
DGRP_075	M	64
DGRP_075	M	32
DGRP_075	M	49
DGRP_075	M	53
DGRP_075	M	62
DGRP_075	M	74
DGRP_075	M	49
DGRP_075	M	55
DGRP_075	M	60
DGRP_075	M	46
DGRP_075	M	53
DGRP_075	M	70
DGRP_075	M	53
DGRP_075	M	53
DGRP_075	M	63
DGRP_075	M	42
DGRP_075	M	53
DGRP_075	M	60
DGRP_083	F	27
DGRP_083	F	34
DGRP_083	F	41
DGRP_083	F	9
DGRP_083	F	27
DGRP_083	F	48
DGRP_083	F	9
DGRP_083	F	14
DGRP_083	F	62
DGRP_083	F	21
DGRP_083	F	55
DGRP_083	F	30
DGRP_083	F	38
DGRP_083	F	45
DGRP_083	F	10
DGRP_083	F	12
DGRP_083	F	18
DGRP_083	F	19
DGRP_083	F	27
DGRP_083	F	18
DGRP_083	F	18
DGRP_083	F	45
DGRP_083	F	18
DGRP_083	F	18
DGRP_083	F	67
DGRP_083	F	7
DGRP_083	F	28
DGRP_083	F	35
DGRP_083	F	38
DGRP_083	F	55
DGRP_083	F	18
DGRP_083	F	18
DGRP_083	F	41
DGRP_083	F	11
DGRP_083	F	18
DGRP_083	F	25
DGRP_083	F	15
DGRP_083	F	15
DGRP_083	F	18
DGRP_083	F	18
DGRP_083	F	20
DGRP_083	F	55
DGRP_083	F	13
DGRP_083	F	34
DGRP_083	F	48
DGRP_083	F	11
DGRP_083	F	22
DGRP_083	F	25
DGRP_083	F	4
DGRP_083	F	11
DGRP_083	F	13
DGRP_083	F	8
DGRP_083	F	53
DGRP_083	F	11
DGRP_083	F	25
DGRP_083	F	46
DGRP_083	F	10
DGRP_083	F	31
DGRP_083	F	40
DGRP_083	F	12
DGRP_083	F	24
DGRP_083	F	26
DGRP_083	F	14
DGRP_083	F	31
DGRP_083	F	38
DGRP_083	M	41
DGRP_083	M	48
DGRP_083	M	62
DGRP_083	M	48
DGRP_083	M	48
DGRP_083	M	48
DGRP_083	M	41
DGRP_083	M	56
DGRP_083	M	23
DGRP_083	M	41
DGRP_083	M	62
DGRP_083	M	41
DGRP_083	M	41
DGRP_083	M	42
DGRP_083	M	38
DGRP_083	M	59
DGRP_083	M	60
DGRP_083	M	52
DGRP_083	M	59
DGRP_083	M	66
DGRP_083	M	38
DGRP_083	M	45
DGRP_083	M	46
DGRP_083	M	67
DGRP_083	M	59
DGRP_083	M	59
DGRP_083	M	70
DGRP_083	M	14
DGRP_083	M	62
DGRP_083	M	62
DGRP_083	M	39
DGRP_083	M	39
DGRP_083	M	63
DGRP_083	M	11
DGRP_083	M	39
DGRP_083	M	39
DGRP_083	M	46
DGRP_083	M	46
DGRP_083	M	46
DGRP_083	M	20
DGRP_083	M	33
DGRP_083	M	55
DGRP_083	M	20
DGRP_083	M	25
DGRP_083	M	61
DGRP_083	M	32
DGRP_083	M	53
DGRP_083	M	61
DGRP_083	M	11
DGRP_083	M	47
DGRP_083	M	61
DGRP_083	M	4
DGRP_083	M	46
DGRP_083	M	53
DGRP_083	M	32
DGRP_083	M	57
DGRP_083	M	64
DGRP_083	M	33
DGRP_083	M	66
DGRP_083	M	76
DGRP_083	M	60
DGRP_083	M	60
DGRP_083	M	74
DGRP_083	M	41
DGRP_083	M	41
DGRP_083	M	45
DGRP_085	F	36
DGRP_085	F	46
DGRP_085	F	47
DGRP_085	F	32
DGRP_085	F	50
DGRP_085	F	60
DGRP_085	F	49
DGRP_085	F	49
DGRP_085	F	11
DGRP_085	F	51
DGRP_085	F	57
DGRP_085	F	18
DGRP_085	F	41
DGRP_085	F	15
DGRP_085	F	30
DGRP_085	F	42
DGRP_085	F	37
DGRP_085	F	44
DGRP_085	F	50
DGRP_085	F	51
DGRP_085	F	57
DGRP_085	F	51
DGRP_085	F	56
DGRP_085	F	56
DGRP_085	F	50
DGRP_085	F	56
DGRP_085	F	77
DGRP_085	F	49
DGRP_085	F	50
DGRP_085	F	53
DGRP_085	F	49
DGRP_085	F	56
DGRP_085	F	56
DGRP_085	F	18
DGRP_085	F	27
DGRP_085	F	29
DGRP_085	F	49
DGRP_085	F	50
DGRP_085	F	50
DGRP_085	F	39
DGRP_085	F	53
DGRP_085	F	56
DGRP_085	F	46
DGRP_085	F	47
DGRP_085	F	62
DGRP_085	F	39
DGRP_085	F	39
DGRP_085	F	53
DGRP_085	F	43
DGRP_085	F	53
DGRP_085	F	60
DGRP_085	F	14
DGRP_085	F	32
DGRP_085	F	45
DGRP_085	F	25
DGRP_085	F	25
DGRP_085	F	33
DGRP_085	F	39
DGRP_085	F	42
DGRP_085	F	49
DGRP_085	F	7
DGRP_085	F	45
DGRP_085	F	52
DGRP_085	F	35
DGRP_085	F	42
DGRP_085	F	53
DGRP_085	M	46
DGRP_085	M	46
DGRP_085	M	46
DGRP_085	M	32
DGRP_085	M	36
DGRP_085	M	36
DGRP_085	M	46
DGRP_085	M	49
DGRP_085	M	49
DGRP_085	M	35
DGRP_085	M	42
DGRP_085	M	44
DGRP_085	M	27
DGRP_085	M	39
DGRP_085	M	21
DGRP_085	M	30
DGRP_085	M	50
DGRP_085	M	36
DGRP_085	M	56
DGRP_085	M	57
DGRP_085	M	2
DGRP_085	M	18
DGRP_085	M	21
DGRP_085	M	35
DGRP_085	M	53
DGRP_085	M	21
DGRP_085	M	28
DGRP_085	M	30
DGRP_085	M	31
DGRP_085	M	39
DGRP_085	M	32
DGRP_085	M	53
DGRP_085	M	56
DGRP_085	M	29
DGRP_085	M	49
DGRP_085	M	49
DGRP_085	M	36
DGRP_085	M	42
DGRP_085	M	46
DGRP_085	M	32
DGRP_085	M	36
DGRP_085	M	42
DGRP_085	M	42
DGRP_085	M	60
DGRP_085	M	8
DGRP_085	M	34
DGRP_085	M	1
DGRP_085	M	39
DGRP_085	M	1
DGRP_085	M	21
DGRP_085	M	45
DGRP_085	M	32
DGRP_085	M	53
DGRP_085	M	60
DGRP_085	M	32
DGRP_085	M	43
DGRP_085	M	53
DGRP_085	M	28
DGRP_085	M	42
DGRP_085	M	32
DGRP_085	M	49
DGRP_085	M	56
DGRP_088	F	41
DGRP_088	F	46
DGRP_088	F	34
DGRP_088	F	34
DGRP_088	F	36
DGRP_088	F	4
DGRP_088	F	13
DGRP_088	F	32
DGRP_088	F	43
DGRP_088	F	46
DGRP_088	F	53
DGRP_088	F	27
DGRP_088	F	35
DGRP_088	F	36
DGRP_088	F	25
DGRP_088	F	46
DGRP_088	F	46
DGRP_088	F	53
DGRP_088	F	32
DGRP_088	F	46
DGRP_088	F	53
DGRP_088	F	4
DGRP_088	F	53
DGRP_088	F	53
DGRP_088	F	29
DGRP_088	F	46
DGRP_088	F	36
DGRP_088	F	43
DGRP_088	F	53
DGRP_088	F	28
DGRP_088	F	46
DGRP_088	F	53
DGRP_088	F	43
DGRP_088	F	61
DGRP_088	F	39
DGRP_088	F	39
DGRP_088	F	61
DGRP_088	F	22
DGRP_088	F	53
DGRP_088	F	61
DGRP_088	F	49
DGRP_088	F	53
DGRP_088	F	47
DGRP_088	F	61
DGRP_088	F	29
DGRP_088	F	39
DGRP_088	F	43
DGRP_088	F	53
DGRP_088	F	56
DGRP_088	F	50
DGRP_088	F	53
DGRP_088	F	61
DGRP_088	F	34
DGRP_088	F	39
DGRP_088	F	39
DGRP_088	F	40
DGRP_088	F	40
DGRP_088	F	43
DGRP_088	F	43
DGRP_088	F	46
DGRP_088	F	34
DGRP_088	F	35
DGRP_088	F	39
DGRP_088	M	36
DGRP_088	M	43
DGRP_088	M	46
DGRP_088	M	39
DGRP_088	M	43
DGRP_088	M	46
DGRP_088	M	32
DGRP_088	M	32
DGRP_088	M	48
DGRP_088	M	46
DGRP_088	M	53
DGRP_088	M	53
DGRP_088	M	39
DGRP_088	M	40
DGRP_088	M	34
DGRP_088	M	46
DGRP_088	M	33
DGRP_088	M	34
DGRP_088	M	13
DGRP_088	M	32
DGRP_088	M	40
DGRP_088	M	32
DGRP_088	M	40
DGRP_088	M	41
DGRP_088	M	40
DGRP_088	M	43
DGRP_088	M	46
DGRP_088	M	34
DGRP_088	M	39
DGRP_088	M	41
DGRP_088	M	4
DGRP_088	M	32
DGRP_088	M	32
DGRP_088	M	43
DGRP_088	M	46
DGRP_088	M	61
DGRP_088	M	39
DGRP_088	M	39
DGRP_088	M	46
DGRP_088	M	46
DGRP_088	M	46
DGRP_088	M	61
DGRP_088	M	46
DGRP_088	M	46
DGRP_088	M	53
DGRP_088	M	39
DGRP_088	M	47
DGRP_088	M	57
DGRP_088	M	39
DGRP_088	M	46
DGRP_088	M	46
DGRP_088	M	53
DGRP_088	M	61
DGRP_088	M	39
DGRP_088	M	49
DGRP_088	M	53
DGRP_088	M	39
DGRP_088	M	61
DGRP_088	M	61
DGRP_088	M	35
DGRP_088	M	39
DGRP_088	M	74
DGRP_088	M	39
DGRP_088	M	41
DGRP_088	M	42
DGRP_088	M	39
DGRP_088	M	46
DGRP_091	F	42
DGRP_091	F	49
DGRP_091	F	53
DGRP_091	F	17
DGRP_091	F	28
DGRP_091	F	28
DGRP_091	F	21
DGRP_091	F	35
DGRP_091	F	39
DGRP_091	F	28
DGRP_091	F	35
DGRP_091	F	35
DGRP_091	F	35
DGRP_091	F	49
DGRP_091	F	36
DGRP_091	F	37
DGRP_091	F	49
DGRP_091	F	11
DGRP_091	F	35
DGRP_091	F	35
DGRP_091	F	51
DGRP_091	F	51
DGRP_091	F	14
DGRP_091	F	35
DGRP_091	F	42
DGRP_091	F	43
DGRP_091	F	49
DGRP_091	F	2
DGRP_091	F	14
DGRP_091	F	14
DGRP_091	F	15
DGRP_091	F	42
DGRP_091	F	53
DGRP_091	F	42
DGRP_091	F	44
DGRP_091	F	45
DGRP_091	F	35
DGRP_091	F	38
DGRP_091	F	38
DGRP_091	F	23
DGRP_091	F	32
DGRP_091	F	42
DGRP_091	F	29
DGRP_091	F	35
DGRP_091	F	45
DGRP_091	F	21
DGRP_091	F	35
DGRP_091	F	63
DGRP_091	F	37
DGRP_091	F	42
DGRP_091	F	49
DGRP_091	F	38
DGRP_091	F	42
DGRP_091	F	45
DGRP_091	F	39
DGRP_091	F	45
DGRP_091	F	45
DGRP_091	F	21
DGRP_091	F	28
DGRP_091	F	28
DGRP_091	F	18
DGRP_091	F	39
DGRP_091	F	42
DGRP_091	F	42
DGRP_091	F	46
DGRP_091	F	46
DGRP_091	F	49
DGRP_091	F	56
DGRP_091	M	15
DGRP_091	M	31
DGRP_091	M	38
DGRP_091	M	28
DGRP_091	M	49
DGRP_091	M	49
DGRP_091	M	28
DGRP_091	M	39
DGRP_091	M	39
DGRP_091	M	35
DGRP_091	M	35
DGRP_091	M	39
DGRP_091	M	32
DGRP_091	M	35
DGRP_091	M	23
DGRP_091	M	37
DGRP_091	M	37
DGRP_091	M	30
DGRP_091	M	32
DGRP_091	M	35
DGRP_091	M	39
DGRP_091	M	42
DGRP_091	M	42
DGRP_091	M	28
DGRP_091	M	39
DGRP_091	M	42
DGRP_091	M	44
DGRP_091	M	49
DGRP_091	M	28
DGRP_091	M	49
DGRP_091	M	32
DGRP_091	M	42
DGRP_091	M	49
DGRP_091	M	30
DGRP_091	M	42
DGRP_091	M	45
DGRP_091	M	21
DGRP_091	M	35
DGRP_091	M	39
DGRP_091	M	42
DGRP_091	M	49
DGRP_091	M	49
DGRP_091	M	35
DGRP_091	M	42
DGRP_091	M	45
DGRP_091	M	35
DGRP_091	M	35
DGRP_091	M	42
DGRP_091	M	42
DGRP_091	M	49
DGRP_091	M	49
DGRP_091	M	28
DGRP_091	M	42
DGRP_091	M	45
DGRP_091	M	45
DGRP_091	M	45
DGRP_091	M	45
DGRP_091	M	28
DGRP_091	M	32
DGRP_091	M	45
DGRP_091	M	35
DGRP_091	M	35
DGRP_091	M	42
DGRP_091	M	14
DGRP_091	M	37
DGRP_091	M	49
DGRP_091	M	30
DGRP_091	M	32
DGRP_091	M	32
DGRP_093	F	37
DGRP_093	F	37
DGRP_093	F	38
DGRP_093	F	30
DGRP_093	F	39
DGRP_093	F	42
DGRP_093	F	39
DGRP_093	F	39
DGRP_093	F	42
DGRP_093	F	28
DGRP_093	F	35
DGRP_093	F	49
DGRP_093	F	30
DGRP_093	F	39
DGRP_093	F	39
DGRP_093	F	25
DGRP_093	F	30
DGRP_093	F	30
DGRP_093	F	32
DGRP_093	F	35
DGRP_093	F	37
DGRP_093	F	23
DGRP_093	F	44
DGRP_093	F	28
DGRP_093	F	35
DGRP_093	F	35
DGRP_093	F	22
DGRP_093	F	35
DGRP_093	F	35
DGRP_093	F	32
DGRP_093	F	35
DGRP_093	F	35
DGRP_093	F	23
DGRP_093	F	23
DGRP_093	F	28
DGRP_093	F	35
DGRP_093	F	35
DGRP_093	F	42
DGRP_093	F	32
DGRP_093	F	38
DGRP_093	F	38
DGRP_093	F	35
DGRP_093	F	42
DGRP_093	F	46
DGRP_093	F	35
DGRP_093	F	45
DGRP_093	F	49
DGRP_093	F	28
DGRP_093	F	39
DGRP_093	F	42
DGRP_093	F	28
DGRP_093	F	42
DGRP_093	F	46
DGRP_093	F	42
DGRP_093	F	49
DGRP_093	F	56
DGRP_093	F	32
DGRP_093	F	37
DGRP_093	F	42
DGRP_093	F	14
DGRP_093	F	35
DGRP_093	F	42
DGRP_093	F	31
DGRP_093	F	39
DGRP_093	F	31
DGRP_093	F	35
DGRP_093	F	38
DGRP_093	F	28
DGRP_093	F	42
DGRP_093	F	44
DGRP_093	M	18
DGRP_093	M	22
DGRP_093	M	25
DGRP_093	M	22
DGRP_093	M	28
DGRP_093	M	32
DGRP_093	M	28
DGRP_093	M	32
DGRP_093	M	35
DGRP_093	M	28
DGRP_093	M	32
DGRP_093	M	35
DGRP_093	M	18
DGRP_093	M	18
DGRP_093	M	22
DGRP_093	M	18
DGRP_093	M	21
DGRP_093	M	24
DGRP_093	M	14
DGRP_093	M	14
DGRP_093	M	17
DGRP_093	M	14
DGRP_093	M	16
DGRP_093	M	25
DGRP_093	M	14
DGRP_093	M	18
DGRP_093	M	14
DGRP_093	M	21
DGRP_093	M	24
DGRP_093	M	18
DGRP_093	M	18
DGRP_093	M	23
DGRP_093	M	17
DGRP_093	M	21
DGRP_093	M	28
DGRP_093	M	16
DGRP_093	M	17
DGRP_093	M	23
DGRP_093	M	17
DGRP_093	M	21
DGRP_093	M	24
DGRP_093	M	32
DGRP_093	M	32
DGRP_093	M	38
DGRP_093	M	30
DGRP_093	M	35
DGRP_093	M	24
DGRP_093	M	35
DGRP_093	M	35
DGRP_093	M	32
DGRP_093	M	35
DGRP_093	M	36
DGRP_093	M	42
DGRP_093	M	42
DGRP_093	M	49
DGRP_093	M	14
DGRP_093	M	18
DGRP_093	M	22
DGRP_093	M	28
DGRP_093	M	28
DGRP_093	M	28
DGRP_093	M	21
DGRP_093	M	23
DGRP_093	M	28
DGRP_093	M	21
DGRP_093	M	35
DGRP_093	M	37
DGRP_093	M	15
DGRP_093	M	21
DGRP_101	F	60
DGRP_101	F	60
DGRP_101	F	39
DGRP_101	F	61
DGRP_101	F	67
DGRP_101	F	47
DGRP_101	F	49
DGRP_101	F	53
DGRP_101	F	60
DGRP_101	F	67
DGRP_101	F	68
DGRP_101	F	42
DGRP_101	F	61
DGRP_101	F	67
DGRP_101	F	46
DGRP_101	F	67
DGRP_101	F	47
DGRP_101	F	67
DGRP_101	F	67
DGRP_101	F	60
DGRP_101	F	60
DGRP_101	F	60
DGRP_101	F	32
DGRP_101	F	60
DGRP_101	F	61
DGRP_101	F	53
DGRP_101	F	62
DGRP_101	F	48
DGRP_101	F	63
DGRP_101	F	67
DGRP_101	F	50
DGRP_101	F	60
DGRP_101	F	60
DGRP_101	F	46
DGRP_101	F	49
DGRP_101	F	53
DGRP_101	F	43
DGRP_101	F	63
DGRP_101	F	43
DGRP_101	F	47
DGRP_101	F	49
DGRP_101	F	53
DGRP_101	F	60
DGRP_101	F	64
DGRP_101	F	18
DGRP_101	F	36
DGRP_101	F	56
DGRP_101	F	25
DGRP_101	F	46
DGRP_101	F	67
DGRP_101	F	46
DGRP_101	F	49
DGRP_101	F	49
DGRP_101	F	49
DGRP_101	F	49
DGRP_101	F	60
DGRP_101	F	15
DGRP_101	F	46
DGRP_101	F	53
DGRP_101	F	53
DGRP_101	F	74
DGRP_101	F	74
DGRP_101	F	32
DGRP_101	F	53
DGRP_101	F	74
DGRP_101	M	57
DGRP_101	M	74
DGRP_101	M	64
DGRP_101	M	67
DGRP_101	M	74
DGRP_101	M	67
DGRP_101	M	67
DGRP_101	M	68
DGRP_101	M	25
DGRP_101	M	60
DGRP_101	M	67
DGRP_101	M	53
DGRP_101	M	61
DGRP_101	M	62
DGRP_101	M	12
DGRP_101	M	57
DGRP_101	M	60
DGRP_101	M	67
DGRP_101	M	67
DGRP_101	M	75
DGRP_101	M	77
DGRP_101	M	81
DGRP_101	M	74
DGRP_101	M	74
DGRP_101	M	76
DGRP_101	M	57
DGRP_101	M	74
DGRP_101	M	74
DGRP_101	M	67
DGRP_101	M	74
DGRP_101	M	83
DGRP_101	M	57
DGRP_101	M	60
DGRP_101	M	71
DGRP_101	M	50
DGRP_101	M	54
DGRP_101	M	49
DGRP_101	M	49
DGRP_101	M	53
DGRP_101	M	32
DGRP_101	M	47
DGRP_101	M	60
DGRP_101	M	60
DGRP_101	M	60
DGRP_101	M	67
DGRP_101	M	67
DGRP_101	M	67
DGRP_101	M	74
DGRP_101	M	74
DGRP_101	M	74
DGRP_101	M	42
DGRP_101	M	49
DGRP_101	M	53
DGRP_101	M	81
DGRP_101	M	81
DGRP_101	M	82
DGRP_101	M	46
DGRP_101	M	88
DGRP_101	M	89
DGRP_101	M	63
DGRP_101	M	75
DGRP_101	M	81
DGRP_101	M	39
DGRP_101	M	53
DGRP_101	M	53
DGRP_105	F	62
DGRP_105	F	67
DGRP_105	F	67
DGRP_105	F	28
DGRP_105	F	58
DGRP_105	F	51
DGRP_105	F	63
DGRP_105	F	63
DGRP_105	F	42
DGRP_105	F	64
DGRP_105	F	64
DGRP_105	F	42
DGRP_105	F	42
DGRP_105	F	42
DGRP_105	F	50
DGRP_105	F	56
DGRP_105	F	57
DGRP_105	F	60
DGRP_105	F	64
DGRP_105	F	70
DGRP_105	F	35
DGRP_105	F	49
DGRP_105	F	70
DGRP_105	F	49
DGRP_105	F	49
DGRP_105	F	51
DGRP_105	F	63
DGRP_105	F	80
DGRP_105	F	84
DGRP_105	F	4
DGRP_105	F	50
DGRP_105	F	51
DGRP_105	F	4
DGRP_105	F	9
DGRP_105	F	49
DGRP_105	F	32
DGRP_105	F	43
DGRP_105	F	43
DGRP_105	F	64
DGRP_105	F	67
DGRP_105	F	71
DGRP_105	F	35
DGRP_105	F	49
DGRP_105	F	49
DGRP_105	F	4
DGRP_105	F	35
DGRP_105	F	35
DGRP_105	F	56
DGRP_105	F	57
DGRP_105	F	59
DGRP_105	F	39
DGRP_105	F	49
DGRP_105	F	56
DGRP_105	F	60
DGRP_105	F	63
DGRP_105	F	49
DGRP_105	F	51
DGRP_105	F	51
DGRP_105	F	49
DGRP_105	F	57
DGRP_105	F	65
DGRP_105	F	35
DGRP_105	F	56
DGRP_105	F	31
DGRP_105	F	77
DGRP_105	F	77
DGRP_105	M	63
DGRP_105	M	67
DGRP_105	M	56
DGRP_105	M	63
DGRP_105	M	71
DGRP_105	M	63
DGRP_105	M	70
DGRP_105	M	74
DGRP_105	M	58
DGRP_105	M	77
DGRP_105	M	35
DGRP_105	M	42
DGRP_105	M	14
DGRP_105	M	28
DGRP_105	M	65
DGRP_105	M	60
DGRP_105	M	63
DGRP_105	M	63
DGRP_105	M	42
DGRP_105	M	79
DGRP_105	M	46
DGRP_105	M	63
DGRP_105	M	70
DGRP_105	M	74
DGRP_105	M	74
DGRP_105	M	49
DGRP_105	M	49
DGRP_105	M	51
DGRP_105	M	53
DGRP_105	M	56
DGRP_105	M	56
DGRP_105	M	32
DGRP_105	M	35
DGRP_105	M	43
DGRP_105	M	84
DGRP_105	M	85
DGRP_105	M	49
DGRP_105	M	49
DGRP_105	M	51
DGRP_105	M	16
DGRP_105	M	32
DGRP_105	M	35
DGRP_105	M	38
DGRP_105	M	56
DGRP_105	M	78
DGRP_105	M	37
DGRP_105	M	38
DGRP_105	M	63
DGRP_105	M	56
DGRP_105	M	63
DGRP_105	M	78
DGRP_105	M	28
DGRP_105	M	42
DGRP_105	M	44
DGRP_105	M	36
DGRP_105	M	67
DGRP_105	M	84
DGRP_105	M	18
DGRP_105	M	56
DGRP_105	M	78
DGRP_105	M	70
DGRP_105	M	70
DGRP_105	M	77
DGRP_109	F	60
DGRP_109	F	67
DGRP_109	F	67
DGRP_109	F	43
DGRP_109	F	60
DGRP_109	F	63
DGRP_109	F	43
DGRP_109	F	49
DGRP_109	F	53
DGRP_109	F	49
DGRP_109	F	56
DGRP_109	F	65
DGRP_109	F	50
DGRP_109	F	58
DGRP_109	F	59
DGRP_109	F	32
DGRP_109	F	56
DGRP_109	F	56
DGRP_109	F	63
DGRP_109	F	70
DGRP_109	F	86
DGRP_109	F	28
DGRP_109	F	43
DGRP_109	F	53
DGRP_109	F	43
DGRP_109	F	57
DGRP_109	F	63
DGRP_109	F	53
DGRP_109	F	62
DGRP_109	F	67
DGRP_109	F	56
DGRP_109	F	60
DGRP_109	F	70
DGRP_109	F	70
DGRP_109	F	71
DGRP_109	F	45
DGRP_109	F	56
DGRP_109	F	57
DGRP_109	F	60
DGRP_109	F	63
DGRP_109	F	63
DGRP_109	F	56
DGRP_109	F	57
DGRP_109	F	64
DGRP_109	F	56
DGRP_109	F	67
DGRP_109	F	68
DGRP_109	F	43
DGRP_109	F	60
DGRP_109	F	60
DGRP_109	F	67
DGRP_109	F	67
DGRP_109	F	73
DGRP_109	F	56
DGRP_109	F	62
DGRP_109	F	67
DGRP_109	F	47
DGRP_109	F	56
DGRP_109	F	74
DGRP_109	F	56
DGRP_109	F	68
DGRP_109	F	68
DGRP_109	F	46
DGRP_109	F	74
DGRP_109	F	74
DGRP_109	F	4
DGRP_109	F	21
DGRP_109	F	32
DGRP_109	F	63
DGRP_109	F	67
DGRP_109	M	53
DGRP_109	M	67
DGRP_109	M	44
DGRP_109	M	60
DGRP_109	M	63
DGRP_109	M	56
DGRP_109	M	77
DGRP_109	M	49
DGRP_109	M	49
DGRP_109	M	74
DGRP_109	M	32
DGRP_109	M	56
DGRP_109	M	59
DGRP_109	M	7
DGRP_109	M	38
DGRP_109	M	56
DGRP_109	M	49
DGRP_109	M	49
DGRP_109	M	58
DGRP_109	M	42
DGRP_109	M	56
DGRP_109	M	58
DGRP_109	M	44
DGRP_109	M	49
DGRP_109	M	53
DGRP_109	M	60
DGRP_109	M	63
DGRP_109	M	67
DGRP_109	M	56
DGRP_109	M	60
DGRP_109	M	63
DGRP_109	M	57
DGRP_109	M	60
DGRP_109	M	63
DGRP_109	M	49
DGRP_109	M	56
DGRP_109	M	56
DGRP_109	M	53
DGRP_109	M	64
DGRP_109	M	36
DGRP_109	M	60
DGRP_109	M	53
DGRP_109	M	55
DGRP_109	M	67
DGRP_109	M	60
DGRP_109	M	61
DGRP_109	M	70
DGRP_109	M	57
DGRP_109	M	62
DGRP_109	M	70
DGRP_109	M	53
DGRP_109	M	60
DGRP_109	M	62
DGRP_109	M	61
DGRP_109	M	62
DGRP_109	M	67
DGRP_109	M	60
DGRP_109	M	60
DGRP_109	M	62
DGRP_109	M	57
DGRP_109	M	60
DGRP_109	M	78
DGRP_109	M	55
DGRP_109	M	55
DGRP_109	M	69
DGRP_109	M	14
DGRP_109	M	22
DGRP_109	M	49
DGRP_129	F	35
DGRP_129	F	43
DGRP_129	F	45
DGRP_129	F	50
DGRP_129	F	53
DGRP_129	F	53
DGRP_129	F	35
DGRP_129	F	43
DGRP_129	F	53
DGRP_129	F	60
DGRP_129	F	62
DGRP_129	F	39
DGRP_129	F	41
DGRP_129	F	39
DGRP_129	F	48
DGRP_129	F	53
DGRP_129	F	25
DGRP_129	F	32
DGRP_129	F	39
DGRP_129	F	25
DGRP_129	F	41
DGRP_129	F	39
DGRP_129	F	46
DGRP_129	F	46
DGRP_129	F	48
DGRP_129	F	50
DGRP_129	F	39
DGRP_129	F	42
DGRP_129	F	48
DGRP_129	F	25
DGRP_129	F	29
DGRP_129	F	32
DGRP_129	F	25
DGRP_129	F	54
DGRP_129	F	54
DGRP_129	F	34
DGRP_129	F	46
DGRP_129	F	53
DGRP_129	F	32
DGRP_129	F	32
DGRP_129	F	39
DGRP_129	F	27
DGRP_129	F	46
DGRP_129	F	46
DGRP_129	F	25
DGRP_129	F	39
DGRP_129	F	41
DGRP_129	F	39
DGRP_129	F	46
DGRP_129	F	50
DGRP_129	F	68
DGRP_129	F	69
DGRP_129	F	15
DGRP_129	F	20
DGRP_129	F	53
DGRP_129	F	29
DGRP_129	F	39
DGRP_129	F	39
DGRP_129	F	33
DGRP_129	F	36
DGRP_129	F	46
DGRP_129	F	32
DGRP_129	F	33
DGRP_129	F	53
DGRP_129	F	32
DGRP_129	F	34
DGRP_129	F	49
DGRP_129	M	24
DGRP_129	M	28
DGRP_129	M	37
DGRP_129	M	39
DGRP_129	M	46
DGRP_129	M	48
DGRP_129	M	42
DGRP_129	M	46
DGRP_129	M	62
DGRP_129	M	77
DGRP_129	M	78
DGRP_129	M	78
DGRP_129	M	77
DGRP_129	M	78
DGRP_129	M	78
DGRP_129	M	36
DGRP_129	M	41
DGRP_129	M	46
DGRP_129	M	36
DGRP_129	M	46
DGRP_129	M	46
DGRP_129	M	28
DGRP_129	M	34
DGRP_129	M	36
DGRP_129	M	28
DGRP_129	M	41
DGRP_129	M	26
DGRP_129	M	28
DGRP_129	M	34
DGRP_129	M	29
DGRP_129	M	29
DGRP_129	M	39
DGRP_129	M	46
DGRP_129	M	46
DGRP_129	M	55
DGRP_129	M	70
DGRP_129	M	83
DGRP_129	M	32
DGRP_129	M	32
DGRP_129	M	39
DGRP_129	M	32
DGRP_129	M	32
DGRP_129	M	36
DGRP_129	M	32
DGRP_129	M	32
DGRP_129	M	39
DGRP_129	M	34
DGRP_129	M	39
DGRP_129	M	46
DGRP_129	M	43
DGRP_129	M	46
DGRP_129	M	49
DGRP_129	M	60
DGRP_129	M	63
DGRP_129	M	39
DGRP_129	M	46
DGRP_129	M	49
DGRP_129	M	36
DGRP_129	M	57
DGRP_129	M	64
DGRP_129	M	32
DGRP_129	M	33
DGRP_129	M	34
DGRP_129	M	25
DGRP_129	M	25
DGRP_129	M	39
DGRP_129	M	49
DGRP_129	M	49
DGRP_136	F	69
DGRP_136	F	74
DGRP_136	F	74
DGRP_136	F	60
DGRP_136	F	62
DGRP_136	F	67
DGRP_136	F	74
DGRP_136	F	64
DGRP_136	F	64
DGRP_136	F	11
DGRP_136	F	28
DGRP_136	F	67
DGRP_136	F	11
DGRP_136	F	34
DGRP_136	F	74
DGRP_136	F	23
DGRP_136	F	62
DGRP_136	F	88
DGRP_136	F	71
DGRP_136	F	74
DGRP_136	F	75
DGRP_136	F	67
DGRP_136	F	74
DGRP_136	F	32
DGRP_136	F	67
DGRP_136	F	68
DGRP_136	F	20
DGRP_136	F	56
DGRP_136	F	67
DGRP_136	F	53
DGRP_136	F	61
DGRP_136	F	64
DGRP_136	F	39
DGRP_136	F	64
DGRP_136	F	81
DGRP_136	F	61
DGRP_136	F	62
DGRP_136	F	64
DGRP_136	F	34
DGRP_136	F	61
DGRP_136	F	63
DGRP_136	F	39
DGRP_136	F	75
DGRP_136	F	92
DGRP_136	F	67
DGRP_136	F	67
DGRP_136	F	85
DGRP_136	F	67
DGRP_136	F	76
DGRP_136	F	90
DGRP_136	F	36
DGRP_136	F	63
DGRP_136	F	67
DGRP_136	F	64
DGRP_136	F	67
DGRP_136	F	84
DGRP_136	F	75
DGRP_136	F	88
DGRP_136	F	96
DGRP_136	F	61
DGRP_136	F	67
DGRP_136	F	71
DGRP_136	F	64
DGRP_136	F	67
DGRP_136	M	67
DGRP_136	M	69
DGRP_136	M	84
DGRP_136	M	53
DGRP_136	M	56
DGRP_136	M	57
DGRP_136	M	60
DGRP_136	M	81
DGRP_136	M	85
DGRP_136	M	64
DGRP_136	M	64
DGRP_136	M	4
DGRP_136	M	60
DGRP_136	M	77
DGRP_136	M	34
DGRP_136	M	60
DGRP_136	M	46
DGRP_136	M	64
DGRP_136	M	67
DGRP_136	M	60
DGRP_136	M	67
DGRP_136	M	68
DGRP_136	M	64
DGRP_136	M	67
DGRP_136	M	67
DGRP_136	M	53
DGRP_136	M	67
DGRP_136	M	71
DGRP_136	M	4
DGRP_136	M	53
DGRP_136	M	53
DGRP_136	M	64
DGRP_136	M	81
DGRP_136	M	83
DGRP_136	M	55
DGRP_136	M	55
DGRP_136	M	46
DGRP_136	M	57
DGRP_136	M	61
DGRP_136	M	39
DGRP_136	M	57
DGRP_136	M	62
DGRP_136	M	76
DGRP_136	M	81
DGRP_136	M	89
DGRP_136	M	50
DGRP_136	M	54
DGRP_136	M	54
DGRP_136	M	61
DGRP_136	M	61
DGRP_136	M	67
DGRP_136	M	53
DGRP_136	M	64
DGRP_136	M	67
DGRP_136	M	69
DGRP_136	M	91
DGRP_136	M	95
DGRP_136	M	49
DGRP_136	M	64
DGRP_136	M	67
DGRP_136	M	11
DGRP_136	M	43
DGRP_136	M	56
DGRP_136	M	53
DGRP_136	M	64
DGRP_136	M	67
DGRP_138	F	32
DGRP_138	F	32
DGRP_138	F	35
DGRP_138	F	37
DGRP_138	F	38
DGRP_138	F	42
DGRP_138	F	30
DGRP_138	F	32
DGRP_138	F	35
DGRP_138	F	15
DGRP_138	F	28
DGRP_138	F	28
DGRP_138	F	36
DGRP_138	F	42
DGRP_138	F	35
DGRP_138	F	42
DGRP_138	F	43
DGRP_138	F	42
DGRP_138	F	44
DGRP_138	F	52
DGRP_138	F	43
DGRP_138	F	43
DGRP_138	F	46
DGRP_138	F	31
DGRP_138	F	42
DGRP_138	F	43
DGRP_138	F	31
DGRP_138	F	42
DGRP_138	F	25
DGRP_138	F	42
DGRP_138	F	42
DGRP_138	F	3
DGRP_138	F	35
DGRP_138	F	44
DGRP_138	F	30
DGRP_138	F	31
DGRP_138	F	32
DGRP_138	F	35
DGRP_138	F	35
DGRP_138	F	35
DGRP_138	F	42
DGRP_138	F	42
DGRP_138	F	42
DGRP_138	F	28
DGRP_138	F	35
DGRP_138	F	42
DGRP_138	F	28
DGRP_138	F	42
DGRP_138	F	24
DGRP_138	F	28
DGRP_138	F	28
DGRP_138	F	42
DGRP_138	F	44
DGRP_138	F	50
DGRP_138	F	24
DGRP_138	F	31
DGRP_138	F	32
DGRP_138	F	35
DGRP_138	F	35
DGRP_138	F	43
DGRP_138	F	35
DGRP_138	F	35
DGRP_138	F	35
DGRP_138	F	42
DGRP_138	F	49
DGRP_138	F	49
DGRP_138	F	31
DGRP_138	F	32
DGRP_138	F	35
DGRP_138	M	25
DGRP_138	M	28
DGRP_138	M	28
DGRP_138	M	9
DGRP_138	M	28
DGRP_138	M	32
DGRP_138	M	14
DGRP_138	M	21
DGRP_138	M	28
DGRP_138	M	35
DGRP_138	M	35
DGRP_138	M	35
DGRP_138	M	39
DGRP_138	M	39
DGRP_138	M	2
DGRP_138	M	35
DGRP_138	M	42
DGRP_138	M	38
DGRP_138	M	38
DGRP_138	M	42
DGRP_138	M	42
DGRP_138	M	42
DGRP_138	M	49
DGRP_138	M	35
DGRP_138	M	35
DGRP_138	M	39
DGRP_138	M	18
DGRP_138	M	21
DGRP_138	M	22
DGRP_138	M	42
DGRP_138	M	42
DGRP_138	M	42
DGRP_138	M	28
DGRP_138	M	30
DGRP_138	M	35
DGRP_138	M	28
DGRP_138	M	28
DGRP_138	M	28
DGRP_138	M	25
DGRP_138	M	31
DGRP_138	M	35
DGRP_138	M	28
DGRP_138	M	35
DGRP_138	M	28
DGRP_138	M	28
DGRP_138	M	35
DGRP_138	M	35
DGRP_138	M	35
DGRP_138	M	42
DGRP_138	M	14
DGRP_138	M	22
DGRP_138	M	28
DGRP_138	M	28
DGRP_138	M	35
DGRP_138	M	35
DGRP_138	M	23
DGRP_138	M	25
DGRP_138	M	31
DGRP_138	M	32
DGRP_138	M	37
DGRP_138	M	35
DGRP_138	M	38
DGRP_138	M	39
DGRP_138	M	46
DGRP_138	M	49
DGRP_138	M	49
DGRP_138	M	28
DGRP_138	M	31
DGRP_138	M	32
DGRP_142	F	53
DGRP_142	F	60
DGRP_142	F	67
DGRP_142	F	39
DGRP_142	F	60
DGRP_142	F	62
DGRP_142	F	48
DGRP_142	F	49
DGRP_142	F	50
DGRP_142	F	20
DGRP_142	F	39
DGRP_142	F	53
DGRP_142	F	55
DGRP_142	F	57
DGRP_142	F	61
DGRP_142	F	39
DGRP_142	F	39
DGRP_142	F	48
DGRP_142	F	35
DGRP_142	F	70
DGRP_142	F	77
DGRP_142	F	46
DGRP_142	F	53
DGRP_142	F	60
DGRP_142	F	21
DGRP_142	F	49
DGRP_142	F	58
DGRP_142	F	56
DGRP_142	F	66
DGRP_142	F	32
DGRP_142	F	74
DGRP_142	F	14
DGRP_142	F	63
DGRP_142	F	70
DGRP_142	F	56
DGRP_142	F	57
DGRP_142	F	63
DGRP_142	F	41
DGRP_142	F	46
DGRP_142	F	56
DGRP_142	F	57
DGRP_142	F	60
DGRP_142	F	32
DGRP_142	F	49
DGRP_142	F	67
DGRP_142	F	14
DGRP_142	F	46
DGRP_142	F	53
DGRP_142	F	18
DGRP_142	F	67
DGRP_142	F	47
DGRP_142	F	49
DGRP_142	F	53
DGRP_142	F	39
DGRP_142	F	55
DGRP_142	F	56
DGRP_142	F	58
DGRP_142	F	71
DGRP_142	F	42
DGRP_142	F	56
DGRP_142	F	63
DGRP_142	F	58
DGRP_142	F	63
DGRP_142	F	64
DGRP_142	F	49
DGRP_142	F	52
DGRP_142	F	59
DGRP_142	M	60
DGRP_142	M	67
DGRP_142	M	46
DGRP_142	M	46
DGRP_142	M	55
DGRP_142	M	32
DGRP_142	M	39
DGRP_142	M	46
DGRP_142	M	46
DGRP_142	M	50
DGRP_142	M	46
DGRP_142	M	46
DGRP_142	M	55
DGRP_142	M	46
DGRP_142	M	60
DGRP_142	M	69
DGRP_142	M	49
DGRP_142	M	51
DGRP_142	M	56
DGRP_142	M	46
DGRP_142	M	51
DGRP_142	M	56
DGRP_142	M	35
DGRP_142	M	37
DGRP_142	M	49
DGRP_142	M	7
DGRP_142	M	49
DGRP_142	M	49
DGRP_142	M	32
DGRP_142	M	51
DGRP_142	M	57
DGRP_142	M	56
DGRP_142	M	63
DGRP_142	M	56
DGRP_142	M	56
DGRP_142	M	56
DGRP_142	M	27
DGRP_142	M	53
DGRP_142	M	53
DGRP_142	M	36
DGRP_142	M	43
DGRP_142	M	46
DGRP_142	M	49
DGRP_142	M	49
DGRP_142	M	55
DGRP_142	M	57
DGRP_142	M	60
DGRP_142	M	60
DGRP_142	M	49
DGRP_142	M	49
DGRP_142	M	53
DGRP_142	M	43
DGRP_142	M	49
DGRP_142	M	76
DGRP_142	M	46
DGRP_142	M	46
DGRP_142	M	45
DGRP_142	M	70
DGRP_142	M	60
DGRP_142	M	65
DGRP_142	M	74
DGRP_142	M	35
DGRP_142	M	46
DGRP_142	M	56
DGRP_142	M	71
DGRP_142	M	71
DGRP_142	M	72
DGRP_149	F	32
DGRP_149	F	43
DGRP_149	F	43
DGRP_149	F	25
DGRP_149	F	32
DGRP_149	F	39
DGRP_149	F	12
DGRP_149	F	12
DGRP_149	F	60
DGRP_149	F	27
DGRP_149	F	41
DGRP_149	F	26
DGRP_149	F	35
DGRP_149	F	41
DGRP_149	F	29
DGRP_149	F	32
DGRP_149	F	39
DGRP_149	F	15
DGRP_149	F	27
DGRP_149	F	39
DGRP_149	F	19
DGRP_149	F	39
DGRP_149	F	21
DGRP_149	F	26
DGRP_149	F	36
DGRP_149	F	60
DGRP_149	F	60
DGRP_149	F	57
DGRP_149	F	60
DGRP_149	F	26
DGRP_149	F	39
DGRP_149	F	47
DGRP_149	F	4
DGRP_149	F	27
DGRP_149	F	33
DGRP_149	F	48
DGRP_149	F	48
DGRP_149	F	53
DGRP_149	F	11
DGRP_149	F	39
DGRP_149	F	46
DGRP_149	F	35
DGRP_149	F	55
DGRP_149	F	61
DGRP_149	F	11
DGRP_149	F	36
DGRP_149	F	55
DGRP_149	F	41
DGRP_149	F	46
DGRP_149	F	57
DGRP_149	F	63
DGRP_149	F	64
DGRP_149	F	34
DGRP_149	F	39
DGRP_149	F	61
DGRP_149	F	40
DGRP_149	F	42
DGRP_149	F	53
DGRP_149	F	57
DGRP_149	F	61
DGRP_149	F	61
DGRP_149	F	4
DGRP_149	F	54
DGRP_149	F	61
DGRP_149	F	43
DGRP_149	F	61
DGRP_149	F	64
DGRP_149	M	8
DGRP_149	M	64
DGRP_149	M	67
DGRP_149	M	46
DGRP_149	M	53
DGRP_149	M	67
DGRP_149	M	6
DGRP_149	M	36
DGRP_149	M	60
DGRP_149	M	60
DGRP_149	M	60
DGRP_149	M	61
DGRP_149	M	4
DGRP_149	M	46
DGRP_149	M	67
DGRP_149	M	25
DGRP_149	M	34
DGRP_149	M	69
DGRP_149	M	19
DGRP_149	M	67
DGRP_149	M	69
DGRP_149	M	46
DGRP_149	M	60
DGRP_149	M	61
DGRP_149	M	4
DGRP_149	M	39
DGRP_149	M	40
DGRP_149	M	33
DGRP_149	M	60
DGRP_149	M	60
DGRP_149	M	4
DGRP_149	M	50
DGRP_149	M	32
DGRP_149	M	32
DGRP_149	M	46
DGRP_149	M	55
DGRP_149	M	61
DGRP_149	M	67
DGRP_149	M	27
DGRP_149	M	61
DGRP_149	M	67
DGRP_149	M	61
DGRP_149	M	61
DGRP_149	M	64
DGRP_149	M	6
DGRP_149	M	46
DGRP_149	M	61
DGRP_149	M	50
DGRP_149	M	67
DGRP_149	M	67
DGRP_149	M	61
DGRP_149	M	61
DGRP_149	M	67
DGRP_149	M	61
DGRP_149	M	63
DGRP_149	M	63
DGRP_149	M	53
DGRP_149	M	64
DGRP_149	M	64
DGRP_149	M	61
DGRP_149	M	64
DGRP_149	M	61
DGRP_149	M	61
DGRP_149	M	67
DGRP_149	M	39
DGRP_149	M	61
DGRP_149	M	67
DGRP_149	M	41
DGRP_149	M	64
DGRP_149	M	67
DGRP_153	F	25
DGRP_153	F	39
DGRP_153	F	41
DGRP_153	F	42
DGRP_153	F	51
DGRP_153	F	18
DGRP_153	F	28
DGRP_153	F	45
DGRP_153	F	35
DGRP_153	F	37
DGRP_153	F	38
DGRP_153	F	44
DGRP_153	F	49
DGRP_153	F	49
DGRP_153	F	35
DGRP_153	F	42
DGRP_153	F	30
DGRP_153	F	42
DGRP_153	F	43
DGRP_153	F	21
DGRP_153	F	24
DGRP_153	F	46
DGRP_153	F	29
DGRP_153	F	49
DGRP_153	F	51
DGRP_153	F	22
DGRP_153	F	32
DGRP_153	F	44
DGRP_153	F	29
DGRP_153	F	42
DGRP_153	F	45
DGRP_153	F	44
DGRP_153	F	49
DGRP_153	F	56
DGRP_153	F	46
DGRP_153	F	47
DGRP_153	F	49
DGRP_153	F	32
DGRP_153	F	36
DGRP_153	F	25
DGRP_153	F	46
DGRP_153	F	46
DGRP_153	F	4
DGRP_153	F	45
DGRP_153	F	45
DGRP_153	F	42
DGRP_153	F	45
DGRP_153	F	49
DGRP_153	F	21
DGRP_153	F	49
DGRP_153	F	50
DGRP_153	F	39
DGRP_153	F	39
DGRP_153	F	49
DGRP_153	F	21
DGRP_153	F	27
DGRP_153	F	46
DGRP_153	F	29
DGRP_153	F	46
DGRP_153	F	46
DGRP_153	F	33
DGRP_153	F	35
DGRP_153	F	18
DGRP_153	F	34
DGRP_153	F	46
DGRP_153	M	47
DGRP_153	M	53
DGRP_153	M	53
DGRP_153	M	37
DGRP_153	M	44
DGRP_153	M	35
DGRP_153	M	44
DGRP_153	M	56
DGRP_153	M	42
DGRP_153	M	44
DGRP_153	M	44
DGRP_153	M	32
DGRP_153	M	49
DGRP_153	M	53
DGRP_153	M	49
DGRP_153	M	49
DGRP_153	M	56
DGRP_153	M	42
DGRP_153	M	49
DGRP_153	M	51
DGRP_153	M	50
DGRP_153	M	51
DGRP_153	M	56
DGRP_153	M	44
DGRP_153	M	44
DGRP_153	M	44
DGRP_153	M	39
DGRP_153	M	58
DGRP_153	M	46
DGRP_153	M	49
DGRP_153	M	49
DGRP_153	M	49
DGRP_153	M	49
DGRP_153	M	51
DGRP_153	M	46
DGRP_153	M	49
DGRP_153	M	46
DGRP_153	M	46
DGRP_153	M	53
DGRP_153	M	4
DGRP_153	M	39
DGRP_153	M	46
DGRP_153	M	35
DGRP_153	M	38
DGRP_153	M	49
DGRP_153	M	42
DGRP_153	M	42
DGRP_153	M	46
DGRP_153	M	56
DGRP_153	M	56
DGRP_153	M	56
DGRP_153	M	43
DGRP_153	M	46
DGRP_153	M	60
DGRP_153	M	28
DGRP_153	M	46
DGRP_153	M	46
DGRP_153	M	45
DGRP_153	M	46
DGRP_153	M	55
DGRP_153	M	28
DGRP_153	M	46
DGRP_153	M	46
DGRP_153	M	46
DGRP_153	M	47
DGRP_153	M	50
DGRP_158	F	48
DGRP_158	F	50
DGRP_158	F	62
DGRP_158	F	28
DGRP_158	F	39
DGRP_158	F	39
DGRP_158	F	25
DGRP_158	F	29
DGRP_158	F	43
DGRP_158	F	35
DGRP_158	F	39
DGRP_158	F	43
DGRP_158	F	30
DGRP_158	F	31
DGRP_158	F	22
DGRP_158	F	35
DGRP_158	F	45
DGRP_158	F	21
DGRP_158	F	42
DGRP_158	F	25
DGRP_158	F	42
DGRP_158	F	35
DGRP_158	F	43
DGRP_158	F	44
DGRP_158	F	35
DGRP_158	F	37
DGRP_158	F	49
DGRP_158	F	28
DGRP_158	F	32
DGRP_158	F	49
DGRP_158	F	37
DGRP_158	F	49
DGRP_158	F	50
DGRP_158	F	32
DGRP_158	F	39
DGRP_158	F	53
DGRP_158	F	11
DGRP_158	F	32
DGRP_158	F	32
DGRP_158	F	32
DGRP_158	F	43
DGRP_158	F	49
DGRP_158	F	26
DGRP_158	F	26
DGRP_158	F	27
DGRP_158	F	28
DGRP_158	F	28
DGRP_158	F	42
DGRP_158	F	28
DGRP_158	F	28
DGRP_158	F	32
DGRP_158	F	24
DGRP_158	F	35
DGRP_158	F	35
DGRP_158	F	25
DGRP_158	F	35
DGRP_158	F	49
DGRP_158	F	28
DGRP_158	F	42
DGRP_158	F	43
DGRP_158	F	28
DGRP_158	F	28
DGRP_158	F	28
DGRP_158	M	25
DGRP_158	M	32
DGRP_158	M	25
DGRP_158	M	28
DGRP_158	M	36
DGRP_158	M	32
DGRP_158	M	34
DGRP_158	M	28
DGRP_158	M	30
DGRP_158	M	28
DGRP_158	M	30
DGRP_158	M	30
DGRP_158	M	28
DGRP_158	M	46
DGRP_158	M	24
DGRP_158	M	28
DGRP_158	M	25
DGRP_158	M	28
DGRP_158	M	28
DGRP_158	M	28
DGRP_158	M	32
DGRP_158	M	35
DGRP_158	M	28
DGRP_158	M	30
DGRP_158	M	30
DGRP_158	M	28
DGRP_158	M	30
DGRP_158	M	38
DGRP_158	M	39
DGRP_158	M	25
DGRP_158	M	25
DGRP_158	M	32
DGRP_158	M	32
DGRP_158	M	32
DGRP_158	M	50
DGRP_158	M	25
DGRP_158	M	32
DGRP_158	M	27
DGRP_158	M	32
DGRP_158	M	53
DGRP_158	M	14
DGRP_158	M	16
DGRP_158	M	28
DGRP_158	M	23
DGRP_158	M	28
DGRP_158	M	49
DGRP_158	M	28
DGRP_158	M	28
DGRP_158	M	32
DGRP_158	M	17
DGRP_158	M	28
DGRP_158	M	28
DGRP_158	M	28
DGRP_158	M	28
DGRP_158	M	28
DGRP_158	M	32
DGRP_158	M	56
DGRP_161	F	46
DGRP_161	F	47
DGRP_161	F	48
DGRP_161	F	46
DGRP_161	F	53
DGRP_161	F	56
DGRP_161	F	42
DGRP_161	F	51
DGRP_161	F	51
DGRP_161	F	49
DGRP_161	F	51
DGRP_161	F	39
DGRP_161	F	49
DGRP_161	F	35
DGRP_161	F	56
DGRP_161	F	64
DGRP_161	F	44
DGRP_161	F	50
DGRP_161	F	51
DGRP_161	F	36
DGRP_161	F	36
DGRP_161	F	37
DGRP_161	F	30
DGRP_161	F	39
DGRP_161	F	42
DGRP_161	F	26
DGRP_161	F	43
DGRP_161	F	46
DGRP_161	F	4
DGRP_161	F	36
DGRP_161	F	54
DGRP_161	F	35
DGRP_161	F	39
DGRP_161	F	60
DGRP_161	F	7
DGRP_161	F	7
DGRP_161	F	53
DGRP_161	F	35
DGRP_161	F	56
DGRP_161	F	63
DGRP_161	F	49
DGRP_161	F	56
DGRP_161	F	56
DGRP_161	F	4
DGRP_161	F	39
DGRP_161	F	41
DGRP_161	F	53
DGRP_161	F	53
DGRP_161	F	4
DGRP_161	F	39
DGRP_161	F	53
DGRP_161	F	53
DGRP_161	F	46
DGRP_161	F	46
DGRP_161	F	39
DGRP_161	F	43
DGRP_161	F	53
DGRP_161	F	4
DGRP_161	F	53
DGRP_161	M	46
DGRP_161	M	48
DGRP_161	M	50
DGRP_161	M	51
DGRP_161	M	51
DGRP_161	M	51
DGRP_161	M	50
DGRP_161	M	51
DGRP_161	M	51
DGRP_161	M	51
DGRP_161	M	49
DGRP_161	M	49
DGRP_161	M	49
DGRP_161	M	67
DGRP_161	M	70
DGRP_161	M	70
DGRP_161	M	51
DGRP_161	M	51
DGRP_161	M	51
DGRP_161	M	21
DGRP_161	M	32
DGRP_161	M	36
DGRP_161	M	29
DGRP_161	M	31
DGRP_161	M	42
DGRP_161	M	53
DGRP_161	M	53
DGRP_161	M	32
DGRP_161	M	70
DGRP_161	M	8
DGRP_161	M	60
DGRP_161	M	60
DGRP_161	M	7
DGRP_161	M	31
DGRP_161	M	56
DGRP_161	M	43
DGRP_161	M	56
DGRP_161	M	49
DGRP_161	M	53
DGRP_161	M	53
DGRP_161	M	60
DGRP_161	M	74
DGRP_161	M	48
DGRP_161	M	53
DGRP_161	M	4
DGRP_161	M	41
DGRP_161	M	60
DGRP_161	M	53
DGRP_161	M	78
DGRP_161	M	43
DGRP_161	M	48
DGRP_161	M	46
DGRP_161	M	49
DGRP_161	M	53
DGRP_161	M	53
DGRP_161	M	75
DGRP_176	F	19
DGRP_176	F	46
DGRP_176	F	46
DGRP_176	F	22
DGRP_176	F	26
DGRP_176	F	36
DGRP_176	F	18
DGRP_176	F	39
DGRP_176	F	50
DGRP_176	F	22
DGRP_176	F	34
DGRP_176	F	36
DGRP_176	F	28
DGRP_176	F	35
DGRP_176	F	39
DGRP_176	F	36
DGRP_176	F	39
DGRP_176	F	60
DGRP_176	F	19
DGRP_176	F	32
DGRP_176	F	36
DGRP_176	F	15
DGRP_176	F	36
DGRP_176	F	39
DGRP_176	F	32
DGRP_176	F	32
DGRP_176	F	53
DGRP_176	F	29
DGRP_176	F	32
DGRP_176	F	32
DGRP_176	F	13
DGRP_176	F	27
DGRP_176	F	32
DGRP_176	F	32
DGRP_176	F	32
DGRP_176	F	39
DGRP_176	F	41
DGRP_176	F	42
DGRP_176	F	49
DGRP_176	F	32
DGRP_176	F	40
DGRP_176	F	43
DGRP_176	F	28
DGRP_176	F	32
DGRP_176	F	53
DGRP_176	F	33
DGRP_176	F	34
DGRP_176	F	39
DGRP_176	F	27
DGRP_176	F	32
DGRP_176	F	32
DGRP_176	F	4
DGRP_176	F	32
DGRP_176	F	46
DGRP_176	F	15
DGRP_176	F	41
DGRP_176	F	46
DGRP_176	F	18
DGRP_176	F	36
DGRP_176	F	36
DGRP_176	F	32
DGRP_176	F	36
DGRP_176	F	49
DGRP_176	F	29
DGRP_176	F	32
DGRP_176	F	32
DGRP_176	F	18
DGRP_176	F	25
DGRP_176	F	32
DGRP_176	M	32
DGRP_176	M	53
DGRP_176	M	67
DGRP_176	M	34
DGRP_176	M	35
DGRP_176	M	39
DGRP_176	M	43
DGRP_176	M	43
DGRP_176	M	53
DGRP_176	M	26
DGRP_176	M	60
DGRP_176	M	61
DGRP_176	M	18
DGRP_176	M	25
DGRP_176	M	32
DGRP_176	M	32
DGRP_176	M	36
DGRP_176	M	36
DGRP_176	M	25
DGRP_176	M	41
DGRP_176	M	53
DGRP_176	M	36
DGRP_176	M	36
DGRP_176	M	46
DGRP_176	M	32
DGRP_176	M	39
DGRP_176	M	32
DGRP_176	M	46
DGRP_176	M	27
DGRP_176	M	46
DGRP_176	M	11
DGRP_176	M	39
DGRP_176	M	39
DGRP_176	M	34
DGRP_176	M	39
DGRP_176	M	67
DGRP_176	M	33
DGRP_176	M	33
DGRP_176	M	53
DGRP_176	M	32
DGRP_176	M	33
DGRP_176	M	34
DGRP_176	M	39
DGRP_176	M	53
DGRP_176	M	60
DGRP_176	M	29
DGRP_176	M	32
DGRP_176	M	46
DGRP_176	M	25
DGRP_176	M	32
DGRP_176	M	32
DGRP_176	M	1
DGRP_176	M	14
DGRP_176	M	36
DGRP_176	M	27
DGRP_176	M	36
DGRP_176	M	11
DGRP_176	M	32
DGRP_176	M	39
DGRP_176	M	32
DGRP_176	M	60
DGRP_176	M	7
DGRP_176	M	11
DGRP_176	M	39
DGRP_177	F	35
DGRP_177	F	39
DGRP_177	F	43
DGRP_177	F	4
DGRP_177	F	34
DGRP_177	F	47
DGRP_177	F	35
DGRP_177	F	39
DGRP_177	F	46
DGRP_177	F	21
DGRP_177	F	27
DGRP_177	F	32
DGRP_177	F	11
DGRP_177	F	29
DGRP_177	F	34
DGRP_177	F	28
DGRP_177	F	30
DGRP_177	F	32
DGRP_177	F	35
DGRP_177	F	35
DGRP_177	F	36
DGRP_177	F	14
DGRP_177	F	14
DGRP_177	F	14
DGRP_177	F	32
DGRP_177	F	32
DGRP_177	F	32
DGRP_177	F	35
DGRP_177	F	37
DGRP_177	F	49
DGRP_177	F	16
DGRP_177	F	16
DGRP_177	F	24
DGRP_177	F	23
DGRP_177	F	30
DGRP_177	F	35
DGRP_177	F	14
DGRP_177	F	21
DGRP_177	F	21
DGRP_177	F	26
DGRP_177	F	28
DGRP_177	F	33
DGRP_177	F	5
DGRP_177	F	20
DGRP_177	F	33
DGRP_177	F	15
DGRP_177	F	21
DGRP_177	F	28
DGRP_177	F	22
DGRP_177	F	28
DGRP_177	F	16
DGRP_177	F	28
DGRP_177	F	30
DGRP_177	F	14
DGRP_177	F	21
DGRP_177	F	21
DGRP_177	F	21
DGRP_177	F	22
DGRP_177	F	35
DGRP_177	F	14
DGRP_177	F	21
DGRP_177	F	24
DGRP_177	F	35
DGRP_177	F	42
DGRP_177	F	15
DGRP_177	F	24
DGRP_177	F	24
DGRP_177	F	11
DGRP_177	F	18
DGRP_177	F	24
DGRP_177	M	22
DGRP_177	M	43
DGRP_177	M	46
DGRP_177	M	34
DGRP_177	M	34
DGRP_177	M	43
DGRP_177	M	15
DGRP_177	M	34
DGRP_177	M	34
DGRP_177	M	25
DGRP_177	M	29
DGRP_177	M	20
DGRP_177	M	25
DGRP_177	M	28
DGRP_177	M	37
DGRP_177	M	42
DGRP_177	M	45
DGRP_177	M	45
DGRP_177	M	49
DGRP_177	M	14
DGRP_177	M	14
DGRP_177	M	28
DGRP_177	M	35
DGRP_177	M	35
DGRP_177	M	42
DGRP_177	M	42
DGRP_177	M	42
DGRP_177	M	42
DGRP_177	M	15
DGRP_177	M	23
DGRP_177	M	32
DGRP_177	M	22
DGRP_177	M	28
DGRP_177	M	32
DGRP_177	M	16
DGRP_177	M	21
DGRP_177	M	28
DGRP_177	M	26
DGRP_177	M	27
DGRP_177	M	33
DGRP_177	M	33
DGRP_177	M	33
DGRP_177	M	15
DGRP_177	M	21
DGRP_177	M	32
DGRP_177	M	28
DGRP_177	M	28
DGRP_177	M	28
DGRP_177	M	22
DGRP_177	M	24
DGRP_177	M	11
DGRP_177	M	14
DGRP_177	M	16
DGRP_177	M	18
DGRP_177	M	21
DGRP_177	M	24
DGRP_177	M	4
DGRP_177	M	14
DGRP_177	M	37
DGRP_177	M	17
DGRP_177	M	32
DGRP_177	M	35
DGRP_177	M	15
DGRP_177	M	21
DGRP_177	M	28
DGRP_177	M	21
DGRP_177	M	21
DGRP_181	F	6
DGRP_181	F	21
DGRP_181	F	41
DGRP_181	F	26
DGRP_181	F	28
DGRP_181	F	36
DGRP_181	F	14
DGRP_181	F	27
DGRP_181	F	21
DGRP_181	F	32
DGRP_181	F	43
DGRP_181	F	32
DGRP_181	F	39
DGRP_181	F	57
DGRP_181	F	23
DGRP_181	F	32
DGRP_181	F	32
DGRP_181	F	32
DGRP_181	F	34
DGRP_181	F	57
DGRP_181	F	13
DGRP_181	F	39
DGRP_181	F	50
DGRP_181	F	4
DGRP_181	F	39
DGRP_181	F	39
DGRP_181	F	11
DGRP_181	F	46
DGRP_181	F	19
DGRP_181	F	36
DGRP_181	F	53
DGRP_181	F	32
DGRP_181	F	34
DGRP_181	F	53
DGRP_181	F	20
DGRP_181	F	20
DGRP_181	F	42
DGRP_181	F	42
DGRP_181	F	46
DGRP_181	F	13
DGRP_181	F	25
DGRP_181	F	11
DGRP_181	F	40
DGRP_181	F	43
DGRP_181	F	39
DGRP_181	F	41
DGRP_181	F	46
DGRP_181	F	18
DGRP_181	F	47
DGRP_181	F	42
DGRP_181	F	47
DGRP_181	F	4
DGRP_181	F	32
DGRP_181	F	39
DGRP_181	F	39
DGRP_181	F	46
DGRP_181	F	5
DGRP_181	F	27
DGRP_181	F	11
DGRP_181	F	25
DGRP_181	F	53
DGRP_181	F	15
DGRP_181	F	47
DGRP_181	F	49
DGRP_181	M	21
DGRP_181	M	27
DGRP_181	M	34
DGRP_181	M	46
DGRP_181	M	13
DGRP_181	M	56
DGRP_181	M	34
DGRP_181	M	50
DGRP_181	M	50
DGRP_181	M	53
DGRP_181	M	60
DGRP_181	M	60
DGRP_181	M	60
DGRP_181	M	67
DGRP_181	M	41
DGRP_181	M	60
DGRP_181	M	60
DGRP_181	M	39
DGRP_181	M	50
DGRP_181	M	60
DGRP_181	M	33
DGRP_181	M	39
DGRP_181	M	6
DGRP_181	M	46
DGRP_181	M	60
DGRP_181	M	11
DGRP_181	M	50
DGRP_181	M	60
DGRP_181	M	19
DGRP_181	M	27
DGRP_181	M	43
DGRP_181	M	11
DGRP_181	M	53
DGRP_181	M	61
DGRP_181	M	53
DGRP_181	M	53
DGRP_181	M	42
DGRP_181	M	42
DGRP_181	M	46
DGRP_181	M	46
DGRP_181	M	46
DGRP_181	M	8
DGRP_181	M	53
DGRP_181	M	32
DGRP_181	M	32
DGRP_181	M	48
DGRP_181	M	41
DGRP_181	M	41
DGRP_181	M	49
DGRP_181	M	11
DGRP_181	M	40
DGRP_181	M	41
DGRP_181	M	4
DGRP_181	M	46
DGRP_181	M	61
DGRP_181	M	4
DGRP_181	M	32
DGRP_181	M	32
DGRP_181	M	41
DGRP_181	M	53
DGRP_181	M	31
DGRP_181	M	47
DGRP_181	M	61
DGRP_189	F	11
DGRP_189	F	46
DGRP_189	F	64
DGRP_189	F	55
DGRP_189	F	60
DGRP_189	F	55
DGRP_189	F	57
DGRP_189	F	61
DGRP_189	F	43
DGRP_189	F	63
DGRP_189	F	64
DGRP_189	F	4
DGRP_189	F	19
DGRP_189	F	25
DGRP_189	F	53
DGRP_189	F	64
DGRP_189	F	19
DGRP_189	F	60
DGRP_189	F	60
DGRP_189	F	42
DGRP_189	F	46
DGRP_189	F	60
DGRP_189	F	35
DGRP_189	F	46
DGRP_189	F	69
DGRP_189	F	46
DGRP_189	F	60
DGRP_189	F	60
DGRP_189	F	3
DGRP_189	F	66
DGRP_189	F	73
DGRP_189	F	61
DGRP_189	F	61
DGRP_189	F	62
DGRP_189	F	27
DGRP_189	F	32
DGRP_189	F	61
DGRP_189	F	35
DGRP_189	F	61
DGRP_189	F	61
DGRP_189	F	11
DGRP_189	F	46
DGRP_189	F	46
DGRP_189	F	13
DGRP_189	F	31
DGRP_189	F	46
DGRP_189	F	18
DGRP_189	F	18
DGRP_189	F	63
DGRP_189	F	13
DGRP_189	F	39
DGRP_189	F	48
DGRP_189	F	32
DGRP_189	F	39
DGRP_189	F	48
DGRP_189	F	61
DGRP_189	F	64
DGRP_189	F	76
DGRP_189	F	57
DGRP_189	F	57
DGRP_189	F	61
DGRP_189	M	50
DGRP_189	M	60
DGRP_189	M	75
DGRP_189	M	53
DGRP_189	M	60
DGRP_189	M	60
DGRP_189	M	46
DGRP_189	M	57
DGRP_189	M	88
DGRP_189	M	55
DGRP_189	M	60
DGRP_189	M	60
DGRP_189	M	28
DGRP_189	M	46
DGRP_189	M	67
DGRP_189	M	46
DGRP_189	M	46
DGRP_189	M	48
DGRP_189	M	57
DGRP_189	M	60
DGRP_189	M	60
DGRP_189	M	36
DGRP_189	M	39
DGRP_189	M	43
DGRP_189	M	15
DGRP_189	M	60
DGRP_189	M	53
DGRP_189	M	60
DGRP_189	M	64
DGRP_189	M	38
DGRP_189	M	38
DGRP_189	M	59
DGRP_189	M	34
DGRP_189	M	55
DGRP_189	M	61
DGRP_189	M	32
DGRP_189	M	61
DGRP_189	M	61
DGRP_189	M	4
DGRP_189	M	53
DGRP_189	M	42
DGRP_189	M	46
DGRP_189	M	74
DGRP_189	M	39
DGRP_189	M	46
DGRP_189	M	46
DGRP_189	M	53
DGRP_189	M	61
DGRP_189	M	61
DGRP_189	M	39
DGRP_189	M	57
DGRP_189	M	57
DGRP_189	M	39
DGRP_189	M	40
DGRP_189	M	16
DGRP_189	M	33
DGRP_189	M	39
DGRP_189	M	41
DGRP_189	M	57
DGRP_189	M	61
DGRP_195	F	12
DGRP_195	F	18
DGRP_195	F	62
DGRP_195	F	20
DGRP_195	F	28
DGRP_195	F	67
DGRP_195	F	35
DGRP_195	F	49
DGRP_195	F	58
DGRP_195	F	16
DGRP_195	F	56
DGRP_195	F	56
DGRP_195	F	49
DGRP_195	F	49
DGRP_195	F	49
DGRP_195	F	16
DGRP_195	F	21
DGRP_195	F	49
DGRP_195	F	21
DGRP_195	F	42
DGRP_195	F	21
DGRP_195	F	29
DGRP_195	F	21
DGRP_195	F	32
DGRP_195	F	53
DGRP_195	F	25
DGRP_195	F	28
DGRP_195	F	49
DGRP_195	F	28
DGRP_195	F	36
DGRP_195	F	37
DGRP_195	F	49
DGRP_195	F	53
DGRP_195	F	35
DGRP_195	F	45
DGRP_195	F	46
DGRP_195	F	26
DGRP_195	F	33
DGRP_195	F	36
DGRP_195	F	26
DGRP_195	F	47
DGRP_195	F	62
DGRP_195	F	19
DGRP_195	F	26
DGRP_195	F	43
DGRP_195	F	41
DGRP_195	F	43
DGRP_195	F	36
DGRP_195	F	40
DGRP_195	F	43
DGRP_195	F	47
DGRP_195	F	54
DGRP_195	F	62
DGRP_195	F	18
DGRP_195	F	35
DGRP_195	F	53
DGRP_195	F	21
DGRP_195	F	31
DGRP_195	F	31
DGRP_195	F	31
DGRP_195	F	35
DGRP_195	F	70
DGRP_195	F	31
DGRP_195	F	46
DGRP_195	F	51
DGRP_195	F	31
DGRP_195	F	42
DGRP_195	F	44
DGRP_195	M	47
DGRP_195	M	50
DGRP_195	M	50
DGRP_195	M	4
DGRP_195	M	19
DGRP_195	M	56
DGRP_195	M	45
DGRP_195	M	45
DGRP_195	M	39
DGRP_195	M	42
DGRP_195	M	49
DGRP_195	M	49
DGRP_195	M	49
DGRP_195	M	45
DGRP_195	M	46
DGRP_195	M	49
DGRP_195	M	49
DGRP_195	M	52
DGRP_195	M	56
DGRP_195	M	45
DGRP_195	M	49
DGRP_195	M	52
DGRP_195	M	49
DGRP_195	M	52
DGRP_195	M	53
DGRP_195	M	32
DGRP_195	M	49
DGRP_195	M	70
DGRP_195	M	35
DGRP_195	M	35
DGRP_195	M	57
DGRP_195	M	36
DGRP_195	M	51
DGRP_195	M	63
DGRP_195	M	45
DGRP_195	M	52
DGRP_195	M	37
DGRP_195	M	47
DGRP_195	M	62
DGRP_195	M	43
DGRP_195	M	47
DGRP_195	M	47
DGRP_195	M	43
DGRP_195	M	47
DGRP_195	M	68
DGRP_195	M	40
DGRP_195	M	41
DGRP_195	M	47
DGRP_195	M	43
DGRP_195	M	43
DGRP_195	M	43
DGRP_195	M	47
DGRP_195	M	47
DGRP_195	M	47
DGRP_195	M	44
DGRP_195	M	44
DGRP_195	M	53
DGRP_195	M	53
DGRP_195	M	77
DGRP_195	M	49
DGRP_195	M	53
DGRP_195	M	71
DGRP_195	M	42
DGRP_195	M	44
DGRP_195	M	57
DGRP_195	M	56
DGRP_195	M	56
DGRP_195	M	56
DGRP_208	F	27
DGRP_208	F	55
DGRP_208	F	55
DGRP_208	F	48
DGRP_208	F	55
DGRP_208	F	55
DGRP_208	F	55
DGRP_208	F	55
DGRP_208	F	55
DGRP_208	F	55
DGRP_208	F	55
DGRP_208	F	55
DGRP_208	F	55
DGRP_208	F	55
DGRP_208	F	56
DGRP_208	F	20
DGRP_208	F	55
DGRP_208	F	55
DGRP_208	F	55
DGRP_208	F	55
DGRP_208	F	55
DGRP_208	F	50
DGRP_208	F	52
DGRP_208	F	55
DGRP_208	F	55
DGRP_208	F	55
DGRP_208	F	55
DGRP_208	F	28
DGRP_208	F	46
DGRP_208	F	52
DGRP_208	F	49
DGRP_208	F	51
DGRP_208	F	51
DGRP_208	F	51
DGRP_208	F	51
DGRP_208	F	51
DGRP_208	F	52
DGRP_208	F	52
DGRP_208	F	51
DGRP_208	F	51
DGRP_208	F	50
DGRP_208	F	51
DGRP_208	F	51
DGRP_208	F	46
DGRP_208	F	51
DGRP_208	F	50
DGRP_208	F	53
DGRP_208	F	50
DGRP_208	F	50
DGRP_208	F	50
DGRP_208	F	51
DGRP_208	F	52
DGRP_208	F	56
DGRP_208	F	51
DGRP_208	F	51
DGRP_208	F	56
DGRP_208	F	49
DGRP_208	F	51
DGRP_208	F	56
DGRP_208	M	13
DGRP_208	M	49
DGRP_208	M	50
DGRP_208	M	35
DGRP_208	M	55
DGRP_208	M	55
DGRP_208	M	30
DGRP_208	M	51
DGRP_208	M	55
DGRP_208	M	44
DGRP_208	M	50
DGRP_208	M	55
DGRP_208	M	55
DGRP_208	M	55
DGRP_208	M	56
DGRP_208	M	51
DGRP_208	M	55
DGRP_208	M	48
DGRP_208	M	55
DGRP_208	M	55
DGRP_208	M	48
DGRP_208	M	55
DGRP_208	M	27
DGRP_208	M	48
DGRP_208	M	55
DGRP_208	M	49
DGRP_208	M	51
DGRP_208	M	49
DGRP_208	M	50
DGRP_208	M	51
DGRP_208	M	42
DGRP_208	M	44
DGRP_208	M	52
DGRP_208	M	51
DGRP_208	M	53
DGRP_208	M	56
DGRP_208	M	49
DGRP_208	M	50
DGRP_208	M	56
DGRP_208	M	51
DGRP_208	M	52
DGRP_208	M	56
DGRP_208	M	46
DGRP_208	M	51
DGRP_208	M	51
DGRP_208	M	49
DGRP_208	M	49
DGRP_208	M	49
DGRP_208	M	42
DGRP_208	M	50
DGRP_208	M	51
DGRP_208	M	35
DGRP_208	M	52
DGRP_208	M	56
DGRP_208	M	50
DGRP_208	M	50
DGRP_208	M	51
DGRP_208	M	49
DGRP_208	M	50
DGRP_208	M	50
DGRP_217	F	49
DGRP_217	F	63
DGRP_217	F	42
DGRP_217	F	44
DGRP_217	F	56
DGRP_217	F	35
DGRP_217	F	43
DGRP_217	F	63
DGRP_217	F	43
DGRP_217	F	56
DGRP_217	F	63
DGRP_217	F	44
DGRP_217	F	49
DGRP_217	F	56
DGRP_217	F	18
DGRP_217	F	56
DGRP_217	F	60
DGRP_217	F	32
DGRP_217	F	58
DGRP_217	F	72
DGRP_217	F	72
DGRP_217	F	73
DGRP_217	F	37
DGRP_217	F	50
DGRP_217	F	50
DGRP_217	F	63
DGRP_217	F	72
DGRP_217	F	73
DGRP_217	F	4
DGRP_217	F	38
DGRP_217	F	42
DGRP_217	F	70
DGRP_217	F	73
DGRP_217	F	78
DGRP_217	F	42
DGRP_217	F	49
DGRP_217	F	49
DGRP_217	F	30
DGRP_217	F	42
DGRP_217	F	49
DGRP_217	F	46
DGRP_217	F	50
DGRP_217	F	57
DGRP_217	F	57
DGRP_217	F	67
DGRP_217	F	70
DGRP_217	F	37
DGRP_217	F	49
DGRP_217	F	56
DGRP_217	F	57
DGRP_217	F	60
DGRP_217	F	63
DGRP_217	F	9
DGRP_217	F	14
DGRP_217	F	67
DGRP_217	F	35
DGRP_217	F	50
DGRP_217	F	57
DGRP_217	F	35
DGRP_217	F	35
DGRP_217	F	35
DGRP_217	F	24
DGRP_217	F	49
DGRP_217	F	49
DGRP_217	F	42
DGRP_217	F	45
DGRP_217	F	49
DGRP_217	F	70
DGRP_217	F	70
DGRP_217	F	70
DGRP_217	M	43
DGRP_217	M	56
DGRP_217	M	63
DGRP_217	M	70
DGRP_217	M	72
DGRP_217	M	37
DGRP_217	M	39
DGRP_217	M	45
DGRP_217	M	63
DGRP_217	M	67
DGRP_217	M	70
DGRP_217	M	45
DGRP_217	M	46
DGRP_217	M	53
DGRP_217	M	49
DGRP_217	M	56
DGRP_217	M	67
DGRP_217	M	16
DGRP_217	M	57
DGRP_217	M	72
DGRP_217	M	25
DGRP_217	M	67
DGRP_217	M	70
DGRP_217	M	2
DGRP_217	M	35
DGRP_217	M	49
DGRP_217	M	38
DGRP_217	M	63
DGRP_217	M	72
DGRP_217	M	2
DGRP_217	M	56
DGRP_217	M	70
DGRP_217	M	49
DGRP_217	M	50
DGRP_217	M	53
DGRP_217	M	39
DGRP_217	M	49
DGRP_217	M	72
DGRP_217	M	37
DGRP_217	M	44
DGRP_217	M	49
DGRP_217	M	16
DGRP_217	M	35
DGRP_217	M	38
DGRP_217	M	49
DGRP_217	M	65
DGRP_217	M	66
DGRP_217	M	49
DGRP_217	M	49
DGRP_217	M	49
DGRP_217	M	63
DGRP_217	M	63
DGRP_217	M	21
DGRP_217	M	64
DGRP_217	M	67
DGRP_217	M	49
DGRP_217	M	64
DGRP_217	M	70
DGRP_217	M	42
DGRP_217	M	42
DGRP_217	M	46
DGRP_217	M	24
DGRP_217	M	49
DGRP_217	M	60
DGRP_217	M	63
DGRP_217	M	63
DGRP_217	M	63
DGRP_217	M	3
DGRP_217	M	49
DGRP_217	M	65
DGRP_223	F	48
DGRP_223	F	49
DGRP_223	F	33
DGRP_223	F	47
DGRP_223	F	47
DGRP_223	F	28
DGRP_223	F	33
DGRP_223	F	44
DGRP_223	F	33
DGRP_223	F	44
DGRP_223	F	51
DGRP_223	F	36
DGRP_223	F	47
DGRP_223	F	48
DGRP_223	F	15
DGRP_223	F	46
DGRP_223	F	46
DGRP_223	F	49
DGRP_223	F	30
DGRP_223	F	35
DGRP_223	F	30
DGRP_223	F	35
DGRP_223	F	44
DGRP_223	F	45
DGRP_223	F	45
DGRP_223	F	16
DGRP_223	F	16
DGRP_223	F	23
DGRP_223	F	34
DGRP_223	F	46
DGRP_223	F	46
DGRP_223	F	25
DGRP_223	F	42
DGRP_223	F	46
DGRP_223	F	34
DGRP_223	F	39
DGRP_223	F	39
DGRP_223	F	43
DGRP_223	F	46
DGRP_223	F	53
DGRP_223	F	48
DGRP_223	F	48
DGRP_223	F	42
DGRP_223	F	44
DGRP_223	F	48
DGRP_223	F	38
DGRP_223	F	44
DGRP_223	F	48
DGRP_223	F	28
DGRP_223	F	35
DGRP_223	F	44
DGRP_223	F	30
DGRP_223	F	39
DGRP_223	F	56
DGRP_223	F	37
DGRP_223	F	39
DGRP_223	F	39
DGRP_223	F	42
DGRP_223	F	45
DGRP_223	F	46
DGRP_223	M	5
DGRP_223	M	34
DGRP_223	M	47
DGRP_223	M	40
DGRP_223	M	47
DGRP_223	M	47
DGRP_223	M	47
DGRP_223	M	47
DGRP_223	M	47
DGRP_223	M	5
DGRP_223	M	47
DGRP_223	M	47
DGRP_223	M	47
DGRP_223	M	49
DGRP_223	M	14
DGRP_223	M	14
DGRP_223	M	49
DGRP_223	M	49
DGRP_223	M	49
DGRP_223	M	46
DGRP_223	M	49
DGRP_223	M	49
DGRP_223	M	44
DGRP_223	M	49
DGRP_223	M	32
DGRP_223	M	45
DGRP_223	M	46
DGRP_223	M	14
DGRP_223	M	46
DGRP_223	M	49
DGRP_223	M	18
DGRP_223	M	43
DGRP_223	M	46
DGRP_223	M	46
DGRP_223	M	46
DGRP_223	M	49
DGRP_223	M	49
DGRP_223	M	50
DGRP_223	M	53
DGRP_223	M	46
DGRP_223	M	46
DGRP_223	M	46
DGRP_223	M	49
DGRP_223	M	53
DGRP_223	M	56
DGRP_223	M	49
DGRP_223	M	49
DGRP_223	M	49
DGRP_223	M	38
DGRP_223	M	42
DGRP_223	M	49
DGRP_223	M	49
DGRP_223	M	50
DGRP_223	M	56
DGRP_223	M	44
DGRP_223	M	46
DGRP_223	M	56
DGRP_223	M	39
DGRP_223	M	49
DGRP_223	M	49
DGRP_223	M	49
DGRP_223	M	49
DGRP_223	M	49
DGRP_227	F	25
DGRP_227	F	32
DGRP_227	F	43
DGRP_227	F	29
DGRP_227	F	36
DGRP_227	F	46
DGRP_227	F	29
DGRP_227	F	32
DGRP_227	F	46
DGRP_227	F	28
DGRP_227	F	32
DGRP_227	F	34
DGRP_227	F	31
DGRP_227	F	31
DGRP_227	F	10
DGRP_227	F	19
DGRP_227	F	22
DGRP_227	F	14
DGRP_227	F	28
DGRP_227	F	45
DGRP_227	F	34
DGRP_227	F	34
DGRP_227	F	34
DGRP_227	F	16
DGRP_227	F	43
DGRP_227	F	50
DGRP_227	F	27
DGRP_227	F	27
DGRP_227	F	34
DGRP_227	F	45
DGRP_227	F	45
DGRP_227	F	48
DGRP_227	F	28
DGRP_227	F	39
DGRP_227	F	39
DGRP_227	F	32
DGRP_227	F	34
DGRP_227	F	39
DGRP_227	F	39
DGRP_227	F	41
DGRP_227	F	18
DGRP_227	F	29
DGRP_227	F	39
DGRP_227	F	29
DGRP_227	F	29
DGRP_227	F	39
DGRP_227	F	25
DGRP_227	F	27
DGRP_227	F	53
DGRP_227	F	11
DGRP_227	F	27
DGRP_227	F	29
DGRP_227	F	25
DGRP_227	F	35
DGRP_227	F	18
DGRP_227	F	25
DGRP_227	F	39
DGRP_227	F	20
DGRP_227	F	27
DGRP_227	F	46
DGRP_227	F	27
DGRP_227	F	32
DGRP_227	F	61
DGRP_227	F	25
DGRP_227	F	42
DGRP_227	F	61
DGRP_227	F	22
DGRP_227	F	22
DGRP_227	F	32
DGRP_227	M	4
DGRP_227	M	33
DGRP_227	M	46
DGRP_227	M	39
DGRP_227	M	46
DGRP_227	M	60
DGRP_227	M	33
DGRP_227	M	46
DGRP_227	M	48
DGRP_227	M	32
DGRP_227	M	46
DGRP_227	M	60
DGRP_227	M	38
DGRP_227	M	45
DGRP_227	M	56
DGRP_227	M	14
DGRP_227	M	33
DGRP_227	M	45
DGRP_227	M	24
DGRP_227	M	45
DGRP_227	M	45
DGRP_227	M	28
DGRP_227	M	41
DGRP_227	M	55
DGRP_227	M	3
DGRP_227	M	18
DGRP_227	M	50
DGRP_227	M	41
DGRP_227	M	41
DGRP_227	M	62
DGRP_227	M	29
DGRP_227	M	55
DGRP_227	M	55
DGRP_227	M	33
DGRP_227	M	60
DGRP_227	M	60
DGRP_227	M	46
DGRP_227	M	46
DGRP_227	M	48
DGRP_227	M	25
DGRP_227	M	33
DGRP_227	M	39
DGRP_227	M	29
DGRP_227	M	39
DGRP_227	M	39
DGRP_227	M	11
DGRP_227	M	32
DGRP_227	M	57
DGRP_227	M	4
DGRP_227	M	33
DGRP_227	M	53
DGRP_227	M	4
DGRP_227	M	46
DGRP_227	M	39
DGRP_227	M	63
DGRP_227	M	13
DGRP_227	M	13
DGRP_227	M	53
DGRP_227	M	25
DGRP_227	M	39
DGRP_227	M	46
DGRP_227	M	29
DGRP_227	M	32
DGRP_227	M	32
DGRP_227	M	25
DGRP_227	M	39
DGRP_227	M	61
DGRP_227	M	18
DGRP_227	M	29
DGRP_227	M	32
DGRP_228	F	40
DGRP_228	F	51
DGRP_228	F	54
DGRP_228	F	30
DGRP_228	F	47
DGRP_228	F	47
DGRP_228	F	40
DGRP_228	F	47
DGRP_228	F	26
DGRP_228	F	41
DGRP_228	F	51
DGRP_228	F	26
DGRP_228	F	33
DGRP_228	F	49
DGRP_228	F	29
DGRP_228	F	30
DGRP_228	F	61
DGRP_228	F	16
DGRP_228	F	37
DGRP_228	F	38
DGRP_228	F	24
DGRP_228	F	42
DGRP_228	F	46
DGRP_228	F	30
DGRP_228	F	32
DGRP_228	F	37
DGRP_228	F	28
DGRP_228	F	37
DGRP_228	F	49
DGRP_228	F	28
DGRP_228	F	46
DGRP_228	F	49
DGRP_228	F	35
DGRP_228	F	37
DGRP_228	F	63
DGRP_228	F	32
DGRP_228	F	32
DGRP_228	F	46
DGRP_228	F	32
DGRP_228	F	46
DGRP_228	F	46
DGRP_228	F	19
DGRP_228	F	42
DGRP_228	F	67
DGRP_228	F	42
DGRP_228	F	42
DGRP_228	F	51
DGRP_228	F	39
DGRP_228	F	63
DGRP_228	F	63
DGRP_228	F	2
DGRP_228	F	35
DGRP_228	F	53
DGRP_228	F	29
DGRP_228	F	44
DGRP_228	F	37
DGRP_228	F	39
DGRP_228	F	42
DGRP_228	F	30
DGRP_228	F	53
DGRP_228	F	53
DGRP_228	F	3
DGRP_228	F	36
DGRP_228	F	42
DGRP_228	F	35
DGRP_228	F	46
DGRP_228	F	53
DGRP_228	M	40
DGRP_228	M	47
DGRP_228	M	48
DGRP_228	M	26
DGRP_228	M	40
DGRP_228	M	47
DGRP_228	M	35
DGRP_228	M	35
DGRP_228	M	35
DGRP_228	M	37
DGRP_228	M	40
DGRP_228	M	33
DGRP_228	M	33
DGRP_228	M	33
DGRP_228	M	37
DGRP_228	M	40
DGRP_228	M	42
DGRP_228	M	35
DGRP_228	M	35
DGRP_228	M	49
DGRP_228	M	42
DGRP_228	M	42
DGRP_228	M	42
DGRP_228	M	35
DGRP_228	M	35
DGRP_228	M	35
DGRP_228	M	32
DGRP_228	M	35
DGRP_228	M	35
DGRP_228	M	46
DGRP_228	M	49
DGRP_228	M	32
DGRP_228	M	36
DGRP_228	M	39
DGRP_228	M	39
DGRP_228	M	42
DGRP_228	M	46
DGRP_228	M	39
DGRP_228	M	46
DGRP_228	M	46
DGRP_228	M	55
DGRP_228	M	60
DGRP_228	M	60
DGRP_228	M	35
DGRP_228	M	42
DGRP_228	M	44
DGRP_228	M	30
DGRP_228	M	49
DGRP_228	M	49
DGRP_228	M	16
DGRP_228	M	35
DGRP_228	M	39
DGRP_228	M	44
DGRP_228	M	49
DGRP_228	M	49
DGRP_228	M	28
DGRP_228	M	37
DGRP_228	M	42
DGRP_228	M	49
DGRP_228	M	49
DGRP_228	M	49
DGRP_228	M	7
DGRP_228	M	42
DGRP_228	M	38
DGRP_228	M	46
DGRP_229	F	6
DGRP_229	F	25
DGRP_229	F	48
DGRP_229	F	42
DGRP_229	F	46
DGRP_229	F	46
DGRP_229	F	33
DGRP_229	F	34
DGRP_229	F	46
DGRP_229	F	21
DGRP_229	F	50
DGRP_229	F	32
DGRP_229	F	35
DGRP_229	F	42
DGRP_229	F	11
DGRP_229	F	46
DGRP_229	F	46
DGRP_229	F	42
DGRP_229	F	46
DGRP_229	F	46
DGRP_229	F	20
DGRP_229	F	20
DGRP_229	F	41
DGRP_229	F	20
DGRP_229	F	32
DGRP_229	F	40
DGRP_229	F	8
DGRP_229	F	35
DGRP_229	F	19
DGRP_229	F	19
DGRP_229	F	39
DGRP_229	F	8
DGRP_229	F	26
DGRP_229	F	50
DGRP_229	F	11
DGRP_229	F	15
DGRP_229	F	27
DGRP_229	F	22
DGRP_229	F	32
DGRP_229	F	42
DGRP_229	F	34
DGRP_229	F	47
DGRP_229	F	53
DGRP_229	F	27
DGRP_229	F	46
DGRP_229	F	54
DGRP_229	F	29
DGRP_229	F	46
DGRP_229	F	61
DGRP_229	F	13
DGRP_229	F	32
DGRP_229	F	41
DGRP_229	F	29
DGRP_229	F	32
DGRP_229	F	35
DGRP_229	F	25
DGRP_229	F	29
DGRP_229	F	39
DGRP_229	F	39
DGRP_229	F	25
DGRP_229	F	32
DGRP_229	F	46
DGRP_229	F	46
DGRP_229	F	46
DGRP_229	F	56
DGRP_229	F	27
DGRP_229	F	36
DGRP_229	F	39
DGRP_229	M	35
DGRP_229	M	36
DGRP_229	M	46
DGRP_229	M	32
DGRP_229	M	39
DGRP_229	M	42
DGRP_229	M	42
DGRP_229	M	46
DGRP_229	M	60
DGRP_229	M	53
DGRP_229	M	55
DGRP_229	M	61
DGRP_229	M	43
DGRP_229	M	46
DGRP_229	M	46
DGRP_229	M	39
DGRP_229	M	43
DGRP_229	M	32
DGRP_229	M	34
DGRP_229	M	36
DGRP_229	M	36
DGRP_229	M	43
DGRP_229	M	33
DGRP_229	M	34
DGRP_229	M	34
DGRP_229	M	34
DGRP_229	M	43
DGRP_229	M	32
DGRP_229	M	35
DGRP_229	M	39
DGRP_229	M	34
DGRP_229	M	39
DGRP_229	M	42
DGRP_229	M	32
DGRP_229	M	46
DGRP_229	M	61
DGRP_229	M	36
DGRP_229	M	39
DGRP_229	M	29
DGRP_229	M	49
DGRP_229	M	11
DGRP_229	M	39
DGRP_229	M	46
DGRP_229	M	32
DGRP_229	M	35
DGRP_229	M	41
DGRP_229	M	39
DGRP_229	M	46
DGRP_229	M	48
DGRP_229	M	32
DGRP_229	M	39
DGRP_229	M	39
DGRP_229	M	18
DGRP_229	M	29
DGRP_229	M	41
DGRP_229	M	4
DGRP_229	M	39
DGRP_229	M	46
DGRP_229	M	33
DGRP_229	M	36
DGRP_229	M	8
DGRP_229	M	40
DGRP_229	M	42
DGRP_229	M	4
DGRP_229	M	27
DGRP_229	M	39
DGRP_233	F	29
DGRP_233	F	32
DGRP_233	F	49
DGRP_233	F	32
DGRP_233	F	37
DGRP_233	F	50
DGRP_233	F	35
DGRP_233	F	37
DGRP_233	F	42
DGRP_233	F	24
DGRP_233	F	25
DGRP_233	F	38
DGRP_233	F	28
DGRP_233	F	49
DGRP_233	F	51
DGRP_233	F	16
DGRP_233	F	31
DGRP_233	F	56
DGRP_233	F	28
DGRP_233	F	42
DGRP_233	F	56
DGRP_233	F	35
DGRP_233	F	44
DGRP_233	F	30
DGRP_233	F	35
DGRP_233	F	42
DGRP_233	F	14
DGRP_233	F	28
DGRP_233	F	35
DGRP_233	F	31
DGRP_233	F	37
DGRP_233	F	42
DGRP_233	F	30
DGRP_233	F	35
DGRP_233	F	42
DGRP_233	F	37
DGRP_233	F	39
DGRP_233	F	56
DGRP_233	F	39
DGRP_233	F	49
DGRP_233	F	35
DGRP_233	F	37
DGRP_233	F	51
DGRP_233	F	44
DGRP_233	F	56
DGRP_233	F	29
DGRP_233	F	35
DGRP_233	F	45
DGRP_233	F	39
DGRP_233	F	42
DGRP_233	F	52
DGRP_233	F	45
DGRP_233	F	49
DGRP_233	F	56
DGRP_233	F	44
DGRP_233	F	49
DGRP_233	F	31
DGRP_233	F	35
DGRP_233	F	51
DGRP_233	F	63
DGRP_233	F	70
DGRP_233	M	35
DGRP_233	M	35
DGRP_233	M	37
DGRP_233	M	37
DGRP_233	M	39
DGRP_233	M	37
DGRP_233	M	37
DGRP_233	M	42
DGRP_233	M	46
DGRP_233	M	46
DGRP_233	M	49
DGRP_233	M	42
DGRP_233	M	51
DGRP_233	M	71
DGRP_233	M	35
DGRP_233	M	37
DGRP_233	M	39
DGRP_233	M	28
DGRP_233	M	42
DGRP_233	M	56
DGRP_233	M	42
DGRP_233	M	71
DGRP_233	M	30
DGRP_233	M	32
DGRP_233	M	33
DGRP_233	M	21
DGRP_233	M	65
DGRP_233	M	42
DGRP_233	M	42
DGRP_233	M	50
DGRP_233	M	70
DGRP_233	M	49
DGRP_233	M	49
DGRP_233	M	56
DGRP_233	M	42
DGRP_233	M	49
DGRP_233	M	72
DGRP_233	M	39
DGRP_233	M	42
DGRP_233	M	53
DGRP_233	M	37
DGRP_233	M	39
DGRP_233	M	43
DGRP_233	M	51
DGRP_233	M	63
DGRP_233	M	7
DGRP_233	M	49
DGRP_233	M	44
DGRP_233	M	49
DGRP_233	M	56
DGRP_233	M	28
DGRP_233	M	49
DGRP_233	M	51
DGRP_233	M	29
DGRP_233	M	35
DGRP_233	M	1
DGRP_233	M	7
DGRP_233	M	51
DGRP_235	F	26
DGRP_235	F	47
DGRP_235	F	49
DGRP_235	F	46
DGRP_235	F	63
DGRP_235	F	63
DGRP_235	F	28
DGRP_235	F	28
DGRP_235	F	42
DGRP_235	F	28
DGRP_235	F	29
DGRP_235	F	35
DGRP_235	F	28
DGRP_235	F	35
DGRP_235	F	43
DGRP_235	F	2
DGRP_235	F	28
DGRP_235	F	37
DGRP_235	F	14
DGRP_235	F	45
DGRP_235	F	49
DGRP_235	F	42
DGRP_235	F	63
DGRP_235	F	63
DGRP_235	F	35
DGRP_235	F	35
DGRP_235	F	37
DGRP_235	F	44
DGRP_235	F	49
DGRP_235	F	65
DGRP_235	F	17
DGRP_235	F	50
DGRP_235	F	52
DGRP_235	F	37
DGRP_235	F	46
DGRP_235	F	49
DGRP_235	F	35
DGRP_235	F	50
DGRP_235	F	56
DGRP_235	F	43
DGRP_235	F	57
DGRP_235	F	63
DGRP_235	F	34
DGRP_235	F	45
DGRP_235	F	70
DGRP_235	F	35
DGRP_235	F	49
DGRP_235	F	56
DGRP_235	F	36
DGRP_235	F	49
DGRP_235	F	56
DGRP_235	F	28
DGRP_235	F	29
DGRP_235	F	49
DGRP_235	F	24
DGRP_235	F	37
DGRP_235	F	39
DGRP_235	F	14
DGRP_235	F	32
DGRP_235	F	51
DGRP_235	F	22
DGRP_235	F	42
DGRP_235	F	42
DGRP_235	F	44
DGRP_235	F	53
DGRP_235	F	53
DGRP_235	M	42
DGRP_235	M	47
DGRP_235	M	48
DGRP_235	M	43
DGRP_235	M	45
DGRP_235	M	28
DGRP_235	M	28
DGRP_235	M	28
DGRP_235	M	28
DGRP_235	M	32
DGRP_235	M	32
DGRP_235	M	22
DGRP_235	M	28
DGRP_235	M	35
DGRP_235	M	35
DGRP_235	M	77
DGRP_235	M	77
DGRP_235	M	11
DGRP_235	M	35
DGRP_235	M	35
DGRP_235	M	35
DGRP_235	M	42
DGRP_235	M	44
DGRP_235	M	36
DGRP_235	M	37
DGRP_235	M	56
DGRP_235	M	42
DGRP_235	M	43
DGRP_235	M	43
DGRP_235	M	28
DGRP_235	M	35
DGRP_235	M	35
DGRP_235	M	21
DGRP_235	M	46
DGRP_235	M	58
DGRP_235	M	14
DGRP_235	M	28
DGRP_235	M	42
DGRP_235	M	35
DGRP_235	M	42
DGRP_235	M	42
DGRP_235	M	51
DGRP_235	M	52
DGRP_235	M	21
DGRP_235	M	39
DGRP_235	M	39
DGRP_235	M	36
DGRP_235	M	43
DGRP_235	M	49
DGRP_235	M	35
DGRP_235	M	35
DGRP_235	M	35
DGRP_235	M	14
DGRP_235	M	21
DGRP_235	M	38
DGRP_235	M	42
DGRP_235	M	49
DGRP_235	M	70
DGRP_235	M	28
DGRP_235	M	35
DGRP_235	M	51
DGRP_235	M	49
DGRP_235	M	49
DGRP_237	F	51
DGRP_237	F	54
DGRP_237	F	58
DGRP_237	F	36
DGRP_237	F	54
DGRP_237	F	54
DGRP_237	F	40
DGRP_237	F	44
DGRP_237	F	68
DGRP_237	F	58
DGRP_237	F	58
DGRP_237	F	61
DGRP_237	F	9
DGRP_237	F	54
DGRP_237	F	69
DGRP_237	F	54
DGRP_237	F	55
DGRP_237	F	56
DGRP_237	F	5
DGRP_237	F	16
DGRP_237	F	44
DGRP_237	F	16
DGRP_237	F	24
DGRP_237	F	56
DGRP_237	F	42
DGRP_237	F	56
DGRP_237	F	63
DGRP_237	F	24
DGRP_237	F	35
DGRP_237	F	42
DGRP_237	F	32
DGRP_237	F	35
DGRP_237	F	65
DGRP_237	F	14
DGRP_237	F	53
DGRP_237	F	28
DGRP_237	F	59
DGRP_237	F	70
DGRP_237	F	61
DGRP_237	F	64
DGRP_237	F	64
DGRP_237	F	48
DGRP_237	F	60
DGRP_237	F	62
DGRP_237	F	32
DGRP_237	F	55
DGRP_237	F	67
DGRP_237	F	60
DGRP_237	F	67
DGRP_237	F	67
DGRP_237	F	59
DGRP_237	F	63
DGRP_237	F	71
DGRP_237	F	58
DGRP_237	F	70
DGRP_237	F	16
DGRP_237	F	49
DGRP_237	F	65
DGRP_237	F	59
DGRP_237	F	63
DGRP_237	F	63
DGRP_237	F	14
DGRP_237	F	56
DGRP_237	F	77
DGRP_237	F	58
DGRP_237	F	60
DGRP_237	F	60
DGRP_237	F	60
DGRP_237	F	60
DGRP_237	F	63
DGRP_237	M	44
DGRP_237	M	51
DGRP_237	M	58
DGRP_237	M	51
DGRP_237	M	54
DGRP_237	M	61
DGRP_237	M	69
DGRP_237	M	21
DGRP_237	M	58
DGRP_237	M	62
DGRP_237	M	70
DGRP_237	M	75
DGRP_237	M	61
DGRP_237	M	63
DGRP_237	M	70
DGRP_237	M	61
DGRP_237	M	79
DGRP_237	M	51
DGRP_237	M	56
DGRP_237	M	73
DGRP_237	M	56
DGRP_237	M	56
DGRP_237	M	56
DGRP_237	M	73
DGRP_237	M	73
DGRP_237	M	77
DGRP_237	M	42
DGRP_237	M	56
DGRP_237	M	65
DGRP_237	M	37
DGRP_237	M	51
DGRP_237	M	56
DGRP_237	M	49
DGRP_237	M	58
DGRP_237	M	58
DGRP_237	M	46
DGRP_237	M	53
DGRP_237	M	67
DGRP_237	M	60
DGRP_237	M	74
DGRP_237	M	78
DGRP_237	M	67
DGRP_237	M	67
DGRP_237	M	68
DGRP_237	M	53
DGRP_237	M	53
DGRP_237	M	68
DGRP_237	M	44
DGRP_237	M	56
DGRP_237	M	59
DGRP_237	M	59
DGRP_237	M	66
DGRP_237	M	43
DGRP_237	M	43
DGRP_237	M	78
DGRP_237	M	51
DGRP_237	M	70
DGRP_237	M	79
DGRP_237	M	46
DGRP_237	M	49
DGRP_237	M	56
DGRP_237	M	38
DGRP_237	M	56
DGRP_237	M	56
DGRP_237	M	30
DGRP_237	M	57
DGRP_237	M	57
DGRP_239	F	28
DGRP_239	F	39
DGRP_239	F	39
DGRP_239	F	53
DGRP_239	F	58
DGRP_239	F	67
DGRP_239	F	53
DGRP_239	F	56
DGRP_239	F	56
DGRP_239	F	51
DGRP_239	F	53
DGRP_239	F	56
DGRP_239	F	39
DGRP_239	F	39
DGRP_239	F	42
DGRP_239	F	44
DGRP_239	F	49
DGRP_239	F	53
DGRP_239	F	16
DGRP_239	F	30
DGRP_239	F	37
DGRP_239	F	17
DGRP_239	F	28
DGRP_239	F	32
DGRP_239	F	32
DGRP_239	F	56
DGRP_239	F	63
DGRP_239	F	32
DGRP_239	F	35
DGRP_239	F	60
DGRP_239	F	39
DGRP_239	F	42
DGRP_239	F	32
DGRP_239	F	53
DGRP_239	F	56
DGRP_239	F	44
DGRP_239	F	56
DGRP_239	F	37
DGRP_239	F	46
DGRP_239	F	49
DGRP_239	F	28
DGRP_239	F	56
DGRP_239	F	59
DGRP_239	F	58
DGRP_239	F	60
DGRP_239	F	63
DGRP_239	F	39
DGRP_239	F	46
DGRP_239	F	52
DGRP_239	F	18
DGRP_239	F	31
DGRP_239	F	45
DGRP_239	F	28
DGRP_239	F	28
DGRP_239	F	31
DGRP_239	F	23
DGRP_239	F	38
DGRP_239	F	46
DGRP_239	F	14
DGRP_239	F	29
DGRP_239	F	42
DGRP_239	F	42
DGRP_239	F	45
DGRP_239	F	46
DGRP_239	F	58
DGRP_239	F	70
DGRP_239	F	1
DGRP_239	F	36
DGRP_239	F	56
DGRP_239	M	35
DGRP_239	M	43
DGRP_239	M	49
DGRP_239	M	58
DGRP_239	M	58
DGRP_239	M	58
DGRP_239	M	53
DGRP_239	M	56
DGRP_239	M	56
DGRP_239	M	56
DGRP_239	M	67
DGRP_239	M	24
DGRP_239	M	39
DGRP_239	M	43
DGRP_239	M	25
DGRP_239	M	56
DGRP_239	M	56
DGRP_239	M	7
DGRP_239	M	58
DGRP_239	M	65
DGRP_239	M	21
DGRP_239	M	32
DGRP_239	M	42
DGRP_239	M	7
DGRP_239	M	56
DGRP_239	M	56
DGRP_239	M	36
DGRP_239	M	60
DGRP_239	M	65
DGRP_239	M	32
DGRP_239	M	38
DGRP_239	M	42
DGRP_239	M	43
DGRP_239	M	44
DGRP_239	M	51
DGRP_239	M	56
DGRP_239	M	56
DGRP_239	M	73
DGRP_239	M	49
DGRP_239	M	53
DGRP_239	M	56
DGRP_239	M	15
DGRP_239	M	35
DGRP_239	M	35
DGRP_239	M	63
DGRP_239	M	70
DGRP_239	M	70
DGRP_239	M	63
DGRP_239	M	66
DGRP_239	M	72
DGRP_239	M	29
DGRP_239	M	31
DGRP_239	M	46
DGRP_239	M	42
DGRP_239	M	51
DGRP_239	M	67
DGRP_239	M	49
DGRP_239	M	70
DGRP_239	M	74
DGRP_239	M	25
DGRP_239	M	35
DGRP_239	M	35
DGRP_239	M	45
DGRP_239	M	46
DGRP_239	M	56
DGRP_239	M	14
DGRP_239	M	56
DGRP_239	M	56
DGRP_239	M	49
DGRP_239	M	49
DGRP_239	M	56
DGRP_256	F	21
DGRP_256	F	32
DGRP_256	F	36
DGRP_256	F	39
DGRP_256	F	42
DGRP_256	F	56
DGRP_256	F	21
DGRP_256	F	30
DGRP_256	F	35
DGRP_256	F	35
DGRP_256	F	49
DGRP_256	F	52
DGRP_256	F	25
DGRP_256	F	30
DGRP_256	F	32
DGRP_256	F	17
DGRP_256	F	24
DGRP_256	F	35
DGRP_256	F	11
DGRP_256	F	32
DGRP_256	F	51
DGRP_256	F	35
DGRP_256	F	42
DGRP_256	F	49
DGRP_256	F	47
DGRP_256	F	70
DGRP_256	F	35
DGRP_256	F	46
DGRP_256	F	57
DGRP_256	F	29
DGRP_256	F	42
DGRP_256	F	33
DGRP_256	F	53
DGRP_256	F	62
DGRP_256	F	39
DGRP_256	F	43
DGRP_256	F	47
DGRP_256	F	67
DGRP_256	F	79
DGRP_256	F	42
DGRP_256	F	42
DGRP_256	F	70
DGRP_256	F	30
DGRP_256	F	37
DGRP_256	F	42
DGRP_256	F	21
DGRP_256	F	35
DGRP_256	F	56
DGRP_256	F	35
DGRP_256	F	44
DGRP_256	F	64
DGRP_256	F	35
DGRP_256	F	35
DGRP_256	F	42
DGRP_256	F	44
DGRP_256	F	51
DGRP_256	F	60
DGRP_256	F	11
DGRP_256	F	21
DGRP_256	F	30
DGRP_256	F	18
DGRP_256	F	27
DGRP_256	F	46
DGRP_256	F	39
DGRP_256	F	46
DGRP_256	F	62
DGRP_256	F	32
DGRP_256	F	60
DGRP_256	F	71
DGRP_256	M	63
DGRP_256	M	63
DGRP_256	M	67
DGRP_256	M	63
DGRP_256	M	65
DGRP_256	M	65
DGRP_256	M	56
DGRP_256	M	73
DGRP_256	M	42
DGRP_256	M	42
DGRP_256	M	44
DGRP_256	M	51
DGRP_256	M	56
DGRP_256	M	56
DGRP_256	M	29
DGRP_256	M	60
DGRP_256	M	63
DGRP_256	M	49
DGRP_256	M	63
DGRP_256	M	80
DGRP_256	M	73
DGRP_256	M	73
DGRP_256	M	77
DGRP_256	M	71
DGRP_256	M	71
DGRP_256	M	53
DGRP_256	M	75
DGRP_256	M	48
DGRP_256	M	55
DGRP_256	M	60
DGRP_256	M	46
DGRP_256	M	62
DGRP_256	M	68
DGRP_256	M	41
DGRP_256	M	46
DGRP_256	M	63
DGRP_256	M	42
DGRP_256	M	49
DGRP_256	M	84
DGRP_256	M	49
DGRP_256	M	70
DGRP_256	M	70
DGRP_256	M	28
DGRP_256	M	30
DGRP_256	M	56
DGRP_256	M	42
DGRP_256	M	60
DGRP_256	M	63
DGRP_256	M	7
DGRP_256	M	44
DGRP_256	M	70
DGRP_256	M	21
DGRP_256	M	65
DGRP_256	M	70
DGRP_256	M	35
DGRP_256	M	70
DGRP_256	M	70
DGRP_256	M	63
DGRP_256	M	70
DGRP_256	M	77
DGRP_256	M	53
DGRP_256	M	74
DGRP_256	M	74
DGRP_256	M	39
DGRP_256	M	60
DGRP_256	M	75
DGRP_256	M	60
DGRP_256	M	60
DGRP_256	M	74
DGRP_280	F	8
DGRP_280	F	42
DGRP_280	F	47
DGRP_280	F	47
DGRP_280	F	54
DGRP_280	F	42
DGRP_280	F	49
DGRP_280	F	51
DGRP_280	F	46
DGRP_280	F	51
DGRP_280	F	51
DGRP_280	F	42
DGRP_280	F	43
DGRP_280	F	44
DGRP_280	F	37
DGRP_280	F	42
DGRP_280	F	46
DGRP_280	F	39
DGRP_280	F	42
DGRP_280	F	42
DGRP_280	F	42
DGRP_280	F	45
DGRP_280	F	49
DGRP_280	F	35
DGRP_280	F	42
DGRP_280	F	44
DGRP_280	F	32
DGRP_280	F	42
DGRP_280	F	49
DGRP_280	F	39
DGRP_280	F	42
DGRP_280	F	56
DGRP_280	F	42
DGRP_280	F	51
DGRP_280	F	53
DGRP_280	F	28
DGRP_280	F	46
DGRP_280	F	49
DGRP_280	F	51
DGRP_280	F	53
DGRP_280	F	63
DGRP_280	F	51
DGRP_280	F	56
DGRP_280	F	56
DGRP_280	F	49
DGRP_280	F	49
DGRP_280	F	56
DGRP_280	F	44
DGRP_280	F	50
DGRP_280	F	53
DGRP_280	F	35
DGRP_280	F	51
DGRP_280	F	57
DGRP_280	F	44
DGRP_280	F	49
DGRP_280	F	49
DGRP_280	F	43
DGRP_280	F	46
DGRP_280	F	53
DGRP_280	F	53
DGRP_280	F	60
DGRP_280	F	44
DGRP_280	F	49
DGRP_280	F	60
DGRP_280	F	42
DGRP_280	F	49
DGRP_280	F	49
DGRP_280	M	47
DGRP_280	M	47
DGRP_280	M	54
DGRP_280	M	26
DGRP_280	M	37
DGRP_280	M	44
DGRP_280	M	51
DGRP_280	M	52
DGRP_280	M	70
DGRP_280	M	42
DGRP_280	M	51
DGRP_280	M	51
DGRP_280	M	2
DGRP_280	M	28
DGRP_280	M	32
DGRP_280	M	43
DGRP_280	M	44
DGRP_280	M	46
DGRP_280	M	28
DGRP_280	M	49
DGRP_280	M	44
DGRP_280	M	44
DGRP_280	M	46
DGRP_280	M	37
DGRP_280	M	39
DGRP_280	M	42
DGRP_280	M	36
DGRP_280	M	49
DGRP_280	M	52
DGRP_280	M	35
DGRP_280	M	35
DGRP_280	M	42
DGRP_280	M	32
DGRP_280	M	42
DGRP_280	M	53
DGRP_280	M	42
DGRP_280	M	44
DGRP_280	M	9
DGRP_280	M	53
DGRP_280	M	53
DGRP_280	M	35
DGRP_280	M	49
DGRP_280	M	49
DGRP_280	M	42
DGRP_280	M	49
DGRP_280	M	32
DGRP_280	M	53
DGRP_280	M	56
DGRP_280	M	56
DGRP_280	M	77
DGRP_280	M	44
DGRP_280	M	48
DGRP_280	M	29
DGRP_280	M	35
DGRP_280	M	44
DGRP_280	M	49
DGRP_280	M	53
DGRP_280	M	53
DGRP_280	M	49
DGRP_280	M	56
DGRP_280	M	56
DGRP_280	M	36
DGRP_280	M	42
DGRP_280	M	45
DGRP_287	F	54
DGRP_287	F	61
DGRP_287	F	35
DGRP_287	F	39
DGRP_287	F	51
DGRP_287	F	28
DGRP_287	F	42
DGRP_287	F	42
DGRP_287	F	21
DGRP_287	F	51
DGRP_287	F	56
DGRP_287	F	42
DGRP_287	F	44
DGRP_287	F	56
DGRP_287	F	51
DGRP_287	F	59
DGRP_287	F	63
DGRP_287	F	35
DGRP_287	F	36
DGRP_287	F	45
DGRP_287	F	44
DGRP_287	F	50
DGRP_287	F	51
DGRP_287	F	53
DGRP_287	F	56
DGRP_287	F	42
DGRP_287	F	50
DGRP_287	F	43
DGRP_287	F	46
DGRP_287	F	49
DGRP_287	F	42
DGRP_287	F	42
DGRP_287	F	42
DGRP_287	F	32
DGRP_287	F	42
DGRP_287	F	44
DGRP_287	F	35
DGRP_287	F	44
DGRP_287	F	49
DGRP_287	F	52
DGRP_287	F	56
DGRP_287	F	43
DGRP_287	F	46
DGRP_287	F	49
DGRP_287	F	7
DGRP_287	F	42
DGRP_287	F	49
DGRP_287	F	21
DGRP_287	F	57
DGRP_287	F	70
DGRP_287	F	44
DGRP_287	F	58
DGRP_287	F	60
DGRP_287	F	35
DGRP_287	F	37
DGRP_287	F	49
DGRP_287	F	56
DGRP_287	F	56
DGRP_287	F	56
DGRP_287	F	49
DGRP_287	F	51
DGRP_287	M	47
DGRP_287	M	54
DGRP_287	M	28
DGRP_287	M	32
DGRP_287	M	35
DGRP_287	M	28
DGRP_287	M	39
DGRP_287	M	46
DGRP_287	M	51
DGRP_287	M	35
DGRP_287	M	39
DGRP_287	M	46
DGRP_287	M	46
DGRP_287	M	49
DGRP_287	M	28
DGRP_287	M	36
DGRP_287	M	42
DGRP_287	M	44
DGRP_287	M	49
DGRP_287	M	46
DGRP_287	M	49
DGRP_287	M	53
DGRP_287	M	28
DGRP_287	M	28
DGRP_287	M	28
DGRP_287	M	37
DGRP_287	M	42
DGRP_287	M	45
DGRP_287	M	37
DGRP_287	M	49
DGRP_287	M	37
DGRP_287	M	44
DGRP_287	M	51
DGRP_287	M	56
DGRP_287	M	56
DGRP_287	M	53
DGRP_287	M	56
DGRP_287	M	42
DGRP_287	M	42
DGRP_287	M	42
DGRP_287	M	46
DGRP_287	M	49
DGRP_287	M	35
DGRP_287	M	42
DGRP_287	M	56
DGRP_287	M	39
DGRP_287	M	42
DGRP_287	M	46
DGRP_287	M	28
DGRP_287	M	35
DGRP_287	M	37
DGRP_287	M	35
DGRP_287	M	42
DGRP_287	M	46
DGRP_287	M	46
DGRP_287	M	49
DGRP_301	F	55
DGRP_301	F	78
DGRP_301	F	76
DGRP_301	F	76
DGRP_301	F	76
DGRP_301	F	36
DGRP_301	F	76
DGRP_301	F	16
DGRP_301	F	20
DGRP_301	F	55
DGRP_301	F	57
DGRP_301	F	57
DGRP_301	F	90
DGRP_301	F	76
DGRP_301	F	76
DGRP_301	F	79
DGRP_301	F	24
DGRP_301	F	55
DGRP_301	F	62
DGRP_301	F	17
DGRP_301	F	62
DGRP_301	F	76
DGRP_301	F	16
DGRP_301	F	57
DGRP_301	F	59
DGRP_301	F	23
DGRP_301	F	70
DGRP_301	F	30
DGRP_301	F	35
DGRP_301	F	42
DGRP_301	F	17
DGRP_301	F	28
DGRP_301	F	42
DGRP_301	F	32
DGRP_301	F	70
DGRP_301	F	18
DGRP_301	F	66
DGRP_301	F	46
DGRP_301	F	51
DGRP_301	F	70
DGRP_301	F	63
DGRP_301	F	81
DGRP_301	F	81
DGRP_301	F	23
DGRP_301	F	79
DGRP_301	F	85
DGRP_301	F	24
DGRP_301	F	56
DGRP_301	F	70
DGRP_301	F	77
DGRP_301	F	80
DGRP_301	F	35
DGRP_301	F	70
DGRP_301	F	21
DGRP_301	F	46
DGRP_301	F	91
DGRP_301	M	41
DGRP_301	M	57
DGRP_301	M	69
DGRP_301	M	76
DGRP_301	M	86
DGRP_301	M	48
DGRP_301	M	76
DGRP_301	M	76
DGRP_301	M	43
DGRP_301	M	69
DGRP_301	M	76
DGRP_301	M	55
DGRP_301	M	55
DGRP_301	M	62
DGRP_301	M	62
DGRP_301	M	73
DGRP_301	M	76
DGRP_301	M	55
DGRP_301	M	72
DGRP_301	M	76
DGRP_301	M	57
DGRP_301	M	62
DGRP_301	M	62
DGRP_301	M	76
DGRP_301	M	84
DGRP_301	M	50
DGRP_301	M	70
DGRP_301	M	49
DGRP_301	M	60
DGRP_301	M	84
DGRP_301	M	60
DGRP_301	M	77
DGRP_301	M	85
DGRP_301	M	63
DGRP_301	M	77
DGRP_301	M	77
DGRP_301	M	63
DGRP_301	M	63
DGRP_301	M	91
DGRP_301	M	63
DGRP_301	M	66
DGRP_301	M	84
DGRP_301	M	58
DGRP_301	M	79
DGRP_301	M	85
DGRP_301	M	51
DGRP_301	M	56
DGRP_301	M	63
DGRP_301	M	72
DGRP_301	M	77
DGRP_301	M	30
DGRP_301	M	35
DGRP_301	M	52
DGRP_301	M	91
DGRP_301	M	92
DGRP_301	M	56
DGRP_301	M	84
DGRP_301	M	91
DGRP_303	F	58
DGRP_303	F	62
DGRP_303	F	72
DGRP_303	F	37
DGRP_303	F	52
DGRP_303	F	55
DGRP_303	F	62
DGRP_303	F	62
DGRP_303	F	73
DGRP_303	F	69
DGRP_303	F	69
DGRP_303	F	76
DGRP_303	F	69
DGRP_303	F	69
DGRP_303	F	69
DGRP_303	F	48
DGRP_303	F	55
DGRP_303	F	55
DGRP_303	F	27
DGRP_303	F	41
DGRP_303	F	55
DGRP_303	F	29
DGRP_303	F	43
DGRP_303	F	55
DGRP_303	F	17
DGRP_303	F	58
DGRP_303	F	58
DGRP_303	F	27
DGRP_303	F	49
DGRP_303	F	55
DGRP_303	F	49
DGRP_303	F	55
DGRP_303	F	36
DGRP_303	F	63
DGRP_303	F	63
DGRP_303	F	64
DGRP_303	F	64
DGRP_303	F	65
DGRP_303	F	29
DGRP_303	F	50
DGRP_303	F	63
DGRP_303	F	60
DGRP_303	F	63
DGRP_303	F	71
DGRP_303	F	28
DGRP_303	F	57
DGRP_303	F	63
DGRP_303	F	63
DGRP_303	F	64
DGRP_303	F	64
DGRP_303	F	63
DGRP_303	F	63
DGRP_303	F	65
DGRP_303	F	39
DGRP_303	F	66
DGRP_303	F	70
DGRP_303	F	56
DGRP_303	F	65
DGRP_303	F	84
DGRP_303	F	56
DGRP_303	F	70
DGRP_303	F	72
DGRP_303	F	63
DGRP_303	F	66
DGRP_303	F	72
DGRP_303	F	49
DGRP_303	F	72
DGRP_303	M	58
DGRP_303	M	62
DGRP_303	M	71
DGRP_303	M	55
DGRP_303	M	55
DGRP_303	M	62
DGRP_303	M	62
DGRP_303	M	73
DGRP_303	M	76
DGRP_303	M	34
DGRP_303	M	69
DGRP_303	M	76
DGRP_303	M	48
DGRP_303	M	62
DGRP_303	M	64
DGRP_303	M	48
DGRP_303	M	55
DGRP_303	M	55
DGRP_303	M	58
DGRP_303	M	69
DGRP_303	M	69
DGRP_303	M	41
DGRP_303	M	57
DGRP_303	M	76
DGRP_303	M	62
DGRP_303	M	79
DGRP_303	M	41
DGRP_303	M	69
DGRP_303	M	69
DGRP_303	M	49
DGRP_303	M	49
DGRP_303	M	50
DGRP_303	M	63
DGRP_303	M	63
DGRP_303	M	70
DGRP_303	M	56
DGRP_303	M	56
DGRP_303	M	63
DGRP_303	M	50
DGRP_303	M	63
DGRP_303	M	63
DGRP_303	M	35
DGRP_303	M	56
DGRP_303	M	60
DGRP_303	M	63
DGRP_303	M	70
DGRP_303	M	84
DGRP_303	M	63
DGRP_303	M	63
DGRP_303	M	70
DGRP_303	M	63
DGRP_303	M	63
DGRP_303	M	63
DGRP_303	M	65
DGRP_303	M	70
DGRP_303	M	70
DGRP_303	M	63
DGRP_303	M	64
DGRP_303	M	67
DGRP_303	M	63
DGRP_303	M	64
DGRP_303	M	64
DGRP_303	M	38
DGRP_303	M	63
DGRP_303	M	63
DGRP_303	M	77
DGRP_303	M	77
DGRP_304	F	44
DGRP_304	F	53
DGRP_304	F	51
DGRP_304	F	64
DGRP_304	F	66
DGRP_304	F	72
DGRP_304	F	72
DGRP_304	F	78
DGRP_304	F	51
DGRP_304	F	76
DGRP_304	F	77
DGRP_304	F	76
DGRP_304	F	76
DGRP_304	F	79
DGRP_304	F	55
DGRP_304	F	77
DGRP_304	F	84
DGRP_304	F	63
DGRP_304	F	69
DGRP_304	F	71
DGRP_304	F	55
DGRP_304	F	71
DGRP_304	F	76
DGRP_304	F	59
DGRP_304	F	62
DGRP_304	F	76
DGRP_304	F	64
DGRP_304	F	65
DGRP_304	F	72
DGRP_304	F	63
DGRP_304	F	71
DGRP_304	F	66
DGRP_304	F	76
DGRP_304	F	83
DGRP_304	F	64
DGRP_304	F	84
DGRP_304	F	46
DGRP_304	F	70
DGRP_304	F	77
DGRP_304	F	70
DGRP_304	F	70
DGRP_304	F	77
DGRP_304	F	51
DGRP_304	F	64
DGRP_304	F	70
DGRP_304	F	57
DGRP_304	F	63
DGRP_304	F	80
DGRP_304	F	56
DGRP_304	F	65
DGRP_304	F	77
DGRP_304	F	44
DGRP_304	F	70
DGRP_304	F	70
DGRP_304	F	78
DGRP_304	F	80
DGRP_304	F	66
DGRP_304	F	67
DGRP_304	F	80
DGRP_304	F	45
DGRP_304	F	64
DGRP_304	F	72
DGRP_304	F	66
DGRP_304	F	70
DGRP_304	F	91
DGRP_304	M	50
DGRP_304	M	52
DGRP_304	M	55
DGRP_304	M	55
DGRP_304	M	64
DGRP_304	M	33
DGRP_304	M	45
DGRP_304	M	66
DGRP_304	M	69
DGRP_304	M	76
DGRP_304	M	94
DGRP_304	M	34
DGRP_304	M	55
DGRP_304	M	71
DGRP_304	M	55
DGRP_304	M	76
DGRP_304	M	76
DGRP_304	M	22
DGRP_304	M	62
DGRP_304	M	65
DGRP_304	M	63
DGRP_304	M	69
DGRP_304	M	76
DGRP_304	M	76
DGRP_304	M	77
DGRP_304	M	41
DGRP_304	M	62
DGRP_304	M	64
DGRP_304	M	45
DGRP_304	M	64
DGRP_304	M	43
DGRP_304	M	76
DGRP_304	M	78
DGRP_304	M	77
DGRP_304	M	77
DGRP_304	M	79
DGRP_304	M	49
DGRP_304	M	51
DGRP_304	M	70
DGRP_304	M	46
DGRP_304	M	56
DGRP_304	M	81
DGRP_304	M	70
DGRP_304	M	84
DGRP_304	M	56
DGRP_304	M	70
DGRP_304	M	78
DGRP_304	M	84
DGRP_304	M	87
DGRP_304	M	56
DGRP_304	M	73
DGRP_304	M	80
DGRP_304	M	56
DGRP_304	M	77
DGRP_304	M	77
DGRP_304	M	77
DGRP_304	M	84
DGRP_304	M	86
DGRP_304	M	56
DGRP_304	M	63
DGRP_304	M	70
DGRP_304	M	77
DGRP_304	M	91
DGRP_304	M	92
DGRP_306	F	42
DGRP_306	F	49
DGRP_306	F	72
DGRP_306	F	42
DGRP_306	F	63
DGRP_306	F	71
DGRP_306	F	28
DGRP_306	F	35
DGRP_306	F	63
DGRP_306	F	56
DGRP_306	F	59
DGRP_306	F	70
DGRP_306	F	56
DGRP_306	F	58
DGRP_306	F	72
DGRP_306	F	42
DGRP_306	F	56
DGRP_306	F	63
DGRP_306	F	37
DGRP_306	F	63
DGRP_306	F	65
DGRP_306	F	49
DGRP_306	F	66
DGRP_306	F	70
DGRP_306	F	15
DGRP_306	F	63
DGRP_306	F	67
DGRP_306	F	63
DGRP_306	F	63
DGRP_306	F	70
DGRP_306	F	56
DGRP_306	F	56
DGRP_306	F	63
DGRP_306	F	60
DGRP_306	F	63
DGRP_306	F	64
DGRP_306	F	36
DGRP_306	F	39
DGRP_306	F	43
DGRP_306	F	42
DGRP_306	F	63
DGRP_306	F	64
DGRP_306	F	42
DGRP_306	F	42
DGRP_306	F	50
DGRP_306	F	57
DGRP_306	F	63
DGRP_306	F	38
DGRP_306	F	63
DGRP_306	F	53
DGRP_306	F	56
DGRP_306	F	63
DGRP_306	F	56
DGRP_306	F	56
DGRP_306	F	63
DGRP_306	F	52
DGRP_306	F	60
DGRP_306	F	77
DGRP_306	F	63
DGRP_306	F	63
DGRP_306	F	70
DGRP_306	M	51
DGRP_306	M	63
DGRP_306	M	63
DGRP_306	M	63
DGRP_306	M	65
DGRP_306	M	71
DGRP_306	M	58
DGRP_306	M	63
DGRP_306	M	66
DGRP_306	M	58
DGRP_306	M	70
DGRP_306	M	70
DGRP_306	M	63
DGRP_306	M	63
DGRP_306	M	63
DGRP_306	M	42
DGRP_306	M	56
DGRP_306	M	56
DGRP_306	M	49
DGRP_306	M	49
DGRP_306	M	65
DGRP_306	M	67
DGRP_306	M	70
DGRP_306	M	63
DGRP_306	M	70
DGRP_306	M	77
DGRP_306	M	60
DGRP_306	M	74
DGRP_306	M	77
DGRP_306	M	56
DGRP_306	M	56
DGRP_306	M	70
DGRP_306	M	53
DGRP_306	M	59
DGRP_306	M	63
DGRP_306	M	42
DGRP_306	M	42
DGRP_306	M	51
DGRP_306	M	63
DGRP_306	M	63
DGRP_306	M	56
DGRP_306	M	63
DGRP_306	M	70
DGRP_306	M	50
DGRP_306	M	56
DGRP_306	M	63
DGRP_306	M	57
DGRP_306	M	59
DGRP_306	M	63
DGRP_306	M	42
DGRP_306	M	56
DGRP_306	M	63
DGRP_306	M	35
DGRP_306	M	60
DGRP_306	M	77
DGRP_306	M	53
DGRP_306	M	56
DGRP_306	M	49
DGRP_306	M	63
DGRP_306	M	63
DGRP_307	F	29
DGRP_307	F	37
DGRP_307	F	55
DGRP_307	F	15
DGRP_307	F	28
DGRP_307	F	48
DGRP_307	F	15
DGRP_307	F	27
DGRP_307	F	41
DGRP_307	F	31
DGRP_307	F	78
DGRP_307	F	87
DGRP_307	F	27
DGRP_307	F	31
DGRP_307	F	38
DGRP_307	F	30
DGRP_307	F	34
DGRP_307	F	43
DGRP_307	F	22
DGRP_307	F	29
DGRP_307	F	35
DGRP_307	F	25
DGRP_307	F	27
DGRP_307	F	41
DGRP_307	F	29
DGRP_307	F	48
DGRP_307	F	48
DGRP_307	F	41
DGRP_307	F	46
DGRP_307	F	53
DGRP_307	F	22
DGRP_307	F	30
DGRP_307	F	40
DGRP_307	F	32
DGRP_307	F	46
DGRP_307	F	46
DGRP_307	F	35
DGRP_307	F	39
DGRP_307	F	42
DGRP_307	F	29
DGRP_307	F	31
DGRP_307	F	35
DGRP_307	F	21
DGRP_307	F	25
DGRP_307	F	28
DGRP_307	F	23
DGRP_307	F	28
DGRP_307	F	28
DGRP_307	F	9
DGRP_307	F	22
DGRP_307	F	39
DGRP_307	F	22
DGRP_307	F	25
DGRP_307	F	35
DGRP_307	F	22
DGRP_307	F	28
DGRP_307	F	31
DGRP_307	F	28
DGRP_307	F	32
DGRP_307	F	49
DGRP_307	F	28
DGRP_307	F	31
DGRP_307	F	35
DGRP_307	F	15
DGRP_307	F	25
DGRP_307	F	39
DGRP_307	F	30
DGRP_307	F	51
DGRP_307	F	18
DGRP_307	F	28
DGRP_307	F	42
DGRP_307	M	22
DGRP_307	M	48
DGRP_307	M	48
DGRP_307	M	28
DGRP_307	M	41
DGRP_307	M	41
DGRP_307	M	13
DGRP_307	M	36
DGRP_307	M	37
DGRP_307	M	50
DGRP_307	M	51
DGRP_307	M	52
DGRP_307	M	34
DGRP_307	M	34
DGRP_307	M	41
DGRP_307	M	27
DGRP_307	M	36
DGRP_307	M	43
DGRP_307	M	32
DGRP_307	M	35
DGRP_307	M	82
DGRP_307	M	39
DGRP_307	M	46
DGRP_307	M	50
DGRP_307	M	46
DGRP_307	M	48
DGRP_307	M	60
DGRP_307	M	53
DGRP_307	M	53
DGRP_307	M	53
DGRP_307	M	33
DGRP_307	M	40
DGRP_307	M	40
DGRP_307	M	36
DGRP_307	M	46
DGRP_307	M	67
DGRP_307	M	36
DGRP_307	M	42
DGRP_307	M	44
DGRP_307	M	42
DGRP_307	M	49
DGRP_307	M	49
DGRP_307	M	42
DGRP_307	M	42
DGRP_307	M	56
DGRP_307	M	35
DGRP_307	M	42
DGRP_307	M	28
DGRP_307	M	42
DGRP_307	M	42
DGRP_307	M	28
DGRP_307	M	50
DGRP_307	M	29
DGRP_307	M	49
DGRP_307	M	49
DGRP_307	M	31
DGRP_307	M	42
DGRP_307	M	49
DGRP_307	M	43
DGRP_307	M	44
DGRP_307	M	45
DGRP_307	M	46
DGRP_307	M	52
DGRP_307	M	56
DGRP_307	M	45
DGRP_307	M	46
DGRP_307	M	56
DGRP_307	M	35
DGRP_307	M	43
DGRP_307	M	51
DGRP_309	F	61
DGRP_309	F	62
DGRP_309	F	69
DGRP_309	F	39
DGRP_309	F	39
DGRP_309	F	39
DGRP_309	F	46
DGRP_309	F	46
DGRP_309	F	47
DGRP_309	F	25
DGRP_309	F	25
DGRP_309	F	33
DGRP_309	F	29
DGRP_309	F	34
DGRP_309	F	32
DGRP_309	F	36
DGRP_309	F	39
DGRP_309	F	27
DGRP_309	F	28
DGRP_309	F	28
DGRP_309	F	32
DGRP_309	F	35
DGRP_309	F	23
DGRP_309	F	33
DGRP_309	F	19
DGRP_309	F	19
DGRP_309	F	32
DGRP_309	F	28
DGRP_309	F	36
DGRP_309	F	39
DGRP_309	F	28
DGRP_309	F	33
DGRP_309	F	33
DGRP_309	F	32
DGRP_309	F	36
DGRP_309	F	39
DGRP_309	F	27
DGRP_309	F	32
DGRP_309	F	46
DGRP_309	F	33
DGRP_309	F	39
DGRP_309	F	43
DGRP_309	F	39
DGRP_309	F	41
DGRP_309	F	39
DGRP_309	F	39
DGRP_309	F	49
DGRP_309	F	34
DGRP_309	F	36
DGRP_309	F	36
DGRP_309	F	39
DGRP_309	F	40
DGRP_309	F	40
DGRP_309	F	20
DGRP_309	F	39
DGRP_309	F	40
DGRP_309	F	18
DGRP_309	F	34
DGRP_309	F	39
DGRP_309	F	27
DGRP_309	F	32
DGRP_309	F	33
DGRP_309	F	42
DGRP_309	F	43
DGRP_309	M	32
DGRP_309	M	39
DGRP_309	M	28
DGRP_309	M	34
DGRP_309	M	39
DGRP_309	M	36
DGRP_309	M	40
DGRP_309	M	40
DGRP_309	M	33
DGRP_309	M	43
DGRP_309	M	43
DGRP_309	M	19
DGRP_309	M	39
DGRP_309	M	39
DGRP_309	M	29
DGRP_309	M	39
DGRP_309	M	39
DGRP_309	M	32
DGRP_309	M	32
DGRP_309	M	48
DGRP_309	M	32
DGRP_309	M	34
DGRP_309	M	32
DGRP_309	M	41
DGRP_309	M	6
DGRP_309	M	28
DGRP_309	M	46
DGRP_309	M	32
DGRP_309	M	34
DGRP_309	M	39
DGRP_309	M	6
DGRP_309	M	32
DGRP_309	M	46
DGRP_309	M	27
DGRP_309	M	29
DGRP_309	M	36
DGRP_309	M	39
DGRP_309	M	39
DGRP_309	M	32
DGRP_309	M	39
DGRP_309	M	43
DGRP_309	M	32
DGRP_309	M	32
DGRP_309	M	18
DGRP_309	M	25
DGRP_309	M	41
DGRP_309	M	29
DGRP_309	M	39
DGRP_309	M	32
DGRP_309	M	39
DGRP_309	M	46
DGRP_309	M	32
DGRP_309	M	46
DGRP_309	M	32
DGRP_309	M	39
DGRP_309	M	39
DGRP_309	M	27
DGRP_309	M	39
DGRP_309	M	42
DGRP_309	M	29
DGRP_309	M	32
DGRP_309	M	41
DGRP_310	F	23
DGRP_310	F	27
DGRP_310	F	39
DGRP_310	F	25
DGRP_310	F	25
DGRP_310	F	25
DGRP_310	F	19
DGRP_310	F	27
DGRP_310	F	29
DGRP_310	F	19
DGRP_310	F	21
DGRP_310	F	25
DGRP_310	F	19
DGRP_310	F	23
DGRP_310	F	25
DGRP_310	F	19
DGRP_310	F	26
DGRP_310	F	29
DGRP_310	F	20
DGRP_310	F	25
DGRP_310	F	33
DGRP_310	F	15
DGRP_310	F	32
DGRP_310	F	19
DGRP_310	F	19
DGRP_310	F	25
DGRP_310	F	25
DGRP_310	F	39
DGRP_310	F	41
DGRP_310	F	20
DGRP_310	F	38
DGRP_310	F	25
DGRP_310	F	28
DGRP_310	F	36
DGRP_310	F	25
DGRP_310	F	25
DGRP_310	F	32
DGRP_310	F	11
DGRP_310	F	25
DGRP_310	F	34
DGRP_310	F	4
DGRP_310	F	18
DGRP_310	F	25
DGRP_310	F	6
DGRP_310	F	20
DGRP_310	F	27
DGRP_310	F	4
DGRP_310	F	13
DGRP_310	F	32
DGRP_310	F	22
DGRP_310	F	29
DGRP_310	F	32
DGRP_310	F	6
DGRP_310	F	25
DGRP_310	F	32
DGRP_310	F	4
DGRP_310	F	22
DGRP_310	F	53
DGRP_310	F	18
DGRP_310	F	22
DGRP_310	F	32
DGRP_310	F	15
DGRP_310	F	22
DGRP_310	F	15
DGRP_310	F	20
DGRP_310	F	22
DGRP_310	F	4
DGRP_310	F	18
DGRP_310	F	29
DGRP_310	M	29
DGRP_310	M	29
DGRP_310	M	32
DGRP_310	M	15
DGRP_310	M	25
DGRP_310	M	27
DGRP_310	M	19
DGRP_310	M	25
DGRP_310	M	29
DGRP_310	M	23
DGRP_310	M	23
DGRP_310	M	27
DGRP_310	M	15
DGRP_310	M	39
DGRP_310	M	21
DGRP_310	M	23
DGRP_310	M	46
DGRP_310	M	25
DGRP_310	M	32
DGRP_310	M	32
DGRP_310	M	27
DGRP_310	M	28
DGRP_310	M	32
DGRP_310	M	19
DGRP_310	M	36
DGRP_310	M	41
DGRP_310	M	19
DGRP_310	M	25
DGRP_310	M	24
DGRP_310	M	29
DGRP_310	M	22
DGRP_310	M	22
DGRP_310	M	20
DGRP_310	M	22
DGRP_310	M	48
DGRP_310	M	8
DGRP_310	M	25
DGRP_310	M	29
DGRP_310	M	25
DGRP_310	M	32
DGRP_310	M	22
DGRP_310	M	25
DGRP_310	M	32
DGRP_310	M	25
DGRP_310	M	25
DGRP_310	M	32
DGRP_310	M	25
DGRP_310	M	29
DGRP_310	M	32
DGRP_310	M	4
DGRP_310	M	11
DGRP_310	M	27
DGRP_310	M	35
DGRP_310	M	39
DGRP_310	M	18
DGRP_310	M	25
DGRP_310	M	32
DGRP_310	M	11
DGRP_310	M	32
DGRP_310	M	32
DGRP_310	M	29
DGRP_310	M	32
DGRP_310	M	43
DGRP_310	M	29
DGRP_310	M	35
DGRP_310	M	39
DGRP_313	F	50
DGRP_313	F	52
DGRP_313	F	55
DGRP_313	F	55
DGRP_313	F	76
DGRP_313	F	91
DGRP_313	F	34
DGRP_313	F	48
DGRP_313	F	59
DGRP_313	F	20
DGRP_313	F	66
DGRP_313	F	76
DGRP_313	F	27
DGRP_313	F	55
DGRP_313	F	85
DGRP_313	F	45
DGRP_313	F	59
DGRP_313	F	83
DGRP_313	F	55
DGRP_313	F	84
DGRP_313	F	84
DGRP_313	F	28
DGRP_313	F	30
DGRP_313	F	17
DGRP_313	F	27
DGRP_313	F	35
DGRP_313	F	57
DGRP_313	F	83
DGRP_313	F	17
DGRP_313	F	22
DGRP_313	F	77
DGRP_313	F	18
DGRP_313	F	25
DGRP_313	F	49
DGRP_313	F	14
DGRP_313	F	16
DGRP_313	F	21
DGRP_313	F	14
DGRP_313	F	14
DGRP_313	F	14
DGRP_313	F	21
DGRP_313	F	21
DGRP_313	F	22
DGRP_313	F	21
DGRP_313	F	28
DGRP_313	F	49
DGRP_313	F	14
DGRP_313	F	15
DGRP_313	F	21
DGRP_313	F	15
DGRP_313	F	21
DGRP_313	F	39
DGRP_313	F	16
DGRP_313	F	22
DGRP_313	F	35
DGRP_313	F	16
DGRP_313	F	21
DGRP_313	F	21
DGRP_313	F	11
DGRP_313	F	28
DGRP_313	F	35
DGRP_313	F	42
DGRP_313	F	49
DGRP_313	F	63
DGRP_313	M	48
DGRP_313	M	52
DGRP_313	M	92
DGRP_313	M	49
DGRP_313	M	69
DGRP_313	M	69
DGRP_313	M	48
DGRP_313	M	55
DGRP_313	M	55
DGRP_313	M	55
DGRP_313	M	55
DGRP_313	M	76
DGRP_313	M	48
DGRP_313	M	78
DGRP_313	M	83
DGRP_313	M	48
DGRP_313	M	76
DGRP_313	M	83
DGRP_313	M	55
DGRP_313	M	55
DGRP_313	M	73
DGRP_313	M	27
DGRP_313	M	94
DGRP_313	M	84
DGRP_313	M	94
DGRP_313	M	97
DGRP_313	M	55
DGRP_313	M	69
DGRP_313	M	69
DGRP_313	M	42
DGRP_313	M	49
DGRP_313	M	51
DGRP_313	M	15
DGRP_313	M	35
DGRP_313	M	35
DGRP_313	M	70
DGRP_313	M	70
DGRP_313	M	71
DGRP_313	M	70
DGRP_313	M	80
DGRP_313	M	28
DGRP_313	M	49
DGRP_313	M	60
DGRP_313	M	52
DGRP_313	M	63
DGRP_313	M	77
DGRP_313	M	21
DGRP_313	M	77
DGRP_313	M	77
DGRP_313	M	21
DGRP_313	M	42
DGRP_313	M	42
DGRP_313	M	71
DGRP_313	M	71
DGRP_313	M	91
DGRP_313	M	42
DGRP_313	M	56
DGRP_313	M	74
DGRP_313	M	4
DGRP_313	M	30
DGRP_313	M	49
DGRP_313	M	35
DGRP_313	M	49
DGRP_313	M	51
DGRP_315	F	15
DGRP_315	F	36
DGRP_315	F	76
DGRP_315	F	16
DGRP_315	F	76
DGRP_315	F	79
DGRP_315	F	17
DGRP_315	F	71
DGRP_315	F	76
DGRP_315	F	76
DGRP_315	F	76
DGRP_315	F	83
DGRP_315	F	36
DGRP_315	F	69
DGRP_315	F	41
DGRP_315	F	69
DGRP_315	F	45
DGRP_315	F	55
DGRP_315	F	50
DGRP_315	F	76
DGRP_315	F	32
DGRP_315	F	59
DGRP_315	F	73
DGRP_315	F	66
DGRP_315	F	76
DGRP_315	F	31
DGRP_315	F	57
DGRP_315	F	60
DGRP_315	F	21
DGRP_315	F	23
DGRP_315	F	38
DGRP_315	F	70
DGRP_315	F	71
DGRP_315	F	57
DGRP_315	F	63
DGRP_315	F	70
DGRP_315	F	56
DGRP_315	F	57
DGRP_315	F	63
DGRP_315	F	58
DGRP_315	F	63
DGRP_315	F	77
DGRP_315	F	57
DGRP_315	F	74
DGRP_315	F	65
DGRP_315	F	79
DGRP_315	F	81
DGRP_315	F	51
DGRP_315	F	70
DGRP_315	F	81
DGRP_315	F	49
DGRP_315	F	63
DGRP_315	F	77
DGRP_315	F	60
DGRP_315	F	64
DGRP_315	F	74
DGRP_315	F	7
DGRP_315	F	44
DGRP_315	F	67
DGRP_315	M	55
DGRP_315	M	62
DGRP_315	M	64
DGRP_315	M	48
DGRP_315	M	69
DGRP_315	M	64
DGRP_315	M	71
DGRP_315	M	48
DGRP_315	M	55
DGRP_315	M	69
DGRP_315	M	48
DGRP_315	M	62
DGRP_315	M	55
DGRP_315	M	64
DGRP_315	M	66
DGRP_315	M	41
DGRP_315	M	43
DGRP_315	M	45
DGRP_315	M	43
DGRP_315	M	43
DGRP_315	M	24
DGRP_315	M	31
DGRP_315	M	52
DGRP_315	M	64
DGRP_315	M	66
DGRP_315	M	69
DGRP_315	M	57
DGRP_315	M	64
DGRP_315	M	72
DGRP_315	M	66
DGRP_315	M	66
DGRP_315	M	66
DGRP_315	M	56
DGRP_315	M	72
DGRP_315	M	74
DGRP_315	M	49
DGRP_315	M	53
DGRP_315	M	70
DGRP_315	M	56
DGRP_315	M	63
DGRP_315	M	65
DGRP_315	M	56
DGRP_315	M	56
DGRP_315	M	56
DGRP_315	M	63
DGRP_315	M	70
DGRP_315	M	70
DGRP_315	M	49
DGRP_315	M	49
DGRP_315	M	63
DGRP_315	M	70
DGRP_315	M	70
DGRP_315	M	42
DGRP_315	M	49
DGRP_315	M	63
DGRP_315	M	63
DGRP_315	M	63
DGRP_315	M	49
DGRP_315	M	63
DGRP_315	M	64
DGRP_317	F	32
DGRP_317	F	46
DGRP_317	F	55
DGRP_317	F	32
DGRP_317	F	61
DGRP_317	F	62
DGRP_317	F	11
DGRP_317	F	20
DGRP_317	F	32
DGRP_317	F	32
DGRP_317	F	43
DGRP_317	F	43
DGRP_317	F	53
DGRP_317	F	53
DGRP_317	F	53
DGRP_317	F	4
DGRP_317	F	6
DGRP_317	F	18
DGRP_317	F	42
DGRP_317	F	55
DGRP_317	F	36
DGRP_317	F	40
DGRP_317	F	53
DGRP_317	F	25
DGRP_317	F	39
DGRP_317	F	41
DGRP_317	F	53
DGRP_317	F	68
DGRP_317	F	41
DGRP_317	F	42
DGRP_317	F	50
DGRP_317	F	53
DGRP_317	F	60
DGRP_317	F	41
DGRP_317	F	50
DGRP_317	F	61
DGRP_317	F	46
DGRP_317	F	61
DGRP_317	F	70
DGRP_317	F	46
DGRP_317	F	56
DGRP_317	F	67
DGRP_317	F	34
DGRP_317	F	39
DGRP_317	F	61
DGRP_317	F	46
DGRP_317	F	46
DGRP_317	F	61
DGRP_317	F	36
DGRP_317	F	46
DGRP_317	F	61
DGRP_317	F	27
DGRP_317	F	36
DGRP_317	F	59
DGRP_317	F	45
DGRP_317	F	48
DGRP_317	F	48
DGRP_317	F	27
DGRP_317	F	41
DGRP_317	F	50
DGRP_317	F	51
DGRP_317	F	63
DGRP_317	F	50
DGRP_317	F	51
DGRP_317	F	56
DGRP_317	F	40
DGRP_317	F	54
DGRP_317	F	57
DGRP_317	M	25
DGRP_317	M	32
DGRP_317	M	70
DGRP_317	M	11
DGRP_317	M	32
DGRP_317	M	18
DGRP_317	M	32
DGRP_317	M	29
DGRP_317	M	53
DGRP_317	M	64
DGRP_317	M	55
DGRP_317	M	55
DGRP_317	M	34
DGRP_317	M	46
DGRP_317	M	13
DGRP_317	M	25
DGRP_317	M	46
DGRP_317	M	26
DGRP_317	M	53
DGRP_317	M	13
DGRP_317	M	29
DGRP_317	M	34
DGRP_317	M	25
DGRP_317	M	27
DGRP_317	M	53
DGRP_317	M	22
DGRP_317	M	60
DGRP_317	M	61
DGRP_317	M	26
DGRP_317	M	32
DGRP_317	M	60
DGRP_317	M	20
DGRP_317	M	27
DGRP_317	M	32
DGRP_317	M	27
DGRP_317	M	61
DGRP_317	M	11
DGRP_317	M	22
DGRP_317	M	39
DGRP_317	M	32
DGRP_317	M	32
DGRP_317	M	41
DGRP_317	M	46
DGRP_317	M	49
DGRP_317	M	25
DGRP_317	M	25
DGRP_317	M	25
DGRP_317	M	20
DGRP_317	M	20
DGRP_317	M	56
DGRP_317	M	24
DGRP_317	M	27
DGRP_317	M	56
DGRP_317	M	17
DGRP_317	M	34
DGRP_317	M	56
DGRP_317	M	29
DGRP_317	M	30
DGRP_317	M	36
DGRP_317	M	28
DGRP_317	M	31
DGRP_317	M	46
DGRP_317	M	49
DGRP_317	M	53
DGRP_317	M	53
DGRP_318	F	46
DGRP_318	F	54
DGRP_318	F	46
DGRP_318	F	60
DGRP_318	F	4
DGRP_318	F	47
DGRP_318	F	55
DGRP_318	F	39
DGRP_318	F	46
DGRP_318	F	46
DGRP_318	F	46
DGRP_318	F	46
DGRP_318	F	46
DGRP_318	F	32
DGRP_318	F	34
DGRP_318	F	53
DGRP_318	F	19
DGRP_318	F	50
DGRP_318	F	50
DGRP_318	F	39
DGRP_318	F	46
DGRP_318	F	60
DGRP_318	F	46
DGRP_318	F	46
DGRP_318	F	56
DGRP_318	F	34
DGRP_318	F	36
DGRP_318	F	34
DGRP_318	F	39
DGRP_318	F	39
DGRP_318	F	53
DGRP_318	F	56
DGRP_318	F	57
DGRP_318	F	41
DGRP_318	F	50
DGRP_318	F	53
DGRP_318	F	42
DGRP_318	F	46
DGRP_318	F	50
DGRP_318	F	41
DGRP_318	F	41
DGRP_318	F	47
DGRP_318	F	20
DGRP_318	F	27
DGRP_318	F	39
DGRP_318	F	4
DGRP_318	F	39
DGRP_318	F	49
DGRP_318	F	4
DGRP_318	F	8
DGRP_318	F	53
DGRP_318	F	18
DGRP_318	F	39
DGRP_318	F	46
DGRP_318	F	53
DGRP_318	F	53
DGRP_318	F	53
DGRP_318	F	46
DGRP_318	F	46
DGRP_318	F	46
DGRP_318	F	25
DGRP_318	F	39
DGRP_318	F	39
DGRP_318	M	46
DGRP_318	M	53
DGRP_318	M	53
DGRP_318	M	41
DGRP_318	M	46
DGRP_318	M	46
DGRP_318	M	34
DGRP_318	M	47
DGRP_318	M	50
DGRP_318	M	41
DGRP_318	M	46
DGRP_318	M	55
DGRP_318	M	4
DGRP_318	M	46
DGRP_318	M	46
DGRP_318	M	46
DGRP_318	M	46
DGRP_318	M	53
DGRP_318	M	15
DGRP_318	M	23
DGRP_318	M	25
DGRP_318	M	40
DGRP_318	M	46
DGRP_318	M	46
DGRP_318	M	50
DGRP_318	M	53
DGRP_318	M	60
DGRP_318	M	36
DGRP_318	M	46
DGRP_318	M	60
DGRP_318	M	25
DGRP_318	M	26
DGRP_318	M	39
DGRP_318	M	41
DGRP_318	M	53
DGRP_318	M	4
DGRP_318	M	41
DGRP_318	M	43
DGRP_318	M	34
DGRP_318	M	46
DGRP_318	M	61
DGRP_318	M	41
DGRP_318	M	41
DGRP_318	M	41
DGRP_318	M	39
DGRP_318	M	46
DGRP_318	M	67
DGRP_318	M	39
DGRP_318	M	46
DGRP_318	M	61
DGRP_318	M	4
DGRP_318	M	8
DGRP_318	M	32
DGRP_318	M	25
DGRP_318	M	32
DGRP_318	M	46
DGRP_318	M	47
DGRP_318	M	53
DGRP_318	M	39
DGRP_318	M	53
DGRP_318	M	57
DGRP_318	M	32
DGRP_318	M	32
DGRP_320	F	33
DGRP_320	F	56
DGRP_320	F	57
DGRP_320	F	67
DGRP_320	F	67
DGRP_320	F	67
DGRP_320	F	40
DGRP_320	F	62
DGRP_320	F	64
DGRP_320	F	43
DGRP_320	F	46
DGRP_320	F	60
DGRP_320	F	36
DGRP_320	F	60
DGRP_320	F	60
DGRP_320	F	8
DGRP_320	F	34
DGRP_320	F	56
DGRP_320	F	35
DGRP_320	F	63
DGRP_320	F	67
DGRP_320	F	34
DGRP_320	F	50
DGRP_320	F	53
DGRP_320	F	33
DGRP_320	F	34
DGRP_320	F	57
DGRP_320	F	32
DGRP_320	F	56
DGRP_320	F	60
DGRP_320	F	53
DGRP_320	F	55
DGRP_320	F	60
DGRP_320	F	36
DGRP_320	F	67
DGRP_320	F	67
DGRP_320	F	36
DGRP_320	F	46
DGRP_320	F	61
DGRP_320	F	41
DGRP_320	F	53
DGRP_320	F	33
DGRP_320	F	39
DGRP_320	F	64
DGRP_320	F	42
DGRP_320	F	55
DGRP_320	F	61
DGRP_320	F	62
DGRP_320	F	67
DGRP_320	F	74
DGRP_320	F	27
DGRP_320	F	39
DGRP_320	F	61
DGRP_320	F	61
DGRP_320	F	61
DGRP_320	F	61
DGRP_320	F	20
DGRP_320	F	61
DGRP_320	F	69
DGRP_320	F	39
DGRP_320	F	61
DGRP_320	F	61
DGRP_320	F	32
DGRP_320	F	35
DGRP_320	F	61
DGRP_320	F	61
DGRP_320	F	61
DGRP_320	F	20
DGRP_320	F	29
DGRP_320	F	53
DGRP_320	M	54
DGRP_320	M	56
DGRP_320	M	67
DGRP_320	M	60
DGRP_320	M	64
DGRP_320	M	67
DGRP_320	M	67
DGRP_320	M	67
DGRP_320	M	4
DGRP_320	M	63
DGRP_320	M	23
DGRP_320	M	57
DGRP_320	M	60
DGRP_320	M	61
DGRP_320	M	74
DGRP_320	M	53
DGRP_320	M	60
DGRP_320	M	53
DGRP_320	M	67
DGRP_320	M	67
DGRP_320	M	19
DGRP_320	M	69
DGRP_320	M	69
DGRP_320	M	6
DGRP_320	M	60
DGRP_320	M	60
DGRP_320	M	55
DGRP_320	M	57
DGRP_320	M	60
DGRP_320	M	60
DGRP_320	M	67
DGRP_320	M	61
DGRP_320	M	61
DGRP_320	M	61
DGRP_320	M	53
DGRP_320	M	53
DGRP_320	M	53
DGRP_320	M	53
DGRP_320	M	62
DGRP_320	M	64
DGRP_320	M	70
DGRP_320	M	73
DGRP_320	M	73
DGRP_320	M	56
DGRP_320	M	64
DGRP_320	M	73
DGRP_320	M	61
DGRP_320	M	67
DGRP_320	M	76
DGRP_320	M	61
DGRP_320	M	61
DGRP_320	M	73
DGRP_320	M	27
DGRP_320	M	63
DGRP_320	M	76
DGRP_320	M	47
DGRP_320	M	61
DGRP_320	M	64
DGRP_320	M	56
DGRP_320	M	69
DGRP_320	M	81
DGRP_320	M	61
DGRP_320	M	61
DGRP_320	M	76
DGRP_320	M	53
DGRP_320	M	61
DGRP_320	M	67
DGRP_321	F	43
DGRP_321	F	46
DGRP_321	F	46
DGRP_321	F	8
DGRP_321	F	35
DGRP_321	F	35
DGRP_321	F	39
DGRP_321	F	39
DGRP_321	F	49
DGRP_321	F	21
DGRP_321	F	41
DGRP_321	F	46
DGRP_321	F	39
DGRP_321	F	39
DGRP_321	F	55
DGRP_321	F	39
DGRP_321	F	46
DGRP_321	F	55
DGRP_321	F	25
DGRP_321	F	35
DGRP_321	F	39
DGRP_321	F	32
DGRP_321	F	32
DGRP_321	F	47
DGRP_321	F	33
DGRP_321	F	34
DGRP_321	F	50
DGRP_321	F	14
DGRP_321	F	39
DGRP_321	F	64
DGRP_321	F	19
DGRP_321	F	46
DGRP_321	F	46
DGRP_321	F	39
DGRP_321	F	46
DGRP_321	F	57
DGRP_321	F	32
DGRP_321	F	39
DGRP_321	F	41
DGRP_321	F	39
DGRP_321	F	40
DGRP_321	F	61
DGRP_321	F	25
DGRP_321	F	32
DGRP_321	F	39
DGRP_321	F	29
DGRP_321	F	36
DGRP_321	F	62
DGRP_321	F	32
DGRP_321	F	46
DGRP_321	F	61
DGRP_321	F	49
DGRP_321	F	57
DGRP_321	F	70
DGRP_321	F	27
DGRP_321	F	39
DGRP_321	F	53
DGRP_321	F	25
DGRP_321	F	36
DGRP_321	F	39
DGRP_321	F	46
DGRP_321	F	53
DGRP_321	F	46
DGRP_321	F	54
DGRP_321	F	39
DGRP_321	F	39
DGRP_321	F	61
DGRP_321	F	18
DGRP_321	F	34
DGRP_321	M	35
DGRP_321	M	46
DGRP_321	M	41
DGRP_321	M	62
DGRP_321	M	54
DGRP_321	M	60
DGRP_321	M	60
DGRP_321	M	36
DGRP_321	M	46
DGRP_321	M	46
DGRP_321	M	28
DGRP_321	M	39
DGRP_321	M	53
DGRP_321	M	34
DGRP_321	M	41
DGRP_321	M	67
DGRP_321	M	21
DGRP_321	M	32
DGRP_321	M	39
DGRP_321	M	46
DGRP_321	M	46
DGRP_321	M	53
DGRP_321	M	25
DGRP_321	M	41
DGRP_321	M	48
DGRP_321	M	33
DGRP_321	M	41
DGRP_321	M	67
DGRP_321	M	32
DGRP_321	M	34
DGRP_321	M	46
DGRP_321	M	32
DGRP_321	M	46
DGRP_321	M	53
DGRP_321	M	13
DGRP_321	M	32
DGRP_321	M	39
DGRP_321	M	4
DGRP_321	M	61
DGRP_321	M	74
DGRP_321	M	29
DGRP_321	M	64
DGRP_321	M	81
DGRP_321	M	34
DGRP_321	M	39
DGRP_321	M	39
DGRP_321	M	46
DGRP_321	M	69
DGRP_321	M	18
DGRP_321	M	36
DGRP_321	M	41
DGRP_321	M	11
DGRP_321	M	20
DGRP_321	M	39
DGRP_321	M	39
DGRP_321	M	61
DGRP_321	M	61
DGRP_321	M	43
DGRP_321	M	46
DGRP_321	M	67
DGRP_321	M	29
DGRP_321	M	36
DGRP_321	M	46
DGRP_321	M	8
DGRP_321	M	46
DGRP_321	M	74
DGRP_321	M	35
DGRP_321	M	43
DGRP_321	M	49
DGRP_324	F	30
DGRP_324	F	55
DGRP_324	F	55
DGRP_324	F	48
DGRP_324	F	48
DGRP_324	F	50
DGRP_324	F	34
DGRP_324	F	43
DGRP_324	F	43
DGRP_324	F	27
DGRP_324	F	36
DGRP_324	F	41
DGRP_324	F	45
DGRP_324	F	48
DGRP_324	F	43
DGRP_324	F	43
DGRP_324	F	41
DGRP_324	F	43
DGRP_324	F	48
DGRP_324	F	38
DGRP_324	F	48
DGRP_324	F	48
DGRP_324	F	20
DGRP_324	F	34
DGRP_324	F	41
DGRP_324	F	35
DGRP_324	F	36
DGRP_324	F	48
DGRP_324	F	17
DGRP_324	F	27
DGRP_324	F	34
DGRP_324	F	36
DGRP_324	F	37
DGRP_324	F	45
DGRP_324	F	35
DGRP_324	F	36
DGRP_324	F	43
DGRP_324	F	31
DGRP_324	F	46
DGRP_324	F	49
DGRP_324	F	39
DGRP_324	F	50
DGRP_324	F	51
DGRP_324	F	46
DGRP_324	F	49
DGRP_324	F	56
DGRP_324	F	56
DGRP_324	F	56
DGRP_324	F	42
DGRP_324	F	42
DGRP_324	F	60
DGRP_324	F	51
DGRP_324	F	52
DGRP_324	F	57
DGRP_324	F	44
DGRP_324	F	46
DGRP_324	F	49
DGRP_324	F	14
DGRP_324	F	42
DGRP_324	F	49
DGRP_324	F	46
DGRP_324	F	46
DGRP_324	F	50
DGRP_324	F	42
DGRP_324	F	52
DGRP_324	F	56
DGRP_324	M	41
DGRP_324	M	45
DGRP_324	M	48
DGRP_324	M	34
DGRP_324	M	45
DGRP_324	M	48
DGRP_324	M	27
DGRP_324	M	36
DGRP_324	M	45
DGRP_324	M	35
DGRP_324	M	36
DGRP_324	M	41
DGRP_324	M	45
DGRP_324	M	50
DGRP_324	M	50
DGRP_324	M	48
DGRP_324	M	48
DGRP_324	M	51
DGRP_324	M	34
DGRP_324	M	36
DGRP_324	M	36
DGRP_324	M	20
DGRP_324	M	41
DGRP_324	M	49
DGRP_324	M	39
DGRP_324	M	41
DGRP_324	M	41
DGRP_324	M	36
DGRP_324	M	37
DGRP_324	M	41
DGRP_324	M	34
DGRP_324	M	37
DGRP_324	M	37
DGRP_324	M	41
DGRP_324	M	41
DGRP_324	M	43
DGRP_324	M	42
DGRP_324	M	42
DGRP_324	M	42
DGRP_324	M	42
DGRP_324	M	49
DGRP_324	M	49
DGRP_324	M	39
DGRP_324	M	46
DGRP_324	M	49
DGRP_324	M	46
DGRP_324	M	49
DGRP_324	M	49
DGRP_324	M	11
DGRP_324	M	49
DGRP_324	M	51
DGRP_324	M	35
DGRP_324	M	36
DGRP_324	M	42
DGRP_324	M	36
DGRP_324	M	49
DGRP_324	M	49
DGRP_324	M	35
DGRP_324	M	49
DGRP_324	M	49
DGRP_324	M	49
DGRP_324	M	49
DGRP_324	M	56
DGRP_324	M	49
DGRP_324	M	56
DGRP_324	M	49
DGRP_324	M	49
DGRP_324	M	53
DGRP_325	F	21
DGRP_325	F	24
DGRP_325	F	28
DGRP_325	F	21
DGRP_325	F	21
DGRP_325	F	23
DGRP_325	F	23
DGRP_325	F	23
DGRP_325	F	25
DGRP_325	F	21
DGRP_325	F	23
DGRP_325	F	23
DGRP_325	F	11
DGRP_325	F	28
DGRP_325	F	28
DGRP_325	F	16
DGRP_325	F	21
DGRP_325	F	21
DGRP_325	F	14
DGRP_325	F	21
DGRP_325	F	28
DGRP_325	F	24
DGRP_325	F	25
DGRP_325	F	28
DGRP_325	F	14
DGRP_325	F	28
DGRP_325	F	28
DGRP_325	F	14
DGRP_325	F	21
DGRP_325	F	29
DGRP_325	F	24
DGRP_325	F	24
DGRP_325	F	28
DGRP_325	F	23
DGRP_325	F	28
DGRP_325	F	28
DGRP_325	F	25
DGRP_325	F	27
DGRP_325	F	27
DGRP_325	F	25
DGRP_325	F	25
DGRP_325	F	25
DGRP_325	F	22
DGRP_325	F	25
DGRP_325	F	25
DGRP_325	F	15
DGRP_325	F	25
DGRP_325	F	28
DGRP_325	F	22
DGRP_325	F	24
DGRP_325	F	24
DGRP_325	F	21
DGRP_325	F	21
DGRP_325	F	21
DGRP_325	F	21
DGRP_325	F	24
DGRP_325	F	25
DGRP_325	F	25
DGRP_325	F	28
DGRP_325	F	7
DGRP_325	F	24
DGRP_325	F	25
DGRP_325	F	21
DGRP_325	F	30
DGRP_325	F	30
DGRP_325	F	24
DGRP_325	F	24
DGRP_325	F	28
DGRP_325	M	24
DGRP_325	M	24
DGRP_325	M	28
DGRP_325	M	23
DGRP_325	M	28
DGRP_325	M	28
DGRP_325	M	21
DGRP_325	M	25
DGRP_325	M	25
DGRP_325	M	25
DGRP_325	M	32
DGRP_325	M	24
DGRP_325	M	25
DGRP_325	M	25
DGRP_325	M	17
DGRP_325	M	18
DGRP_325	M	21
DGRP_325	M	14
DGRP_325	M	21
DGRP_325	M	21
DGRP_325	M	24
DGRP_325	M	24
DGRP_325	M	25
DGRP_325	M	24
DGRP_325	M	29
DGRP_325	M	32
DGRP_325	M	25
DGRP_325	M	25
DGRP_325	M	30
DGRP_325	M	22
DGRP_325	M	23
DGRP_325	M	25
DGRP_325	M	23
DGRP_325	M	28
DGRP_325	M	30
DGRP_325	M	18
DGRP_325	M	25
DGRP_325	M	33
DGRP_325	M	19
DGRP_325	M	25
DGRP_325	M	33
DGRP_325	M	26
DGRP_325	M	33
DGRP_325	M	33
DGRP_325	M	28
DGRP_325	M	28
DGRP_325	M	35
DGRP_325	M	24
DGRP_325	M	25
DGRP_325	M	31
DGRP_325	M	15
DGRP_325	M	21
DGRP_325	M	21
DGRP_325	M	30
DGRP_325	M	35
DGRP_325	M	35
DGRP_325	M	25
DGRP_325	M	28
DGRP_325	M	32
DGRP_325	M	24
DGRP_325	M	24
DGRP_325	M	28
DGRP_325	M	1
DGRP_325	M	24
DGRP_325	M	30
DGRP_325	M	8
DGRP_325	M	17
DGRP_325	M	22
DGRP_332	F	62
DGRP_332	F	71
DGRP_332	F	74
DGRP_332	F	50
DGRP_332	F	53
DGRP_332	F	64
DGRP_332	F	53
DGRP_332	F	53
DGRP_332	F	53
DGRP_332	F	47
DGRP_332	F	48
DGRP_332	F	71
DGRP_332	F	40
DGRP_332	F	46
DGRP_332	F	53
DGRP_332	F	54
DGRP_332	F	61
DGRP_332	F	64
DGRP_332	F	47
DGRP_332	F	67
DGRP_332	F	48
DGRP_332	F	67
DGRP_332	F	67
DGRP_332	F	47
DGRP_332	F	57
DGRP_332	F	57
DGRP_332	F	61
DGRP_332	F	75
DGRP_332	F	47
DGRP_332	F	47
DGRP_332	F	60
DGRP_332	F	48
DGRP_332	F	49
DGRP_332	F	60
DGRP_332	F	53
DGRP_332	F	61
DGRP_332	F	61
DGRP_332	F	15
DGRP_332	F	35
DGRP_332	F	61
DGRP_332	F	40
DGRP_332	F	41
DGRP_332	F	61
DGRP_332	F	53
DGRP_332	F	53
DGRP_332	F	69
DGRP_332	F	50
DGRP_332	F	57
DGRP_332	F	61
DGRP_332	F	56
DGRP_332	F	61
DGRP_332	F	67
DGRP_332	F	43
DGRP_332	F	53
DGRP_332	F	61
DGRP_332	F	39
DGRP_332	F	53
DGRP_332	F	53
DGRP_332	F	55
DGRP_332	F	61
DGRP_332	F	61
DGRP_332	F	61
DGRP_332	F	61
DGRP_332	F	36
DGRP_332	F	42
DGRP_332	F	42
DGRP_332	M	19
DGRP_332	M	25
DGRP_332	M	39
DGRP_332	M	25
DGRP_332	M	33
DGRP_332	M	39
DGRP_332	M	48
DGRP_332	M	53
DGRP_332	M	53
DGRP_332	M	46
DGRP_332	M	50
DGRP_332	M	46
DGRP_332	M	60
DGRP_332	M	62
DGRP_332	M	20
DGRP_332	M	49
DGRP_332	M	50
DGRP_332	M	46
DGRP_332	M	46
DGRP_332	M	46
DGRP_332	M	35
DGRP_332	M	53
DGRP_332	M	56
DGRP_332	M	46
DGRP_332	M	46
DGRP_332	M	28
DGRP_332	M	60
DGRP_332	M	62
DGRP_332	M	25
DGRP_332	M	39
DGRP_332	M	53
DGRP_332	M	40
DGRP_332	M	46
DGRP_332	M	53
DGRP_332	M	53
DGRP_332	M	57
DGRP_332	M	22
DGRP_332	M	61
DGRP_332	M	46
DGRP_332	M	50
DGRP_332	M	53
DGRP_332	M	46
DGRP_332	M	53
DGRP_332	M	55
DGRP_332	M	53
DGRP_332	M	53
DGRP_332	M	34
DGRP_332	M	55
DGRP_332	M	61
DGRP_332	M	53
DGRP_332	M	61
DGRP_332	M	61
DGRP_332	M	53
DGRP_332	M	53
DGRP_332	M	61
DGRP_332	M	46
DGRP_332	M	46
DGRP_332	M	53
DGRP_332	M	29
DGRP_332	M	53
DGRP_332	M	61
DGRP_332	M	46
DGRP_332	M	46
DGRP_332	M	46
DGRP_335	F	34
DGRP_335	F	41
DGRP_335	F	55
DGRP_335	F	52
DGRP_335	F	55
DGRP_335	F	55
DGRP_335	F	51
DGRP_335	F	62
DGRP_335	F	55
DGRP_335	F	55
DGRP_335	F	62
DGRP_335	F	48
DGRP_335	F	55
DGRP_335	F	62
DGRP_335	F	20
DGRP_335	F	55
DGRP_335	F	55
DGRP_335	F	34
DGRP_335	F	55
DGRP_335	F	55
DGRP_335	F	52
DGRP_335	F	57
DGRP_335	F	62
DGRP_335	F	20
DGRP_335	F	59
DGRP_335	F	72
DGRP_335	F	55
DGRP_335	F	55
DGRP_335	F	55
DGRP_335	F	43
DGRP_335	F	48
DGRP_335	F	49
DGRP_335	F	31
DGRP_335	F	56
DGRP_335	F	43
DGRP_335	F	49
DGRP_335	F	74
DGRP_335	F	7
DGRP_335	F	39
DGRP_335	F	56
DGRP_335	F	56
DGRP_335	F	67
DGRP_335	F	56
DGRP_335	F	56
DGRP_335	F	60
DGRP_335	F	42
DGRP_335	F	43
DGRP_335	F	43
DGRP_335	F	49
DGRP_335	F	63
DGRP_335	F	64
DGRP_335	F	56
DGRP_335	F	56
DGRP_335	F	56
DGRP_335	F	31
DGRP_335	F	56
DGRP_335	F	56
DGRP_335	F	8
DGRP_335	F	28
DGRP_335	F	42
DGRP_335	F	56
DGRP_335	F	58
DGRP_335	F	64
DGRP_335	F	56
DGRP_335	F	56
DGRP_335	F	56
DGRP_335	M	21
DGRP_335	M	41
DGRP_335	M	48
DGRP_335	M	48
DGRP_335	M	52
DGRP_335	M	52
DGRP_335	M	48
DGRP_335	M	48
DGRP_335	M	55
DGRP_335	M	48
DGRP_335	M	50
DGRP_335	M	55
DGRP_335	M	48
DGRP_335	M	48
DGRP_335	M	55
DGRP_335	M	41
DGRP_335	M	55
DGRP_335	M	55
DGRP_335	M	48
DGRP_335	M	50
DGRP_335	M	51
DGRP_335	M	48
DGRP_335	M	55
DGRP_335	M	55
DGRP_335	M	20
DGRP_335	M	55
DGRP_335	M	55
DGRP_335	M	48
DGRP_335	M	48
DGRP_335	M	48
DGRP_335	M	41
DGRP_335	M	45
DGRP_335	M	48
DGRP_335	M	32
DGRP_335	M	32
DGRP_335	M	32
DGRP_335	M	49
DGRP_335	M	49
DGRP_335	M	49
DGRP_335	M	56
DGRP_335	M	56
DGRP_335	M	70
DGRP_335	M	35
DGRP_335	M	51
DGRP_335	M	52
DGRP_335	M	49
DGRP_335	M	49
DGRP_335	M	49
DGRP_335	M	42
DGRP_335	M	42
DGRP_335	M	49
DGRP_335	M	42
DGRP_335	M	56
DGRP_335	M	56
DGRP_335	M	42
DGRP_335	M	50
DGRP_335	M	51
DGRP_335	M	49
DGRP_335	M	49
DGRP_335	M	56
DGRP_335	M	35
DGRP_335	M	42
DGRP_335	M	49
DGRP_335	M	49
DGRP_335	M	49
DGRP_335	M	53
DGRP_335	M	49
DGRP_335	M	51
DGRP_335	M	53
DGRP_336	F	33
DGRP_336	F	41
DGRP_336	F	43
DGRP_336	F	12
DGRP_336	F	26
DGRP_336	F	54
DGRP_336	F	33
DGRP_336	F	40
DGRP_336	F	54
DGRP_336	F	60
DGRP_336	F	63
DGRP_336	F	72
DGRP_336	F	44
DGRP_336	F	49
DGRP_336	F	50
DGRP_336	F	16
DGRP_336	F	37
DGRP_336	F	63
DGRP_336	F	36
DGRP_336	F	49
DGRP_336	F	70
DGRP_336	F	14
DGRP_336	F	28
DGRP_336	F	29
DGRP_336	F	14
DGRP_336	F	57
DGRP_336	F	65
DGRP_336	F	56
DGRP_336	F	63
DGRP_336	F	63
DGRP_336	F	28
DGRP_336	F	42
DGRP_336	F	43
DGRP_336	F	45
DGRP_336	F	56
DGRP_336	F	56
DGRP_336	F	63
DGRP_336	F	63
DGRP_336	F	25
DGRP_336	F	40
DGRP_336	F	63
DGRP_336	F	64
DGRP_336	F	64
DGRP_336	F	35
DGRP_336	F	35
DGRP_336	F	63
DGRP_336	F	28
DGRP_336	F	65
DGRP_336	F	70
DGRP_336	F	63
DGRP_336	F	63
DGRP_336	F	16
DGRP_336	F	28
DGRP_336	F	35
DGRP_336	F	11
DGRP_336	F	28
DGRP_336	F	28
DGRP_336	F	35
DGRP_336	F	49
DGRP_336	F	65
DGRP_336	F	60
DGRP_336	F	70
DGRP_336	F	70
DGRP_336	F	35
DGRP_336	F	56
DGRP_336	F	63
DGRP_336	M	61
DGRP_336	M	61
DGRP_336	M	35
DGRP_336	M	47
DGRP_336	M	47
DGRP_336	M	21
DGRP_336	M	54
DGRP_336	M	68
DGRP_336	M	32
DGRP_336	M	39
DGRP_336	M	42
DGRP_336	M	42
DGRP_336	M	44
DGRP_336	M	32
DGRP_336	M	42
DGRP_336	M	28
DGRP_336	M	35
DGRP_336	M	63
DGRP_336	M	42
DGRP_336	M	56
DGRP_336	M	63
DGRP_336	M	39
DGRP_336	M	57
DGRP_336	M	58
DGRP_336	M	42
DGRP_336	M	42
DGRP_336	M	42
DGRP_336	M	60
DGRP_336	M	63
DGRP_336	M	56
DGRP_336	M	56
DGRP_336	M	35
DGRP_336	M	35
DGRP_336	M	39
DGRP_336	M	11
DGRP_336	M	67
DGRP_336	M	67
DGRP_336	M	38
DGRP_336	M	49
DGRP_336	M	49
DGRP_336	M	35
DGRP_336	M	63
DGRP_336	M	63
DGRP_336	M	48
DGRP_336	M	49
DGRP_336	M	49
DGRP_336	M	49
DGRP_336	M	49
DGRP_336	M	35
DGRP_336	M	42
DGRP_336	M	57
DGRP_336	M	60
DGRP_336	M	70
DGRP_336	M	42
DGRP_336	M	49
DGRP_336	M	49
DGRP_336	M	39
DGRP_336	M	39
DGRP_336	M	49
DGRP_336	M	30
DGRP_336	M	42
DGRP_336	M	42
DGRP_338	F	26
DGRP_338	F	33
DGRP_338	F	51
DGRP_338	F	39
DGRP_338	F	42
DGRP_338	F	63
DGRP_338	F	28
DGRP_338	F	35
DGRP_338	F	42
DGRP_338	F	50
DGRP_338	F	56
DGRP_338	F	39
DGRP_338	F	56
DGRP_338	F	56
DGRP_338	F	51
DGRP_338	F	56
DGRP_338	F	63
DGRP_338	F	28
DGRP_338	F	29
DGRP_338	F	28
DGRP_338	F	44
DGRP_338	F	15
DGRP_338	F	23
DGRP_338	F	42
DGRP_338	F	21
DGRP_338	F	63
DGRP_338	F	65
DGRP_338	F	7
DGRP_338	F	46
DGRP_338	F	70
DGRP_338	F	51
DGRP_338	F	56
DGRP_338	F	56
DGRP_338	F	21
DGRP_338	F	32
DGRP_338	F	53
DGRP_338	F	30
DGRP_338	F	63
DGRP_338	F	67
DGRP_338	F	56
DGRP_338	F	57
DGRP_338	F	63
DGRP_338	F	35
DGRP_338	F	51
DGRP_338	F	63
DGRP_338	F	53
DGRP_338	F	56
DGRP_338	F	58
DGRP_338	F	31
DGRP_338	F	49
DGRP_338	F	28
DGRP_338	F	64
DGRP_338	F	70
DGRP_338	F	31
DGRP_338	F	35
DGRP_338	F	67
DGRP_338	F	46
DGRP_338	F	56
DGRP_338	F	63
DGRP_338	F	28
DGRP_338	F	28
DGRP_338	F	35
DGRP_338	F	53
DGRP_338	F	66
DGRP_338	F	67
DGRP_338	F	37
DGRP_338	F	58
DGRP_338	F	63
DGRP_338	M	44
DGRP_338	M	51
DGRP_338	M	54
DGRP_338	M	43
DGRP_338	M	45
DGRP_338	M	32
DGRP_338	M	49
DGRP_338	M	65
DGRP_338	M	17
DGRP_338	M	50
DGRP_338	M	35
DGRP_338	M	49
DGRP_338	M	60
DGRP_338	M	32
DGRP_338	M	63
DGRP_338	M	49
DGRP_338	M	63
DGRP_338	M	63
DGRP_338	M	49
DGRP_338	M	58
DGRP_338	M	67
DGRP_338	M	7
DGRP_338	M	49
DGRP_338	M	56
DGRP_338	M	42
DGRP_338	M	65
DGRP_338	M	70
DGRP_338	M	11
DGRP_338	M	30
DGRP_338	M	39
DGRP_338	M	38
DGRP_338	M	56
DGRP_338	M	59
DGRP_338	M	49
DGRP_338	M	56
DGRP_338	M	56
DGRP_338	M	56
DGRP_338	M	63
DGRP_338	M	53
DGRP_338	M	65
DGRP_338	M	77
DGRP_338	M	39
DGRP_338	M	49
DGRP_338	M	63
DGRP_338	M	44
DGRP_338	M	51
DGRP_338	M	49
DGRP_338	M	63
DGRP_338	M	70
DGRP_338	M	7
DGRP_338	M	56
DGRP_338	M	70
DGRP_338	M	44
DGRP_338	M	49
DGRP_338	M	51
DGRP_338	M	63
DGRP_338	M	65
DGRP_338	M	22
DGRP_338	M	37
DGRP_338	M	49
DGRP_338	M	72
DGRP_338	M	73
DGRP_338	M	84
DGRP_338	M	28
DGRP_338	M	49
DGRP_338	M	63
DGRP_340	F	9
DGRP_340	F	33
DGRP_340	F	40
DGRP_340	F	28
DGRP_340	F	35
DGRP_340	F	36
DGRP_340	F	28
DGRP_340	F	35
DGRP_340	F	49
DGRP_340	F	21
DGRP_340	F	30
DGRP_340	F	46
DGRP_340	F	35
DGRP_340	F	43
DGRP_340	F	36
DGRP_340	F	42
DGRP_340	F	49
DGRP_340	F	49
DGRP_340	F	49
DGRP_340	F	23
DGRP_340	F	38
DGRP_340	F	42
DGRP_340	F	42
DGRP_340	F	42
DGRP_340	F	44
DGRP_340	F	53
DGRP_340	F	56
DGRP_340	F	60
DGRP_340	F	35
DGRP_340	F	49
DGRP_340	F	63
DGRP_340	F	2
DGRP_340	F	32
DGRP_340	F	45
DGRP_340	F	29
DGRP_340	F	35
DGRP_340	F	38
DGRP_340	F	18
DGRP_340	F	33
DGRP_340	F	46
DGRP_340	F	35
DGRP_340	F	35
DGRP_340	F	42
DGRP_340	F	31
DGRP_340	F	38
DGRP_340	F	46
DGRP_340	F	42
DGRP_340	F	49
DGRP_340	F	50
DGRP_340	F	22
DGRP_340	F	44
DGRP_340	F	51
DGRP_340	F	51
DGRP_340	F	51
DGRP_340	F	51
DGRP_340	F	32
DGRP_340	F	44
DGRP_340	F	53
DGRP_340	F	4
DGRP_340	F	28
DGRP_340	F	35
DGRP_340	F	31
DGRP_340	F	37
DGRP_340	F	49
DGRP_340	F	32
DGRP_340	F	35
DGRP_340	F	35
DGRP_340	F	30
DGRP_340	F	35
DGRP_340	F	53
DGRP_340	M	47
DGRP_340	M	54
DGRP_340	M	61
DGRP_340	M	35
DGRP_340	M	36
DGRP_340	M	63
DGRP_340	M	35
DGRP_340	M	35
DGRP_340	M	37
DGRP_340	M	35
DGRP_340	M	39
DGRP_340	M	42
DGRP_340	M	50
DGRP_340	M	42
DGRP_340	M	43
DGRP_340	M	63
DGRP_340	M	42
DGRP_340	M	46
DGRP_340	M	49
DGRP_340	M	70
DGRP_340	M	72
DGRP_340	M	42
DGRP_340	M	63
DGRP_340	M	51
DGRP_340	M	51
DGRP_340	M	23
DGRP_340	M	49
DGRP_340	M	56
DGRP_340	M	70
DGRP_340	M	56
DGRP_340	M	72
DGRP_340	M	61
DGRP_340	M	67
DGRP_340	M	67
DGRP_340	M	51
DGRP_340	M	52
DGRP_340	M	53
DGRP_340	M	46
DGRP_340	M	49
DGRP_340	M	51
DGRP_340	M	49
DGRP_340	M	50
DGRP_340	M	52
DGRP_340	M	35
DGRP_340	M	49
DGRP_340	M	49
DGRP_340	M	42
DGRP_340	M	49
DGRP_340	M	53
DGRP_340	M	35
DGRP_340	M	42
DGRP_340	M	56
DGRP_340	M	67
DGRP_340	M	67
DGRP_340	M	70
DGRP_340	M	79
DGRP_340	M	58
DGRP_340	M	63
DGRP_340	M	63
DGRP_340	M	45
DGRP_340	M	70
DGRP_340	M	70
DGRP_350	F	4
DGRP_350	F	39
DGRP_350	F	43
DGRP_350	F	3
DGRP_350	F	39
DGRP_350	F	43
DGRP_350	F	32
DGRP_350	F	46
DGRP_350	F	56
DGRP_350	F	17
DGRP_350	F	42
DGRP_350	F	49
DGRP_350	F	30
DGRP_350	F	49
DGRP_350	F	51
DGRP_350	F	21
DGRP_350	F	22
DGRP_350	F	28
DGRP_350	F	32
DGRP_350	F	38
DGRP_350	F	39
DGRP_350	F	23
DGRP_350	F	39
DGRP_350	F	45
DGRP_350	F	35
DGRP_350	F	42
DGRP_350	F	49
DGRP_350	F	38
DGRP_350	F	53
DGRP_350	F	15
DGRP_350	F	28
DGRP_350	F	42
DGRP_350	F	46
DGRP_350	F	46
DGRP_350	F	56
DGRP_350	F	45
DGRP_350	F	46
DGRP_350	F	56
DGRP_350	F	35
DGRP_350	F	42
DGRP_350	F	24
DGRP_350	F	35
DGRP_350	F	37
DGRP_350	F	7
DGRP_350	F	22
DGRP_350	F	70
DGRP_350	F	42
DGRP_350	F	49
DGRP_350	F	56
DGRP_350	F	4
DGRP_350	F	49
DGRP_350	F	70
DGRP_350	F	37
DGRP_350	F	49
DGRP_350	F	53
DGRP_350	F	49
DGRP_350	F	56
DGRP_350	F	70
DGRP_350	F	7
DGRP_350	F	36
DGRP_350	F	56
DGRP_350	F	42
DGRP_350	F	42
DGRP_350	F	63
DGRP_350	M	60
DGRP_350	M	80
DGRP_350	M	84
DGRP_350	M	70
DGRP_350	M	72
DGRP_350	M	77
DGRP_350	M	73
DGRP_350	M	78
DGRP_350	M	81
DGRP_350	M	56
DGRP_350	M	63
DGRP_350	M	49
DGRP_350	M	77
DGRP_350	M	77
DGRP_350	M	35
DGRP_350	M	50
DGRP_350	M	73
DGRP_350	M	32
DGRP_350	M	56
DGRP_350	M	67
DGRP_350	M	56
DGRP_350	M	63
DGRP_350	M	81
DGRP_350	M	77
DGRP_350	M	88
DGRP_350	M	63
DGRP_350	M	81
DGRP_350	M	88
DGRP_350	M	32
DGRP_350	M	56
DGRP_350	M	58
DGRP_350	M	24
DGRP_350	M	35
DGRP_350	M	63
DGRP_350	M	21
DGRP_350	M	49
DGRP_350	M	49
DGRP_350	M	65
DGRP_350	M	79
DGRP_350	M	84
DGRP_350	M	70
DGRP_350	M	70
DGRP_350	M	49
DGRP_350	M	49
DGRP_350	M	77
DGRP_350	M	49
DGRP_350	M	70
DGRP_350	M	91
DGRP_350	M	46
DGRP_350	M	56
DGRP_350	M	79
DGRP_350	M	32
DGRP_350	M	56
DGRP_350	M	70
DGRP_350	M	67
DGRP_350	M	77
DGRP_350	M	88
DGRP_350	M	49
DGRP_350	M	56
DGRP_350	M	63
DGRP_350	M	79
DGRP_350	M	84
DGRP_352	F	39
DGRP_352	F	42
DGRP_352	F	42
DGRP_352	F	16
DGRP_352	F	29
DGRP_352	F	37
DGRP_352	F	28
DGRP_352	F	39
DGRP_352	F	46
DGRP_352	F	22
DGRP_352	F	39
DGRP_352	F	42
DGRP_352	F	35
DGRP_352	F	35
DGRP_352	F	36
DGRP_352	F	28
DGRP_352	F	42
DGRP_352	F	43
DGRP_352	F	35
DGRP_352	F	42
DGRP_352	F	46
DGRP_352	F	15
DGRP_352	F	35
DGRP_352	F	46
DGRP_352	F	16
DGRP_352	F	39
DGRP_352	F	42
DGRP_352	F	2
DGRP_352	F	44
DGRP_352	F	44
DGRP_352	F	42
DGRP_352	F	44
DGRP_352	F	49
DGRP_352	F	44
DGRP_352	F	59
DGRP_352	F	63
DGRP_352	F	15
DGRP_352	F	22
DGRP_352	F	60
DGRP_352	F	24
DGRP_352	F	51
DGRP_352	F	56
DGRP_352	F	44
DGRP_352	F	52
DGRP_352	F	63
DGRP_352	F	42
DGRP_352	F	53
DGRP_352	F	56
DGRP_352	F	56
DGRP_352	F	56
DGRP_352	F	37
DGRP_352	F	49
DGRP_352	F	56
DGRP_352	F	18
DGRP_352	F	29
DGRP_352	F	52
DGRP_352	F	49
DGRP_352	F	56
DGRP_352	F	63
DGRP_352	F	28
DGRP_352	F	50
DGRP_352	F	51
DGRP_352	F	15
DGRP_352	F	21
DGRP_352	F	46
DGRP_352	F	38
DGRP_352	F	49
DGRP_352	F	56
DGRP_352	M	49
DGRP_352	M	65
DGRP_352	M	53
DGRP_352	M	59
DGRP_352	M	70
DGRP_352	M	45
DGRP_352	M	49
DGRP_352	M	65
DGRP_352	M	49
DGRP_352	M	51
DGRP_352	M	64
DGRP_352	M	63
DGRP_352	M	63
DGRP_352	M	63
DGRP_352	M	56
DGRP_352	M	57
DGRP_352	M	70
DGRP_352	M	43
DGRP_352	M	46
DGRP_352	M	56
DGRP_352	M	42
DGRP_352	M	44
DGRP_352	M	70
DGRP_352	M	51
DGRP_352	M	63
DGRP_352	M	44
DGRP_352	M	56
DGRP_352	M	72
DGRP_352	M	56
DGRP_352	M	56
DGRP_352	M	65
DGRP_352	M	35
DGRP_352	M	52
DGRP_352	M	60
DGRP_352	M	59
DGRP_352	M	60
DGRP_352	M	60
DGRP_352	M	49
DGRP_352	M	56
DGRP_352	M	79
DGRP_352	M	52
DGRP_352	M	53
DGRP_352	M	52
DGRP_352	M	52
DGRP_352	M	73
DGRP_352	M	56
DGRP_352	M	63
DGRP_352	M	67
DGRP_352	M	56
DGRP_352	M	66
DGRP_352	M	67
DGRP_352	M	50
DGRP_352	M	65
DGRP_352	M	70
DGRP_352	M	31
DGRP_352	M	37
DGRP_352	M	49
DGRP_352	M	46
DGRP_352	M	63
DGRP_352	M	49
DGRP_352	M	67
DGRP_352	M	70
DGRP_352	M	56
DGRP_352	M	67
DGRP_352	M	70
DGRP_356	F	26
DGRP_356	F	30
DGRP_356	F	30
DGRP_356	F	12
DGRP_356	F	20
DGRP_356	F	47
DGRP_356	F	21
DGRP_356	F	28
DGRP_356	F	35
DGRP_356	F	24
DGRP_356	F	29
DGRP_356	F	37
DGRP_356	F	22
DGRP_356	F	25
DGRP_356	F	42
DGRP_356	F	28
DGRP_356	F	30
DGRP_356	F	30
DGRP_356	F	8
DGRP_356	F	14
DGRP_356	F	28
DGRP_356	F	30
DGRP_356	F	37
DGRP_356	F	42
DGRP_356	F	14
DGRP_356	F	31
DGRP_356	F	8
DGRP_356	F	23
DGRP_356	F	35
DGRP_356	F	8
DGRP_356	F	17
DGRP_356	F	18
DGRP_356	F	21
DGRP_356	F	23
DGRP_356	F	35
DGRP_356	F	14
DGRP_356	F	21
DGRP_356	F	32
DGRP_356	F	11
DGRP_356	F	36
DGRP_356	F	39
DGRP_356	F	14
DGRP_356	F	22
DGRP_356	F	42
DGRP_356	F	32
DGRP_356	F	32
DGRP_356	F	44
DGRP_356	F	11
DGRP_356	F	22
DGRP_356	F	56
DGRP_356	F	22
DGRP_356	F	31
DGRP_356	F	42
DGRP_356	F	22
DGRP_356	F	32
DGRP_356	F	53
DGRP_356	F	16
DGRP_356	F	22
DGRP_356	F	22
DGRP_356	F	28
DGRP_356	F	31
DGRP_356	F	35
DGRP_356	F	16
DGRP_356	F	29
DGRP_356	F	22
DGRP_356	F	24
DGRP_356	F	31
DGRP_356	F	18
DGRP_356	F	24
DGRP_356	F	42
DGRP_356	M	35
DGRP_356	M	35
DGRP_356	M	42
DGRP_356	M	35
DGRP_356	M	42
DGRP_356	M	35
DGRP_356	M	35
DGRP_356	M	39
DGRP_356	M	17
DGRP_356	M	28
DGRP_356	M	37
DGRP_356	M	29
DGRP_356	M	32
DGRP_356	M	18
DGRP_356	M	35
DGRP_356	M	49
DGRP_356	M	42
DGRP_356	M	42
DGRP_356	M	49
DGRP_356	M	16
DGRP_356	M	28
DGRP_356	M	32
DGRP_356	M	32
DGRP_356	M	42
DGRP_356	M	63
DGRP_356	M	25
DGRP_356	M	35
DGRP_356	M	35
DGRP_356	M	35
DGRP_356	M	35
DGRP_356	M	37
DGRP_356	M	25
DGRP_356	M	28
DGRP_356	M	49
DGRP_356	M	28
DGRP_356	M	28
DGRP_356	M	37
DGRP_356	M	22
DGRP_356	M	35
DGRP_356	M	42
DGRP_356	M	28
DGRP_356	M	35
DGRP_356	M	57
DGRP_356	M	22
DGRP_356	M	35
DGRP_356	M	49
DGRP_356	M	35
DGRP_356	M	43
DGRP_356	M	25
DGRP_356	M	31
DGRP_356	M	63
DGRP_356	M	25
DGRP_356	M	29
DGRP_356	M	35
DGRP_356	M	28
DGRP_356	M	42
DGRP_356	M	77
DGRP_356	M	3
DGRP_356	M	35
DGRP_356	M	42
DGRP_356	M	53
DGRP_356	M	58
DGRP_356	M	18
DGRP_356	M	37
DGRP_356	M	37
DGRP_356	M	22
DGRP_356	M	31
DGRP_356	M	42
DGRP_357	F	34
DGRP_357	F	43
DGRP_357	F	64
DGRP_357	F	38
DGRP_357	F	43
DGRP_357	F	44
DGRP_357	F	15
DGRP_357	F	37
DGRP_357	F	37
DGRP_357	F	41
DGRP_357	F	55
DGRP_357	F	55
DGRP_357	F	41
DGRP_357	F	41
DGRP_357	F	41
DGRP_357	F	45
DGRP_357	F	48
DGRP_357	F	55
DGRP_357	F	10
DGRP_357	F	37
DGRP_357	F	55
DGRP_357	F	24
DGRP_357	F	27
DGRP_357	F	48
DGRP_357	F	43
DGRP_357	F	48
DGRP_357	F	52
DGRP_357	F	31
DGRP_357	F	37
DGRP_357	F	20
DGRP_357	F	35
DGRP_357	F	50
DGRP_357	F	31
DGRP_357	F	64
DGRP_357	F	66
DGRP_357	F	39
DGRP_357	F	63
DGRP_357	F	63
DGRP_357	F	43
DGRP_357	F	49
DGRP_357	F	57
DGRP_357	F	42
DGRP_357	F	42
DGRP_357	F	56
DGRP_357	F	45
DGRP_357	F	56
DGRP_357	F	56
DGRP_357	F	57
DGRP_357	F	58
DGRP_357	F	58
DGRP_357	F	36
DGRP_357	F	49
DGRP_357	F	64
DGRP_357	F	35
DGRP_357	F	46
DGRP_357	F	49
DGRP_357	F	37
DGRP_357	F	50
DGRP_357	F	53
DGRP_357	F	28
DGRP_357	F	29
DGRP_357	F	37
DGRP_357	F	22
DGRP_357	F	42
DGRP_357	F	53
DGRP_357	M	27
DGRP_357	M	37
DGRP_357	M	37
DGRP_357	M	28
DGRP_357	M	37
DGRP_357	M	41
DGRP_357	M	28
DGRP_357	M	34
DGRP_357	M	41
DGRP_357	M	29
DGRP_357	M	45
DGRP_357	M	48
DGRP_357	M	36
DGRP_357	M	36
DGRP_357	M	57
DGRP_357	M	23
DGRP_357	M	37
DGRP_357	M	48
DGRP_357	M	27
DGRP_357	M	41
DGRP_357	M	52
DGRP_357	M	41
DGRP_357	M	51
DGRP_357	M	50
DGRP_357	M	52
DGRP_357	M	27
DGRP_357	M	34
DGRP_357	M	34
DGRP_357	M	41
DGRP_357	M	41
DGRP_357	M	35
DGRP_357	M	65
DGRP_357	M	70
DGRP_357	M	38
DGRP_357	M	52
DGRP_357	M	59
DGRP_357	M	46
DGRP_357	M	53
DGRP_357	M	63
DGRP_357	M	29
DGRP_357	M	42
DGRP_357	M	49
DGRP_357	M	38
DGRP_357	M	43
DGRP_357	M	43
DGRP_357	M	38
DGRP_357	M	42
DGRP_357	M	56
DGRP_357	M	35
DGRP_357	M	39
DGRP_357	M	56
DGRP_357	M	56
DGRP_357	M	57
DGRP_357	M	49
DGRP_357	M	49
DGRP_357	M	49
DGRP_357	M	45
DGRP_357	M	56
DGRP_357	M	67
DGRP_357	M	45
DGRP_357	M	49
DGRP_357	M	63
DGRP_358	F	36
DGRP_358	F	37
DGRP_358	F	41
DGRP_358	F	22
DGRP_358	F	41
DGRP_358	F	48
DGRP_358	F	34
DGRP_358	F	34
DGRP_358	F	36
DGRP_358	F	41
DGRP_358	F	45
DGRP_358	F	62
DGRP_358	F	29
DGRP_358	F	48
DGRP_358	F	48
DGRP_358	F	13
DGRP_358	F	34
DGRP_358	F	41
DGRP_358	F	34
DGRP_358	F	50
DGRP_358	F	22
DGRP_358	F	52
DGRP_358	F	55
DGRP_358	F	20
DGRP_358	F	36
DGRP_358	F	48
DGRP_358	F	27
DGRP_358	F	48
DGRP_358	F	21
DGRP_358	F	46
DGRP_358	F	56
DGRP_358	F	17
DGRP_358	F	35
DGRP_358	F	38
DGRP_358	F	35
DGRP_358	F	42
DGRP_358	F	44
DGRP_358	F	18
DGRP_358	F	32
DGRP_358	F	44
DGRP_358	F	25
DGRP_358	F	35
DGRP_358	F	35
DGRP_358	F	21
DGRP_358	F	32
DGRP_358	F	35
DGRP_358	F	18
DGRP_358	F	24
DGRP_358	F	51
DGRP_358	F	24
DGRP_358	F	42
DGRP_358	F	49
DGRP_358	F	18
DGRP_358	F	35
DGRP_358	F	42
DGRP_358	F	21
DGRP_358	F	31
DGRP_358	F	39
DGRP_358	F	9
DGRP_358	F	49
DGRP_358	F	49
DGRP_358	F	35
DGRP_358	F	42
DGRP_358	F	49
DGRP_358	M	62
DGRP_358	M	62
DGRP_358	M	45
DGRP_358	M	76
DGRP_358	M	76
DGRP_358	M	62
DGRP_358	M	71
DGRP_358	M	48
DGRP_358	M	59
DGRP_358	M	73
DGRP_358	M	76
DGRP_358	M	76
DGRP_358	M	27
DGRP_358	M	48
DGRP_358	M	48
DGRP_358	M	48
DGRP_358	M	55
DGRP_358	M	55
DGRP_358	M	30
DGRP_358	M	48
DGRP_358	M	55
DGRP_358	M	65
DGRP_358	M	66
DGRP_358	M	76
DGRP_358	M	20
DGRP_358	M	48
DGRP_358	M	48
DGRP_358	M	45
DGRP_358	M	59
DGRP_358	M	63
DGRP_358	M	42
DGRP_358	M	67
DGRP_358	M	78
DGRP_358	M	35
DGRP_358	M	78
DGRP_358	M	46
DGRP_358	M	49
DGRP_358	M	77
DGRP_358	M	56
DGRP_358	M	70
DGRP_358	M	72
DGRP_358	M	63
DGRP_358	M	70
DGRP_358	M	78
DGRP_358	M	63
DGRP_358	M	70
DGRP_358	M	72
DGRP_358	M	63
DGRP_358	M	77
DGRP_358	M	84
DGRP_358	M	56
DGRP_358	M	77
DGRP_358	M	81
DGRP_358	M	53
DGRP_358	M	84
DGRP_358	M	2
DGRP_358	M	46
DGRP_358	M	74
DGRP_358	M	49
DGRP_358	M	64
DGRP_358	M	84
DGRP_359	F	56
DGRP_359	F	65
DGRP_359	F	72
DGRP_359	F	51
DGRP_359	F	63
DGRP_359	F	25
DGRP_359	F	49
DGRP_359	F	30
DGRP_359	F	44
DGRP_359	F	58
DGRP_359	F	46
DGRP_359	F	46
DGRP_359	F	60
DGRP_359	F	51
DGRP_359	F	63
DGRP_359	F	70
DGRP_359	F	55
DGRP_359	F	60
DGRP_359	F	60
DGRP_359	F	60
DGRP_359	F	60
DGRP_359	F	60
DGRP_359	F	18
DGRP_359	F	29
DGRP_359	F	36
DGRP_359	F	62
DGRP_359	F	63
DGRP_359	F	71
DGRP_359	F	57
DGRP_359	F	60
DGRP_359	F	62
DGRP_359	F	55
DGRP_359	F	60
DGRP_359	F	62
DGRP_359	F	62
DGRP_359	F	70
DGRP_359	F	37
DGRP_359	F	63
DGRP_359	F	63
DGRP_359	F	58
DGRP_359	F	65
DGRP_359	F	77
DGRP_359	F	58
DGRP_359	F	66
DGRP_359	F	70
DGRP_359	F	63
DGRP_359	F	63
DGRP_359	F	72
DGRP_359	F	63
DGRP_359	F	72
DGRP_359	F	72
DGRP_359	F	49
DGRP_359	F	65
DGRP_359	F	77
DGRP_359	F	57
DGRP_359	F	60
DGRP_359	F	70
DGRP_359	F	43
DGRP_359	F	46
DGRP_359	F	74
DGRP_359	F	5
DGRP_359	F	25
DGRP_359	F	46
DGRP_359	F	60
DGRP_359	F	62
DGRP_359	F	71
DGRP_359	F	49
DGRP_359	F	53
DGRP_359	F	63
DGRP_359	M	44
DGRP_359	M	44
DGRP_359	M	58
DGRP_359	M	35
DGRP_359	M	49
DGRP_359	M	70
DGRP_359	M	28
DGRP_359	M	32
DGRP_359	M	44
DGRP_359	M	30
DGRP_359	M	42
DGRP_359	M	49
DGRP_359	M	58
DGRP_359	M	63
DGRP_359	M	63
DGRP_359	M	71
DGRP_359	M	74
DGRP_359	M	53
DGRP_359	M	55
DGRP_359	M	29
DGRP_359	M	36
DGRP_359	M	46
DGRP_359	M	42
DGRP_359	M	60
DGRP_359	M	67
DGRP_359	M	62
DGRP_359	M	62
DGRP_359	M	74
DGRP_359	M	55
DGRP_359	M	60
DGRP_359	M	60
DGRP_359	M	55
DGRP_359	M	57
DGRP_359	M	32
DGRP_359	M	33
DGRP_359	M	53
DGRP_359	M	21
DGRP_359	M	66
DGRP_359	M	84
DGRP_359	M	44
DGRP_359	M	49
DGRP_359	M	77
DGRP_359	M	53
DGRP_359	M	75
DGRP_359	M	84
DGRP_359	M	56
DGRP_359	M	70
DGRP_359	M	74
DGRP_359	M	56
DGRP_359	M	58
DGRP_359	M	60
DGRP_359	M	35
DGRP_359	M	35
DGRP_359	M	52
DGRP_359	M	42
DGRP_359	M	53
DGRP_359	M	53
DGRP_359	M	39
DGRP_359	M	53
DGRP_359	M	60
DGRP_359	M	39
DGRP_359	M	40
DGRP_359	M	46
DGRP_359	M	39
DGRP_359	M	62
DGRP_359	M	77
DGRP_359	M	50
DGRP_359	M	55
DGRP_359	M	60
DGRP_360	F	34
DGRP_360	F	37
DGRP_360	F	37
DGRP_360	F	27
DGRP_360	F	34
DGRP_360	F	37
DGRP_360	F	27
DGRP_360	F	34
DGRP_360	F	35
DGRP_360	F	27
DGRP_360	F	28
DGRP_360	F	29
DGRP_360	F	34
DGRP_360	F	34
DGRP_360	F	34
DGRP_360	F	34
DGRP_360	F	34
DGRP_360	F	45
DGRP_360	F	20
DGRP_360	F	27
DGRP_360	F	37
DGRP_360	F	34
DGRP_360	F	41
DGRP_360	F	27
DGRP_360	F	34
DGRP_360	F	36
DGRP_360	F	29
DGRP_360	F	34
DGRP_360	F	50
DGRP_360	F	28
DGRP_360	F	34
DGRP_360	F	34
DGRP_360	F	41
DGRP_360	F	41
DGRP_360	F	44
DGRP_360	F	21
DGRP_360	F	35
DGRP_360	F	36
DGRP_360	F	39
DGRP_360	F	42
DGRP_360	F	42
DGRP_360	F	30
DGRP_360	F	35
DGRP_360	F	42
DGRP_360	F	29
DGRP_360	F	35
DGRP_360	F	42
DGRP_360	F	35
DGRP_360	F	35
DGRP_360	F	36
DGRP_360	F	23
DGRP_360	F	28
DGRP_360	F	42
DGRP_360	F	11
DGRP_360	F	28
DGRP_360	F	46
DGRP_360	F	28
DGRP_360	F	42
DGRP_360	F	44
DGRP_360	F	35
DGRP_360	F	35
DGRP_360	F	21
DGRP_360	F	28
DGRP_360	F	35
DGRP_360	F	28
DGRP_360	F	42
DGRP_360	F	46
DGRP_360	F	32
DGRP_360	F	35
DGRP_360	F	42
DGRP_360	M	27
DGRP_360	M	37
DGRP_360	M	37
DGRP_360	M	34
DGRP_360	M	37
DGRP_360	M	37
DGRP_360	M	31
DGRP_360	M	48
DGRP_360	M	48
DGRP_360	M	48
DGRP_360	M	48
DGRP_360	M	48
DGRP_360	M	37
DGRP_360	M	37
DGRP_360	M	37
DGRP_360	M	43
DGRP_360	M	45
DGRP_360	M	14
DGRP_360	M	37
DGRP_360	M	37
DGRP_360	M	41
DGRP_360	M	41
DGRP_360	M	41
DGRP_360	M	34
DGRP_360	M	36
DGRP_360	M	36
DGRP_360	M	43
DGRP_360	M	48
DGRP_360	M	49
DGRP_360	M	34
DGRP_360	M	48
DGRP_360	M	48
DGRP_360	M	27
DGRP_360	M	38
DGRP_360	M	41
DGRP_360	M	35
DGRP_360	M	49
DGRP_360	M	49
DGRP_360	M	35
DGRP_360	M	36
DGRP_360	M	42
DGRP_360	M	36
DGRP_360	M	46
DGRP_360	M	49
DGRP_360	M	28
DGRP_360	M	36
DGRP_360	M	42
DGRP_360	M	28
DGRP_360	M	36
DGRP_360	M	42
DGRP_360	M	23
DGRP_360	M	35
DGRP_360	M	36
DGRP_360	M	31
DGRP_360	M	39
DGRP_360	M	49
DGRP_360	M	31
DGRP_360	M	42
DGRP_360	M	23
DGRP_360	M	28
DGRP_360	M	37
DGRP_360	M	42
DGRP_360	M	42
DGRP_360	M	44
DGRP_360	M	32
DGRP_360	M	42
DGRP_360	M	46
DGRP_360	M	38
DGRP_360	M	39
DGRP_360	M	39
DGRP_361	F	42
DGRP_361	F	46
DGRP_361	F	52
DGRP_361	F	18
DGRP_361	F	35
DGRP_361	F	49
DGRP_361	F	14
DGRP_361	F	28
DGRP_361	F	39
DGRP_361	F	14
DGRP_361	F	21
DGRP_361	F	25
DGRP_361	F	15
DGRP_361	F	22
DGRP_361	F	22
DGRP_361	F	18
DGRP_361	F	20
DGRP_361	F	32
DGRP_361	F	11
DGRP_361	F	13
DGRP_361	F	18
DGRP_361	F	11
DGRP_361	F	15
DGRP_361	F	34
DGRP_361	F	18
DGRP_361	F	20
DGRP_361	F	20
DGRP_361	F	27
DGRP_361	F	32
DGRP_361	F	36
DGRP_361	F	18
DGRP_361	F	20
DGRP_361	F	48
DGRP_361	F	28
DGRP_361	F	28
DGRP_361	F	49
DGRP_361	F	15
DGRP_361	F	25
DGRP_361	F	2
DGRP_361	F	15
DGRP_361	F	24
DGRP_361	F	15
DGRP_361	F	15
DGRP_361	F	30
DGRP_361	F	14
DGRP_361	F	18
DGRP_361	F	53
DGRP_361	F	18
DGRP_361	F	28
DGRP_361	F	32
DGRP_361	F	14
DGRP_361	F	18
DGRP_361	F	19
DGRP_361	F	18
DGRP_361	F	32
DGRP_361	F	34
DGRP_361	F	18
DGRP_361	F	25
DGRP_361	F	46
DGRP_361	F	18
DGRP_361	F	18
DGRP_361	F	18
DGRP_361	F	18
DGRP_361	F	25
DGRP_361	M	28
DGRP_361	M	49
DGRP_361	M	21
DGRP_361	M	36
DGRP_361	M	42
DGRP_361	M	14
DGRP_361	M	24
DGRP_361	M	30
DGRP_361	M	49
DGRP_361	M	63
DGRP_361	M	18
DGRP_361	M	18
DGRP_361	M	18
DGRP_361	M	18
DGRP_361	M	20
DGRP_361	M	41
DGRP_361	M	71
DGRP_361	M	25
DGRP_361	M	32
DGRP_361	M	39
DGRP_361	M	34
DGRP_361	M	36
DGRP_361	M	74
DGRP_361	M	28
DGRP_361	M	62
DGRP_361	M	19
DGRP_361	M	35
DGRP_361	M	39
DGRP_361	M	17
DGRP_361	M	28
DGRP_361	M	42
DGRP_361	M	24
DGRP_361	M	24
DGRP_361	M	35
DGRP_361	M	15
DGRP_361	M	35
DGRP_361	M	65
DGRP_361	M	11
DGRP_361	M	15
DGRP_361	M	24
DGRP_361	M	29
DGRP_361	M	39
DGRP_361	M	19
DGRP_361	M	25
DGRP_361	M	25
DGRP_361	M	22
DGRP_361	M	25
DGRP_361	M	46
DGRP_361	M	32
DGRP_361	M	32
DGRP_361	M	46
DGRP_361	M	28
DGRP_361	M	29
DGRP_361	M	38
DGRP_361	M	18
DGRP_361	M	21
DGRP_361	M	50
DGRP_361	M	18
DGRP_361	M	25
DGRP_361	M	27
DGRP_362	F	20
DGRP_362	F	34
DGRP_362	F	62
DGRP_362	F	31
DGRP_362	F	45
DGRP_362	F	52
DGRP_362	F	13
DGRP_362	F	17
DGRP_362	F	34
DGRP_362	F	22
DGRP_362	F	55
DGRP_362	F	58
DGRP_362	F	27
DGRP_362	F	27
DGRP_362	F	34
DGRP_362	F	20
DGRP_362	F	30
DGRP_362	F	48
DGRP_362	F	16
DGRP_362	F	21
DGRP_362	F	51
DGRP_362	F	27
DGRP_362	F	41
DGRP_362	F	20
DGRP_362	F	20
DGRP_362	F	35
DGRP_362	F	17
DGRP_362	F	38
DGRP_362	F	82
DGRP_362	F	24
DGRP_362	F	38
DGRP_362	F	56
DGRP_362	F	23
DGRP_362	F	56
DGRP_362	F	70
DGRP_362	F	56
DGRP_362	F	56
DGRP_362	F	56
DGRP_362	F	63
DGRP_362	F	70
DGRP_362	F	25
DGRP_362	F	35
DGRP_362	F	49
DGRP_362	F	21
DGRP_362	F	43
DGRP_362	F	50
DGRP_362	F	35
DGRP_362	F	56
DGRP_362	F	63
DGRP_362	F	49
DGRP_362	F	49
DGRP_362	F	58
DGRP_362	F	42
DGRP_362	F	53
DGRP_362	F	63
DGRP_362	M	76
DGRP_362	M	76
DGRP_362	M	73
DGRP_362	M	87
DGRP_362	M	88
DGRP_362	M	34
DGRP_362	M	73
DGRP_362	M	80
DGRP_362	M	55
DGRP_362	M	84
DGRP_362	M	22
DGRP_362	M	55
DGRP_362	M	77
DGRP_362	M	79
DGRP_362	M	80
DGRP_362	M	69
DGRP_362	M	76
DGRP_362	M	76
DGRP_362	M	55
DGRP_362	M	76
DGRP_362	M	76
DGRP_362	M	80
DGRP_362	M	84
DGRP_362	M	84
DGRP_362	M	67
DGRP_362	M	73
DGRP_362	M	82
DGRP_362	M	74
DGRP_362	M	77
DGRP_362	M	79
DGRP_362	M	77
DGRP_362	M	78
DGRP_362	M	56
DGRP_362	M	80
DGRP_362	M	35
DGRP_362	M	56
DGRP_362	M	63
DGRP_362	M	80
DGRP_362	M	80
DGRP_362	M	70
DGRP_362	M	73
DGRP_362	M	81
DGRP_362	M	73
DGRP_362	M	81
DGRP_362	M	63
DGRP_362	M	77
DGRP_362	M	84
DGRP_362	M	65
DGRP_362	M	72
DGRP_362	M	77
DGRP_365	F	20
DGRP_365	F	27
DGRP_365	F	48
DGRP_365	F	37
DGRP_365	F	41
DGRP_365	F	43
DGRP_365	F	13
DGRP_365	F	24
DGRP_365	F	48
DGRP_365	F	14
DGRP_365	F	27
DGRP_365	F	35
DGRP_365	F	34
DGRP_365	F	48
DGRP_365	F	13
DGRP_365	F	34
DGRP_365	F	36
DGRP_365	F	27
DGRP_365	F	48
DGRP_365	F	48
DGRP_365	F	20
DGRP_365	F	48
DGRP_365	F	51
DGRP_365	F	23
DGRP_365	F	23
DGRP_365	F	48
DGRP_365	F	38
DGRP_365	F	56
DGRP_365	F	38
DGRP_365	F	49
DGRP_365	F	49
DGRP_365	F	36
DGRP_365	F	46
DGRP_365	F	49
DGRP_365	F	44
DGRP_365	F	44
DGRP_365	F	56
DGRP_365	F	49
DGRP_365	F	49
DGRP_365	F	50
DGRP_365	F	15
DGRP_365	F	28
DGRP_365	F	49
DGRP_365	F	56
DGRP_365	F	58
DGRP_365	F	49
DGRP_365	F	49
DGRP_365	F	51
DGRP_365	F	42
DGRP_365	F	42
DGRP_365	F	43
DGRP_365	F	42
DGRP_365	F	46
DGRP_365	F	51
DGRP_365	M	29
DGRP_365	M	34
DGRP_365	M	27
DGRP_365	M	34
DGRP_365	M	37
DGRP_365	M	34
DGRP_365	M	37
DGRP_365	M	27
DGRP_365	M	34
DGRP_365	M	37
DGRP_365	M	37
DGRP_365	M	37
DGRP_365	M	48
DGRP_365	M	24
DGRP_365	M	36
DGRP_365	M	36
DGRP_365	M	36
DGRP_365	M	44
DGRP_365	M	48
DGRP_365	M	48
DGRP_365	M	55
DGRP_365	M	34
DGRP_365	M	41
DGRP_365	M	48
DGRP_365	M	11
DGRP_365	M	16
DGRP_365	M	11
DGRP_365	M	49
DGRP_365	M	49
DGRP_365	M	49
DGRP_365	M	56
DGRP_365	M	63
DGRP_365	M	23
DGRP_365	M	49
DGRP_365	M	56
DGRP_365	M	42
DGRP_365	M	49
DGRP_365	M	49
DGRP_365	M	24
DGRP_365	M	49
DGRP_365	M	21
DGRP_365	M	49
DGRP_365	M	52
DGRP_365	M	63
DGRP_365	M	66
DGRP_365	M	49
DGRP_365	M	63
DGRP_365	M	63
DGRP_365	M	46
DGRP_365	M	63
DGRP_367	F	42
DGRP_367	F	42
DGRP_367	F	49
DGRP_367	F	21
DGRP_367	F	49
DGRP_367	F	49
DGRP_367	F	35
DGRP_367	F	38
DGRP_367	F	49
DGRP_367	F	16
DGRP_367	F	44
DGRP_367	F	56
DGRP_367	F	34
DGRP_367	F	46
DGRP_367	F	48
DGRP_367	F	29
DGRP_367	F	46
DGRP_367	F	67
DGRP_367	F	33
DGRP_367	F	46
DGRP_367	F	49
DGRP_367	F	29
DGRP_367	F	41
DGRP_367	F	53
DGRP_367	F	12
DGRP_367	F	43
DGRP_367	F	48
DGRP_367	F	35
DGRP_367	F	36
DGRP_367	F	32
DGRP_367	F	33
DGRP_367	F	48
DGRP_367	F	32
DGRP_367	F	39
DGRP_367	F	31
DGRP_367	F	53
DGRP_367	F	60
DGRP_367	F	38
DGRP_367	F	42
DGRP_367	F	49
DGRP_367	F	37
DGRP_367	F	42
DGRP_367	F	28
DGRP_367	F	28
DGRP_367	F	43
DGRP_367	F	42
DGRP_367	F	45
DGRP_367	F	49
DGRP_367	F	19
DGRP_367	F	34
DGRP_367	F	46
DGRP_367	F	18
DGRP_367	F	49
DGRP_367	F	54
DGRP_367	F	39
DGRP_367	F	39
DGRP_367	F	41
DGRP_367	F	34
DGRP_367	F	46
DGRP_367	F	46
DGRP_367	F	26
DGRP_367	F	46
DGRP_367	F	46
DGRP_367	F	18
DGRP_367	F	26
DGRP_367	F	32
DGRP_367	M	46
DGRP_367	M	63
DGRP_367	M	21
DGRP_367	M	51
DGRP_367	M	49
DGRP_367	M	59
DGRP_367	M	51
DGRP_367	M	70
DGRP_367	M	41
DGRP_367	M	46
DGRP_367	M	62
DGRP_367	M	53
DGRP_367	M	71
DGRP_367	M	47
DGRP_367	M	55
DGRP_367	M	71
DGRP_367	M	63
DGRP_367	M	67
DGRP_367	M	69
DGRP_367	M	25
DGRP_367	M	41
DGRP_367	M	43
DGRP_367	M	43
DGRP_367	M	55
DGRP_367	M	19
DGRP_367	M	32
DGRP_367	M	48
DGRP_367	M	8
DGRP_367	M	46
DGRP_367	M	62
DGRP_367	M	15
DGRP_367	M	28
DGRP_367	M	43
DGRP_367	M	49
DGRP_367	M	56
DGRP_367	M	35
DGRP_367	M	49
DGRP_367	M	63
DGRP_367	M	29
DGRP_367	M	65
DGRP_367	M	45
DGRP_367	M	63
DGRP_367	M	77
DGRP_367	M	60
DGRP_367	M	67
DGRP_367	M	55
DGRP_367	M	57
DGRP_367	M	60
DGRP_367	M	34
DGRP_367	M	39
DGRP_367	M	74
DGRP_367	M	46
DGRP_367	M	46
DGRP_367	M	67
DGRP_367	M	46
DGRP_367	M	46
DGRP_367	M	46
DGRP_367	M	14
DGRP_367	M	53
DGRP_370	F	13
DGRP_370	F	39
DGRP_370	F	53
DGRP_370	F	57
DGRP_370	F	62
DGRP_370	F	34
DGRP_370	F	67
DGRP_370	F	71
DGRP_370	F	6
DGRP_370	F	67
DGRP_370	F	67
DGRP_370	F	27
DGRP_370	F	39
DGRP_370	F	42
DGRP_370	F	53
DGRP_370	F	53
DGRP_370	F	32
DGRP_370	F	41
DGRP_370	F	67
DGRP_370	F	24
DGRP_370	F	45
DGRP_370	F	45
DGRP_370	F	18
DGRP_370	F	38
DGRP_370	F	45
DGRP_370	F	18
DGRP_370	F	54
DGRP_370	F	61
DGRP_370	F	31
DGRP_370	F	33
DGRP_370	F	38
DGRP_370	F	31
DGRP_370	F	35
DGRP_370	F	42
DGRP_370	F	25
DGRP_370	F	43
DGRP_370	F	61
DGRP_370	F	18
DGRP_370	F	27
DGRP_370	F	50
DGRP_370	F	10
DGRP_370	F	53
DGRP_370	F	56
DGRP_370	F	29
DGRP_370	F	46
DGRP_370	F	64
DGRP_370	F	50
DGRP_370	F	61
DGRP_370	F	61
DGRP_370	F	64
DGRP_370	F	64
DGRP_370	F	67
DGRP_370	F	53
DGRP_370	F	61
DGRP_370	F	64
DGRP_370	F	39
DGRP_370	F	39
DGRP_370	F	53
DGRP_370	F	20
DGRP_370	F	50
DGRP_370	F	61
DGRP_370	F	33
DGRP_370	F	39
DGRP_370	F	67
DGRP_370	F	13
DGRP_370	F	42
DGRP_370	F	63
DGRP_370	F	25
DGRP_370	F	40
DGRP_370	F	61
DGRP_370	M	19
DGRP_370	M	53
DGRP_370	M	55
DGRP_370	M	25
DGRP_370	M	29
DGRP_370	M	34
DGRP_370	M	34
DGRP_370	M	43
DGRP_370	M	60
DGRP_370	M	8
DGRP_370	M	55
DGRP_370	M	62
DGRP_370	M	39
DGRP_370	M	41
DGRP_370	M	20
DGRP_370	M	25
DGRP_370	M	54
DGRP_370	M	36
DGRP_370	M	39
DGRP_370	M	46
DGRP_370	M	5
DGRP_370	M	26
DGRP_370	M	38
DGRP_370	M	3
DGRP_370	M	42
DGRP_370	M	45
DGRP_370	M	19
DGRP_370	M	19
DGRP_370	M	52
DGRP_370	M	31
DGRP_370	M	33
DGRP_370	M	33
DGRP_370	M	28
DGRP_370	M	31
DGRP_370	M	38
DGRP_370	M	43
DGRP_370	M	61
DGRP_370	M	25
DGRP_370	M	50
DGRP_370	M	55
DGRP_370	M	50
DGRP_370	M	53
DGRP_370	M	53
DGRP_370	M	53
DGRP_370	M	53
DGRP_370	M	61
DGRP_370	M	46
DGRP_370	M	57
DGRP_370	M	68
DGRP_370	M	29
DGRP_370	M	32
DGRP_370	M	61
DGRP_370	M	33
DGRP_370	M	41
DGRP_370	M	61
DGRP_370	M	13
DGRP_370	M	53
DGRP_370	M	61
DGRP_370	M	53
DGRP_370	M	61
DGRP_370	M	67
DGRP_370	M	20
DGRP_370	M	32
DGRP_370	M	29
DGRP_370	M	42
DGRP_370	M	53
DGRP_370	M	53
DGRP_370	M	57
DGRP_371	F	27
DGRP_371	F	32
DGRP_371	F	32
DGRP_371	F	27
DGRP_371	F	27
DGRP_371	F	32
DGRP_371	F	32
DGRP_371	F	32
DGRP_371	F	39
DGRP_371	F	32
DGRP_371	F	32
DGRP_371	F	34
DGRP_371	F	27
DGRP_371	F	32
DGRP_371	F	35
DGRP_371	F	27
DGRP_371	F	27
DGRP_371	F	39
DGRP_371	F	20
DGRP_371	F	29
DGRP_371	F	29
DGRP_371	F	25
DGRP_371	F	32
DGRP_371	F	14
DGRP_371	F	26
DGRP_371	F	32
DGRP_371	F	27
DGRP_371	F	32
DGRP_371	F	35
DGRP_371	F	32
DGRP_371	F	33
DGRP_371	F	36
DGRP_371	F	28
DGRP_371	F	32
DGRP_371	F	32
DGRP_371	F	32
DGRP_371	F	32
DGRP_371	F	34
DGRP_371	F	32
DGRP_371	F	32
DGRP_371	F	39
DGRP_371	F	5
DGRP_371	F	32
DGRP_371	F	5
DGRP_371	F	11
DGRP_371	F	34
DGRP_371	F	26
DGRP_371	F	29
DGRP_371	F	32
DGRP_371	F	32
DGRP_371	F	32
DGRP_371	F	32
DGRP_371	F	32
DGRP_371	F	32
DGRP_371	F	36
DGRP_371	F	32
DGRP_371	F	34
DGRP_371	F	39
DGRP_371	F	32
DGRP_371	F	36
DGRP_371	F	39
DGRP_371	F	27
DGRP_371	F	29
DGRP_371	F	34
DGRP_371	F	32
DGRP_371	F	32
DGRP_371	F	33
DGRP_371	M	32
DGRP_371	M	32
DGRP_371	M	41
DGRP_371	M	25
DGRP_371	M	41
DGRP_371	M	27
DGRP_371	M	27
DGRP_371	M	29
DGRP_371	M	32
DGRP_371	M	32
DGRP_371	M	46
DGRP_371	M	6
DGRP_371	M	32
DGRP_371	M	32
DGRP_371	M	60
DGRP_371	M	39
DGRP_371	M	46
DGRP_371	M	46
DGRP_371	M	18
DGRP_371	M	26
DGRP_371	M	32
DGRP_371	M	29
DGRP_371	M	29
DGRP_371	M	36
DGRP_371	M	6
DGRP_371	M	36
DGRP_371	M	39
DGRP_371	M	32
DGRP_371	M	32
DGRP_371	M	39
DGRP_371	M	32
DGRP_371	M	32
DGRP_371	M	41
DGRP_371	M	43
DGRP_371	M	53
DGRP_371	M	32
DGRP_371	M	46
DGRP_371	M	46
DGRP_371	M	5
DGRP_371	M	46
DGRP_371	M	47
DGRP_371	M	5
DGRP_371	M	39
DGRP_371	M	39
DGRP_371	M	32
DGRP_371	M	32
DGRP_371	M	39
DGRP_371	M	32
DGRP_371	M	32
DGRP_371	M	33
DGRP_371	M	32
DGRP_371	M	46
DGRP_371	M	46
DGRP_371	M	39
DGRP_371	M	39
DGRP_371	M	55
DGRP_371	M	39
DGRP_371	M	41
DGRP_371	M	55
DGRP_371	M	34
DGRP_371	M	34
DGRP_371	M	40
DGRP_371	M	39
DGRP_371	M	39
DGRP_371	M	39
DGRP_373	F	64
DGRP_373	F	67
DGRP_373	F	67
DGRP_373	F	60
DGRP_373	F	67
DGRP_373	F	67
DGRP_373	F	53
DGRP_373	F	60
DGRP_373	F	67
DGRP_373	F	62
DGRP_373	F	71
DGRP_373	F	74
DGRP_373	F	32
DGRP_373	F	67
DGRP_373	F	67
DGRP_373	F	46
DGRP_373	F	53
DGRP_373	F	60
DGRP_373	F	53
DGRP_373	F	67
DGRP_373	F	74
DGRP_373	F	19
DGRP_373	F	36
DGRP_373	F	74
DGRP_373	F	34
DGRP_373	F	60
DGRP_373	F	62
DGRP_373	F	55
DGRP_373	F	67
DGRP_373	F	69
DGRP_373	F	25
DGRP_373	F	43
DGRP_373	F	53
DGRP_373	F	46
DGRP_373	F	64
DGRP_373	F	67
DGRP_373	F	76
DGRP_373	F	78
DGRP_373	F	81
DGRP_373	F	61
DGRP_373	F	61
DGRP_373	F	82
DGRP_373	F	39
DGRP_373	F	57
DGRP_373	F	61
DGRP_373	F	56
DGRP_373	F	61
DGRP_373	F	67
DGRP_373	F	20
DGRP_373	F	74
DGRP_373	F	74
DGRP_373	F	61
DGRP_373	F	67
DGRP_373	F	67
DGRP_373	F	61
DGRP_373	F	61
DGRP_373	F	74
DGRP_373	F	20
DGRP_373	F	41
DGRP_373	F	46
DGRP_373	F	56
DGRP_373	F	67
DGRP_373	F	18
DGRP_373	F	71
DGRP_373	F	74
DGRP_373	F	61
DGRP_373	F	64
DGRP_373	F	67
DGRP_373	M	32
DGRP_373	M	67
DGRP_373	M	69
DGRP_373	M	42
DGRP_373	M	67
DGRP_373	M	67
DGRP_373	M	46
DGRP_373	M	53
DGRP_373	M	67
DGRP_373	M	71
DGRP_373	M	74
DGRP_373	M	36
DGRP_373	M	53
DGRP_373	M	67
DGRP_373	M	34
DGRP_373	M	40
DGRP_373	M	53
DGRP_373	M	20
DGRP_373	M	74
DGRP_373	M	81
DGRP_373	M	74
DGRP_373	M	81
DGRP_373	M	46
DGRP_373	M	74
DGRP_373	M	81
DGRP_373	M	41
DGRP_373	M	60
DGRP_373	M	67
DGRP_373	M	48
DGRP_373	M	67
DGRP_373	M	74
DGRP_373	M	4
DGRP_373	M	46
DGRP_373	M	78
DGRP_373	M	34
DGRP_373	M	50
DGRP_373	M	61
DGRP_373	M	46
DGRP_373	M	74
DGRP_373	M	81
DGRP_373	M	63
DGRP_373	M	73
DGRP_373	M	78
DGRP_373	M	46
DGRP_373	M	57
DGRP_373	M	61
DGRP_373	M	46
DGRP_373	M	61
DGRP_373	M	68
DGRP_373	M	61
DGRP_373	M	61
DGRP_373	M	67
DGRP_373	M	61
DGRP_373	M	88
DGRP_373	M	88
DGRP_373	M	29
DGRP_373	M	32
DGRP_373	M	46
DGRP_373	M	47
DGRP_373	M	61
DGRP_373	M	20
DGRP_373	M	33
DGRP_373	M	61
DGRP_373	M	33
DGRP_373	M	43
DGRP_373	M	89
DGRP_374	F	26
DGRP_374	F	32
DGRP_374	F	43
DGRP_374	F	27
DGRP_374	F	60
DGRP_374	F	74
DGRP_374	F	35
DGRP_374	F	42
DGRP_374	F	54
DGRP_374	F	26
DGRP_374	F	69
DGRP_374	F	78
DGRP_374	F	43
DGRP_374	F	50
DGRP_374	F	71
DGRP_374	F	62
DGRP_374	F	71
DGRP_374	F	60
DGRP_374	F	75
DGRP_374	F	46
DGRP_374	F	57
DGRP_374	F	60
DGRP_374	F	20
DGRP_374	F	60
DGRP_374	F	64
DGRP_374	F	19
DGRP_374	F	42
DGRP_374	F	60
DGRP_374	F	57
DGRP_374	F	67
DGRP_374	F	68
DGRP_374	F	46
DGRP_374	F	60
DGRP_374	F	67
DGRP_374	F	36
DGRP_374	F	74
DGRP_374	F	74
DGRP_374	F	8
DGRP_374	F	41
DGRP_374	F	64
DGRP_374	F	39
DGRP_374	F	61
DGRP_374	F	67
DGRP_374	F	43
DGRP_374	F	46
DGRP_374	F	69
DGRP_374	F	48
DGRP_374	F	74
DGRP_374	F	74
DGRP_374	F	29
DGRP_374	F	39
DGRP_374	F	57
DGRP_374	F	18
DGRP_374	F	33
DGRP_374	F	67
DGRP_374	F	27
DGRP_374	F	53
DGRP_374	F	53
DGRP_374	F	32
DGRP_374	F	69
DGRP_374	F	13
DGRP_374	F	46
DGRP_374	F	53
DGRP_374	F	67
DGRP_374	F	67
DGRP_374	F	61
DGRP_374	F	77
DGRP_374	F	88
DGRP_374	M	19
DGRP_374	M	46
DGRP_374	M	67
DGRP_374	M	67
DGRP_374	M	68
DGRP_374	M	47
DGRP_374	M	49
DGRP_374	M	54
DGRP_374	M	6
DGRP_374	M	61
DGRP_374	M	67
DGRP_374	M	62
DGRP_374	M	67
DGRP_374	M	53
DGRP_374	M	60
DGRP_374	M	67
DGRP_374	M	60
DGRP_374	M	60
DGRP_374	M	68
DGRP_374	M	19
DGRP_374	M	54
DGRP_374	M	60
DGRP_374	M	27
DGRP_374	M	57
DGRP_374	M	60
DGRP_374	M	53
DGRP_374	M	54
DGRP_374	M	60
DGRP_374	M	25
DGRP_374	M	62
DGRP_374	M	67
DGRP_374	M	53
DGRP_374	M	53
DGRP_374	M	71
DGRP_374	M	74
DGRP_374	M	32
DGRP_374	M	53
DGRP_374	M	68
DGRP_374	M	61
DGRP_374	M	77
DGRP_374	M	78
DGRP_374	M	61
DGRP_374	M	61
DGRP_374	M	61
DGRP_374	M	61
DGRP_374	M	68
DGRP_374	M	68
DGRP_374	M	69
DGRP_374	M	69
DGRP_374	M	61
DGRP_374	M	69
DGRP_374	M	50
DGRP_374	M	63
DGRP_374	M	67
DGRP_374	M	50
DGRP_374	M	55
DGRP_374	M	70
DGRP_374	M	13
DGRP_374	M	48
DGRP_374	M	62
DGRP_374	M	71
DGRP_374	M	74
DGRP_374	M	32
DGRP_374	M	46
DGRP_374	M	83
DGRP_375	F	55
DGRP_375	F	58
DGRP_375	F	62
DGRP_375	F	48
DGRP_375	F	51
DGRP_375	F	14
DGRP_375	F	17
DGRP_375	F	50
DGRP_375	F	27
DGRP_375	F	43
DGRP_375	F	55
DGRP_375	F	51
DGRP_375	F	52
DGRP_375	F	52
DGRP_375	F	51
DGRP_375	F	55
DGRP_375	F	55
DGRP_375	F	24
DGRP_375	F	48
DGRP_375	F	62
DGRP_375	F	48
DGRP_375	F	54
DGRP_375	F	56
DGRP_375	F	52
DGRP_375	F	59
DGRP_375	F	45
DGRP_375	F	52
DGRP_375	F	52
DGRP_375	F	52
DGRP_375	F	56
DGRP_375	F	62
DGRP_375	F	38
DGRP_375	F	52
DGRP_375	F	52
DGRP_375	F	63
DGRP_375	F	63
DGRP_375	F	63
DGRP_375	F	23
DGRP_375	F	56
DGRP_375	F	66
DGRP_375	F	60
DGRP_375	F	65
DGRP_375	F	65
DGRP_375	F	63
DGRP_375	F	63
DGRP_375	F	64
DGRP_375	F	52
DGRP_375	F	63
DGRP_375	F	64
DGRP_375	F	63
DGRP_375	F	70
DGRP_375	F	63
DGRP_375	F	66
DGRP_375	F	63
DGRP_375	F	70
DGRP_375	F	72
DGRP_375	F	56
DGRP_375	F	63
DGRP_375	F	63
DGRP_375	F	56
DGRP_375	F	63
DGRP_375	F	65
DGRP_375	M	65
DGRP_375	M	69
DGRP_375	M	76
DGRP_375	M	41
DGRP_375	M	44
DGRP_375	M	69
DGRP_375	M	41
DGRP_375	M	58
DGRP_375	M	59
DGRP_375	M	41
DGRP_375	M	48
DGRP_375	M	52
DGRP_375	M	48
DGRP_375	M	71
DGRP_375	M	76
DGRP_375	M	55
DGRP_375	M	55
DGRP_375	M	69
DGRP_375	M	41
DGRP_375	M	45
DGRP_375	M	62
DGRP_375	M	47
DGRP_375	M	49
DGRP_375	M	52
DGRP_375	M	42
DGRP_375	M	45
DGRP_375	M	59
DGRP_375	M	48
DGRP_375	M	52
DGRP_375	M	52
DGRP_375	M	48
DGRP_375	M	49
DGRP_375	M	61
DGRP_375	M	49
DGRP_375	M	56
DGRP_375	M	73
DGRP_375	M	58
DGRP_375	M	70
DGRP_375	M	60
DGRP_375	M	66
DGRP_375	M	70
DGRP_375	M	36
DGRP_375	M	66
DGRP_375	M	63
DGRP_375	M	74
DGRP_375	M	78
DGRP_375	M	58
DGRP_375	M	63
DGRP_375	M	81
DGRP_375	M	60
DGRP_375	M	70
DGRP_375	M	52
DGRP_375	M	53
DGRP_375	M	53
DGRP_375	M	28
DGRP_375	M	51
DGRP_375	M	63
DGRP_375	M	63
DGRP_375	M	63
DGRP_375	M	73
DGRP_375	M	58
DGRP_375	M	77
DGRP_375	M	84
DGRP_377	F	33
DGRP_377	F	36
DGRP_377	F	41
DGRP_377	F	39
DGRP_377	F	48
DGRP_377	F	61
DGRP_377	F	27
DGRP_377	F	35
DGRP_377	F	41
DGRP_377	F	32
DGRP_377	F	40
DGRP_377	F	60
DGRP_377	F	41
DGRP_377	F	43
DGRP_377	F	60
DGRP_377	F	26
DGRP_377	F	46
DGRP_377	F	46
DGRP_377	F	32
DGRP_377	F	36
DGRP_377	F	46
DGRP_377	F	34
DGRP_377	F	50
DGRP_377	F	57
DGRP_377	F	32
DGRP_377	F	39
DGRP_377	F	40
DGRP_377	F	26
DGRP_377	F	35
DGRP_377	F	39
DGRP_377	F	25
DGRP_377	F	32
DGRP_377	F	34
DGRP_377	F	34
DGRP_377	F	46
DGRP_377	F	50
DGRP_377	F	42
DGRP_377	F	42
DGRP_377	F	46
DGRP_377	F	32
DGRP_377	F	32
DGRP_377	F	43
DGRP_377	F	47
DGRP_377	F	63
DGRP_377	F	64
DGRP_377	F	39
DGRP_377	F	46
DGRP_377	F	46
DGRP_377	F	32
DGRP_377	F	36
DGRP_377	F	36
DGRP_377	F	41
DGRP_377	F	50
DGRP_377	F	56
DGRP_377	F	41
DGRP_377	F	47
DGRP_377	F	53
DGRP_377	F	36
DGRP_377	F	39
DGRP_377	F	39
DGRP_377	F	55
DGRP_377	F	56
DGRP_377	F	34
DGRP_377	F	46
DGRP_377	F	32
DGRP_377	F	42
DGRP_377	F	46
DGRP_377	F	43
DGRP_377	F	46
DGRP_377	F	56
DGRP_377	M	36
DGRP_377	M	46
DGRP_377	M	54
DGRP_377	M	46
DGRP_377	M	46
DGRP_377	M	53
DGRP_377	M	39
DGRP_377	M	46
DGRP_377	M	43
DGRP_377	M	53
DGRP_377	M	23
DGRP_377	M	46
DGRP_377	M	46
DGRP_377	M	39
DGRP_377	M	46
DGRP_377	M	46
DGRP_377	M	4
DGRP_377	M	46
DGRP_377	M	57
DGRP_377	M	29
DGRP_377	M	43
DGRP_377	M	46
DGRP_377	M	19
DGRP_377	M	39
DGRP_377	M	42
DGRP_377	M	27
DGRP_377	M	34
DGRP_377	M	43
DGRP_377	M	36
DGRP_377	M	53
DGRP_377	M	6
DGRP_377	M	43
DGRP_377	M	47
DGRP_377	M	32
DGRP_377	M	46
DGRP_377	M	53
DGRP_377	M	32
DGRP_377	M	39
DGRP_377	M	53
DGRP_377	M	40
DGRP_377	M	61
DGRP_377	M	34
DGRP_377	M	56
DGRP_377	M	67
DGRP_377	M	39
DGRP_377	M	43
DGRP_377	M	32
DGRP_377	M	46
DGRP_377	M	46
DGRP_377	M	39
DGRP_377	M	46
DGRP_377	M	46
DGRP_377	M	39
DGRP_377	M	39
DGRP_377	M	46
DGRP_377	M	25
DGRP_377	M	46
DGRP_377	M	46
DGRP_377	M	46
DGRP_377	M	46
DGRP_377	M	32
DGRP_377	M	40
DGRP_377	M	46
DGRP_377	M	53
DGRP_377	M	54
DGRP_379	F	69
DGRP_379	F	76
DGRP_379	F	76
DGRP_379	F	28
DGRP_379	F	61
DGRP_379	F	84
DGRP_379	F	61
DGRP_379	F	65
DGRP_379	F	65
DGRP_379	F	48
DGRP_379	F	69
DGRP_379	F	69
DGRP_379	F	39
DGRP_379	F	80
DGRP_379	F	80
DGRP_379	F	47
DGRP_379	F	62
DGRP_379	F	64
DGRP_379	F	62
DGRP_379	F	62
DGRP_379	F	75
DGRP_379	F	68
DGRP_379	F	69
DGRP_379	F	78
DGRP_379	F	25
DGRP_379	F	81
DGRP_379	F	84
DGRP_379	F	84
DGRP_379	F	84
DGRP_379	F	48
DGRP_379	F	74
DGRP_379	F	39
DGRP_379	F	67
DGRP_379	F	67
DGRP_379	F	59
DGRP_379	F	77
DGRP_379	F	77
DGRP_379	F	29
DGRP_379	F	44
DGRP_379	F	59
DGRP_379	F	28
DGRP_379	F	91
DGRP_379	F	21
DGRP_379	F	25
DGRP_379	F	44
DGRP_379	F	42
DGRP_379	F	77
DGRP_379	F	56
DGRP_379	F	71
DGRP_379	F	42
DGRP_379	F	74
DGRP_379	F	84
DGRP_379	F	38
DGRP_379	F	57
DGRP_379	F	84
DGRP_379	F	49
DGRP_379	F	72
DGRP_379	F	91
DGRP_379	F	63
DGRP_379	F	70
DGRP_379	F	77
DGRP_379	M	59
DGRP_379	M	72
DGRP_379	M	76
DGRP_379	M	40
DGRP_379	M	49
DGRP_379	M	61
DGRP_379	M	62
DGRP_379	M	65
DGRP_379	M	68
DGRP_379	M	68
DGRP_379	M	79
DGRP_379	M	73
DGRP_379	M	73
DGRP_379	M	54
DGRP_379	M	63
DGRP_379	M	75
DGRP_379	M	47
DGRP_379	M	58
DGRP_379	M	65
DGRP_379	M	56
DGRP_379	M	68
DGRP_379	M	68
DGRP_379	M	82
DGRP_379	M	84
DGRP_379	M	46
DGRP_379	M	67
DGRP_379	M	71
DGRP_379	M	70
DGRP_379	M	82
DGRP_379	M	82
DGRP_379	M	70
DGRP_379	M	73
DGRP_379	M	84
DGRP_379	M	67
DGRP_379	M	77
DGRP_379	M	77
DGRP_379	M	45
DGRP_379	M	66
DGRP_379	M	78
DGRP_379	M	70
DGRP_379	M	77
DGRP_379	M	84
DGRP_379	M	65
DGRP_379	M	84
DGRP_379	M	84
DGRP_379	M	63
DGRP_379	M	66
DGRP_379	M	88
DGRP_379	M	56
DGRP_379	M	73
DGRP_379	M	72
DGRP_379	M	81
DGRP_379	M	98
DGRP_379	M	72
DGRP_379	M	74
DGRP_379	M	77
DGRP_379	M	78
DGRP_379	M	93
DGRP_379	M	93
DGRP_379	M	70
DGRP_379	M	84
DGRP_379	M	88
DGRP_380	F	21
DGRP_380	F	22
DGRP_380	F	50
DGRP_380	F	26
DGRP_380	F	30
DGRP_380	F	44
DGRP_380	F	12
DGRP_380	F	20
DGRP_380	F	21
DGRP_380	F	26
DGRP_380	F	28
DGRP_380	F	42
DGRP_380	F	23
DGRP_380	F	40
DGRP_380	F	40
DGRP_380	F	30
DGRP_380	F	44
DGRP_380	F	47
DGRP_380	F	28
DGRP_380	F	36
DGRP_380	F	37
DGRP_380	F	40
DGRP_380	F	40
DGRP_380	F	9
DGRP_380	F	23
DGRP_380	F	23
DGRP_380	F	28
DGRP_380	F	40
DGRP_380	F	61
DGRP_380	F	20
DGRP_380	F	26
DGRP_380	F	63
DGRP_380	F	28
DGRP_380	F	44
DGRP_380	F	47
DGRP_380	F	44
DGRP_380	F	45
DGRP_380	F	49
DGRP_380	F	16
DGRP_380	F	42
DGRP_380	F	50
DGRP_380	F	16
DGRP_380	F	49
DGRP_380	F	49
DGRP_380	F	21
DGRP_380	F	56
DGRP_380	F	35
DGRP_380	F	44
DGRP_380	F	24
DGRP_380	F	50
DGRP_380	F	16
DGRP_380	F	56
DGRP_380	F	56
DGRP_380	F	23
DGRP_380	F	49
DGRP_380	F	63
DGRP_380	F	25
DGRP_380	F	56
DGRP_380	F	36
DGRP_380	F	42
DGRP_380	F	46
DGRP_380	F	17
DGRP_380	F	35
DGRP_380	F	56
DGRP_380	M	22
DGRP_380	M	54
DGRP_380	M	56
DGRP_380	M	47
DGRP_380	M	61
DGRP_380	M	61
DGRP_380	M	20
DGRP_380	M	27
DGRP_380	M	35
DGRP_380	M	37
DGRP_380	M	40
DGRP_380	M	49
DGRP_380	M	42
DGRP_380	M	44
DGRP_380	M	47
DGRP_380	M	21
DGRP_380	M	33
DGRP_380	M	47
DGRP_380	M	43
DGRP_380	M	47
DGRP_380	M	47
DGRP_380	M	37
DGRP_380	M	43
DGRP_380	M	47
DGRP_380	M	36
DGRP_380	M	47
DGRP_380	M	47
DGRP_380	M	37
DGRP_380	M	40
DGRP_380	M	51
DGRP_380	M	61
DGRP_380	M	64
DGRP_380	M	65
DGRP_380	M	42
DGRP_380	M	47
DGRP_380	M	47
DGRP_380	M	10
DGRP_380	M	50
DGRP_380	M	64
DGRP_380	M	49
DGRP_380	M	49
DGRP_380	M	50
DGRP_380	M	23
DGRP_380	M	38
DGRP_380	M	70
DGRP_380	M	42
DGRP_380	M	43
DGRP_380	M	56
DGRP_380	M	31
DGRP_380	M	31
DGRP_380	M	35
DGRP_380	M	42
DGRP_380	M	59
DGRP_380	M	63
DGRP_380	M	29
DGRP_380	M	42
DGRP_380	M	56
DGRP_380	M	49
DGRP_380	M	56
DGRP_380	M	59
DGRP_380	M	56
DGRP_380	M	56
DGRP_380	M	42
DGRP_380	M	56
DGRP_380	M	56
DGRP_380	M	39
DGRP_380	M	56
DGRP_380	M	73
DGRP_381	F	38
DGRP_381	F	48
DGRP_381	F	48
DGRP_381	F	41
DGRP_381	F	48
DGRP_381	F	48
DGRP_381	F	45
DGRP_381	F	48
DGRP_381	F	55
DGRP_381	F	22
DGRP_381	F	29
DGRP_381	F	29
DGRP_381	F	36
DGRP_381	F	36
DGRP_381	F	43
DGRP_381	F	48
DGRP_381	F	49
DGRP_381	F	3
DGRP_381	F	38
DGRP_381	F	38
DGRP_381	F	22
DGRP_381	F	49
DGRP_381	F	50
DGRP_381	F	20
DGRP_381	F	22
DGRP_381	F	37
DGRP_381	F	34
DGRP_381	F	37
DGRP_381	F	49
DGRP_381	F	7
DGRP_381	F	18
DGRP_381	F	38
DGRP_381	F	43
DGRP_381	F	43
DGRP_381	F	48
DGRP_381	F	33
DGRP_381	F	39
DGRP_381	F	43
DGRP_381	F	41
DGRP_381	F	42
DGRP_381	F	47
DGRP_381	F	39
DGRP_381	F	50
DGRP_381	F	53
DGRP_381	F	32
DGRP_381	F	46
DGRP_381	F	61
DGRP_381	F	48
DGRP_381	F	49
DGRP_381	F	51
DGRP_381	F	34
DGRP_381	F	41
DGRP_381	F	56
DGRP_381	F	36
DGRP_381	F	38
DGRP_381	F	28
DGRP_381	F	52
DGRP_381	F	62
DGRP_381	F	29
DGRP_381	F	48
DGRP_381	F	43
DGRP_381	F	48
DGRP_381	F	48
DGRP_381	F	34
DGRP_381	F	42
DGRP_381	F	42
DGRP_381	M	34
DGRP_381	M	38
DGRP_381	M	48
DGRP_381	M	24
DGRP_381	M	34
DGRP_381	M	41
DGRP_381	M	3
DGRP_381	M	41
DGRP_381	M	43
DGRP_381	M	34
DGRP_381	M	62
DGRP_381	M	27
DGRP_381	M	27
DGRP_381	M	29
DGRP_381	M	42
DGRP_381	M	50
DGRP_381	M	27
DGRP_381	M	69
DGRP_381	M	6
DGRP_381	M	50
DGRP_381	M	41
DGRP_381	M	48
DGRP_381	M	55
DGRP_381	M	20
DGRP_381	M	49
DGRP_381	M	55
DGRP_381	M	3
DGRP_381	M	34
DGRP_381	M	41
DGRP_381	M	14
DGRP_381	M	20
DGRP_381	M	20
DGRP_381	M	4
DGRP_381	M	11
DGRP_381	M	4
DGRP_381	M	32
DGRP_381	M	39
DGRP_381	M	4
DGRP_381	M	39
DGRP_381	M	39
DGRP_381	M	39
DGRP_381	M	53
DGRP_381	M	54
DGRP_381	M	41
DGRP_381	M	56
DGRP_381	M	34
DGRP_381	M	48
DGRP_381	M	56
DGRP_381	M	29
DGRP_381	M	34
DGRP_381	M	42
DGRP_381	M	3
DGRP_381	M	10
DGRP_381	M	73
DGRP_381	M	20
DGRP_381	M	34
DGRP_381	M	34
DGRP_381	M	48
DGRP_381	M	51
DGRP_381	M	52
DGRP_381	M	41
DGRP_381	M	43
DGRP_381	M	66
DGRP_382	F	23
DGRP_382	F	37
DGRP_382	F	43
DGRP_382	F	42
DGRP_382	F	49
DGRP_382	F	49
DGRP_382	F	30
DGRP_382	F	42
DGRP_382	F	44
DGRP_382	F	23
DGRP_382	F	42
DGRP_382	F	42
DGRP_382	F	1
DGRP_382	F	18
DGRP_382	F	39
DGRP_382	F	57
DGRP_382	F	60
DGRP_382	F	62
DGRP_382	F	22
DGRP_382	F	34
DGRP_382	F	39
DGRP_382	F	34
DGRP_382	F	46
DGRP_382	F	55
DGRP_382	F	43
DGRP_382	F	46
DGRP_382	F	46
DGRP_382	F	46
DGRP_382	F	53
DGRP_382	F	46
DGRP_382	F	47
DGRP_382	F	48
DGRP_382	F	18
DGRP_382	F	60
DGRP_382	F	74
DGRP_382	F	39
DGRP_382	F	46
DGRP_382	F	49
DGRP_382	F	53
DGRP_382	F	56
DGRP_382	F	63
DGRP_382	F	35
DGRP_382	F	49
DGRP_382	F	56
DGRP_382	F	55
DGRP_382	F	56
DGRP_382	F	60
DGRP_382	F	36
DGRP_382	F	55
DGRP_382	F	53
DGRP_382	F	60
DGRP_382	F	63
DGRP_382	F	5
DGRP_382	F	27
DGRP_382	F	46
DGRP_382	F	53
DGRP_382	F	62
DGRP_382	F	53
DGRP_382	F	60
DGRP_382	F	60
DGRP_382	F	60
DGRP_382	F	60
DGRP_382	F	71
DGRP_382	F	21
DGRP_382	F	41
DGRP_382	F	46
DGRP_382	M	14
DGRP_382	M	36
DGRP_382	M	35
DGRP_382	M	36
DGRP_382	M	42
DGRP_382	M	30
DGRP_382	M	35
DGRP_382	M	37
DGRP_382	M	25
DGRP_382	M	28
DGRP_382	M	29
DGRP_382	M	36
DGRP_382	M	46
DGRP_382	M	26
DGRP_382	M	39
DGRP_382	M	22
DGRP_382	M	27
DGRP_382	M	32
DGRP_382	M	34
DGRP_382	M	39
DGRP_382	M	41
DGRP_382	M	41
DGRP_382	M	48
DGRP_382	M	43
DGRP_382	M	53
DGRP_382	M	60
DGRP_382	M	39
DGRP_382	M	55
DGRP_382	M	60
DGRP_382	M	32
DGRP_382	M	49
DGRP_382	M	53
DGRP_382	M	37
DGRP_382	M	39
DGRP_382	M	4
DGRP_382	M	37
DGRP_382	M	42
DGRP_382	M	28
DGRP_382	M	51
DGRP_382	M	51
DGRP_382	M	5
DGRP_382	M	53
DGRP_382	M	60
DGRP_382	M	36
DGRP_382	M	42
DGRP_382	M	43
DGRP_382	M	60
DGRP_382	M	60
DGRP_382	M	74
DGRP_382	M	39
DGRP_382	M	41
DGRP_382	M	41
DGRP_382	M	41
DGRP_382	M	84
DGRP_382	M	60
DGRP_382	M	60
DGRP_382	M	63
DGRP_382	M	49
DGRP_382	M	57
DGRP_382	M	11
DGRP_382	M	46
DGRP_383	F	20
DGRP_383	F	54
DGRP_383	F	19
DGRP_383	F	19
DGRP_383	F	32
DGRP_383	F	41
DGRP_383	F	56
DGRP_383	F	19
DGRP_383	F	19
DGRP_383	F	50
DGRP_383	F	19
DGRP_383	F	32
DGRP_383	F	32
DGRP_383	F	15
DGRP_383	F	27
DGRP_383	F	32
DGRP_383	F	19
DGRP_383	F	41
DGRP_383	F	46
DGRP_383	F	28
DGRP_383	F	38
DGRP_383	F	38
DGRP_383	F	38
DGRP_383	F	28
DGRP_383	F	34
DGRP_383	F	35
DGRP_383	F	19
DGRP_383	F	31
DGRP_383	F	38
DGRP_383	F	24
DGRP_383	F	31
DGRP_383	F	34
DGRP_383	F	20
DGRP_383	F	39
DGRP_383	F	40
DGRP_383	F	18
DGRP_383	F	39
DGRP_383	F	39
DGRP_383	F	29
DGRP_383	F	39
DGRP_383	F	39
DGRP_383	F	33
DGRP_383	F	34
DGRP_383	F	42
DGRP_383	F	32
DGRP_383	F	39
DGRP_383	F	43
DGRP_383	F	25
DGRP_383	F	39
DGRP_383	F	39
DGRP_383	F	39
DGRP_383	F	42
DGRP_383	F	33
DGRP_383	F	39
DGRP_383	F	27
DGRP_383	F	39
DGRP_383	F	39
DGRP_383	F	39
DGRP_383	F	41
DGRP_383	M	50
DGRP_383	M	53
DGRP_383	M	46
DGRP_383	M	53
DGRP_383	M	53
DGRP_383	M	19
DGRP_383	M	48
DGRP_383	M	49
DGRP_383	M	39
DGRP_383	M	46
DGRP_383	M	53
DGRP_383	M	19
DGRP_383	M	57
DGRP_383	M	56
DGRP_383	M	57
DGRP_383	M	57
DGRP_383	M	41
DGRP_383	M	42
DGRP_383	M	64
DGRP_383	M	33
DGRP_383	M	42
DGRP_383	M	59
DGRP_383	M	52
DGRP_383	M	55
DGRP_383	M	59
DGRP_383	M	5
DGRP_383	M	18
DGRP_383	M	49
DGRP_383	M	45
DGRP_383	M	55
DGRP_383	M	5
DGRP_383	M	47
DGRP_383	M	53
DGRP_383	M	53
DGRP_383	M	61
DGRP_383	M	18
DGRP_383	M	32
DGRP_383	M	57
DGRP_383	M	39
DGRP_383	M	39
DGRP_383	M	50
DGRP_383	M	46
DGRP_383	M	61
DGRP_383	M	39
DGRP_383	M	46
DGRP_383	M	55
DGRP_383	M	39
DGRP_383	M	61
DGRP_383	M	61
DGRP_383	M	36
DGRP_383	M	39
DGRP_383	M	42
DGRP_383	M	49
DGRP_383	M	53
DGRP_383	M	53
DGRP_383	M	27
DGRP_383	M	29
DGRP_383	M	34
DGRP_383	M	18
DGRP_383	M	53
DGRP_383	M	61
DGRP_385	F	25
DGRP_385	F	35
DGRP_385	F	38
DGRP_385	F	28
DGRP_385	F	37
DGRP_385	F	39
DGRP_385	F	25
DGRP_385	F	35
DGRP_385	F	38
DGRP_385	F	7
DGRP_385	F	35
DGRP_385	F	35
DGRP_385	F	35
DGRP_385	F	36
DGRP_385	F	36
DGRP_385	F	34
DGRP_385	F	39
DGRP_385	F	42
DGRP_385	F	35
DGRP_385	F	43
DGRP_385	F	43
DGRP_385	F	46
DGRP_385	F	47
DGRP_385	F	53
DGRP_385	F	34
DGRP_385	F	42
DGRP_385	F	43
DGRP_385	F	32
DGRP_385	F	46
DGRP_385	F	53
DGRP_385	F	36
DGRP_385	F	39
DGRP_385	F	33
DGRP_385	F	39
DGRP_385	F	49
DGRP_385	F	37
DGRP_385	F	42
DGRP_385	F	46
DGRP_385	F	15
DGRP_385	F	21
DGRP_385	F	42
DGRP_385	F	35
DGRP_385	F	38
DGRP_385	F	42
DGRP_385	F	27
DGRP_385	F	30
DGRP_385	F	56
DGRP_385	F	5
DGRP_385	F	39
DGRP_385	F	46
DGRP_385	F	46
DGRP_385	F	53
DGRP_385	F	60
DGRP_385	F	39
DGRP_385	F	53
DGRP_385	F	53
DGRP_385	F	39
DGRP_385	F	39
DGRP_385	F	39
DGRP_385	F	36
DGRP_385	F	39
DGRP_385	F	55
DGRP_385	M	30
DGRP_385	M	35
DGRP_385	M	37
DGRP_385	M	42
DGRP_385	M	42
DGRP_385	M	51
DGRP_385	M	28
DGRP_385	M	42
DGRP_385	M	35
DGRP_385	M	42
DGRP_385	M	46
DGRP_385	M	39
DGRP_385	M	46
DGRP_385	M	53
DGRP_385	M	55
DGRP_385	M	57
DGRP_385	M	43
DGRP_385	M	46
DGRP_385	M	57
DGRP_385	M	46
DGRP_385	M	48
DGRP_385	M	47
DGRP_385	M	55
DGRP_385	M	57
DGRP_385	M	29
DGRP_385	M	50
DGRP_385	M	46
DGRP_385	M	46
DGRP_385	M	53
DGRP_385	M	46
DGRP_385	M	53
DGRP_385	M	60
DGRP_385	M	46
DGRP_385	M	56
DGRP_385	M	63
DGRP_385	M	15
DGRP_385	M	42
DGRP_385	M	53
DGRP_385	M	45
DGRP_385	M	45
DGRP_385	M	56
DGRP_385	M	35
DGRP_385	M	42
DGRP_385	M	56
DGRP_385	M	39
DGRP_385	M	41
DGRP_385	M	50
DGRP_385	M	46
DGRP_385	M	53
DGRP_385	M	60
DGRP_385	M	48
DGRP_385	M	53
DGRP_385	M	69
DGRP_385	M	39
DGRP_385	M	46
DGRP_385	M	50
DGRP_385	M	46
DGRP_385	M	48
DGRP_385	M	53
DGRP_386	F	56
DGRP_386	F	56
DGRP_386	F	58
DGRP_386	F	35
DGRP_386	F	43
DGRP_386	F	65
DGRP_386	F	42
DGRP_386	F	51
DGRP_386	F	58
DGRP_386	F	56
DGRP_386	F	56
DGRP_386	F	58
DGRP_386	F	32
DGRP_386	F	56
DGRP_386	F	60
DGRP_386	F	56
DGRP_386	F	56
DGRP_386	F	56
DGRP_386	F	11
DGRP_386	F	60
DGRP_386	F	68
DGRP_386	F	34
DGRP_386	F	55
DGRP_386	F	55
DGRP_386	F	32
DGRP_386	F	40
DGRP_386	F	8
DGRP_386	F	28
DGRP_386	F	63
DGRP_386	F	66
DGRP_386	F	70
DGRP_386	F	56
DGRP_386	F	63
DGRP_386	F	65
DGRP_386	F	50
DGRP_386	F	60
DGRP_386	F	70
DGRP_386	F	31
DGRP_386	F	57
DGRP_386	F	63
DGRP_386	F	56
DGRP_386	F	59
DGRP_386	F	64
DGRP_386	F	25
DGRP_386	F	25
DGRP_386	F	67
DGRP_386	F	53
DGRP_386	F	69
DGRP_386	F	50
DGRP_386	F	60
DGRP_386	F	70
DGRP_386	F	60
DGRP_386	F	71
DGRP_386	F	74
DGRP_386	F	39
DGRP_386	F	62
DGRP_386	F	74
DGRP_386	M	30
DGRP_386	M	49
DGRP_386	M	46
DGRP_386	M	56
DGRP_386	M	56
DGRP_386	M	63
DGRP_386	M	28
DGRP_386	M	28
DGRP_386	M	39
DGRP_386	M	42
DGRP_386	M	42
DGRP_386	M	23
DGRP_386	M	35
DGRP_386	M	46
DGRP_386	M	36
DGRP_386	M	46
DGRP_386	M	50
DGRP_386	M	53
DGRP_386	M	53
DGRP_386	M	25
DGRP_386	M	46
DGRP_386	M	55
DGRP_386	M	39
DGRP_386	M	56
DGRP_386	M	63
DGRP_386	M	35
DGRP_386	M	49
DGRP_386	M	8
DGRP_386	M	30
DGRP_386	M	49
DGRP_386	M	45
DGRP_386	M	46
DGRP_386	M	42
DGRP_386	M	42
DGRP_386	M	53
DGRP_386	M	52
DGRP_386	M	52
DGRP_386	M	46
DGRP_386	M	60
DGRP_386	M	78
DGRP_386	M	50
DGRP_386	M	63
DGRP_386	M	67
DGRP_386	M	46
DGRP_386	M	46
DGRP_386	M	60
DGRP_386	M	50
DGRP_386	M	54
DGRP_386	M	34
DGRP_386	M	43
DGRP_386	M	62
DGRP_391	F	22
DGRP_391	F	29
DGRP_391	F	30
DGRP_391	F	30
DGRP_391	F	33
DGRP_391	F	50
DGRP_391	F	12
DGRP_391	F	22
DGRP_391	F	47
DGRP_391	F	35
DGRP_391	F	35
DGRP_391	F	33
DGRP_391	F	35
DGRP_391	F	35
DGRP_391	F	14
DGRP_391	F	19
DGRP_391	F	47
DGRP_391	F	28
DGRP_391	F	44
DGRP_391	F	49
DGRP_391	F	16
DGRP_391	F	19
DGRP_391	F	47
DGRP_391	F	26
DGRP_391	F	33
DGRP_391	F	36
DGRP_391	F	26
DGRP_391	F	35
DGRP_391	F	49
DGRP_391	F	26
DGRP_391	F	33
DGRP_391	F	49
DGRP_391	F	19
DGRP_391	F	22
DGRP_391	F	23
DGRP_391	F	18
DGRP_391	F	35
DGRP_391	F	53
DGRP_391	F	49
DGRP_391	F	49
DGRP_391	F	51
DGRP_391	F	35
DGRP_391	F	49
DGRP_391	F	49
DGRP_391	F	39
DGRP_391	F	44
DGRP_391	F	46
DGRP_391	F	49
DGRP_391	F	51
DGRP_391	F	56
DGRP_391	F	28
DGRP_391	F	45
DGRP_391	F	46
DGRP_391	F	28
DGRP_391	F	44
DGRP_391	F	31
DGRP_391	F	44
DGRP_391	F	51
DGRP_391	F	1
DGRP_391	F	60
DGRP_391	F	60
DGRP_391	F	14
DGRP_391	F	49
DGRP_391	F	49
DGRP_391	F	32
DGRP_391	F	46
DGRP_391	F	56
DGRP_391	M	33
DGRP_391	M	33
DGRP_391	M	33
DGRP_391	M	36
DGRP_391	M	44
DGRP_391	M	47
DGRP_391	M	33
DGRP_391	M	33
DGRP_391	M	33
DGRP_391	M	26
DGRP_391	M	33
DGRP_391	M	33
DGRP_391	M	33
DGRP_391	M	33
DGRP_391	M	34
DGRP_391	M	33
DGRP_391	M	43
DGRP_391	M	47
DGRP_391	M	47
DGRP_391	M	47
DGRP_391	M	49
DGRP_391	M	33
DGRP_391	M	34
DGRP_391	M	35
DGRP_391	M	23
DGRP_391	M	28
DGRP_391	M	35
DGRP_391	M	35
DGRP_391	M	36
DGRP_391	M	33
DGRP_391	M	33
DGRP_391	M	33
DGRP_391	M	33
DGRP_391	M	47
DGRP_391	M	18
DGRP_391	M	35
DGRP_391	M	39
DGRP_391	M	42
DGRP_391	M	45
DGRP_391	M	35
DGRP_391	M	35
DGRP_391	M	37
DGRP_391	M	37
DGRP_391	M	44
DGRP_391	M	44
DGRP_391	M	35
DGRP_391	M	35
DGRP_391	M	35
DGRP_391	M	35
DGRP_391	M	39
DGRP_391	M	42
DGRP_391	M	28
DGRP_391	M	35
DGRP_391	M	44
DGRP_391	M	31
DGRP_391	M	35
DGRP_391	M	42
DGRP_391	M	42
DGRP_391	M	45
DGRP_391	M	56
DGRP_391	M	42
DGRP_391	M	42
DGRP_391	M	42
DGRP_391	M	39
DGRP_391	M	42
DGRP_391	M	42
DGRP_392	F	14
DGRP_392	F	46
DGRP_392	F	46
DGRP_392	F	39
DGRP_392	F	47
DGRP_392	F	49
DGRP_392	F	46
DGRP_392	F	46
DGRP_392	F	62
DGRP_392	F	25
DGRP_392	F	27
DGRP_392	F	48
DGRP_392	F	12
DGRP_392	F	13
DGRP_392	F	32
DGRP_392	F	14
DGRP_392	F	29
DGRP_392	F	40
DGRP_392	F	25
DGRP_392	F	40
DGRP_392	F	40
DGRP_392	F	11
DGRP_392	F	40
DGRP_392	F	43
DGRP_392	F	22
DGRP_392	F	22
DGRP_392	F	39
DGRP_392	F	41
DGRP_392	F	46
DGRP_392	F	46
DGRP_392	F	39
DGRP_392	F	57
DGRP_392	F	63
DGRP_392	F	48
DGRP_392	F	48
DGRP_392	F	50
DGRP_392	F	22
DGRP_392	F	32
DGRP_392	F	39
DGRP_392	F	42
DGRP_392	F	43
DGRP_392	F	46
DGRP_392	F	12
DGRP_392	F	26
DGRP_392	F	46
DGRP_392	F	20
DGRP_392	F	25
DGRP_392	F	46
DGRP_392	F	48
DGRP_392	F	49
DGRP_392	F	33
DGRP_392	F	49
DGRP_392	F	54
DGRP_392	F	15
DGRP_392	F	48
DGRP_392	F	50
DGRP_392	F	50
DGRP_392	F	53
DGRP_392	F	53
DGRP_392	F	39
DGRP_392	F	39
DGRP_392	F	43
DGRP_392	F	7
DGRP_392	F	34
DGRP_392	F	36
DGRP_392	F	7
DGRP_392	F	12
DGRP_392	F	15
DGRP_392	F	25
DGRP_392	F	39
DGRP_392	F	49
DGRP_392	M	39
DGRP_392	M	39
DGRP_392	M	41
DGRP_392	M	46
DGRP_392	M	50
DGRP_392	M	50
DGRP_392	M	5
DGRP_392	M	46
DGRP_392	M	34
DGRP_392	M	53
DGRP_392	M	46
DGRP_392	M	48
DGRP_392	M	39
DGRP_392	M	39
DGRP_392	M	41
DGRP_392	M	33
DGRP_392	M	39
DGRP_392	M	33
DGRP_392	M	46
DGRP_392	M	53
DGRP_392	M	29
DGRP_392	M	36
DGRP_392	M	55
DGRP_392	M	43
DGRP_392	M	43
DGRP_392	M	43
DGRP_392	M	35
DGRP_392	M	36
DGRP_392	M	36
DGRP_392	M	50
DGRP_392	M	25
DGRP_392	M	36
DGRP_392	M	43
DGRP_392	M	43
DGRP_392	M	46
DGRP_392	M	43
DGRP_392	M	43
DGRP_392	M	46
DGRP_392	M	46
DGRP_392	M	46
DGRP_392	M	46
DGRP_392	M	46
DGRP_392	M	49
DGRP_392	M	12
DGRP_392	M	53
DGRP_392	M	53
DGRP_392	M	43
DGRP_392	M	53
DGRP_392	M	53
DGRP_392	M	50
DGRP_392	M	50
DGRP_392	M	53
DGRP_392	M	46
DGRP_392	M	46
DGRP_392	M	46
DGRP_392	M	39
DGRP_392	M	48
DGRP_392	M	32
DGRP_392	M	32
DGRP_392	M	60
DGRP_392	M	48
DGRP_392	M	48
DGRP_392	M	56
DGRP_399	F	22
DGRP_399	F	79
DGRP_399	F	26
DGRP_399	F	42
DGRP_399	F	14
DGRP_399	F	48
DGRP_399	F	58
DGRP_399	F	47
DGRP_399	F	49
DGRP_399	F	54
DGRP_399	F	47
DGRP_399	F	48
DGRP_399	F	54
DGRP_399	F	27
DGRP_399	F	40
DGRP_399	F	54
DGRP_399	F	33
DGRP_399	F	49
DGRP_399	F	62
DGRP_399	F	47
DGRP_399	F	47
DGRP_399	F	63
DGRP_399	F	19
DGRP_399	F	26
DGRP_399	F	33
DGRP_399	F	28
DGRP_399	F	50
DGRP_399	F	56
DGRP_399	F	21
DGRP_399	F	63
DGRP_399	F	77
DGRP_399	F	29
DGRP_399	F	60
DGRP_399	F	63
DGRP_399	F	35
DGRP_399	F	35
DGRP_399	F	29
DGRP_399	F	36
DGRP_399	F	56
DGRP_399	F	32
DGRP_399	F	56
DGRP_399	F	59
DGRP_399	F	45
DGRP_399	F	53
DGRP_399	F	63
DGRP_399	F	35
DGRP_399	F	49
DGRP_399	F	22
DGRP_399	F	37
DGRP_399	F	58
DGRP_399	M	49
DGRP_399	M	61
DGRP_399	M	64
DGRP_399	M	3
DGRP_399	M	42
DGRP_399	M	50
DGRP_399	M	58
DGRP_399	M	61
DGRP_399	M	19
DGRP_399	M	42
DGRP_399	M	58
DGRP_399	M	33
DGRP_399	M	44
DGRP_399	M	61
DGRP_399	M	47
DGRP_399	M	54
DGRP_399	M	54
DGRP_399	M	49
DGRP_399	M	49
DGRP_399	M	50
DGRP_399	M	58
DGRP_399	M	61
DGRP_399	M	63
DGRP_399	M	54
DGRP_399	M	61
DGRP_399	M	63
DGRP_399	M	46
DGRP_399	M	56
DGRP_399	M	57
DGRP_399	M	30
DGRP_399	M	49
DGRP_399	M	56
DGRP_399	M	43
DGRP_399	M	56
DGRP_399	M	65
DGRP_399	M	35
DGRP_399	M	56
DGRP_399	M	56
DGRP_399	M	56
DGRP_399	M	42
DGRP_399	M	56
DGRP_399	M	42
DGRP_399	M	56
DGRP_399	M	56
DGRP_399	M	17
DGRP_399	M	36
DGRP_399	M	45
DGRP_399	M	32
DGRP_399	M	63
DGRP_405	F	7
DGRP_405	F	31
DGRP_405	F	37
DGRP_405	F	34
DGRP_405	F	42
DGRP_405	F	49
DGRP_405	F	17
DGRP_405	F	44
DGRP_405	F	52
DGRP_405	F	31
DGRP_405	F	34
DGRP_405	F	42
DGRP_405	F	49
DGRP_405	F	56
DGRP_405	F	37
DGRP_405	F	42
DGRP_405	F	44
DGRP_405	F	37
DGRP_405	F	52
DGRP_405	F	56
DGRP_405	F	42
DGRP_405	F	49
DGRP_405	F	49
DGRP_405	F	31
DGRP_405	F	49
DGRP_405	F	49
DGRP_405	F	37
DGRP_405	F	42
DGRP_405	F	42
DGRP_405	F	37
DGRP_405	F	39
DGRP_405	F	49
DGRP_405	F	38
DGRP_405	F	43
DGRP_405	F	49
DGRP_405	F	49
DGRP_405	F	51
DGRP_405	F	56
DGRP_405	F	43
DGRP_405	F	51
DGRP_405	F	52
DGRP_405	F	49
DGRP_405	F	49
DGRP_405	F	49
DGRP_405	F	56
DGRP_405	F	56
DGRP_405	F	57
DGRP_405	F	35
DGRP_405	F	51
DGRP_405	F	56
DGRP_405	F	49
DGRP_405	F	49
DGRP_405	F	51
DGRP_405	F	21
DGRP_405	F	37
DGRP_405	F	51
DGRP_405	F	42
DGRP_405	F	43
DGRP_405	F	49
DGRP_405	F	42
DGRP_405	F	49
DGRP_405	F	57
DGRP_405	F	24
DGRP_405	F	35
DGRP_405	F	42
DGRP_405	F	32
DGRP_405	F	43
DGRP_405	F	43
DGRP_405	M	44
DGRP_405	M	49
DGRP_405	M	44
DGRP_405	M	49
DGRP_405	M	56
DGRP_405	M	34
DGRP_405	M	44
DGRP_405	M	45
DGRP_405	M	34
DGRP_405	M	56
DGRP_405	M	56
DGRP_405	M	32
DGRP_405	M	34
DGRP_405	M	31
DGRP_405	M	42
DGRP_405	M	29
DGRP_405	M	44
DGRP_405	M	50
DGRP_405	M	49
DGRP_405	M	49
DGRP_405	M	49
DGRP_405	M	36
DGRP_405	M	46
DGRP_405	M	49
DGRP_405	M	42
DGRP_405	M	42
DGRP_405	M	42
DGRP_405	M	45
DGRP_405	M	49
DGRP_405	M	64
DGRP_405	M	29
DGRP_405	M	42
DGRP_405	M	43
DGRP_405	M	14
DGRP_405	M	23
DGRP_405	M	51
DGRP_405	M	38
DGRP_405	M	39
DGRP_405	M	45
DGRP_405	M	43
DGRP_405	M	46
DGRP_405	M	35
DGRP_405	M	37
DGRP_405	M	43
DGRP_405	M	31
DGRP_405	M	37
DGRP_405	M	49
DGRP_405	M	10
DGRP_405	M	39
DGRP_405	M	44
DGRP_405	M	21
DGRP_405	M	36
DGRP_405	M	42
DGRP_405	M	43
DGRP_405	M	43
DGRP_405	M	43
DGRP_405	M	28
DGRP_405	M	46
DGRP_405	M	49
DGRP_405	M	43
DGRP_405	M	56
DGRP_405	M	57
DGRP_405	M	18
DGRP_405	M	20
DGRP_405	M	26
DGRP_406	F	25
DGRP_406	F	38
DGRP_406	F	46
DGRP_406	F	34
DGRP_406	F	46
DGRP_406	F	46
DGRP_406	F	18
DGRP_406	F	28
DGRP_406	F	28
DGRP_406	F	28
DGRP_406	F	28
DGRP_406	F	29
DGRP_406	F	34
DGRP_406	F	37
DGRP_406	F	25
DGRP_406	F	28
DGRP_406	F	28
DGRP_406	F	37
DGRP_406	F	45
DGRP_406	F	28
DGRP_406	F	31
DGRP_406	F	31
DGRP_406	F	14
DGRP_406	F	28
DGRP_406	F	29
DGRP_406	F	21
DGRP_406	F	22
DGRP_406	F	25
DGRP_406	F	22
DGRP_406	F	23
DGRP_406	F	25
DGRP_406	F	21
DGRP_406	F	22
DGRP_406	F	25
DGRP_406	F	18
DGRP_406	F	21
DGRP_406	F	21
DGRP_406	F	18
DGRP_406	F	25
DGRP_406	F	32
DGRP_406	F	25
DGRP_406	F	25
DGRP_406	F	28
DGRP_406	F	32
DGRP_406	F	32
DGRP_406	F	32
DGRP_406	F	36
DGRP_406	F	39
DGRP_406	F	53
DGRP_406	F	12
DGRP_406	F	32
DGRP_406	F	40
DGRP_406	F	28
DGRP_406	F	29
DGRP_406	F	25
DGRP_406	F	32
DGRP_406	F	36
DGRP_406	F	15
DGRP_406	F	18
DGRP_406	F	22
DGRP_406	F	22
DGRP_406	F	28
DGRP_406	F	29
DGRP_406	F	20
DGRP_406	F	32
DGRP_406	F	46
DGRP_406	F	32
DGRP_406	F	36
DGRP_406	F	40
DGRP_406	M	27
DGRP_406	M	33
DGRP_406	M	35
DGRP_406	M	40
DGRP_406	M	40
DGRP_406	M	41
DGRP_406	M	14
DGRP_406	M	21
DGRP_406	M	23
DGRP_406	M	21
DGRP_406	M	28
DGRP_406	M	28
DGRP_406	M	42
DGRP_406	M	42
DGRP_406	M	14
DGRP_406	M	25
DGRP_406	M	36
DGRP_406	M	36
DGRP_406	M	36
DGRP_406	M	37
DGRP_406	M	16
DGRP_406	M	25
DGRP_406	M	28
DGRP_406	M	7
DGRP_406	M	21
DGRP_406	M	34
DGRP_406	M	21
DGRP_406	M	21
DGRP_406	M	28
DGRP_406	M	21
DGRP_406	M	25
DGRP_406	M	80
DGRP_406	M	25
DGRP_406	M	32
DGRP_406	M	42
DGRP_406	M	28
DGRP_406	M	32
DGRP_406	M	22
DGRP_406	M	25
DGRP_406	M	28
DGRP_406	M	20
DGRP_406	M	28
DGRP_406	M	32
DGRP_406	M	32
DGRP_406	M	39
DGRP_406	M	42
DGRP_406	M	4
DGRP_406	M	33
DGRP_406	M	39
DGRP_406	M	18
DGRP_406	M	32
DGRP_406	M	28
DGRP_406	M	28
DGRP_406	M	33
DGRP_406	M	33
DGRP_406	M	34
DGRP_406	M	5
DGRP_406	M	25
DGRP_406	M	28
DGRP_406	M	18
DGRP_406	M	18
DGRP_406	M	28
DGRP_406	M	28
DGRP_406	M	32
DGRP_406	M	46
DGRP_406	M	4
DGRP_406	M	28
DGRP_406	M	36
DGRP_409	F	14
DGRP_409	F	14
DGRP_409	F	39
DGRP_409	F	28
DGRP_409	F	29
DGRP_409	F	43
DGRP_409	F	43
DGRP_409	F	49
DGRP_409	F	25
DGRP_409	F	53
DGRP_409	F	55
DGRP_409	F	14
DGRP_409	F	25
DGRP_409	F	41
DGRP_409	F	25
DGRP_409	F	40
DGRP_409	F	25
DGRP_409	F	25
DGRP_409	F	53
DGRP_409	F	11
DGRP_409	F	15
DGRP_409	F	28
DGRP_409	F	29
DGRP_409	F	53
DGRP_409	F	32
DGRP_409	F	55
DGRP_409	F	34
DGRP_409	F	50
DGRP_409	F	17
DGRP_409	F	21
DGRP_409	F	35
DGRP_409	F	38
DGRP_409	F	38
DGRP_409	F	51
DGRP_409	F	28
DGRP_409	F	63
DGRP_409	F	18
DGRP_409	F	21
DGRP_409	F	21
DGRP_409	F	21
DGRP_409	F	24
DGRP_409	F	30
DGRP_409	F	7
DGRP_409	F	18
DGRP_409	F	60
DGRP_409	F	11
DGRP_409	F	18
DGRP_409	F	29
DGRP_409	F	14
DGRP_409	F	15
DGRP_409	F	18
DGRP_409	F	20
DGRP_409	F	25
DGRP_409	F	12
DGRP_409	F	14
DGRP_409	F	25
DGRP_409	F	20
DGRP_409	F	25
DGRP_409	F	27
DGRP_409	M	9
DGRP_409	M	10
DGRP_409	M	18
DGRP_409	M	14
DGRP_409	M	23
DGRP_409	M	44
DGRP_409	M	9
DGRP_409	M	21
DGRP_409	M	11
DGRP_409	M	14
DGRP_409	M	15
DGRP_409	M	15
DGRP_409	M	15
DGRP_409	M	18
DGRP_409	M	12
DGRP_409	M	12
DGRP_409	M	11
DGRP_409	M	13
DGRP_409	M	25
DGRP_409	M	27
DGRP_409	M	13
DGRP_409	M	25
DGRP_409	M	8
DGRP_409	M	13
DGRP_409	M	18
DGRP_409	M	22
DGRP_409	M	8
DGRP_409	M	15
DGRP_409	M	17
DGRP_409	M	8
DGRP_409	M	15
DGRP_409	M	21
DGRP_409	M	14
DGRP_409	M	15
DGRP_409	M	18
DGRP_409	M	8
DGRP_409	M	8
DGRP_409	M	15
DGRP_409	M	8
DGRP_409	M	8
DGRP_409	M	15
DGRP_409	M	14
DGRP_409	M	18
DGRP_409	M	25
DGRP_409	M	8
DGRP_409	M	12
DGRP_409	M	18
DGRP_409	M	12
DGRP_409	M	15
DGRP_409	M	15
DGRP_409	M	14
DGRP_409	M	18
DGRP_409	M	25
DGRP_409	M	11
DGRP_409	M	12
DGRP_409	M	18
DGRP_409	M	20
DGRP_409	M	25
DGRP_426	F	21
DGRP_426	F	30
DGRP_426	F	46
DGRP_426	F	21
DGRP_426	F	37
DGRP_426	F	49
DGRP_426	F	23
DGRP_426	F	23
DGRP_426	F	16
DGRP_426	F	39
DGRP_426	F	58
DGRP_426	F	21
DGRP_426	F	42
DGRP_426	F	45
DGRP_426	F	63
DGRP_426	F	63
DGRP_426	F	49
DGRP_426	F	56
DGRP_426	F	57
DGRP_426	F	32
DGRP_426	F	42
DGRP_426	F	53
DGRP_426	F	28
DGRP_426	F	32
DGRP_426	F	53
DGRP_426	F	39
DGRP_426	F	46
DGRP_426	F	53
DGRP_426	F	60
DGRP_426	F	60
DGRP_426	F	64
DGRP_426	F	46
DGRP_426	F	54
DGRP_426	F	60
DGRP_426	F	15
DGRP_426	F	27
DGRP_426	F	33
DGRP_426	F	25
DGRP_426	F	25
DGRP_426	F	32
DGRP_426	F	32
DGRP_426	F	32
DGRP_426	F	46
DGRP_426	F	4
DGRP_426	F	35
DGRP_426	F	53
DGRP_426	F	42
DGRP_426	F	51
DGRP_426	F	58
DGRP_426	F	60
DGRP_426	F	60
DGRP_426	F	63
DGRP_426	F	21
DGRP_426	F	56
DGRP_426	F	57
DGRP_426	F	42
DGRP_426	F	44
DGRP_426	F	21
DGRP_426	F	45
DGRP_426	F	56
DGRP_426	F	28
DGRP_426	F	52
DGRP_426	F	66
DGRP_426	F	21
DGRP_426	F	52
DGRP_426	F	45
DGRP_426	F	56
DGRP_426	F	56
DGRP_426	M	30
DGRP_426	M	56
DGRP_426	M	58
DGRP_426	M	32
DGRP_426	M	35
DGRP_426	M	49
DGRP_426	M	37
DGRP_426	M	46
DGRP_426	M	49
DGRP_426	M	25
DGRP_426	M	56
DGRP_426	M	21
DGRP_426	M	44
DGRP_426	M	49
DGRP_426	M	49
DGRP_426	M	60
DGRP_426	M	53
DGRP_426	M	56
DGRP_426	M	56
DGRP_426	M	57
DGRP_426	M	58
DGRP_426	M	63
DGRP_426	M	32
DGRP_426	M	53
DGRP_426	M	56
DGRP_426	M	39
DGRP_426	M	48
DGRP_426	M	74
DGRP_426	M	55
DGRP_426	M	60
DGRP_426	M	74
DGRP_426	M	60
DGRP_426	M	67
DGRP_426	M	75
DGRP_426	M	41
DGRP_426	M	53
DGRP_426	M	53
DGRP_426	M	25
DGRP_426	M	46
DGRP_426	M	46
DGRP_426	M	29
DGRP_426	M	61
DGRP_426	M	18
DGRP_426	M	43
DGRP_426	M	53
DGRP_426	M	42
DGRP_426	M	46
DGRP_426	M	67
DGRP_426	M	70
DGRP_426	M	70
DGRP_426	M	50
DGRP_426	M	50
DGRP_426	M	63
DGRP_426	M	24
DGRP_426	M	42
DGRP_426	M	50
DGRP_426	M	56
DGRP_426	M	58
DGRP_426	M	70
DGRP_426	M	28
DGRP_426	M	28
DGRP_426	M	63
DGRP_426	M	29
DGRP_426	M	42
DGRP_426	M	78
DGRP_426	M	70
DGRP_426	M	70
DGRP_426	M	70
DGRP_427	F	23
DGRP_427	F	47
DGRP_427	F	48
DGRP_427	F	18
DGRP_427	F	31
DGRP_427	F	37
DGRP_427	F	40
DGRP_427	F	41
DGRP_427	F	44
DGRP_427	F	45
DGRP_427	F	53
DGRP_427	F	16
DGRP_427	F	25
DGRP_427	F	58
DGRP_427	F	16
DGRP_427	F	51
DGRP_427	F	51
DGRP_427	F	23
DGRP_427	F	51
DGRP_427	F	52
DGRP_427	F	52
DGRP_427	F	52
DGRP_427	F	58
DGRP_427	F	19
DGRP_427	F	25
DGRP_427	F	48
DGRP_427	F	55
DGRP_427	F	55
DGRP_427	F	39
DGRP_427	F	54
DGRP_427	F	12
DGRP_427	F	48
DGRP_427	F	54
DGRP_427	F	10
DGRP_427	F	37
DGRP_427	F	56
DGRP_427	F	16
DGRP_427	F	51
DGRP_427	F	52
DGRP_427	F	44
DGRP_427	F	56
DGRP_427	F	56
DGRP_427	F	49
DGRP_427	F	52
DGRP_427	F	56
DGRP_427	F	42
DGRP_427	F	45
DGRP_427	F	49
DGRP_427	F	16
DGRP_427	F	44
DGRP_427	F	45
DGRP_427	F	49
DGRP_427	F	50
DGRP_427	F	56
DGRP_427	F	14
DGRP_427	F	14
DGRP_427	F	49
DGRP_427	F	28
DGRP_427	F	32
DGRP_427	F	52
DGRP_427	F	22
DGRP_427	F	43
DGRP_427	F	51
DGRP_427	F	31
DGRP_427	F	42
DGRP_427	F	56
DGRP_427	M	37
DGRP_427	M	44
DGRP_427	M	48
DGRP_427	M	11
DGRP_427	M	32
DGRP_427	M	62
DGRP_427	M	30
DGRP_427	M	51
DGRP_427	M	60
DGRP_427	M	30
DGRP_427	M	37
DGRP_427	M	39
DGRP_427	M	58
DGRP_427	M	74
DGRP_427	M	23
DGRP_427	M	23
DGRP_427	M	46
DGRP_427	M	37
DGRP_427	M	74
DGRP_427	M	37
DGRP_427	M	51
DGRP_427	M	20
DGRP_427	M	65
DGRP_427	M	23
DGRP_427	M	32
DGRP_427	M	37
DGRP_427	M	23
DGRP_427	M	30
DGRP_427	M	34
DGRP_427	M	23
DGRP_427	M	26
DGRP_427	M	41
DGRP_427	M	35
DGRP_427	M	44
DGRP_427	M	49
DGRP_427	M	35
DGRP_427	M	35
DGRP_427	M	1
DGRP_427	M	21
DGRP_427	M	29
DGRP_427	M	28
DGRP_427	M	35
DGRP_427	M	35
DGRP_427	M	21
DGRP_427	M	30
DGRP_427	M	56
DGRP_427	M	21
DGRP_427	M	42
DGRP_427	M	59
DGRP_427	M	21
DGRP_427	M	28
DGRP_427	M	49
DGRP_427	M	24
DGRP_427	M	24
DGRP_427	M	23
DGRP_427	M	31
DGRP_427	M	35
DGRP_427	M	49
DGRP_427	M	56
DGRP_427	M	56
DGRP_427	M	49
DGRP_427	M	50
DGRP_427	M	56
DGRP_437	F	71
DGRP_437	F	72
DGRP_437	F	82
DGRP_437	F	51
DGRP_437	F	51
DGRP_437	F	62
DGRP_437	F	48
DGRP_437	F	61
DGRP_437	F	65
DGRP_437	F	56
DGRP_437	F	56
DGRP_437	F	68
DGRP_437	F	56
DGRP_437	F	65
DGRP_437	F	68
DGRP_437	F	37
DGRP_437	F	61
DGRP_437	F	62
DGRP_437	F	56
DGRP_437	F	68
DGRP_437	F	12
DGRP_437	F	68
DGRP_437	F	68
DGRP_437	F	29
DGRP_437	F	60
DGRP_437	F	71
DGRP_437	F	63
DGRP_437	F	67
DGRP_437	F	67
DGRP_437	F	67
DGRP_437	F	67
DGRP_437	F	71
DGRP_437	F	39
DGRP_437	F	49
DGRP_437	F	68
DGRP_437	F	60
DGRP_437	F	63
DGRP_437	F	63
DGRP_437	F	53
DGRP_437	F	77
DGRP_437	F	77
DGRP_437	F	56
DGRP_437	F	63
DGRP_437	F	45
DGRP_437	F	63
DGRP_437	F	64
DGRP_437	F	35
DGRP_437	F	60
DGRP_437	F	70
DGRP_437	F	56
DGRP_437	F	63
DGRP_437	F	63
DGRP_437	F	58
DGRP_437	F	63
DGRP_437	F	72
DGRP_437	F	72
DGRP_437	F	72
DGRP_437	F	39
DGRP_437	F	50
DGRP_437	F	77
DGRP_437	F	67
DGRP_437	F	71
DGRP_437	F	65
DGRP_437	F	71
DGRP_437	M	15
DGRP_437	M	68
DGRP_437	M	72
DGRP_437	M	54
DGRP_437	M	75
DGRP_437	M	89
DGRP_437	M	42
DGRP_437	M	82
DGRP_437	M	86
DGRP_437	M	56
DGRP_437	M	69
DGRP_437	M	84
DGRP_437	M	54
DGRP_437	M	75
DGRP_437	M	75
DGRP_437	M	75
DGRP_437	M	78
DGRP_437	M	82
DGRP_437	M	35
DGRP_437	M	75
DGRP_437	M	79
DGRP_437	M	64
DGRP_437	M	68
DGRP_437	M	82
DGRP_437	M	60
DGRP_437	M	67
DGRP_437	M	81
DGRP_437	M	11
DGRP_437	M	55
DGRP_437	M	68
DGRP_437	M	20
DGRP_437	M	53
DGRP_437	M	84
DGRP_437	M	55
DGRP_437	M	82
DGRP_437	M	83
DGRP_437	M	63
DGRP_437	M	77
DGRP_437	M	81
DGRP_437	M	49
DGRP_437	M	72
DGRP_437	M	81
DGRP_437	M	56
DGRP_437	M	63
DGRP_437	M	63
DGRP_437	M	56
DGRP_437	M	70
DGRP_437	M	78
DGRP_437	M	56
DGRP_437	M	84
DGRP_437	M	84
DGRP_437	M	49
DGRP_437	M	63
DGRP_437	M	84
DGRP_437	M	63
DGRP_437	M	77
DGRP_437	M	84
DGRP_437	M	63
DGRP_437	M	72
DGRP_437	M	73
DGRP_437	M	77
DGRP_437	M	85
DGRP_437	M	94
DGRP_437	M	77
DGRP_437	M	77
DGRP_437	M	91
DGRP_437	M	63
DGRP_437	M	73
DGRP_437	M	84
DGRP_439	F	28
DGRP_439	F	35
DGRP_439	F	44
DGRP_439	F	28
DGRP_439	F	38
DGRP_439	F	38
DGRP_439	F	35
DGRP_439	F	38
DGRP_439	F	41
DGRP_439	F	28
DGRP_439	F	32
DGRP_439	F	44
DGRP_439	F	21
DGRP_439	F	28
DGRP_439	F	29
DGRP_439	F	18
DGRP_439	F	32
DGRP_439	F	38
DGRP_439	F	18
DGRP_439	F	26
DGRP_439	F	35
DGRP_439	F	25
DGRP_439	F	43
DGRP_439	F	46
DGRP_439	F	35
DGRP_439	F	36
DGRP_439	F	25
DGRP_439	F	25
DGRP_439	F	22
DGRP_439	F	25
DGRP_439	F	38
DGRP_439	F	25
DGRP_439	F	39
DGRP_439	F	28
DGRP_439	F	35
DGRP_439	F	38
DGRP_439	F	42
DGRP_439	F	42
DGRP_439	F	45
DGRP_439	F	28
DGRP_439	F	28
DGRP_439	F	49
DGRP_439	F	25
DGRP_439	F	28
DGRP_439	F	35
DGRP_439	F	28
DGRP_439	F	35
DGRP_439	F	38
DGRP_439	F	35
DGRP_439	F	35
DGRP_439	F	38
DGRP_439	F	21
DGRP_439	F	35
DGRP_439	F	35
DGRP_439	F	35
DGRP_439	F	38
DGRP_439	F	38
DGRP_439	F	30
DGRP_439	F	51
DGRP_439	F	51
DGRP_439	F	9
DGRP_439	F	14
DGRP_439	F	30
DGRP_439	F	18
DGRP_439	F	23
DGRP_439	F	30
DGRP_439	M	28
DGRP_439	M	29
DGRP_439	M	32
DGRP_439	M	28
DGRP_439	M	35
DGRP_439	M	38
DGRP_439	M	30
DGRP_439	M	30
DGRP_439	M	35
DGRP_439	M	28
DGRP_439	M	38
DGRP_439	M	38
DGRP_439	M	41
DGRP_439	M	44
DGRP_439	M	44
DGRP_439	M	20
DGRP_439	M	32
DGRP_439	M	35
DGRP_439	M	25
DGRP_439	M	43
DGRP_439	M	46
DGRP_439	M	32
DGRP_439	M	35
DGRP_439	M	46
DGRP_439	M	25
DGRP_439	M	38
DGRP_439	M	41
DGRP_439	M	35
DGRP_439	M	53
DGRP_439	M	32
DGRP_439	M	32
DGRP_439	M	38
DGRP_439	M	31
DGRP_439	M	31
DGRP_439	M	39
DGRP_439	M	28
DGRP_439	M	28
DGRP_439	M	35
DGRP_439	M	35
DGRP_439	M	38
DGRP_439	M	42
DGRP_439	M	45
DGRP_439	M	46
DGRP_439	M	28
DGRP_439	M	35
DGRP_439	M	35
DGRP_439	M	15
DGRP_439	M	28
DGRP_439	M	30
DGRP_439	M	21
DGRP_439	M	28
DGRP_439	M	35
DGRP_439	M	51
DGRP_439	M	51
DGRP_439	M	15
DGRP_439	M	30
DGRP_439	M	35
DGRP_439	M	25
DGRP_439	M	28
DGRP_439	M	28
DGRP_439	M	30
DGRP_439	M	38
DGRP_439	M	38
DGRP_439	M	28
DGRP_439	M	28
DGRP_439	M	28
DGRP_440	F	3
DGRP_440	F	9
DGRP_440	F	27
DGRP_440	F	27
DGRP_440	F	34
DGRP_440	F	28
DGRP_440	F	29
DGRP_440	F	6
DGRP_440	F	27
DGRP_440	F	28
DGRP_440	F	14
DGRP_440	F	23
DGRP_440	F	27
DGRP_440	F	22
DGRP_440	F	23
DGRP_440	F	27
DGRP_440	F	27
DGRP_440	F	31
DGRP_440	F	37
DGRP_440	F	3
DGRP_440	F	27
DGRP_440	F	34
DGRP_440	F	20
DGRP_440	F	21
DGRP_440	F	23
DGRP_440	F	25
DGRP_440	F	25
DGRP_440	F	28
DGRP_440	F	22
DGRP_440	F	23
DGRP_440	F	28
DGRP_440	F	21
DGRP_440	F	24
DGRP_440	F	28
DGRP_440	F	28
DGRP_440	F	31
DGRP_440	F	5
DGRP_440	F	26
DGRP_440	F	26
DGRP_440	F	21
DGRP_440	F	31
DGRP_440	F	38
DGRP_440	F	3
DGRP_440	F	26
DGRP_440	F	45
DGRP_440	F	17
DGRP_440	F	40
DGRP_440	F	45
DGRP_440	F	3
DGRP_440	F	31
DGRP_440	F	31
DGRP_440	F	31
DGRP_440	F	38
DGRP_440	F	40
DGRP_440	F	3
DGRP_440	F	34
DGRP_440	F	41
DGRP_440	F	27
DGRP_440	F	27
DGRP_440	F	35
DGRP_440	F	27
DGRP_440	F	27
DGRP_440	F	13
DGRP_440	F	31
DGRP_440	F	36
DGRP_440	F	27
DGRP_440	F	27
DGRP_440	M	6
DGRP_440	M	27
DGRP_440	M	15
DGRP_440	M	31
DGRP_440	M	36
DGRP_440	M	3
DGRP_440	M	28
DGRP_440	M	34
DGRP_440	M	20
DGRP_440	M	27
DGRP_440	M	28
DGRP_440	M	27
DGRP_440	M	29
DGRP_440	M	48
DGRP_440	M	24
DGRP_440	M	27
DGRP_440	M	27
DGRP_440	M	15
DGRP_440	M	15
DGRP_440	M	27
DGRP_440	M	20
DGRP_440	M	27
DGRP_440	M	29
DGRP_440	M	6
DGRP_440	M	27
DGRP_440	M	28
DGRP_440	M	28
DGRP_440	M	63
DGRP_440	M	23
DGRP_440	M	28
DGRP_440	M	28
DGRP_440	M	28
DGRP_440	M	28
DGRP_440	M	3
DGRP_440	M	26
DGRP_440	M	32
DGRP_440	M	3
DGRP_440	M	24
DGRP_440	M	31
DGRP_440	M	3
DGRP_440	M	26
DGRP_440	M	31
DGRP_440	M	26
DGRP_440	M	26
DGRP_440	M	31
DGRP_440	M	24
DGRP_440	M	26
DGRP_440	M	28
DGRP_440	M	3
DGRP_440	M	26
DGRP_440	M	31
DGRP_440	M	3
DGRP_440	M	45
DGRP_440	M	24
DGRP_440	M	28
DGRP_440	M	34
DGRP_440	M	6
DGRP_440	M	27
DGRP_440	M	27
DGRP_440	M	10
DGRP_440	M	27
DGRP_440	M	27
DGRP_440	M	13
DGRP_440	M	34
DGRP_440	M	34
DGRP_440	M	27
DGRP_440	M	27
DGRP_440	M	27
DGRP_441	F	29
DGRP_441	F	53
DGRP_441	F	67
DGRP_441	F	48
DGRP_441	F	69
DGRP_441	F	71
DGRP_441	F	38
DGRP_441	F	52
DGRP_441	F	66
DGRP_441	F	55
DGRP_441	F	62
DGRP_441	F	69
DGRP_441	F	55
DGRP_441	F	64
DGRP_441	F	69
DGRP_441	F	58
DGRP_441	F	59
DGRP_441	F	69
DGRP_441	F	38
DGRP_441	F	51
DGRP_441	F	62
DGRP_441	F	64
DGRP_441	F	71
DGRP_441	F	41
DGRP_441	F	62
DGRP_441	F	71
DGRP_441	F	41
DGRP_441	F	62
DGRP_441	F	38
DGRP_441	F	63
DGRP_441	F	69
DGRP_441	F	62
DGRP_441	F	62
DGRP_441	F	66
DGRP_441	F	60
DGRP_441	F	60
DGRP_441	F	80
DGRP_441	F	33
DGRP_441	F	45
DGRP_441	F	60
DGRP_441	F	3
DGRP_441	F	48
DGRP_441	F	55
DGRP_441	F	45
DGRP_441	F	60
DGRP_441	F	63
DGRP_441	F	31
DGRP_441	F	60
DGRP_441	F	60
DGRP_441	F	35
DGRP_441	F	60
DGRP_441	F	73
DGRP_441	F	39
DGRP_441	F	45
DGRP_441	F	60
DGRP_441	F	33
DGRP_441	F	60
DGRP_441	F	80
DGRP_441	F	63
DGRP_441	F	76
DGRP_441	F	80
DGRP_441	F	63
DGRP_441	F	63
DGRP_441	F	73
DGRP_441	F	77
DGRP_441	F	77
DGRP_441	M	67
DGRP_441	M	74
DGRP_441	M	45
DGRP_441	M	55
DGRP_441	M	55
DGRP_441	M	50
DGRP_441	M	64
DGRP_441	M	64
DGRP_441	M	24
DGRP_441	M	66
DGRP_441	M	48
DGRP_441	M	62
DGRP_441	M	69
DGRP_441	M	55
DGRP_441	M	69
DGRP_441	M	72
DGRP_441	M	41
DGRP_441	M	48
DGRP_441	M	55
DGRP_441	M	31
DGRP_441	M	55
DGRP_441	M	69
DGRP_441	M	36
DGRP_441	M	55
DGRP_441	M	66
DGRP_441	M	41
DGRP_441	M	48
DGRP_441	M	69
DGRP_441	M	50
DGRP_441	M	52
DGRP_441	M	55
DGRP_441	M	48
DGRP_441	M	55
DGRP_441	M	62
DGRP_441	M	54
DGRP_441	M	60
DGRP_441	M	31
DGRP_441	M	60
DGRP_441	M	60
DGRP_441	M	41
DGRP_441	M	47
DGRP_441	M	56
DGRP_441	M	45
DGRP_441	M	46
DGRP_441	M	63
DGRP_441	M	56
DGRP_441	M	60
DGRP_441	M	60
DGRP_441	M	60
DGRP_441	M	66
DGRP_441	M	5
DGRP_441	M	63
DGRP_441	M	73
DGRP_441	M	60
DGRP_441	M	60
DGRP_441	M	63
DGRP_441	M	52
DGRP_441	M	63
DGRP_441	M	38
DGRP_441	M	54
DGRP_441	M	56
DGRP_441	M	3
DGRP_441	M	21
DGRP_441	M	60
DGRP_443	F	18
DGRP_443	F	24
DGRP_443	F	31
DGRP_443	F	10
DGRP_443	F	19
DGRP_443	F	33
DGRP_443	F	10
DGRP_443	F	10
DGRP_443	F	22
DGRP_443	F	10
DGRP_443	F	18
DGRP_443	F	40
DGRP_443	F	10
DGRP_443	F	14
DGRP_443	F	45
DGRP_443	F	7
DGRP_443	F	31
DGRP_443	F	45
DGRP_443	F	5
DGRP_443	F	13
DGRP_443	F	18
DGRP_443	F	7
DGRP_443	F	18
DGRP_443	F	38
DGRP_443	F	3
DGRP_443	F	12
DGRP_443	F	18
DGRP_443	F	7
DGRP_443	F	10
DGRP_443	F	31
DGRP_443	F	7
DGRP_443	F	7
DGRP_443	F	14
DGRP_443	F	18
DGRP_443	F	22
DGRP_443	F	28
DGRP_443	F	12
DGRP_443	F	12
DGRP_443	F	45
DGRP_443	F	7
DGRP_443	F	31
DGRP_443	F	52
DGRP_443	F	14
DGRP_443	F	48
DGRP_443	F	66
DGRP_443	F	12
DGRP_443	F	28
DGRP_443	F	60
DGRP_443	F	38
DGRP_443	F	40
DGRP_443	F	42
DGRP_443	F	14
DGRP_443	F	33
DGRP_443	F	45
DGRP_443	F	12
DGRP_443	F	12
DGRP_443	F	31
DGRP_443	F	12
DGRP_443	F	45
DGRP_443	F	56
DGRP_443	F	12
DGRP_443	F	38
DGRP_443	F	52
DGRP_443	F	24
DGRP_443	F	49
DGRP_443	F	49
DGRP_443	F	39
DGRP_443	F	45
DGRP_443	F	60
DGRP_443	F	10
DGRP_443	F	10
DGRP_443	F	24
DGRP_443	M	45
DGRP_443	M	45
DGRP_443	M	45
DGRP_443	M	38
DGRP_443	M	45
DGRP_443	M	45
DGRP_443	M	42
DGRP_443	M	47
DGRP_443	M	59
DGRP_443	M	45
DGRP_443	M	48
DGRP_443	M	63
DGRP_443	M	40
DGRP_443	M	45
DGRP_443	M	45
DGRP_443	M	24
DGRP_443	M	52
DGRP_443	M	55
DGRP_443	M	45
DGRP_443	M	59
DGRP_443	M	70
DGRP_443	M	38
DGRP_443	M	54
DGRP_443	M	59
DGRP_443	M	52
DGRP_443	M	52
DGRP_443	M	66
DGRP_443	M	3
DGRP_443	M	66
DGRP_443	M	66
DGRP_443	M	47
DGRP_443	M	59
DGRP_443	M	68
DGRP_443	M	59
DGRP_443	M	59
DGRP_443	M	60
DGRP_443	M	3
DGRP_443	M	83
DGRP_443	M	52
DGRP_443	M	52
DGRP_443	M	52
DGRP_443	M	19
DGRP_443	M	45
DGRP_443	M	38
DGRP_443	M	45
DGRP_443	M	80
DGRP_443	M	42
DGRP_443	M	45
DGRP_443	M	45
DGRP_443	M	45
DGRP_443	M	66
DGRP_443	M	60
DGRP_443	M	60
DGRP_443	M	60
DGRP_443	M	56
DGRP_443	M	56
DGRP_443	M	56
DGRP_443	M	52
DGRP_443	M	52
DGRP_443	M	45
DGRP_443	M	52
DGRP_443	M	52
DGRP_443	M	60
DGRP_443	M	45
DGRP_443	M	45
DGRP_443	M	66
DGRP_461	F	3
DGRP_461	F	14
DGRP_461	F	31
DGRP_461	F	14
DGRP_461	F	18
DGRP_461	F	26
DGRP_461	F	38
DGRP_461	F	52
DGRP_461	F	24
DGRP_461	F	40
DGRP_461	F	3
DGRP_461	F	20
DGRP_461	F	13
DGRP_461	F	24
DGRP_461	F	33
DGRP_461	F	7
DGRP_461	F	33
DGRP_461	F	35
DGRP_461	F	7
DGRP_461	F	33
DGRP_461	F	18
DGRP_461	F	31
DGRP_461	F	33
DGRP_461	F	32
DGRP_461	F	33
DGRP_461	F	42
DGRP_461	F	18
DGRP_461	F	38
DGRP_461	F	38
DGRP_461	F	13
DGRP_461	F	31
DGRP_461	F	33
DGRP_461	F	38
DGRP_461	F	38
DGRP_461	F	41
DGRP_461	F	39
DGRP_461	F	42
DGRP_461	F	52
DGRP_461	F	24
DGRP_461	F	38
DGRP_461	F	45
DGRP_461	F	31
DGRP_461	F	38
DGRP_461	F	38
DGRP_461	F	10
DGRP_461	F	28
DGRP_461	F	31
DGRP_461	F	34
DGRP_461	F	38
DGRP_461	F	38
DGRP_461	F	5
DGRP_461	F	31
DGRP_461	F	39
DGRP_461	F	31
DGRP_461	F	33
DGRP_461	F	35
DGRP_461	F	3
DGRP_461	F	28
DGRP_461	F	38
DGRP_461	F	31
DGRP_461	F	42
DGRP_461	F	47
DGRP_461	F	21
DGRP_461	F	33
DGRP_461	F	35
DGRP_461	F	38
DGRP_461	F	45
DGRP_461	M	31
DGRP_461	M	35
DGRP_461	M	35
DGRP_461	M	14
DGRP_461	M	31
DGRP_461	M	31
DGRP_461	M	33
DGRP_461	M	38
DGRP_461	M	38
DGRP_461	M	42
DGRP_461	M	24
DGRP_461	M	26
DGRP_461	M	38
DGRP_461	M	33
DGRP_461	M	35
DGRP_461	M	35
DGRP_461	M	24
DGRP_461	M	45
DGRP_461	M	38
DGRP_461	M	38
DGRP_461	M	38
DGRP_461	M	38
DGRP_461	M	14
DGRP_461	M	38
DGRP_461	M	45
DGRP_461	M	31
DGRP_461	M	40
DGRP_461	M	41
DGRP_461	M	31
DGRP_461	M	33
DGRP_461	M	38
DGRP_461	M	33
DGRP_461	M	38
DGRP_461	M	45
DGRP_461	M	38
DGRP_461	M	38
DGRP_461	M	41
DGRP_461	M	35
DGRP_461	M	38
DGRP_461	M	42
DGRP_461	M	28
DGRP_461	M	28
DGRP_461	M	31
DGRP_461	M	31
DGRP_461	M	31
DGRP_461	M	31
DGRP_461	M	34
DGRP_461	M	34
DGRP_461	M	38
DGRP_461	M	35
DGRP_461	M	38
DGRP_461	M	38
DGRP_461	M	24
DGRP_461	M	38
DGRP_461	M	52
DGRP_461	M	14
DGRP_461	M	34
DGRP_461	M	38
DGRP_461	M	38
DGRP_461	M	42
DGRP_461	M	5
DGRP_461	M	31
DGRP_461	M	38
DGRP_461	M	31
DGRP_461	M	38
DGRP_461	M	38
DGRP_486	F	12
DGRP_486	F	12
DGRP_486	F	41
DGRP_486	F	28
DGRP_486	F	33
DGRP_486	F	33
DGRP_486	F	23
DGRP_486	F	33
DGRP_486	F	49
DGRP_486	F	40
DGRP_486	F	40
DGRP_486	F	56
DGRP_486	F	40
DGRP_486	F	41
DGRP_486	F	51
DGRP_486	F	48
DGRP_486	F	54
DGRP_486	F	57
DGRP_486	F	54
DGRP_486	F	54
DGRP_486	F	54
DGRP_486	F	33
DGRP_486	F	33
DGRP_486	F	36
DGRP_486	F	28
DGRP_486	F	37
DGRP_486	F	42
DGRP_486	F	9
DGRP_486	F	42
DGRP_486	F	42
DGRP_486	F	29
DGRP_486	F	33
DGRP_486	F	42
DGRP_486	F	38
DGRP_486	F	50
DGRP_486	F	51
DGRP_486	F	28
DGRP_486	F	32
DGRP_486	F	39
DGRP_486	F	35
DGRP_486	F	42
DGRP_486	F	56
DGRP_486	F	38
DGRP_486	F	42
DGRP_486	F	51
DGRP_486	F	32
DGRP_486	F	36
DGRP_486	F	39
DGRP_486	F	42
DGRP_486	F	50
DGRP_486	F	56
DGRP_486	F	21
DGRP_486	F	35
DGRP_486	F	39
DGRP_486	F	45
DGRP_486	F	56
DGRP_486	M	21
DGRP_486	M	26
DGRP_486	M	37
DGRP_486	M	21
DGRP_486	M	33
DGRP_486	M	33
DGRP_486	M	26
DGRP_486	M	26
DGRP_486	M	34
DGRP_486	M	23
DGRP_486	M	26
DGRP_486	M	30
DGRP_486	M	43
DGRP_486	M	44
DGRP_486	M	49
DGRP_486	M	43
DGRP_486	M	56
DGRP_486	M	54
DGRP_486	M	68
DGRP_486	M	68
DGRP_486	M	24
DGRP_486	M	26
DGRP_486	M	26
DGRP_486	M	36
DGRP_486	M	41
DGRP_486	M	41
DGRP_486	M	37
DGRP_486	M	41
DGRP_486	M	42
DGRP_486	M	28
DGRP_486	M	28
DGRP_486	M	29
DGRP_486	M	21
DGRP_486	M	25
DGRP_486	M	25
DGRP_486	M	24
DGRP_486	M	28
DGRP_486	M	30
DGRP_486	M	28
DGRP_486	M	32
DGRP_486	M	42
DGRP_486	M	23
DGRP_486	M	32
DGRP_486	M	36
DGRP_486	M	35
DGRP_486	M	38
DGRP_486	M	39
DGRP_486	M	49
DGRP_486	M	57
DGRP_486	M	57
DGRP_486	M	21
DGRP_486	M	21
DGRP_486	M	23
DGRP_486	M	16
DGRP_486	M	32
DGRP_486	M	38
DGRP_491	F	24
DGRP_491	F	54
DGRP_491	F	66
DGRP_491	F	59
DGRP_491	F	66
DGRP_491	F	42
DGRP_491	F	45
DGRP_491	F	45
DGRP_491	F	68
DGRP_491	F	68
DGRP_491	F	54
DGRP_491	F	60
DGRP_491	F	61
DGRP_491	F	59
DGRP_491	F	66
DGRP_491	F	3
DGRP_491	F	60
DGRP_491	F	49
DGRP_491	F	56
DGRP_491	F	59
DGRP_491	F	45
DGRP_491	F	59
DGRP_491	F	60
DGRP_491	F	56
DGRP_491	F	61
DGRP_491	F	40
DGRP_491	F	54
DGRP_491	F	56
DGRP_491	F	63
DGRP_491	F	68
DGRP_491	F	77
DGRP_491	F	39
DGRP_491	F	41
DGRP_491	F	49
DGRP_491	F	33
DGRP_491	F	43
DGRP_491	F	48
DGRP_491	F	39
DGRP_491	F	46
DGRP_491	F	46
DGRP_491	F	46
DGRP_491	F	54
DGRP_491	F	64
DGRP_491	F	46
DGRP_491	F	46
DGRP_491	F	61
DGRP_491	F	25
DGRP_491	F	46
DGRP_491	F	48
DGRP_491	F	27
DGRP_491	F	53
DGRP_491	F	61
DGRP_491	F	53
DGRP_491	F	57
DGRP_491	F	64
DGRP_491	F	34
DGRP_491	F	39
DGRP_491	F	42
DGRP_491	F	66
DGRP_491	F	73
DGRP_491	F	73
DGRP_491	F	60
DGRP_491	F	60
DGRP_491	F	66
DGRP_491	M	35
DGRP_491	M	67
DGRP_491	M	40
DGRP_491	M	49
DGRP_491	M	59
DGRP_491	M	40
DGRP_491	M	40
DGRP_491	M	38
DGRP_491	M	68
DGRP_491	M	70
DGRP_491	M	31
DGRP_491	M	70
DGRP_491	M	73
DGRP_491	M	56
DGRP_491	M	59
DGRP_491	M	61
DGRP_491	M	45
DGRP_491	M	47
DGRP_491	M	56
DGRP_491	M	45
DGRP_491	M	52
DGRP_491	M	59
DGRP_491	M	59
DGRP_491	M	59
DGRP_491	M	59
DGRP_491	M	59
DGRP_491	M	70
DGRP_491	M	49
DGRP_491	M	52
DGRP_491	M	52
DGRP_491	M	29
DGRP_491	M	61
DGRP_491	M	61
DGRP_491	M	36
DGRP_491	M	41
DGRP_491	M	46
DGRP_491	M	35
DGRP_491	M	41
DGRP_491	M	41
DGRP_491	M	35
DGRP_491	M	39
DGRP_491	M	40
DGRP_491	M	54
DGRP_491	M	61
DGRP_491	M	4
DGRP_491	M	41
DGRP_491	M	43
DGRP_491	M	46
DGRP_491	M	41
DGRP_491	M	46
DGRP_491	M	50
DGRP_491	M	13
DGRP_491	M	49
DGRP_491	M	53
DGRP_491	M	32
DGRP_491	M	39
DGRP_491	M	41
DGRP_491	M	12
DGRP_491	M	60
DGRP_491	M	73
DGRP_491	M	45
DGRP_491	M	80
DGRP_492	F	50
DGRP_492	F	55
DGRP_492	F	55
DGRP_492	F	41
DGRP_492	F	44
DGRP_492	F	41
DGRP_492	F	52
DGRP_492	F	41
DGRP_492	F	49
DGRP_492	F	52
DGRP_492	F	3
DGRP_492	F	24
DGRP_492	F	52
DGRP_492	F	36
DGRP_492	F	48
DGRP_492	F	55
DGRP_492	F	48
DGRP_492	F	52
DGRP_492	F	55
DGRP_492	F	8
DGRP_492	F	48
DGRP_492	F	55
DGRP_492	F	24
DGRP_492	F	48
DGRP_492	F	52
DGRP_492	F	13
DGRP_492	F	46
DGRP_492	F	54
DGRP_492	F	55
DGRP_492	F	56
DGRP_492	F	56
DGRP_492	F	39
DGRP_492	F	60
DGRP_492	F	56
DGRP_492	F	60
DGRP_492	F	56
DGRP_492	F	60
DGRP_492	F	60
DGRP_492	F	60
DGRP_492	F	60
DGRP_492	F	60
DGRP_492	F	60
DGRP_492	F	60
DGRP_492	F	60
DGRP_492	F	52
DGRP_492	F	52
DGRP_492	F	53
DGRP_492	F	24
DGRP_492	F	56
DGRP_492	F	62
DGRP_492	F	56
DGRP_492	F	56
DGRP_492	F	58
DGRP_492	F	51
DGRP_492	F	56
DGRP_492	F	56
DGRP_492	F	56
DGRP_492	F	63
DGRP_492	F	50
DGRP_492	F	53
DGRP_492	F	53
DGRP_492	M	34
DGRP_492	M	52
DGRP_492	M	55
DGRP_492	M	55
DGRP_492	M	62
DGRP_492	M	62
DGRP_492	M	55
DGRP_492	M	56
DGRP_492	M	62
DGRP_492	M	29
DGRP_492	M	41
DGRP_492	M	55
DGRP_492	M	55
DGRP_492	M	55
DGRP_492	M	64
DGRP_492	M	55
DGRP_492	M	55
DGRP_492	M	64
DGRP_492	M	55
DGRP_492	M	55
DGRP_492	M	55
DGRP_492	M	58
DGRP_492	M	59
DGRP_492	M	48
DGRP_492	M	51
DGRP_492	M	52
DGRP_492	M	53
DGRP_492	M	53
DGRP_492	M	54
DGRP_492	M	55
DGRP_492	M	55
DGRP_492	M	60
DGRP_492	M	41
DGRP_492	M	60
DGRP_492	M	60
DGRP_492	M	3
DGRP_492	M	60
DGRP_492	M	60
DGRP_492	M	54
DGRP_492	M	60
DGRP_492	M	52
DGRP_492	M	60
DGRP_492	M	52
DGRP_492	M	60
DGRP_492	M	60
DGRP_492	M	60
DGRP_492	M	62
DGRP_492	M	62
DGRP_492	M	69
DGRP_492	M	38
DGRP_492	M	62
DGRP_492	M	69
DGRP_492	M	56
DGRP_492	M	62
DGRP_492	M	63
DGRP_492	M	50
DGRP_492	M	56
DGRP_492	M	62
DGRP_492	M	50
DGRP_492	M	66
DGRP_492	M	66
DGRP_502	F	53
DGRP_502	F	60
DGRP_502	F	60
DGRP_502	F	43
DGRP_502	F	63
DGRP_502	F	64
DGRP_502	F	25
DGRP_502	F	25
DGRP_502	F	50
DGRP_502	F	53
DGRP_502	F	60
DGRP_502	F	60
DGRP_502	F	43
DGRP_502	F	48
DGRP_502	F	39
DGRP_502	F	41
DGRP_502	F	53
DGRP_502	F	41
DGRP_502	F	60
DGRP_502	F	68
DGRP_502	F	26
DGRP_502	F	34
DGRP_502	F	36
DGRP_502	F	32
DGRP_502	F	39
DGRP_502	F	60
DGRP_502	F	39
DGRP_502	F	56
DGRP_502	F	57
DGRP_502	F	53
DGRP_502	F	60
DGRP_502	F	60
DGRP_502	F	57
DGRP_502	F	63
DGRP_502	F	60
DGRP_502	F	60
DGRP_502	F	68
DGRP_502	F	56
DGRP_502	F	60
DGRP_502	F	60
DGRP_502	F	55
DGRP_502	F	63
DGRP_502	F	66
DGRP_502	F	38
DGRP_502	F	60
DGRP_502	F	60
DGRP_502	F	18
DGRP_502	F	46
DGRP_502	F	53
DGRP_502	F	41
DGRP_502	F	41
DGRP_502	F	48
DGRP_502	F	25
DGRP_502	F	40
DGRP_502	F	50
DGRP_502	F	11
DGRP_502	F	33
DGRP_502	F	40
DGRP_502	F	46
DGRP_502	F	49
DGRP_502	F	32
DGRP_502	F	43
DGRP_502	F	48
DGRP_502	F	40
DGRP_502	F	67
DGRP_502	F	67
DGRP_502	M	53
DGRP_502	M	60
DGRP_502	M	60
DGRP_502	M	39
DGRP_502	M	53
DGRP_502	M	55
DGRP_502	M	2
DGRP_502	M	26
DGRP_502	M	75
DGRP_502	M	46
DGRP_502	M	53
DGRP_502	M	57
DGRP_502	M	39
DGRP_502	M	50
DGRP_502	M	60
DGRP_502	M	27
DGRP_502	M	50
DGRP_502	M	46
DGRP_502	M	64
DGRP_502	M	27
DGRP_502	M	56
DGRP_502	M	69
DGRP_502	M	46
DGRP_502	M	46
DGRP_502	M	50
DGRP_502	M	54
DGRP_502	M	55
DGRP_502	M	60
DGRP_502	M	53
DGRP_502	M	57
DGRP_502	M	46
DGRP_502	M	57
DGRP_502	M	64
DGRP_502	M	38
DGRP_502	M	56
DGRP_502	M	60
DGRP_502	M	60
DGRP_502	M	60
DGRP_502	M	24
DGRP_502	M	47
DGRP_502	M	60
DGRP_502	M	66
DGRP_502	M	73
DGRP_502	M	43
DGRP_502	M	46
DGRP_502	M	50
DGRP_502	M	41
DGRP_502	M	49
DGRP_502	M	54
DGRP_502	M	1
DGRP_502	M	53
DGRP_502	M	69
DGRP_502	M	1
DGRP_502	M	74
DGRP_502	M	81
DGRP_502	M	32
DGRP_502	M	46
DGRP_502	M	85
DGRP_502	M	46
DGRP_502	M	47
DGRP_502	M	74
DGRP_502	M	32
DGRP_502	M	69
DGRP_508	F	19
DGRP_508	F	60
DGRP_508	F	32
DGRP_508	F	32
DGRP_508	F	35
DGRP_508	F	46
DGRP_508	F	54
DGRP_508	F	50
DGRP_508	F	53
DGRP_508	F	53
DGRP_508	F	52
DGRP_508	F	52
DGRP_508	F	52
DGRP_508	F	36
DGRP_508	F	39
DGRP_508	F	41
DGRP_508	F	36
DGRP_508	F	50
DGRP_508	F	53
DGRP_508	F	50
DGRP_508	F	53
DGRP_508	F	53
DGRP_508	F	41
DGRP_508	F	46
DGRP_508	F	53
DGRP_508	F	48
DGRP_508	F	50
DGRP_508	F	50
DGRP_508	F	47
DGRP_508	F	48
DGRP_508	F	48
DGRP_508	F	39
DGRP_508	F	46
DGRP_508	F	53
DGRP_508	F	53
DGRP_508	F	67
DGRP_508	F	32
DGRP_508	F	39
DGRP_508	F	55
DGRP_508	F	36
DGRP_508	F	41
DGRP_508	F	41
DGRP_508	F	64
DGRP_508	F	39
DGRP_508	F	41
DGRP_508	F	48
DGRP_508	F	48
DGRP_508	F	61
DGRP_508	F	41
DGRP_508	F	41
DGRP_508	F	41
DGRP_508	F	46
DGRP_508	F	46
DGRP_508	F	47
DGRP_508	F	61
DGRP_508	F	62
DGRP_508	F	39
DGRP_508	F	50
DGRP_508	F	53
DGRP_508	F	50
DGRP_508	F	53
DGRP_508	F	49
DGRP_508	F	50
DGRP_508	F	53
DGRP_508	M	32
DGRP_508	M	36
DGRP_508	M	36
DGRP_508	M	13
DGRP_508	M	32
DGRP_508	M	35
DGRP_508	M	41
DGRP_508	M	42
DGRP_508	M	46
DGRP_508	M	39
DGRP_508	M	41
DGRP_508	M	46
DGRP_508	M	40
DGRP_508	M	45
DGRP_508	M	47
DGRP_508	M	39
DGRP_508	M	41
DGRP_508	M	48
DGRP_508	M	32
DGRP_508	M	34
DGRP_508	M	36
DGRP_508	M	41
DGRP_508	M	46
DGRP_508	M	50
DGRP_508	M	41
DGRP_508	M	46
DGRP_508	M	60
DGRP_508	M	32
DGRP_508	M	46
DGRP_508	M	39
DGRP_508	M	39
DGRP_508	M	39
DGRP_508	M	39
DGRP_508	M	46
DGRP_508	M	20
DGRP_508	M	46
DGRP_508	M	46
DGRP_508	M	35
DGRP_508	M	63
DGRP_508	M	64
DGRP_508	M	61
DGRP_508	M	61
DGRP_508	M	63
DGRP_508	M	39
DGRP_508	M	53
DGRP_508	M	53
DGRP_508	M	39
DGRP_508	M	40
DGRP_508	M	39
DGRP_508	M	41
DGRP_508	M	48
DGRP_508	M	53
DGRP_508	M	61
DGRP_508	M	39
DGRP_508	M	47
DGRP_508	M	48
DGRP_508	M	53
DGRP_508	M	61
DGRP_508	M	50
DGRP_508	M	53
DGRP_508	M	50
DGRP_508	M	54
DGRP_508	M	54
DGRP_508	M	49
DGRP_508	M	53
DGRP_508	M	53
DGRP_509	F	56
DGRP_509	F	63
DGRP_509	F	63
DGRP_509	F	63
DGRP_509	F	63
DGRP_509	F	63
DGRP_509	F	56
DGRP_509	F	58
DGRP_509	F	64
DGRP_509	F	63
DGRP_509	F	63
DGRP_509	F	67
DGRP_509	F	60
DGRP_509	F	63
DGRP_509	F	17
DGRP_509	F	66
DGRP_509	F	67
DGRP_509	F	58
DGRP_509	F	65
DGRP_509	F	65
DGRP_509	F	63
DGRP_509	F	63
DGRP_509	F	49
DGRP_509	F	60
DGRP_509	F	63
DGRP_509	F	12
DGRP_509	F	49
DGRP_509	F	63
DGRP_509	F	56
DGRP_509	F	66
DGRP_509	F	67
DGRP_509	F	56
DGRP_509	F	60
DGRP_509	F	63
DGRP_509	F	56
DGRP_509	F	61
DGRP_509	F	74
DGRP_509	F	15
DGRP_509	F	61
DGRP_509	F	61
DGRP_509	F	49
DGRP_509	F	53
DGRP_509	F	53
DGRP_509	F	43
DGRP_509	F	61
DGRP_509	F	61
DGRP_509	F	6
DGRP_509	F	46
DGRP_509	F	61
DGRP_509	F	54
DGRP_509	F	56
DGRP_509	F	57
DGRP_509	F	53
DGRP_509	F	53
DGRP_509	F	61
DGRP_509	F	54
DGRP_509	F	57
DGRP_509	F	61
DGRP_509	F	53
DGRP_509	F	63
DGRP_509	F	63
DGRP_509	F	38
DGRP_509	F	60
DGRP_509	F	64
DGRP_509	F	51
DGRP_509	F	63
DGRP_509	F	63
DGRP_509	F	50
DGRP_509	F	56
DGRP_509	F	59
DGRP_509	M	53
DGRP_509	M	56
DGRP_509	M	63
DGRP_509	M	51
DGRP_509	M	67
DGRP_509	M	35
DGRP_509	M	42
DGRP_509	M	56
DGRP_509	M	56
DGRP_509	M	63
DGRP_509	M	51
DGRP_509	M	63
DGRP_509	M	56
DGRP_509	M	56
DGRP_509	M	56
DGRP_509	M	58
DGRP_509	M	63
DGRP_509	M	56
DGRP_509	M	60
DGRP_509	M	60
DGRP_509	M	46
DGRP_509	M	53
DGRP_509	M	42
DGRP_509	M	42
DGRP_509	M	53
DGRP_509	M	63
DGRP_509	M	56
DGRP_509	M	58
DGRP_509	M	50
DGRP_509	M	55
DGRP_509	M	55
DGRP_509	M	46
DGRP_509	M	46
DGRP_509	M	25
DGRP_509	M	34
DGRP_509	M	34
DGRP_509	M	13
DGRP_509	M	39
DGRP_509	M	53
DGRP_509	M	27
DGRP_509	M	34
DGRP_509	M	46
DGRP_509	M	22
DGRP_509	M	36
DGRP_509	M	29
DGRP_509	M	39
DGRP_509	M	49
DGRP_509	M	39
DGRP_509	M	46
DGRP_509	M	55
DGRP_509	M	53
DGRP_509	M	56
DGRP_509	M	63
DGRP_509	M	53
DGRP_509	M	56
DGRP_509	M	63
DGRP_509	M	51
DGRP_509	M	51
DGRP_509	M	58
DGRP_509	M	50
DGRP_509	M	52
DGRP_509	M	53
DGRP_513	F	36
DGRP_513	F	37
DGRP_513	F	42
DGRP_513	F	41
DGRP_513	F	49
DGRP_513	F	32
DGRP_513	F	49
DGRP_513	F	51
DGRP_513	F	41
DGRP_513	F	44
DGRP_513	F	56
DGRP_513	F	37
DGRP_513	F	43
DGRP_513	F	49
DGRP_513	F	35
DGRP_513	F	38
DGRP_513	F	38
DGRP_513	F	21
DGRP_513	F	38
DGRP_513	F	38
DGRP_513	F	43
DGRP_513	F	44
DGRP_513	F	49
DGRP_513	F	16
DGRP_513	F	35
DGRP_513	F	32
DGRP_513	F	42
DGRP_513	F	44
DGRP_513	F	50
DGRP_513	F	52
DGRP_513	F	56
DGRP_513	F	42
DGRP_513	F	46
DGRP_513	F	56
DGRP_513	F	36
DGRP_513	F	43
DGRP_513	F	50
DGRP_513	F	38
DGRP_513	F	44
DGRP_513	F	42
DGRP_513	F	42
DGRP_513	F	44
DGRP_513	F	28
DGRP_513	F	42
DGRP_513	F	46
DGRP_513	F	17
DGRP_513	F	28
DGRP_513	F	46
DGRP_513	F	32
DGRP_513	F	38
DGRP_513	F	50
DGRP_513	F	21
DGRP_513	F	35
DGRP_513	F	38
DGRP_513	F	25
DGRP_513	F	38
DGRP_513	F	42
DGRP_513	F	14
DGRP_513	F	42
DGRP_513	F	44
DGRP_513	F	21
DGRP_513	F	42
DGRP_513	F	43
DGRP_513	F	1
DGRP_513	F	21
DGRP_513	F	35
DGRP_513	M	42
DGRP_513	M	44
DGRP_513	M	56
DGRP_513	M	35
DGRP_513	M	41
DGRP_513	M	46
DGRP_513	M	44
DGRP_513	M	46
DGRP_513	M	8
DGRP_513	M	35
DGRP_513	M	35
DGRP_513	M	37
DGRP_513	M	38
DGRP_513	M	43
DGRP_513	M	35
DGRP_513	M	35
DGRP_513	M	39
DGRP_513	M	8
DGRP_513	M	35
DGRP_513	M	44
DGRP_513	M	35
DGRP_513	M	41
DGRP_513	M	49
DGRP_513	M	28
DGRP_513	M	28
DGRP_513	M	31
DGRP_513	M	30
DGRP_513	M	46
DGRP_513	M	56
DGRP_513	M	50
DGRP_513	M	51
DGRP_513	M	53
DGRP_513	M	42
DGRP_513	M	50
DGRP_513	M	56
DGRP_513	M	28
DGRP_513	M	42
DGRP_513	M	56
DGRP_513	M	7
DGRP_513	M	28
DGRP_513	M	35
DGRP_513	M	38
DGRP_513	M	46
DGRP_513	M	46
DGRP_513	M	39
DGRP_513	M	46
DGRP_513	M	30
DGRP_513	M	35
DGRP_513	M	49
DGRP_513	M	28
DGRP_513	M	38
DGRP_513	M	42
DGRP_513	M	38
DGRP_513	M	42
DGRP_513	M	38
DGRP_513	M	42
DGRP_513	M	63
DGRP_513	M	30
DGRP_513	M	50
DGRP_513	M	50
DGRP_513	M	49
DGRP_513	M	66
DGRP_513	M	38
DGRP_513	M	56
DGRP_513	M	58
DGRP_517	F	46
DGRP_517	F	69
DGRP_517	F	41
DGRP_517	F	46
DGRP_517	F	50
DGRP_517	F	54
DGRP_517	F	57
DGRP_517	F	68
DGRP_517	F	61
DGRP_517	F	67
DGRP_517	F	74
DGRP_517	F	46
DGRP_517	F	67
DGRP_517	F	40
DGRP_517	F	54
DGRP_517	F	54
DGRP_517	F	53
DGRP_517	F	53
DGRP_517	F	53
DGRP_517	F	57
DGRP_517	F	60
DGRP_517	F	63
DGRP_517	F	39
DGRP_517	F	54
DGRP_517	F	55
DGRP_517	F	34
DGRP_517	F	35
DGRP_517	F	57
DGRP_517	F	61
DGRP_517	F	67
DGRP_517	F	67
DGRP_517	F	48
DGRP_517	F	62
DGRP_517	F	69
DGRP_517	F	56
DGRP_517	F	56
DGRP_517	F	56
DGRP_517	F	63
DGRP_517	F	63
DGRP_517	F	63
DGRP_517	F	35
DGRP_517	F	63
DGRP_517	F	70
DGRP_517	F	66
DGRP_517	F	74
DGRP_517	F	77
DGRP_517	F	56
DGRP_517	F	57
DGRP_517	F	71
DGRP_517	F	63
DGRP_517	F	63
DGRP_517	F	77
DGRP_517	F	56
DGRP_517	F	60
DGRP_517	F	77
DGRP_517	F	44
DGRP_517	F	58
DGRP_517	F	58
DGRP_517	F	32
DGRP_517	F	60
DGRP_517	F	63
DGRP_517	F	32
DGRP_517	F	71
DGRP_517	F	78
DGRP_517	F	49
DGRP_517	F	65
DGRP_517	F	67
DGRP_517	F	67
DGRP_517	F	77
DGRP_517	M	43
DGRP_517	M	46
DGRP_517	M	54
DGRP_517	M	25
DGRP_517	M	36
DGRP_517	M	46
DGRP_517	M	13
DGRP_517	M	37
DGRP_517	M	68
DGRP_517	M	39
DGRP_517	M	67
DGRP_517	M	34
DGRP_517	M	46
DGRP_517	M	49
DGRP_517	M	54
DGRP_517	M	41
DGRP_517	M	53
DGRP_517	M	70
DGRP_517	M	39
DGRP_517	M	53
DGRP_517	M	60
DGRP_517	M	34
DGRP_517	M	36
DGRP_517	M	46
DGRP_517	M	40
DGRP_517	M	63
DGRP_517	M	39
DGRP_517	M	43
DGRP_517	M	46
DGRP_517	M	41
DGRP_517	M	62
DGRP_517	M	56
DGRP_517	M	56
DGRP_517	M	77
DGRP_517	M	53
DGRP_517	M	56
DGRP_517	M	56
DGRP_517	M	36
DGRP_517	M	56
DGRP_517	M	63
DGRP_517	M	31
DGRP_517	M	63
DGRP_517	M	63
DGRP_517	M	11
DGRP_517	M	42
DGRP_517	M	60
DGRP_517	M	64
DGRP_517	M	42
DGRP_517	M	49
DGRP_517	M	51
DGRP_517	M	52
DGRP_517	M	53
DGRP_517	M	43
DGRP_517	M	63
DGRP_517	M	64
DGRP_517	M	56
DGRP_517	M	56
DGRP_517	M	63
DGRP_517	M	63
DGRP_517	M	67
DGRP_517	M	70
DGRP_517	M	14
DGRP_517	M	39
DGRP_517	M	49
DGRP_530	F	41
DGRP_530	F	43
DGRP_530	F	48
DGRP_530	F	40
DGRP_530	F	41
DGRP_530	F	41
DGRP_530	F	33
DGRP_530	F	35
DGRP_530	F	35
DGRP_530	F	18
DGRP_530	F	46
DGRP_530	F	46
DGRP_530	F	38
DGRP_530	F	41
DGRP_530	F	57
DGRP_530	F	38
DGRP_530	F	41
DGRP_530	F	41
DGRP_530	F	48
DGRP_530	F	48
DGRP_530	F	48
DGRP_530	F	32
DGRP_530	F	38
DGRP_530	F	38
DGRP_530	F	35
DGRP_530	F	38
DGRP_530	F	38
DGRP_530	F	46
DGRP_530	F	46
DGRP_530	F	44
DGRP_530	F	49
DGRP_530	F	34
DGRP_530	F	37
DGRP_530	F	39
DGRP_530	F	32
DGRP_530	F	35
DGRP_530	F	38
DGRP_530	F	38
DGRP_530	F	46
DGRP_530	F	42
DGRP_530	F	42
DGRP_530	F	32
DGRP_530	F	36
DGRP_530	F	38
DGRP_530	F	35
DGRP_530	F	43
DGRP_530	F	45
DGRP_530	F	43
DGRP_530	F	49
DGRP_530	F	49
DGRP_530	F	31
DGRP_530	F	35
DGRP_530	F	43
DGRP_530	F	38
DGRP_530	F	49
DGRP_530	F	35
DGRP_530	F	39
DGRP_530	F	45
DGRP_530	F	35
DGRP_530	F	35
DGRP_530	F	31
DGRP_530	F	38
DGRP_530	F	46
DGRP_530	F	35
DGRP_530	F	43
DGRP_530	F	45
DGRP_530	M	38
DGRP_530	M	43
DGRP_530	M	46
DGRP_530	M	53
DGRP_530	M	53
DGRP_530	M	28
DGRP_530	M	29
DGRP_530	M	35
DGRP_530	M	48
DGRP_530	M	62
DGRP_530	M	41
DGRP_530	M	46
DGRP_530	M	53
DGRP_530	M	38
DGRP_530	M	38
DGRP_530	M	50
DGRP_530	M	46
DGRP_530	M	48
DGRP_530	M	32
DGRP_530	M	38
DGRP_530	M	38
DGRP_530	M	35
DGRP_530	M	38
DGRP_530	M	41
DGRP_530	M	43
DGRP_530	M	46
DGRP_530	M	49
DGRP_530	M	49
DGRP_530	M	23
DGRP_530	M	36
DGRP_530	M	36
DGRP_530	M	35
DGRP_530	M	35
DGRP_530	M	35
DGRP_530	M	35
DGRP_530	M	38
DGRP_530	M	39
DGRP_530	M	42
DGRP_530	M	42
DGRP_530	M	42
DGRP_530	M	38
DGRP_530	M	42
DGRP_530	M	50
DGRP_530	M	38
DGRP_530	M	42
DGRP_530	M	42
DGRP_530	M	42
DGRP_530	M	44
DGRP_530	M	49
DGRP_530	M	35
DGRP_530	M	42
DGRP_530	M	43
DGRP_530	M	39
DGRP_530	M	39
DGRP_530	M	43
DGRP_530	M	45
DGRP_530	M	46
DGRP_530	M	56
DGRP_530	M	35
DGRP_530	M	37
DGRP_530	M	42
DGRP_530	M	31
DGRP_530	M	56
DGRP_530	M	31
DGRP_530	M	39
DGRP_530	M	42
DGRP_531	F	28
DGRP_531	F	31
DGRP_531	F	54
DGRP_531	F	19
DGRP_531	F	24
DGRP_531	F	49
DGRP_531	F	24
DGRP_531	F	26
DGRP_531	F	28
DGRP_531	F	47
DGRP_531	F	52
DGRP_531	F	41
DGRP_531	F	45
DGRP_531	F	52
DGRP_531	F	24
DGRP_531	F	39
DGRP_531	F	45
DGRP_531	F	59
DGRP_531	F	61
DGRP_531	F	32
DGRP_531	F	45
DGRP_531	F	59
DGRP_531	F	38
DGRP_531	F	45
DGRP_531	F	66
DGRP_531	F	28
DGRP_531	F	38
DGRP_531	F	52
DGRP_531	F	26
DGRP_531	F	41
DGRP_531	F	41
DGRP_531	F	28
DGRP_531	F	28
DGRP_531	F	42
DGRP_531	F	31
DGRP_531	F	38
DGRP_531	F	38
DGRP_531	F	28
DGRP_531	F	60
DGRP_531	F	60
DGRP_531	F	32
DGRP_531	F	53
DGRP_531	F	60
DGRP_531	F	40
DGRP_531	F	41
DGRP_531	F	31
DGRP_531	F	42
DGRP_531	F	60
DGRP_531	F	26
DGRP_531	F	32
DGRP_531	F	31
DGRP_531	F	38
DGRP_531	F	17
DGRP_531	F	31
DGRP_531	F	33
DGRP_531	F	38
DGRP_531	F	38
DGRP_531	F	46
DGRP_531	F	28
DGRP_531	F	45
DGRP_531	F	55
DGRP_531	F	17
DGRP_531	F	26
DGRP_531	F	31
DGRP_531	M	31
DGRP_531	M	46
DGRP_531	M	68
DGRP_531	M	14
DGRP_531	M	24
DGRP_531	M	73
DGRP_531	M	33
DGRP_531	M	33
DGRP_531	M	62
DGRP_531	M	46
DGRP_531	M	52
DGRP_531	M	52
DGRP_531	M	3
DGRP_531	M	45
DGRP_531	M	70
DGRP_531	M	35
DGRP_531	M	38
DGRP_531	M	42
DGRP_531	M	3
DGRP_531	M	42
DGRP_531	M	48
DGRP_531	M	33
DGRP_531	M	33
DGRP_531	M	59
DGRP_531	M	42
DGRP_531	M	47
DGRP_531	M	59
DGRP_531	M	18
DGRP_531	M	38
DGRP_531	M	47
DGRP_531	M	45
DGRP_531	M	66
DGRP_531	M	35
DGRP_531	M	42
DGRP_531	M	63
DGRP_531	M	10
DGRP_531	M	56
DGRP_531	M	75
DGRP_531	M	45
DGRP_531	M	45
DGRP_531	M	24
DGRP_531	M	32
DGRP_531	M	56
DGRP_531	M	19
DGRP_531	M	49
DGRP_531	M	70
DGRP_531	M	28
DGRP_531	M	45
DGRP_531	M	45
DGRP_531	M	60
DGRP_531	M	80
DGRP_531	M	38
DGRP_531	M	38
DGRP_531	M	35
DGRP_531	M	35
DGRP_531	M	24
DGRP_531	M	76
DGRP_531	M	19
DGRP_531	M	45
DGRP_531	M	52
DGRP_531	M	60
DGRP_531	M	62
DGRP_535	F	11
DGRP_535	F	46
DGRP_535	F	60
DGRP_535	F	11
DGRP_535	F	15
DGRP_535	F	43
DGRP_535	F	36
DGRP_535	F	53
DGRP_535	F	53
DGRP_535	F	32
DGRP_535	F	32
DGRP_535	F	42
DGRP_535	F	20
DGRP_535	F	29
DGRP_535	F	50
DGRP_535	F	8
DGRP_535	F	23
DGRP_535	F	35
DGRP_535	F	19
DGRP_535	F	19
DGRP_535	F	20
DGRP_535	F	4
DGRP_535	F	39
DGRP_535	F	53
DGRP_535	F	23
DGRP_535	F	25
DGRP_535	F	57
DGRP_535	F	25
DGRP_535	F	48
DGRP_535	F	49
DGRP_535	F	19
DGRP_535	F	25
DGRP_535	F	48
DGRP_535	F	15
DGRP_535	F	19
DGRP_535	F	21
DGRP_535	F	8
DGRP_535	F	15
DGRP_535	F	20
DGRP_535	F	56
DGRP_535	F	61
DGRP_535	F	64
DGRP_535	F	41
DGRP_535	F	53
DGRP_535	F	61
DGRP_535	F	33
DGRP_535	F	53
DGRP_535	F	61
DGRP_535	F	32
DGRP_535	F	49
DGRP_535	F	50
DGRP_535	F	20
DGRP_535	F	25
DGRP_535	F	34
DGRP_535	F	20
DGRP_535	F	27
DGRP_535	F	47
DGRP_535	F	15
DGRP_535	F	29
DGRP_535	F	29
DGRP_535	F	18
DGRP_535	F	48
DGRP_535	F	53
DGRP_535	F	11
DGRP_535	F	18
DGRP_535	F	32
DGRP_535	F	15
DGRP_535	F	46
DGRP_535	F	53
DGRP_535	F	18
DGRP_535	F	20
DGRP_535	F	53
DGRP_535	M	20
DGRP_535	M	34
DGRP_535	M	43
DGRP_535	M	25
DGRP_535	M	46
DGRP_535	M	19
DGRP_535	M	42
DGRP_535	M	46
DGRP_535	M	19
DGRP_535	M	32
DGRP_535	M	39
DGRP_535	M	23
DGRP_535	M	29
DGRP_535	M	32
DGRP_535	M	4
DGRP_535	M	25
DGRP_535	M	25
DGRP_535	M	6
DGRP_535	M	21
DGRP_535	M	32
DGRP_535	M	28
DGRP_535	M	39
DGRP_535	M	23
DGRP_535	M	28
DGRP_535	M	46
DGRP_535	M	25
DGRP_535	M	32
DGRP_535	M	34
DGRP_535	M	25
DGRP_535	M	36
DGRP_535	M	39
DGRP_535	M	39
DGRP_535	M	46
DGRP_535	M	33
DGRP_535	M	39
DGRP_535	M	39
DGRP_535	M	61
DGRP_535	M	62
DGRP_535	M	67
DGRP_535	M	25
DGRP_535	M	34
DGRP_535	M	39
DGRP_535	M	20
DGRP_535	M	22
DGRP_535	M	32
DGRP_535	M	20
DGRP_535	M	20
DGRP_535	M	46
DGRP_535	M	39
DGRP_535	M	39
DGRP_535	M	46
DGRP_535	M	18
DGRP_535	M	32
DGRP_535	M	46
DGRP_535	M	32
DGRP_535	M	33
DGRP_535	M	39
DGRP_535	M	32
DGRP_535	M	35
DGRP_535	M	46
DGRP_535	M	25
DGRP_535	M	39
DGRP_535	M	48
DGRP_535	M	36
DGRP_535	M	46
DGRP_535	M	39
DGRP_535	M	39
DGRP_535	M	53
DGRP_555	F	47
DGRP_555	F	56
DGRP_555	F	47
DGRP_555	F	50
DGRP_555	F	54
DGRP_555	F	33
DGRP_555	F	54
DGRP_555	F	54
DGRP_555	F	28
DGRP_555	F	34
DGRP_555	F	51
DGRP_555	F	26
DGRP_555	F	47
DGRP_555	F	50
DGRP_555	F	54
DGRP_555	F	54
DGRP_555	F	44
DGRP_555	F	54
DGRP_555	F	54
DGRP_555	F	44
DGRP_555	F	47
DGRP_555	F	54
DGRP_555	F	27
DGRP_555	F	54
DGRP_555	F	54
DGRP_555	F	40
DGRP_555	F	51
DGRP_555	F	51
DGRP_555	F	29
DGRP_555	F	33
DGRP_555	F	49
DGRP_555	F	13
DGRP_555	F	51
DGRP_555	F	54
DGRP_555	F	35
DGRP_555	F	35
DGRP_555	F	49
DGRP_555	F	56
DGRP_555	F	56
DGRP_555	F	44
DGRP_555	F	56
DGRP_555	F	56
DGRP_555	F	56
DGRP_555	F	56
DGRP_555	F	63
DGRP_555	F	36
DGRP_555	F	44
DGRP_555	F	56
DGRP_555	F	35
DGRP_555	F	43
DGRP_555	F	49
DGRP_555	F	46
DGRP_555	F	50
DGRP_555	F	56
DGRP_555	F	56
DGRP_555	F	56
DGRP_555	F	28
DGRP_555	F	36
DGRP_555	F	39
DGRP_555	F	7
DGRP_555	F	52
DGRP_555	F	56
DGRP_555	F	30
DGRP_555	F	39
DGRP_555	F	53
DGRP_555	F	49
DGRP_555	F	49
DGRP_555	F	60
DGRP_555	M	36
DGRP_555	M	37
DGRP_555	M	56
DGRP_555	M	28
DGRP_555	M	29
DGRP_555	M	50
DGRP_555	M	47
DGRP_555	M	54
DGRP_555	M	54
DGRP_555	M	34
DGRP_555	M	40
DGRP_555	M	54
DGRP_555	M	34
DGRP_555	M	47
DGRP_555	M	50
DGRP_555	M	54
DGRP_555	M	54
DGRP_555	M	34
DGRP_555	M	54
DGRP_555	M	35
DGRP_555	M	40
DGRP_555	M	44
DGRP_555	M	26
DGRP_555	M	51
DGRP_555	M	61
DGRP_555	M	40
DGRP_555	M	40
DGRP_555	M	40
DGRP_555	M	33
DGRP_555	M	36
DGRP_555	M	40
DGRP_555	M	26
DGRP_555	M	29
DGRP_555	M	33
DGRP_555	M	44
DGRP_555	M	46
DGRP_555	M	63
DGRP_555	M	49
DGRP_555	M	49
DGRP_555	M	49
DGRP_555	M	53
DGRP_555	M	32
DGRP_555	M	32
DGRP_555	M	45
DGRP_555	M	49
DGRP_555	M	49
DGRP_555	M	51
DGRP_555	M	45
DGRP_555	M	46
DGRP_555	M	49
DGRP_555	M	35
DGRP_555	M	46
DGRP_555	M	46
DGRP_555	M	35
DGRP_555	M	53
DGRP_555	M	60
DGRP_555	M	18
DGRP_555	M	42
DGRP_555	M	56
DGRP_555	M	32
DGRP_555	M	44
DGRP_555	M	49
DGRP_555	M	35
DGRP_555	M	49
DGRP_555	M	56
DGRP_555	M	45
DGRP_555	M	49
DGRP_555	M	52
DGRP_563	F	32
DGRP_563	F	43
DGRP_563	F	48
DGRP_563	F	53
DGRP_563	F	55
DGRP_563	F	64
DGRP_563	F	33
DGRP_563	F	43
DGRP_563	F	53
DGRP_563	F	46
DGRP_563	F	46
DGRP_563	F	46
DGRP_563	F	8
DGRP_563	F	41
DGRP_563	F	57
DGRP_563	F	41
DGRP_563	F	60
DGRP_563	F	64
DGRP_563	F	34
DGRP_563	F	56
DGRP_563	F	60
DGRP_563	F	11
DGRP_563	F	43
DGRP_563	F	53
DGRP_563	F	59
DGRP_563	F	59
DGRP_563	F	59
DGRP_563	F	40
DGRP_563	F	42
DGRP_563	F	52
DGRP_563	F	52
DGRP_563	F	52
DGRP_563	F	35
DGRP_563	F	47
DGRP_563	F	52
DGRP_563	F	46
DGRP_563	F	53
DGRP_563	F	48
DGRP_563	F	56
DGRP_563	F	57
DGRP_563	F	34
DGRP_563	F	39
DGRP_563	F	53
DGRP_563	F	25
DGRP_563	F	35
DGRP_563	F	69
DGRP_563	F	32
DGRP_563	F	39
DGRP_563	F	43
DGRP_563	F	32
DGRP_563	F	53
DGRP_563	F	22
DGRP_563	F	41
DGRP_563	F	41
DGRP_563	F	4
DGRP_563	F	50
DGRP_563	F	57
DGRP_563	F	55
DGRP_563	F	61
DGRP_563	F	32
DGRP_563	F	39
DGRP_563	F	47
DGRP_563	F	46
DGRP_563	F	46
DGRP_563	F	32
DGRP_563	F	53
DGRP_563	F	63
DGRP_563	M	39
DGRP_563	M	41
DGRP_563	M	41
DGRP_563	M	36
DGRP_563	M	39
DGRP_563	M	43
DGRP_563	M	36
DGRP_563	M	46
DGRP_563	M	67
DGRP_563	M	43
DGRP_563	M	46
DGRP_563	M	46
DGRP_563	M	41
DGRP_563	M	56
DGRP_563	M	60
DGRP_563	M	4
DGRP_563	M	39
DGRP_563	M	41
DGRP_563	M	46
DGRP_563	M	57
DGRP_563	M	50
DGRP_563	M	53
DGRP_563	M	45
DGRP_563	M	56
DGRP_563	M	3
DGRP_563	M	45
DGRP_563	M	34
DGRP_563	M	45
DGRP_563	M	61
DGRP_563	M	45
DGRP_563	M	52
DGRP_563	M	39
DGRP_563	M	46
DGRP_563	M	56
DGRP_563	M	46
DGRP_563	M	53
DGRP_563	M	61
DGRP_563	M	46
DGRP_563	M	47
DGRP_563	M	61
DGRP_563	M	4
DGRP_563	M	33
DGRP_563	M	46
DGRP_563	M	50
DGRP_563	M	61
DGRP_563	M	50
DGRP_563	M	67
DGRP_563	M	41
DGRP_563	M	61
DGRP_563	M	46
DGRP_563	M	47
DGRP_563	M	56
DGRP_563	M	36
DGRP_563	M	55
DGRP_563	M	64
DGRP_563	M	41
DGRP_563	M	46
DGRP_563	M	61
DGRP_563	M	49
DGRP_563	M	57
DGRP_563	M	76
DGRP_563	M	53
DGRP_563	M	61
DGRP_584	F	3
DGRP_584	F	8
DGRP_584	F	60
DGRP_584	F	49
DGRP_584	F	49
DGRP_584	F	71
DGRP_584	F	45
DGRP_584	F	49
DGRP_584	F	58
DGRP_584	F	35
DGRP_584	F	49
DGRP_584	F	49
DGRP_584	F	32
DGRP_584	F	49
DGRP_584	F	52
DGRP_584	F	40
DGRP_584	F	47
DGRP_584	F	54
DGRP_584	F	18
DGRP_584	F	46
DGRP_584	F	53
DGRP_584	F	41
DGRP_584	F	41
DGRP_584	F	53
DGRP_584	F	42
DGRP_584	F	53
DGRP_584	F	2
DGRP_584	F	34
DGRP_584	F	46
DGRP_584	F	25
DGRP_584	F	57
DGRP_584	F	60
DGRP_584	F	46
DGRP_584	F	47
DGRP_584	F	68
DGRP_584	F	35
DGRP_584	F	67
DGRP_584	F	71
DGRP_584	F	50
DGRP_584	F	53
DGRP_584	F	61
DGRP_584	F	46
DGRP_584	F	55
DGRP_584	F	55
DGRP_584	F	29
DGRP_584	F	46
DGRP_584	F	61
DGRP_584	F	32
DGRP_584	F	39
DGRP_584	F	63
DGRP_584	F	32
DGRP_584	F	53
DGRP_584	F	61
DGRP_584	F	41
DGRP_584	F	42
DGRP_584	F	46
DGRP_584	F	35
DGRP_584	F	50
DGRP_584	F	53
DGRP_584	F	23
DGRP_584	F	23
DGRP_584	F	56
DGRP_584	F	50
DGRP_584	F	50
DGRP_584	F	56
DGRP_584	F	50
DGRP_584	F	50
DGRP_584	F	56
DGRP_584	F	42
DGRP_584	F	53
DGRP_584	F	63
DGRP_584	M	42
DGRP_584	M	63
DGRP_584	M	67
DGRP_584	M	42
DGRP_584	M	46
DGRP_584	M	58
DGRP_584	M	37
DGRP_584	M	56
DGRP_584	M	67
DGRP_584	M	56
DGRP_584	M	56
DGRP_584	M	56
DGRP_584	M	38
DGRP_584	M	53
DGRP_584	M	56
DGRP_584	M	40
DGRP_584	M	46
DGRP_584	M	53
DGRP_584	M	39
DGRP_584	M	46
DGRP_584	M	63
DGRP_584	M	11
DGRP_584	M	39
DGRP_584	M	67
DGRP_584	M	29
DGRP_584	M	39
DGRP_584	M	46
DGRP_584	M	46
DGRP_584	M	46
DGRP_584	M	46
DGRP_584	M	41
DGRP_584	M	54
DGRP_584	M	70
DGRP_584	M	25
DGRP_584	M	39
DGRP_584	M	15
DGRP_584	M	22
DGRP_584	M	34
DGRP_584	M	39
DGRP_584	M	81
DGRP_584	M	39
DGRP_584	M	41
DGRP_584	M	61
DGRP_584	M	34
DGRP_584	M	53
DGRP_584	M	64
DGRP_584	M	32
DGRP_584	M	32
DGRP_584	M	55
DGRP_584	M	43
DGRP_584	M	64
DGRP_584	M	53
DGRP_584	M	61
DGRP_584	M	74
DGRP_584	M	44
DGRP_584	M	44
DGRP_584	M	45
DGRP_584	M	44
DGRP_584	M	56
DGRP_584	M	70
DGRP_584	M	35
DGRP_584	M	42
DGRP_584	M	42
DGRP_584	M	50
DGRP_584	M	50
DGRP_584	M	53
DGRP_584	M	53
DGRP_584	M	56
DGRP_584	M	63
DGRP_589	F	56
DGRP_589	F	64
DGRP_589	F	64
DGRP_589	F	28
DGRP_589	F	32
DGRP_589	F	67
DGRP_589	F	25
DGRP_589	F	57
DGRP_589	F	69
DGRP_589	F	55
DGRP_589	F	67
DGRP_589	F	67
DGRP_589	F	29
DGRP_589	F	39
DGRP_589	F	67
DGRP_589	F	19
DGRP_589	F	25
DGRP_589	F	64
DGRP_589	F	58
DGRP_589	F	60
DGRP_589	F	70
DGRP_589	F	21
DGRP_589	F	56
DGRP_589	F	63
DGRP_589	F	28
DGRP_589	F	63
DGRP_589	F	63
DGRP_589	F	31
DGRP_589	F	56
DGRP_589	F	60
DGRP_589	F	14
DGRP_589	F	56
DGRP_589	F	63
DGRP_589	F	25
DGRP_589	F	61
DGRP_589	F	64
DGRP_589	F	61
DGRP_589	F	63
DGRP_589	F	64
DGRP_589	F	41
DGRP_589	F	61
DGRP_589	F	61
DGRP_589	F	39
DGRP_589	F	62
DGRP_589	F	67
DGRP_589	F	67
DGRP_589	F	74
DGRP_589	F	22
DGRP_589	F	27
DGRP_589	F	67
DGRP_589	F	22
DGRP_589	F	50
DGRP_589	F	51
DGRP_589	F	17
DGRP_589	F	22
DGRP_589	F	56
DGRP_589	F	8
DGRP_589	F	56
DGRP_589	F	27
DGRP_589	F	29
DGRP_589	F	56
DGRP_589	F	27
DGRP_589	F	59
DGRP_589	F	64
DGRP_589	M	61
DGRP_589	M	63
DGRP_589	M	67
DGRP_589	M	27
DGRP_589	M	67
DGRP_589	M	69
DGRP_589	M	46
DGRP_589	M	55
DGRP_589	M	57
DGRP_589	M	50
DGRP_589	M	64
DGRP_589	M	67
DGRP_589	M	36
DGRP_589	M	60
DGRP_589	M	67
DGRP_589	M	53
DGRP_589	M	60
DGRP_589	M	63
DGRP_589	M	12
DGRP_589	M	42
DGRP_589	M	56
DGRP_589	M	63
DGRP_589	M	70
DGRP_589	M	70
DGRP_589	M	32
DGRP_589	M	72
DGRP_589	M	60
DGRP_589	M	60
DGRP_589	M	46
DGRP_589	M	57
DGRP_589	M	61
DGRP_589	M	61
DGRP_589	M	74
DGRP_589	M	61
DGRP_589	M	64
DGRP_589	M	71
DGRP_589	M	61
DGRP_589	M	69
DGRP_589	M	74
DGRP_589	M	53
DGRP_589	M	61
DGRP_589	M	42
DGRP_589	M	42
DGRP_589	M	46
DGRP_589	M	61
DGRP_589	M	69
DGRP_589	M	77
DGRP_589	M	56
DGRP_589	M	62
DGRP_589	M	62
DGRP_589	M	3
DGRP_589	M	50
DGRP_589	M	56
DGRP_589	M	31
DGRP_589	M	34
DGRP_589	M	36
DGRP_589	M	50
DGRP_589	M	52
DGRP_589	M	56
DGRP_589	M	6
DGRP_589	M	50
DGRP_595	F	25
DGRP_595	F	53
DGRP_595	F	53
DGRP_595	F	36
DGRP_595	F	41
DGRP_595	F	46
DGRP_595	F	46
DGRP_595	F	47
DGRP_595	F	20
DGRP_595	F	42
DGRP_595	F	50
DGRP_595	F	12
DGRP_595	F	59
DGRP_595	F	46
DGRP_595	F	49
DGRP_595	F	21
DGRP_595	F	42
DGRP_595	F	44
DGRP_595	F	12
DGRP_595	F	56
DGRP_595	F	42
DGRP_595	F	49
DGRP_595	F	46
DGRP_595	F	49
DGRP_595	F	49
DGRP_595	F	21
DGRP_595	F	49
DGRP_595	F	50
DGRP_595	F	53
DGRP_595	F	53
DGRP_595	F	53
DGRP_595	F	25
DGRP_595	F	29
DGRP_595	F	46
DGRP_595	F	18
DGRP_595	F	43
DGRP_595	F	46
DGRP_595	F	53
DGRP_595	F	53
DGRP_595	F	53
DGRP_595	F	53
DGRP_595	F	53
DGRP_595	F	53
DGRP_595	F	48
DGRP_595	F	53
DGRP_595	F	57
DGRP_595	F	54
DGRP_595	F	55
DGRP_595	F	55
DGRP_595	F	46
DGRP_595	F	55
DGRP_595	F	57
DGRP_595	F	25
DGRP_595	F	61
DGRP_595	F	33
DGRP_595	F	48
DGRP_595	F	61
DGRP_595	F	32
DGRP_595	F	53
DGRP_595	F	54
DGRP_595	F	20
DGRP_595	F	53
DGRP_595	F	57
DGRP_595	M	46
DGRP_595	M	46
DGRP_595	M	53
DGRP_595	M	46
DGRP_595	M	46
DGRP_595	M	46
DGRP_595	M	46
DGRP_595	M	46
DGRP_595	M	48
DGRP_595	M	53
DGRP_595	M	49
DGRP_595	M	63
DGRP_595	M	16
DGRP_595	M	56
DGRP_595	M	60
DGRP_595	M	44
DGRP_595	M	53
DGRP_595	M	56
DGRP_595	M	42
DGRP_595	M	43
DGRP_595	M	36
DGRP_595	M	49
DGRP_595	M	50
DGRP_595	M	44
DGRP_595	M	49
DGRP_595	M	49
DGRP_595	M	44
DGRP_595	M	49
DGRP_595	M	50
DGRP_595	M	46
DGRP_595	M	53
DGRP_595	M	53
DGRP_595	M	15
DGRP_595	M	39
DGRP_595	M	46
DGRP_595	M	40
DGRP_595	M	46
DGRP_595	M	56
DGRP_595	M	47
DGRP_595	M	47
DGRP_595	M	53
DGRP_595	M	15
DGRP_595	M	53
DGRP_595	M	54
DGRP_595	M	53
DGRP_595	M	53
DGRP_595	M	53
DGRP_595	M	46
DGRP_595	M	53
DGRP_595	M	53
DGRP_595	M	46
DGRP_595	M	46
DGRP_595	M	55
DGRP_595	M	49
DGRP_595	M	61
DGRP_595	M	27
DGRP_595	M	61
DGRP_595	M	61
DGRP_595	M	47
DGRP_595	M	53
DGRP_595	M	46
DGRP_595	M	53
DGRP_595	M	53
DGRP_639	F	57
DGRP_639	F	64
DGRP_639	F	67
DGRP_639	F	38
DGRP_639	F	64
DGRP_639	F	51
DGRP_639	F	53
DGRP_639	F	70
DGRP_639	F	64
DGRP_639	F	69
DGRP_639	F	50
DGRP_639	F	51
DGRP_639	F	51
DGRP_639	F	30
DGRP_639	F	46
DGRP_639	F	46
DGRP_639	F	55
DGRP_639	F	59
DGRP_639	F	60
DGRP_639	F	72
DGRP_639	F	37
DGRP_639	F	59
DGRP_639	F	65
DGRP_639	F	51
DGRP_639	F	65
DGRP_639	F	69
DGRP_639	F	49
DGRP_639	F	49
DGRP_639	F	51
DGRP_639	F	28
DGRP_639	F	31
DGRP_639	F	42
DGRP_639	F	44
DGRP_639	F	63
DGRP_639	F	65
DGRP_639	F	30
DGRP_639	F	39
DGRP_639	F	35
DGRP_639	F	56
DGRP_639	F	77
DGRP_639	F	11
DGRP_639	F	57
DGRP_639	F	57
DGRP_639	F	49
DGRP_639	F	53
DGRP_639	F	56
DGRP_639	F	49
DGRP_639	F	74
DGRP_639	F	74
DGRP_639	F	44
DGRP_639	F	50
DGRP_639	F	57
DGRP_639	F	56
DGRP_639	F	56
DGRP_639	F	84
DGRP_639	F	49
DGRP_639	F	56
DGRP_639	F	63
DGRP_639	M	43
DGRP_639	M	53
DGRP_639	M	64
DGRP_639	M	42
DGRP_639	M	51
DGRP_639	M	64
DGRP_639	M	43
DGRP_639	M	52
DGRP_639	M	29
DGRP_639	M	34
DGRP_639	M	50
DGRP_639	M	55
DGRP_639	M	80
DGRP_639	M	27
DGRP_639	M	41
DGRP_639	M	59
DGRP_639	M	48
DGRP_639	M	48
DGRP_639	M	53
DGRP_639	M	51
DGRP_639	M	59
DGRP_639	M	51
DGRP_639	M	52
DGRP_639	M	52
DGRP_639	M	51
DGRP_639	M	59
DGRP_639	M	59
DGRP_639	M	31
DGRP_639	M	49
DGRP_639	M	52
DGRP_639	M	52
DGRP_639	M	53
DGRP_639	M	58
DGRP_639	M	35
DGRP_639	M	44
DGRP_639	M	49
DGRP_639	M	63
DGRP_639	M	77
DGRP_639	M	30
DGRP_639	M	42
DGRP_639	M	60
DGRP_639	M	52
DGRP_639	M	56
DGRP_639	M	63
DGRP_639	M	49
DGRP_639	M	60
DGRP_639	M	46
DGRP_639	M	51
DGRP_639	M	23
DGRP_639	M	49
DGRP_639	M	51
DGRP_639	M	56
DGRP_639	M	63
DGRP_639	M	44
DGRP_639	M	53
DGRP_639	M	56
DGRP_642	F	52
DGRP_642	F	53
DGRP_642	F	66
DGRP_642	F	70
DGRP_642	F	70
DGRP_642	F	45
DGRP_642	F	49
DGRP_642	F	49
DGRP_642	F	49
DGRP_642	F	56
DGRP_642	F	56
DGRP_642	F	52
DGRP_642	F	56
DGRP_642	F	56
DGRP_642	F	53
DGRP_642	F	56
DGRP_642	F	63
DGRP_642	F	51
DGRP_642	F	65
DGRP_642	F	67
DGRP_642	F	32
DGRP_642	F	63
DGRP_642	F	66
DGRP_642	F	35
DGRP_642	F	49
DGRP_642	F	70
DGRP_642	F	56
DGRP_642	F	70
DGRP_642	F	63
DGRP_642	F	70
DGRP_642	F	70
DGRP_642	F	67
DGRP_642	F	67
DGRP_642	F	67
DGRP_642	F	11
DGRP_642	F	68
DGRP_642	F	69
DGRP_642	F	53
DGRP_642	F	53
DGRP_642	F	39
DGRP_642	F	39
DGRP_642	F	39
DGRP_642	F	11
DGRP_642	F	65
DGRP_642	F	70
DGRP_642	F	57
DGRP_642	F	63
DGRP_642	F	63
DGRP_642	F	59
DGRP_642	F	63
DGRP_642	F	63
DGRP_642	F	60
DGRP_642	F	63
DGRP_642	F	63
DGRP_642	F	63
DGRP_642	F	63
DGRP_642	F	64
DGRP_642	F	39
DGRP_642	F	63
DGRP_642	F	65
DGRP_642	F	53
DGRP_642	F	57
DGRP_642	F	53
DGRP_642	F	63
DGRP_642	F	67
DGRP_642	F	57
DGRP_642	F	57
DGRP_642	F	70
DGRP_642	M	18
DGRP_642	M	37
DGRP_642	M	58
DGRP_642	M	14
DGRP_642	M	18
DGRP_642	M	56
DGRP_642	M	35
DGRP_642	M	36
DGRP_642	M	49
DGRP_642	M	43
DGRP_642	M	49
DGRP_642	M	56
DGRP_642	M	14
DGRP_642	M	35
DGRP_642	M	85
DGRP_642	M	21
DGRP_642	M	23
DGRP_642	M	56
DGRP_642	M	2
DGRP_642	M	14
DGRP_642	M	14
DGRP_642	M	10
DGRP_642	M	17
DGRP_642	M	63
DGRP_642	M	10
DGRP_642	M	21
DGRP_642	M	37
DGRP_642	M	25
DGRP_642	M	32
DGRP_642	M	35
DGRP_642	M	10
DGRP_642	M	17
DGRP_642	M	49
DGRP_642	M	21
DGRP_642	M	42
DGRP_642	M	58
DGRP_642	M	18
DGRP_642	M	18
DGRP_642	M	13
DGRP_642	M	18
DGRP_642	M	39
DGRP_642	M	39
DGRP_642	M	61
DGRP_642	M	9
DGRP_642	M	63
DGRP_642	M	66
DGRP_642	M	11
DGRP_642	M	53
DGRP_642	M	56
DGRP_642	M	9
DGRP_642	M	53
DGRP_642	M	58
DGRP_642	M	11
DGRP_642	M	11
DGRP_642	M	63
DGRP_642	M	11
DGRP_642	M	21
DGRP_642	M	63
DGRP_642	M	16
DGRP_642	M	36
DGRP_642	M	50
DGRP_642	M	39
DGRP_642	M	53
DGRP_642	M	56
DGRP_642	M	53
DGRP_642	M	56
DGRP_642	M	28
DGRP_642	M	44
DGRP_642	M	56
DGRP_646	F	57
DGRP_646	F	57
DGRP_646	F	60
DGRP_646	F	42
DGRP_646	F	54
DGRP_646	F	18
DGRP_646	F	64
DGRP_646	F	53
DGRP_646	F	57
DGRP_646	F	61
DGRP_646	F	22
DGRP_646	F	60
DGRP_646	F	60
DGRP_646	F	26
DGRP_646	F	60
DGRP_646	F	67
DGRP_646	F	40
DGRP_646	F	57
DGRP_646	F	67
DGRP_646	F	48
DGRP_646	F	57
DGRP_646	F	63
DGRP_646	F	46
DGRP_646	F	71
DGRP_646	F	48
DGRP_646	F	53
DGRP_646	F	62
DGRP_646	F	41
DGRP_646	F	74
DGRP_646	F	74
DGRP_646	F	20
DGRP_646	F	53
DGRP_646	F	74
DGRP_646	F	18
DGRP_646	F	67
DGRP_646	F	67
DGRP_646	F	50
DGRP_646	F	60
DGRP_646	F	75
DGRP_646	F	67
DGRP_646	F	67
DGRP_646	F	68
DGRP_646	F	43
DGRP_646	F	74
DGRP_646	F	4
DGRP_646	F	40
DGRP_646	F	36
DGRP_646	F	61
DGRP_646	F	71
DGRP_646	F	57
DGRP_646	F	62
DGRP_646	F	67
DGRP_646	F	40
DGRP_646	F	40
DGRP_646	F	36
DGRP_646	F	43
DGRP_646	F	62
DGRP_646	M	15
DGRP_646	M	25
DGRP_646	M	53
DGRP_646	M	6
DGRP_646	M	21
DGRP_646	M	39
DGRP_646	M	34
DGRP_646	M	47
DGRP_646	M	50
DGRP_646	M	22
DGRP_646	M	41
DGRP_646	M	50
DGRP_646	M	18
DGRP_646	M	46
DGRP_646	M	46
DGRP_646	M	26
DGRP_646	M	32
DGRP_646	M	34
DGRP_646	M	26
DGRP_646	M	50
DGRP_646	M	15
DGRP_646	M	40
DGRP_646	M	4
DGRP_646	M	26
DGRP_646	M	55
DGRP_646	M	4
DGRP_646	M	26
DGRP_646	M	4
DGRP_646	M	20
DGRP_646	M	25
DGRP_646	M	35
DGRP_646	M	39
DGRP_646	M	25
DGRP_646	M	25
DGRP_646	M	62
DGRP_646	M	20
DGRP_646	M	60
DGRP_646	M	18
DGRP_646	M	26
DGRP_646	M	28
DGRP_646	M	4
DGRP_646	M	25
DGRP_646	M	40
DGRP_646	M	35
DGRP_646	M	60
DGRP_646	M	25
DGRP_646	M	25
DGRP_646	M	32
DGRP_646	M	21
DGRP_646	M	22
DGRP_646	M	43
DGRP_646	M	43
DGRP_646	M	67
DGRP_646	M	18
DGRP_646	M	27
DGRP_646	M	27
DGRP_703	F	11
DGRP_703	F	31
DGRP_703	F	31
DGRP_703	F	3
DGRP_703	F	33
DGRP_703	F	18
DGRP_703	F	22
DGRP_703	F	22
DGRP_703	F	12
DGRP_703	F	23
DGRP_703	F	22
DGRP_703	F	24
DGRP_703	F	31
DGRP_703	F	13
DGRP_703	F	18
DGRP_703	F	25
DGRP_703	F	28
DGRP_703	F	34
DGRP_703	F	24
DGRP_703	F	24
DGRP_703	F	31
DGRP_703	F	10
DGRP_703	F	18
DGRP_703	F	20
DGRP_703	F	12
DGRP_703	F	38
DGRP_703	F	18
DGRP_703	F	28
DGRP_703	F	31
DGRP_703	F	10
DGRP_703	F	17
DGRP_703	F	28
DGRP_703	F	17
DGRP_703	F	17
DGRP_703	F	32
DGRP_703	F	14
DGRP_703	F	21
DGRP_703	F	31
DGRP_703	F	14
DGRP_703	F	38
DGRP_703	F	19
DGRP_703	F	24
DGRP_703	F	35
DGRP_703	F	10
DGRP_703	F	24
DGRP_703	F	26
DGRP_703	F	24
DGRP_703	F	24
DGRP_703	F	17
DGRP_703	F	31
DGRP_703	F	31
DGRP_703	F	26
DGRP_703	F	26
DGRP_703	F	27
DGRP_703	F	26
DGRP_703	F	33
DGRP_703	F	45
DGRP_703	F	17
DGRP_703	F	17
DGRP_703	F	21
DGRP_703	F	24
DGRP_703	F	38
DGRP_703	M	28
DGRP_703	M	34
DGRP_703	M	34
DGRP_703	M	31
DGRP_703	M	35
DGRP_703	M	38
DGRP_703	M	24
DGRP_703	M	31
DGRP_703	M	31
DGRP_703	M	16
DGRP_703	M	21
DGRP_703	M	7
DGRP_703	M	26
DGRP_703	M	28
DGRP_703	M	31
DGRP_703	M	31
DGRP_703	M	31
DGRP_703	M	31
DGRP_703	M	31
DGRP_703	M	19
DGRP_703	M	31
DGRP_703	M	38
DGRP_703	M	18
DGRP_703	M	20
DGRP_703	M	18
DGRP_703	M	31
DGRP_703	M	3
DGRP_703	M	28
DGRP_703	M	31
DGRP_703	M	24
DGRP_703	M	31
DGRP_703	M	38
DGRP_703	M	3
DGRP_703	M	26
DGRP_703	M	28
DGRP_703	M	17
DGRP_703	M	24
DGRP_703	M	38
DGRP_703	M	19
DGRP_703	M	24
DGRP_703	M	38
DGRP_703	M	12
DGRP_703	M	24
DGRP_703	M	28
DGRP_703	M	24
DGRP_703	M	26
DGRP_703	M	17
DGRP_703	M	17
DGRP_703	M	26
DGRP_703	M	24
DGRP_703	M	31
DGRP_703	M	31
DGRP_703	M	26
DGRP_703	M	27
DGRP_703	M	33
DGRP_703	M	26
DGRP_703	M	27
DGRP_703	M	31
DGRP_703	M	24
DGRP_703	M	33
DGRP_703	M	33
DGRP_703	M	24
DGRP_703	M	24
DGRP_703	M	31
DGRP_705	F	46
DGRP_705	F	48
DGRP_705	F	60
DGRP_705	F	21
DGRP_705	F	33
DGRP_705	F	47
DGRP_705	F	21
DGRP_705	F	32
DGRP_705	F	32
DGRP_705	F	5
DGRP_705	F	46
DGRP_705	F	69
DGRP_705	F	41
DGRP_705	F	44
DGRP_705	F	70
DGRP_705	F	48
DGRP_705	F	53
DGRP_705	F	60
DGRP_705	F	41
DGRP_705	F	46
DGRP_705	F	47
DGRP_705	F	15
DGRP_705	F	35
DGRP_705	F	63
DGRP_705	F	46
DGRP_705	F	64
DGRP_705	F	67
DGRP_705	F	49
DGRP_705	F	77
DGRP_705	F	48
DGRP_705	F	50
DGRP_705	F	20
DGRP_705	F	39
DGRP_705	F	56
DGRP_705	F	46
DGRP_705	F	63
DGRP_705	F	73
DGRP_705	F	30
DGRP_705	F	30
DGRP_705	F	49
DGRP_705	F	49
DGRP_705	F	60
DGRP_705	F	63
DGRP_705	F	39
DGRP_705	F	51
DGRP_705	F	52
DGRP_705	F	28
DGRP_705	F	32
DGRP_705	F	38
DGRP_705	F	38
DGRP_705	F	52
DGRP_705	F	56
DGRP_705	F	37
DGRP_705	F	44
DGRP_705	F	46
DGRP_705	F	35
DGRP_705	F	37
DGRP_705	F	52
DGRP_705	F	39
DGRP_705	F	42
DGRP_705	F	21
DGRP_705	F	28
DGRP_705	F	42
DGRP_705	F	58
DGRP_705	F	63
DGRP_705	M	42
DGRP_705	M	43
DGRP_705	M	60
DGRP_705	M	47
DGRP_705	M	47
DGRP_705	M	49
DGRP_705	M	14
DGRP_705	M	35
DGRP_705	M	14
DGRP_705	M	50
DGRP_705	M	53
DGRP_705	M	47
DGRP_705	M	47
DGRP_705	M	47
DGRP_705	M	50
DGRP_705	M	60
DGRP_705	M	67
DGRP_705	M	69
DGRP_705	M	41
DGRP_705	M	54
DGRP_705	M	54
DGRP_705	M	50
DGRP_705	M	56
DGRP_705	M	74
DGRP_705	M	47
DGRP_705	M	55
DGRP_705	M	39
DGRP_705	M	50
DGRP_705	M	62
DGRP_705	M	53
DGRP_705	M	77
DGRP_705	M	77
DGRP_705	M	32
DGRP_705	M	35
DGRP_705	M	43
DGRP_705	M	35
DGRP_705	M	42
DGRP_705	M	65
DGRP_705	M	49
DGRP_705	M	49
DGRP_705	M	70
DGRP_705	M	51
DGRP_705	M	77
DGRP_705	M	81
DGRP_705	M	39
DGRP_705	M	56
DGRP_705	M	81
DGRP_705	M	39
DGRP_705	M	42
DGRP_705	M	67
DGRP_705	M	25
DGRP_705	M	42
DGRP_705	M	49
DGRP_705	M	38
DGRP_705	M	67
DGRP_705	M	39
DGRP_705	M	39
DGRP_705	M	56
DGRP_705	M	53
DGRP_705	M	60
DGRP_705	M	77
DGRP_705	M	39
DGRP_705	M	49
DGRP_705	M	56
DGRP_707	F	41
DGRP_707	F	45
DGRP_707	F	75
DGRP_707	F	49
DGRP_707	F	52
DGRP_707	F	59
DGRP_707	F	51
DGRP_707	F	51
DGRP_707	F	55
DGRP_707	F	35
DGRP_707	F	53
DGRP_707	F	66
DGRP_707	F	31
DGRP_707	F	59
DGRP_707	F	73
DGRP_707	F	31
DGRP_707	F	40
DGRP_707	F	49
DGRP_707	F	43
DGRP_707	F	49
DGRP_707	F	58
DGRP_707	F	47
DGRP_707	F	54
DGRP_707	F	66
DGRP_707	F	42
DGRP_707	F	52
DGRP_707	F	52
DGRP_707	F	29
DGRP_707	F	36
DGRP_707	F	40
DGRP_707	F	42
DGRP_707	F	73
DGRP_707	F	87
DGRP_707	F	35
DGRP_707	F	56
DGRP_707	F	67
DGRP_707	F	35
DGRP_707	F	39
DGRP_707	F	56
DGRP_707	F	28
DGRP_707	F	35
DGRP_707	F	42
DGRP_707	F	21
DGRP_707	F	24
DGRP_707	F	28
DGRP_707	F	39
DGRP_707	F	44
DGRP_707	F	63
DGRP_707	F	46
DGRP_707	F	50
DGRP_707	F	77
DGRP_707	F	49
DGRP_707	F	53
DGRP_707	F	63
DGRP_707	F	7
DGRP_707	F	35
DGRP_707	F	60
DGRP_707	F	35
DGRP_707	F	35
DGRP_707	F	42
DGRP_707	F	63
DGRP_707	F	66
DGRP_707	F	71
DGRP_707	F	21
DGRP_707	F	57
DGRP_707	F	70
DGRP_707	M	39
DGRP_707	M	73
DGRP_707	M	45
DGRP_707	M	47
DGRP_707	M	25
DGRP_707	M	51
DGRP_707	M	37
DGRP_707	M	70
DGRP_707	M	77
DGRP_707	M	54
DGRP_707	M	59
DGRP_707	M	47
DGRP_707	M	53
DGRP_707	M	60
DGRP_707	M	43
DGRP_707	M	49
DGRP_707	M	49
DGRP_707	M	27
DGRP_707	M	47
DGRP_707	M	66
DGRP_707	M	59
DGRP_707	M	66
DGRP_707	M	66
DGRP_707	M	47
DGRP_707	M	47
DGRP_707	M	52
DGRP_707	M	66
DGRP_707	M	66
DGRP_707	M	49
DGRP_707	M	52
DGRP_707	M	56
DGRP_707	M	23
DGRP_707	M	63
DGRP_707	M	46
DGRP_707	M	50
DGRP_707	M	51
DGRP_707	M	16
DGRP_707	M	66
DGRP_707	M	49
DGRP_707	M	53
DGRP_707	M	53
DGRP_707	M	49
DGRP_707	M	56
DGRP_707	M	56
DGRP_707	M	14
DGRP_707	M	56
DGRP_707	M	49
DGRP_707	M	56
DGRP_707	M	60
DGRP_707	M	70
DGRP_707	M	72
DGRP_707	M	79
DGRP_707	M	63
DGRP_707	M	67
DGRP_707	M	56
DGRP_707	M	70
DGRP_707	M	70
DGRP_712	F	40
DGRP_712	F	40
DGRP_712	F	41
DGRP_712	F	21
DGRP_712	F	33
DGRP_712	F	51
DGRP_712	F	21
DGRP_712	F	33
DGRP_712	F	37
DGRP_712	F	19
DGRP_712	F	42
DGRP_712	F	56
DGRP_712	F	19
DGRP_712	F	32
DGRP_712	F	32
DGRP_712	F	18
DGRP_712	F	25
DGRP_712	F	43
DGRP_712	F	44
DGRP_712	F	47
DGRP_712	F	50
DGRP_712	F	43
DGRP_712	F	50
DGRP_712	F	51
DGRP_712	F	44
DGRP_712	F	44
DGRP_712	F	47
DGRP_712	F	42
DGRP_712	F	44
DGRP_712	F	47
DGRP_712	F	32
DGRP_712	F	46
DGRP_712	F	46
DGRP_712	F	23
DGRP_712	F	23
DGRP_712	F	42
DGRP_712	F	18
DGRP_712	F	24
DGRP_712	F	35
DGRP_712	F	25
DGRP_712	F	42
DGRP_712	F	36
DGRP_712	F	42
DGRP_712	F	44
DGRP_712	F	23
DGRP_712	F	25
DGRP_712	F	53
DGRP_712	F	35
DGRP_712	F	35
DGRP_712	F	36
DGRP_712	F	23
DGRP_712	F	42
DGRP_712	F	45
DGRP_712	F	17
DGRP_712	F	32
DGRP_712	F	35
DGRP_712	F	43
DGRP_712	F	49
DGRP_712	F	49
DGRP_712	F	35
DGRP_712	F	42
DGRP_712	F	42
DGRP_712	F	35
DGRP_712	F	42
DGRP_712	F	49
DGRP_712	M	26
DGRP_712	M	40
DGRP_712	M	40
DGRP_712	M	19
DGRP_712	M	49
DGRP_712	M	58
DGRP_712	M	40
DGRP_712	M	48
DGRP_712	M	56
DGRP_712	M	42
DGRP_712	M	57
DGRP_712	M	32
DGRP_712	M	35
DGRP_712	M	40
DGRP_712	M	40
DGRP_712	M	53
DGRP_712	M	53
DGRP_712	M	40
DGRP_712	M	49
DGRP_712	M	49
DGRP_712	M	51
DGRP_712	M	54
DGRP_712	M	44
DGRP_712	M	44
DGRP_712	M	47
DGRP_712	M	37
DGRP_712	M	42
DGRP_712	M	47
DGRP_712	M	32
DGRP_712	M	41
DGRP_712	M	53
DGRP_712	M	22
DGRP_712	M	39
DGRP_712	M	44
DGRP_712	M	44
DGRP_712	M	63
DGRP_712	M	42
DGRP_712	M	42
DGRP_712	M	42
DGRP_712	M	28
DGRP_712	M	46
DGRP_712	M	28
DGRP_712	M	35
DGRP_712	M	58
DGRP_712	M	35
DGRP_712	M	36
DGRP_712	M	56
DGRP_712	M	35
DGRP_712	M	42
DGRP_712	M	58
DGRP_712	M	49
DGRP_712	M	53
DGRP_712	M	58
DGRP_712	M	46
DGRP_712	M	49
DGRP_712	M	49
DGRP_712	M	35
DGRP_712	M	39
DGRP_712	M	58
DGRP_712	M	25
DGRP_712	M	42
DGRP_712	M	42
DGRP_714	F	47
DGRP_714	F	48
DGRP_714	F	50
DGRP_714	F	63
DGRP_714	F	65
DGRP_714	F	68
DGRP_714	F	33
DGRP_714	F	37
DGRP_714	F	56
DGRP_714	F	49
DGRP_714	F	51
DGRP_714	F	65
DGRP_714	F	36
DGRP_714	F	56
DGRP_714	F	61
DGRP_714	F	33
DGRP_714	F	40
DGRP_714	F	54
DGRP_714	F	57
DGRP_714	F	61
DGRP_714	F	26
DGRP_714	F	29
DGRP_714	F	40
DGRP_714	F	21
DGRP_714	F	53
DGRP_714	F	70
DGRP_714	F	29
DGRP_714	F	33
DGRP_714	F	46
DGRP_714	F	49
DGRP_714	F	67
DGRP_714	F	49
DGRP_714	F	58
DGRP_714	F	63
DGRP_714	F	49
DGRP_714	F	49
DGRP_714	F	56
DGRP_714	F	36
DGRP_714	F	60
DGRP_714	F	63
DGRP_714	F	42
DGRP_714	F	49
DGRP_714	F	49
DGRP_714	F	49
DGRP_714	F	49
DGRP_714	F	21
DGRP_714	F	31
DGRP_714	F	42
DGRP_714	F	43
DGRP_714	F	46
DGRP_714	F	42
DGRP_714	F	43
DGRP_714	F	45
DGRP_714	F	35
DGRP_714	F	43
DGRP_714	F	65
DGRP_714	F	53
DGRP_714	F	53
DGRP_714	F	42
DGRP_714	F	42
DGRP_714	F	67
DGRP_714	M	37
DGRP_714	M	44
DGRP_714	M	21
DGRP_714	M	50
DGRP_714	M	42
DGRP_714	M	61
DGRP_714	M	68
DGRP_714	M	30
DGRP_714	M	33
DGRP_714	M	33
DGRP_714	M	47
DGRP_714	M	61
DGRP_714	M	61
DGRP_714	M	23
DGRP_714	M	40
DGRP_714	M	54
DGRP_714	M	15
DGRP_714	M	21
DGRP_714	M	54
DGRP_714	M	34
DGRP_714	M	36
DGRP_714	M	75
DGRP_714	M	13
DGRP_714	M	32
DGRP_714	M	53
DGRP_714	M	32
DGRP_714	M	36
DGRP_714	M	53
DGRP_714	M	14
DGRP_714	M	60
DGRP_714	M	67
DGRP_714	M	46
DGRP_714	M	49
DGRP_714	M	52
DGRP_714	M	42
DGRP_714	M	50
DGRP_714	M	45
DGRP_714	M	56
DGRP_714	M	58
DGRP_714	M	42
DGRP_714	M	42
DGRP_714	M	49
DGRP_714	M	42
DGRP_714	M	42
DGRP_714	M	32
DGRP_714	M	35
DGRP_714	M	35
DGRP_714	M	42
DGRP_714	M	42
DGRP_714	M	42
DGRP_714	M	11
DGRP_714	M	42
DGRP_714	M	42
DGRP_714	M	35
DGRP_714	M	42
DGRP_714	M	49
DGRP_714	M	24
DGRP_714	M	25
DGRP_714	M	50
DGRP_714	M	14
DGRP_714	M	56
DGRP_716	F	52
DGRP_716	F	52
DGRP_716	F	28
DGRP_716	F	31
DGRP_716	F	54
DGRP_716	F	24
DGRP_716	F	38
DGRP_716	F	38
DGRP_716	F	30
DGRP_716	F	63
DGRP_716	F	67
DGRP_716	F	28
DGRP_716	F	63
DGRP_716	F	63
DGRP_716	F	4
DGRP_716	F	10
DGRP_716	F	53
DGRP_716	F	8
DGRP_716	F	35
DGRP_716	F	58
DGRP_716	F	58
DGRP_716	F	65
DGRP_716	F	42
DGRP_716	F	56
DGRP_716	F	60
DGRP_716	F	35
DGRP_716	F	50
DGRP_716	F	63
DGRP_716	F	25
DGRP_716	F	60
DGRP_716	F	24
DGRP_716	F	41
DGRP_716	F	66
DGRP_716	F	33
DGRP_716	F	52
DGRP_716	F	10
DGRP_716	F	32
DGRP_716	F	32
DGRP_716	F	32
DGRP_716	F	45
DGRP_716	F	52
DGRP_716	F	31
DGRP_716	F	38
DGRP_716	F	45
DGRP_716	F	28
DGRP_716	F	31
DGRP_716	F	32
DGRP_716	F	33
DGRP_716	F	38
DGRP_716	F	17
DGRP_716	F	31
DGRP_716	F	31
DGRP_716	F	10
DGRP_716	F	17
DGRP_716	F	42
DGRP_716	F	17
DGRP_716	F	35
DGRP_716	F	52
DGRP_716	F	45
DGRP_716	F	52
DGRP_716	F	63
DGRP_716	F	52
DGRP_716	F	52
DGRP_716	F	53
DGRP_716	M	35
DGRP_716	M	35
DGRP_716	M	35
DGRP_716	M	38
DGRP_716	M	45
DGRP_716	M	46
DGRP_716	M	52
DGRP_716	M	66
DGRP_716	M	21
DGRP_716	M	35
DGRP_716	M	46
DGRP_716	M	56
DGRP_716	M	57
DGRP_716	M	42
DGRP_716	M	49
DGRP_716	M	70
DGRP_716	M	49
DGRP_716	M	78
DGRP_716	M	2
DGRP_716	M	57
DGRP_716	M	36
DGRP_716	M	56
DGRP_716	M	2
DGRP_716	M	56
DGRP_716	M	63
DGRP_716	M	36
DGRP_716	M	39
DGRP_716	M	40
DGRP_716	M	38
DGRP_716	M	39
DGRP_716	M	42
DGRP_716	M	33
DGRP_716	M	38
DGRP_716	M	42
DGRP_716	M	28
DGRP_716	M	63
DGRP_716	M	24
DGRP_716	M	38
DGRP_716	M	63
DGRP_716	M	31
DGRP_716	M	45
DGRP_716	M	60
DGRP_716	M	38
DGRP_716	M	60
DGRP_716	M	60
DGRP_716	M	32
DGRP_716	M	46
DGRP_716	M	52
DGRP_716	M	38
DGRP_716	M	45
DGRP_716	M	80
DGRP_716	M	40
DGRP_716	M	45
DGRP_716	M	60
DGRP_716	M	38
DGRP_716	M	45
DGRP_716	M	47
DGRP_716	M	40
DGRP_716	M	45
DGRP_716	M	48
DGRP_716	M	52
DGRP_716	M	66
DGRP_727	F	39
DGRP_727	F	46
DGRP_727	F	56
DGRP_727	F	56
DGRP_727	F	63
DGRP_727	F	56
DGRP_727	F	60
DGRP_727	F	60
DGRP_727	F	44
DGRP_727	F	51
DGRP_727	F	57
DGRP_727	F	37
DGRP_727	F	44
DGRP_727	F	49
DGRP_727	F	8
DGRP_727	F	35
DGRP_727	F	63
DGRP_727	F	18
DGRP_727	F	25
DGRP_727	F	49
DGRP_727	F	56
DGRP_727	F	58
DGRP_727	F	63
DGRP_727	F	22
DGRP_727	F	55
DGRP_727	F	74
DGRP_727	F	74
DGRP_727	F	25
DGRP_727	F	53
DGRP_727	F	46
DGRP_727	F	89
DGRP_727	F	89
DGRP_727	F	75
DGRP_727	F	77
DGRP_727	F	81
DGRP_727	F	61
DGRP_727	F	81
DGRP_727	F	48
DGRP_727	F	62
DGRP_727	F	83
DGRP_727	F	32
DGRP_727	F	39
DGRP_727	F	39
DGRP_727	F	64
DGRP_727	F	67
DGRP_727	F	74
DGRP_727	F	53
DGRP_727	F	53
DGRP_727	F	81
DGRP_727	F	18
DGRP_727	F	67
DGRP_727	F	70
DGRP_727	F	61
DGRP_727	F	98
DGRP_727	F	99
DGRP_727	F	39
DGRP_727	F	53
DGRP_727	F	18
DGRP_727	F	67
DGRP_727	F	67
DGRP_727	F	25
DGRP_727	F	57
DGRP_727	F	81
DGRP_727	M	49
DGRP_727	M	49
DGRP_727	M	56
DGRP_727	M	70
DGRP_727	M	72
DGRP_727	M	18
DGRP_727	M	28
DGRP_727	M	35
DGRP_727	M	49
DGRP_727	M	49
DGRP_727	M	67
DGRP_727	M	42
DGRP_727	M	56
DGRP_727	M	56
DGRP_727	M	56
DGRP_727	M	63
DGRP_727	M	70
DGRP_727	M	56
DGRP_727	M	63
DGRP_727	M	67
DGRP_727	M	60
DGRP_727	M	60
DGRP_727	M	63
DGRP_727	M	4
DGRP_727	M	53
DGRP_727	M	50
DGRP_727	M	53
DGRP_727	M	53
DGRP_727	M	62
DGRP_727	M	78
DGRP_727	M	47
DGRP_727	M	74
DGRP_727	M	89
DGRP_727	M	53
DGRP_727	M	82
DGRP_727	M	88
DGRP_727	M	55
DGRP_727	M	61
DGRP_727	M	64
DGRP_727	M	53
DGRP_727	M	64
DGRP_727	M	20
DGRP_727	M	39
DGRP_727	M	67
DGRP_727	M	61
DGRP_727	M	61
DGRP_727	M	67
DGRP_727	M	88
DGRP_727	M	88
DGRP_727	M	39
DGRP_727	M	71
DGRP_727	M	61
DGRP_727	M	67
DGRP_727	M	83
DGRP_727	M	53
DGRP_727	M	67
DGRP_727	M	84
DGRP_727	M	32
DGRP_727	M	50
DGRP_727	M	67
DGRP_727	M	88
DGRP_727	M	88
DGRP_730	F	34
DGRP_730	F	40
DGRP_730	F	42
DGRP_730	F	28
DGRP_730	F	36
DGRP_730	F	37
DGRP_730	F	47
DGRP_730	F	47
DGRP_730	F	47
DGRP_730	F	37
DGRP_730	F	40
DGRP_730	F	44
DGRP_730	F	33
DGRP_730	F	47
DGRP_730	F	56
DGRP_730	F	28
DGRP_730	F	33
DGRP_730	F	36
DGRP_730	F	15
DGRP_730	F	36
DGRP_730	F	43
DGRP_730	F	36
DGRP_730	F	37
DGRP_730	F	37
DGRP_730	F	33
DGRP_730	F	34
DGRP_730	F	37
DGRP_730	F	22
DGRP_730	F	29
DGRP_730	F	30
DGRP_730	F	33
DGRP_730	F	36
DGRP_730	F	40
DGRP_730	F	30
DGRP_730	F	31
DGRP_730	F	35
DGRP_730	F	21
DGRP_730	F	28
DGRP_730	F	35
DGRP_730	F	32
DGRP_730	F	32
DGRP_730	F	35
DGRP_730	F	31
DGRP_730	F	35
DGRP_730	F	51
DGRP_730	F	22
DGRP_730	F	28
DGRP_730	F	35
DGRP_730	F	38
DGRP_730	F	49
DGRP_730	F	52
DGRP_730	F	21
DGRP_730	F	46
DGRP_730	F	46
DGRP_730	F	7
DGRP_730	F	22
DGRP_730	F	38
DGRP_730	F	49
DGRP_730	F	50
DGRP_730	F	63
DGRP_730	F	35
DGRP_730	F	42
DGRP_730	F	56
DGRP_730	F	21
DGRP_730	F	21
DGRP_730	F	37
DGRP_730	F	35
DGRP_730	F	42
DGRP_730	F	53
DGRP_730	M	26
DGRP_730	M	34
DGRP_730	M	26
DGRP_730	M	33
DGRP_730	M	37
DGRP_730	M	40
DGRP_730	M	42
DGRP_730	M	44
DGRP_730	M	40
DGRP_730	M	40
DGRP_730	M	44
DGRP_730	M	33
DGRP_730	M	37
DGRP_730	M	47
DGRP_730	M	33
DGRP_730	M	33
DGRP_730	M	42
DGRP_730	M	37
DGRP_730	M	43
DGRP_730	M	47
DGRP_730	M	12
DGRP_730	M	26
DGRP_730	M	33
DGRP_730	M	33
DGRP_730	M	37
DGRP_730	M	23
DGRP_730	M	26
DGRP_730	M	36
DGRP_730	M	23
DGRP_730	M	26
DGRP_730	M	33
DGRP_730	M	16
DGRP_730	M	28
DGRP_730	M	30
DGRP_730	M	30
DGRP_730	M	30
DGRP_730	M	30
DGRP_730	M	4
DGRP_730	M	25
DGRP_730	M	31
DGRP_730	M	43
DGRP_730	M	51
DGRP_730	M	56
DGRP_730	M	21
DGRP_730	M	25
DGRP_730	M	32
DGRP_730	M	29
DGRP_730	M	35
DGRP_730	M	38
DGRP_730	M	37
DGRP_730	M	38
DGRP_730	M	49
DGRP_730	M	49
DGRP_730	M	49
DGRP_730	M	49
DGRP_730	M	44
DGRP_730	M	65
DGRP_730	M	70
DGRP_730	M	35
DGRP_730	M	39
DGRP_730	M	56
DGRP_730	M	7
DGRP_730	M	21
DGRP_730	M	21
DGRP_730	M	28
DGRP_730	M	28
DGRP_730	M	37
DGRP_732	F	15
DGRP_732	F	35
DGRP_732	F	50
DGRP_732	F	25
DGRP_732	F	62
DGRP_732	F	32
DGRP_732	F	46
DGRP_732	F	37
DGRP_732	F	37
DGRP_732	F	47
DGRP_732	F	44
DGRP_732	F	55
DGRP_732	F	62
DGRP_732	F	23
DGRP_732	F	30
DGRP_732	F	34
DGRP_732	F	31
DGRP_732	F	60
DGRP_732	F	65
DGRP_732	F	69
DGRP_732	F	72
DGRP_732	F	53
DGRP_732	F	53
DGRP_732	F	60
DGRP_732	F	31
DGRP_732	F	46
DGRP_732	F	74
DGRP_732	F	47
DGRP_732	F	67
DGRP_732	F	14
DGRP_732	F	35
DGRP_732	F	39
DGRP_732	F	35
DGRP_732	F	66
DGRP_732	F	70
DGRP_732	F	35
DGRP_732	F	37
DGRP_732	F	57
DGRP_732	F	28
DGRP_732	F	39
DGRP_732	F	42
DGRP_732	F	35
DGRP_732	F	52
DGRP_732	F	28
DGRP_732	F	35
DGRP_732	F	42
DGRP_732	F	35
DGRP_732	F	45
DGRP_732	F	74
DGRP_732	F	37
DGRP_732	F	49
DGRP_732	F	58
DGRP_732	F	17
DGRP_732	F	43
DGRP_732	F	49
DGRP_732	F	28
DGRP_732	F	64
DGRP_732	F	84
DGRP_732	F	37
DGRP_732	F	39
DGRP_732	F	56
DGRP_732	F	46
DGRP_732	F	85
DGRP_732	F	85
DGRP_732	M	21
DGRP_732	M	34
DGRP_732	M	39
DGRP_732	M	48
DGRP_732	M	52
DGRP_732	M	52
DGRP_732	M	44
DGRP_732	M	52
DGRP_732	M	60
DGRP_732	M	32
DGRP_732	M	40
DGRP_732	M	48
DGRP_732	M	47
DGRP_732	M	55
DGRP_732	M	32
DGRP_732	M	34
DGRP_732	M	46
DGRP_732	M	74
DGRP_732	M	86
DGRP_732	M	60
DGRP_732	M	62
DGRP_732	M	67
DGRP_732	M	51
DGRP_732	M	51
DGRP_732	M	51
DGRP_732	M	52
DGRP_732	M	62
DGRP_732	M	30
DGRP_732	M	37
DGRP_732	M	72
DGRP_732	M	78
DGRP_732	M	53
DGRP_732	M	56
DGRP_732	M	56
DGRP_732	M	49
DGRP_732	M	81
DGRP_732	M	35
DGRP_732	M	49
DGRP_732	M	49
DGRP_732	M	59
DGRP_732	M	77
DGRP_732	M	39
DGRP_732	M	39
DGRP_732	M	39
DGRP_732	M	43
DGRP_732	M	44
DGRP_732	M	63
DGRP_732	M	35
DGRP_732	M	42
DGRP_732	M	53
DGRP_732	M	49
DGRP_732	M	49
DGRP_732	M	63
DGRP_732	M	23
DGRP_732	M	53
DGRP_732	M	56
DGRP_732	M	21
DGRP_732	M	42
DGRP_732	M	51
DGRP_732	M	16
DGRP_732	M	52
DGRP_732	M	56
DGRP_737	F	15
DGRP_737	F	45
DGRP_737	F	45
DGRP_737	F	42
DGRP_737	F	49
DGRP_737	F	49
DGRP_737	F	31
DGRP_737	F	49
DGRP_737	F	53
DGRP_737	F	52
DGRP_737	F	53
DGRP_737	F	56
DGRP_737	F	23
DGRP_737	F	38
DGRP_737	F	42
DGRP_737	F	36
DGRP_737	F	37
DGRP_737	F	42
DGRP_737	F	46
DGRP_737	F	53
DGRP_737	F	37
DGRP_737	F	49
DGRP_737	F	38
DGRP_737	F	42
DGRP_737	F	49
DGRP_737	F	49
DGRP_737	F	50
DGRP_737	F	65
DGRP_737	F	20
DGRP_737	F	34
DGRP_737	F	39
DGRP_737	F	14
DGRP_737	F	18
DGRP_737	F	28
DGRP_737	F	8
DGRP_737	F	18
DGRP_737	F	18
DGRP_737	F	35
DGRP_737	F	35
DGRP_737	F	46
DGRP_737	F	60
DGRP_737	F	60
DGRP_737	F	18
DGRP_737	F	29
DGRP_737	F	34
DGRP_737	F	29
DGRP_737	F	40
DGRP_737	F	57
DGRP_737	F	25
DGRP_737	F	28
DGRP_737	F	40
DGRP_737	F	33
DGRP_737	F	53
DGRP_737	F	56
DGRP_737	F	18
DGRP_737	F	26
DGRP_737	F	46
DGRP_737	F	22
DGRP_737	F	56
DGRP_737	F	57
DGRP_737	F	35
DGRP_737	F	46
DGRP_737	F	49
DGRP_737	F	22
DGRP_737	F	34
DGRP_737	F	40
DGRP_737	F	25
DGRP_737	F	28
DGRP_737	F	39
DGRP_737	M	49
DGRP_737	M	51
DGRP_737	M	58
DGRP_737	M	49
DGRP_737	M	49
DGRP_737	M	49
DGRP_737	M	53
DGRP_737	M	56
DGRP_737	M	29
DGRP_737	M	37
DGRP_737	M	44
DGRP_737	M	37
DGRP_737	M	56
DGRP_737	M	56
DGRP_737	M	42
DGRP_737	M	42
DGRP_737	M	56
DGRP_737	M	56
DGRP_737	M	56
DGRP_737	M	39
DGRP_737	M	44
DGRP_737	M	56
DGRP_737	M	42
DGRP_737	M	44
DGRP_737	M	64
DGRP_737	M	37
DGRP_737	M	49
DGRP_737	M	49
DGRP_737	M	49
DGRP_737	M	53
DGRP_737	M	53
DGRP_737	M	53
DGRP_737	M	53
DGRP_737	M	53
DGRP_737	M	4
DGRP_737	M	54
DGRP_737	M	60
DGRP_737	M	40
DGRP_737	M	61
DGRP_737	M	74
DGRP_737	M	28
DGRP_737	M	32
DGRP_737	M	46
DGRP_737	M	60
DGRP_737	M	66
DGRP_737	M	18
DGRP_737	M	20
DGRP_737	M	49
DGRP_737	M	28
DGRP_737	M	53
DGRP_737	M	60
DGRP_737	M	46
DGRP_737	M	48
DGRP_737	M	56
DGRP_737	M	53
DGRP_737	M	53
DGRP_737	M	74
DGRP_737	M	34
DGRP_737	M	36
DGRP_737	M	46
DGRP_737	M	28
DGRP_737	M	39
DGRP_737	M	54
DGRP_737	M	48
DGRP_737	M	49
DGRP_737	M	61
DGRP_737	M	39
DGRP_737	M	60
DGRP_737	M	62
DGRP_738	F	4
DGRP_738	F	23
DGRP_738	F	32
DGRP_738	F	55
DGRP_738	F	60
DGRP_738	F	60
DGRP_738	F	46
DGRP_738	F	53
DGRP_738	F	46
DGRP_738	F	55
DGRP_738	F	63
DGRP_738	F	36
DGRP_738	F	38
DGRP_738	F	53
DGRP_738	F	33
DGRP_738	F	35
DGRP_738	F	57
DGRP_738	F	53
DGRP_738	F	53
DGRP_738	F	55
DGRP_738	F	42
DGRP_738	F	49
DGRP_738	F	49
DGRP_738	F	42
DGRP_738	F	56
DGRP_738	F	56
DGRP_738	F	31
DGRP_738	F	34
DGRP_738	F	56
DGRP_738	F	36
DGRP_738	F	44
DGRP_738	F	49
DGRP_738	F	45
DGRP_738	F	49
DGRP_738	F	56
DGRP_738	F	9
DGRP_738	F	30
DGRP_738	F	49
DGRP_738	F	56
DGRP_738	F	63
DGRP_738	F	38
DGRP_738	F	50
DGRP_738	F	52
DGRP_738	F	42
DGRP_738	F	53
DGRP_738	F	53
DGRP_738	F	3
DGRP_738	F	59
DGRP_738	F	32
DGRP_738	F	51
DGRP_738	F	63
DGRP_738	F	38
DGRP_738	F	39
DGRP_738	F	49
DGRP_738	F	42
DGRP_738	F	49
DGRP_738	F	50
DGRP_738	F	42
DGRP_738	F	49
DGRP_738	F	63
DGRP_738	F	14
DGRP_738	F	39
DGRP_738	F	52
DGRP_738	F	28
DGRP_738	F	36
DGRP_738	F	49
DGRP_738	M	41
DGRP_738	M	44
DGRP_738	M	11
DGRP_738	M	41
DGRP_738	M	54
DGRP_738	M	20
DGRP_738	M	40
DGRP_738	M	46
DGRP_738	M	46
DGRP_738	M	53
DGRP_738	M	67
DGRP_738	M	26
DGRP_738	M	41
DGRP_738	M	50
DGRP_738	M	38
DGRP_738	M	46
DGRP_738	M	53
DGRP_738	M	5
DGRP_738	M	35
DGRP_738	M	67
DGRP_738	M	31
DGRP_738	M	42
DGRP_738	M	49
DGRP_738	M	14
DGRP_738	M	56
DGRP_738	M	56
DGRP_738	M	49
DGRP_738	M	49
DGRP_738	M	49
DGRP_738	M	18
DGRP_738	M	36
DGRP_738	M	24
DGRP_738	M	49
DGRP_738	M	49
DGRP_738	M	21
DGRP_738	M	50
DGRP_738	M	50
DGRP_738	M	14
DGRP_738	M	45
DGRP_738	M	46
DGRP_738	M	21
DGRP_738	M	35
DGRP_738	M	15
DGRP_738	M	38
DGRP_738	M	46
DGRP_738	M	14
DGRP_738	M	42
DGRP_738	M	14
DGRP_738	M	15
DGRP_738	M	42
DGRP_738	M	23
DGRP_738	M	24
DGRP_738	M	30
DGRP_738	M	14
DGRP_738	M	42
DGRP_738	M	46
DGRP_738	M	35
DGRP_738	M	42
DGRP_738	M	49
DGRP_738	M	21
DGRP_738	M	35
DGRP_738	M	2
DGRP_738	M	38
DGRP_738	M	42
DGRP_748	F	18
DGRP_748	F	48
DGRP_748	F	60
DGRP_748	F	42
DGRP_748	F	60
DGRP_748	F	71
DGRP_748	F	46
DGRP_748	F	53
DGRP_748	F	53
DGRP_748	F	60
DGRP_748	F	67
DGRP_748	F	29
DGRP_748	F	49
DGRP_748	F	49
DGRP_748	F	21
DGRP_748	F	21
DGRP_748	F	37
DGRP_748	F	21
DGRP_748	F	53
DGRP_748	F	56
DGRP_748	F	47
DGRP_748	F	53
DGRP_748	F	60
DGRP_748	F	26
DGRP_748	F	41
DGRP_748	F	53
DGRP_748	F	53
DGRP_748	F	52
DGRP_748	F	70
DGRP_748	F	65
DGRP_748	F	72
DGRP_748	F	42
DGRP_748	F	42
DGRP_748	F	71
DGRP_748	F	15
DGRP_748	F	50
DGRP_748	F	53
DGRP_748	F	38
DGRP_748	F	38
DGRP_748	F	29
DGRP_748	F	39
DGRP_748	F	53
DGRP_748	F	48
DGRP_748	F	71
DGRP_748	F	14
DGRP_748	F	46
DGRP_748	F	75
DGRP_748	F	8
DGRP_748	F	48
DGRP_748	F	74
DGRP_748	F	32
DGRP_748	F	54
DGRP_748	F	66
DGRP_748	F	39
DGRP_748	F	66
DGRP_748	M	5
DGRP_748	M	46
DGRP_748	M	60
DGRP_748	M	18
DGRP_748	M	29
DGRP_748	M	18
DGRP_748	M	35
DGRP_748	M	67
DGRP_748	M	53
DGRP_748	M	53
DGRP_748	M	49
DGRP_748	M	49
DGRP_748	M	50
DGRP_748	M	56
DGRP_748	M	63
DGRP_748	M	14
DGRP_748	M	15
DGRP_748	M	31
DGRP_748	M	31
DGRP_748	M	41
DGRP_748	M	26
DGRP_748	M	56
DGRP_748	M	67
DGRP_748	M	41
DGRP_748	M	69
DGRP_748	M	16
DGRP_748	M	44
DGRP_748	M	56
DGRP_748	M	15
DGRP_748	M	15
DGRP_748	M	64
DGRP_748	M	49
DGRP_748	M	50
DGRP_748	M	70
DGRP_748	M	15
DGRP_748	M	42
DGRP_748	M	64
DGRP_748	M	15
DGRP_748	M	49
DGRP_748	M	70
DGRP_748	M	49
DGRP_748	M	57
DGRP_748	M	66
DGRP_748	M	43
DGRP_748	M	57
DGRP_748	M	11
DGRP_748	M	46
DGRP_748	M	60
DGRP_748	M	25
DGRP_748	M	25
DGRP_748	M	53
DGRP_748	M	4
DGRP_748	M	4
DGRP_748	M	11
DGRP_748	M	40
DGRP_748	M	74
DGRP_757	F	10
DGRP_757	F	11
DGRP_757	F	21
DGRP_757	F	22
DGRP_757	F	4
DGRP_757	F	7
DGRP_757	F	4
DGRP_757	F	7
DGRP_757	F	11
DGRP_757	F	17
DGRP_757	F	16
DGRP_757	F	16
DGRP_757	F	18
DGRP_757	F	14
DGRP_757	F	17
DGRP_757	F	21
DGRP_757	F	4
DGRP_757	F	7
DGRP_757	F	18
DGRP_757	F	4
DGRP_757	F	4
DGRP_757	F	9
DGRP_757	F	4
DGRP_757	F	4
DGRP_757	F	16
DGRP_757	F	17
DGRP_757	F	18
DGRP_757	F	7
DGRP_757	F	15
DGRP_757	F	18
DGRP_757	F	3
DGRP_757	F	11
DGRP_757	F	18
DGRP_757	F	4
DGRP_757	F	7
DGRP_757	F	21
DGRP_757	F	4
DGRP_757	F	11
DGRP_757	F	18
DGRP_757	F	2
DGRP_757	F	7
DGRP_757	F	14
DGRP_757	F	10
DGRP_757	F	11
DGRP_757	F	14
DGRP_757	F	8
DGRP_757	F	14
DGRP_757	F	18
DGRP_757	F	4
DGRP_757	F	14
DGRP_757	F	14
DGRP_757	F	21
DGRP_757	F	21
DGRP_757	F	21
DGRP_757	F	2
DGRP_757	F	14
DGRP_757	F	11
DGRP_757	F	14
DGRP_757	F	14
DGRP_757	F	11
DGRP_757	F	14
DGRP_757	F	18
DGRP_757	F	2
DGRP_757	F	16
DGRP_757	F	21
DGRP_757	M	14
DGRP_757	M	18
DGRP_757	M	21
DGRP_757	M	7
DGRP_757	M	21
DGRP_757	M	21
DGRP_757	M	16
DGRP_757	M	21
DGRP_757	M	21
DGRP_757	M	9
DGRP_757	M	14
DGRP_757	M	21
DGRP_757	M	11
DGRP_757	M	16
DGRP_757	M	14
DGRP_757	M	21
DGRP_757	M	21
DGRP_757	M	14
DGRP_757	M	14
DGRP_757	M	15
DGRP_757	M	21
DGRP_757	M	21
DGRP_757	M	37
DGRP_757	M	9
DGRP_757	M	21
DGRP_757	M	14
DGRP_757	M	23
DGRP_757	M	28
DGRP_757	M	28
DGRP_757	M	11
DGRP_757	M	11
DGRP_757	M	13
DGRP_757	M	16
DGRP_757	M	21
DGRP_757	M	21
DGRP_757	M	7
DGRP_757	M	8
DGRP_757	M	21
DGRP_757	M	7
DGRP_757	M	21
DGRP_757	M	29
DGRP_757	M	7
DGRP_757	M	21
DGRP_757	M	21
DGRP_757	M	3
DGRP_757	M	23
DGRP_757	M	32
DGRP_757	M	14
DGRP_757	M	18
DGRP_757	M	18
DGRP_757	M	8
DGRP_757	M	18
DGRP_757	M	21
DGRP_757	M	18
DGRP_757	M	21
DGRP_757	M	21
DGRP_757	M	7
DGRP_757	M	17
DGRP_757	M	23
DGRP_757	M	7
DGRP_757	M	10
DGRP_757	M	42
DGRP_757	M	7
DGRP_757	M	14
DGRP_757	M	21
DGRP_757	M	4
DGRP_757	M	8
DGRP_757	M	28
DGRP_761	F	36
DGRP_761	F	39
DGRP_761	F	42
DGRP_761	F	14
DGRP_761	F	32
DGRP_761	F	39
DGRP_761	F	42
DGRP_761	F	31
DGRP_761	F	37
DGRP_761	F	42
DGRP_761	F	31
DGRP_761	F	34
DGRP_761	F	34
DGRP_761	F	31
DGRP_761	F	47
DGRP_761	F	34
DGRP_761	F	34
DGRP_761	F	46
DGRP_761	F	31
DGRP_761	F	34
DGRP_761	F	39
DGRP_761	F	36
DGRP_761	F	36
DGRP_761	F	34
DGRP_761	F	34
DGRP_761	F	34
DGRP_761	F	4
DGRP_761	F	35
DGRP_761	F	35
DGRP_761	F	33
DGRP_761	F	34
DGRP_761	F	35
DGRP_761	F	29
DGRP_761	F	32
DGRP_761	F	35
DGRP_761	F	31
DGRP_761	F	35
DGRP_761	F	35
DGRP_761	F	31
DGRP_761	F	31
DGRP_761	F	35
DGRP_761	F	39
DGRP_761	F	39
DGRP_761	F	31
DGRP_761	F	35
DGRP_761	F	36
DGRP_761	F	42
DGRP_761	F	45
DGRP_761	F	45
DGRP_761	F	25
DGRP_761	F	39
DGRP_761	F	42
DGRP_761	F	35
DGRP_761	F	38
DGRP_761	F	38
DGRP_761	F	21
DGRP_761	F	28
DGRP_761	F	35
DGRP_761	F	25
DGRP_761	F	28
DGRP_761	F	28
DGRP_761	F	35
DGRP_761	F	38
DGRP_761	M	4
DGRP_761	M	39
DGRP_761	M	44
DGRP_761	M	39
DGRP_761	M	42
DGRP_761	M	37
DGRP_761	M	42
DGRP_761	M	49
DGRP_761	M	31
DGRP_761	M	37
DGRP_761	M	42
DGRP_761	M	34
DGRP_761	M	53
DGRP_761	M	28
DGRP_761	M	39
DGRP_761	M	39
DGRP_761	M	39
DGRP_761	M	39
DGRP_761	M	36
DGRP_761	M	39
DGRP_761	M	31
DGRP_761	M	34
DGRP_761	M	46
DGRP_761	M	31
DGRP_761	M	36
DGRP_761	M	50
DGRP_761	M	39
DGRP_761	M	46
DGRP_761	M	31
DGRP_761	M	31
DGRP_761	M	34
DGRP_761	M	37
DGRP_761	M	42
DGRP_761	M	43
DGRP_761	M	31
DGRP_761	M	35
DGRP_761	M	42
DGRP_761	M	35
DGRP_761	M	53
DGRP_761	M	53
DGRP_761	M	32
DGRP_761	M	35
DGRP_761	M	42
DGRP_761	M	37
DGRP_761	M	43
DGRP_761	M	42
DGRP_761	M	45
DGRP_761	M	49
DGRP_761	M	42
DGRP_761	M	49
DGRP_761	M	56
DGRP_761	M	38
DGRP_761	M	39
DGRP_761	M	44
DGRP_761	M	43
DGRP_761	M	49
DGRP_761	M	56
DGRP_761	M	36
DGRP_761	M	42
DGRP_761	M	39
DGRP_761	M	39
DGRP_761	M	59
DGRP_765	F	36
DGRP_765	F	39
DGRP_765	F	39
DGRP_765	F	25
DGRP_765	F	32
DGRP_765	F	39
DGRP_765	F	33
DGRP_765	F	34
DGRP_765	F	18
DGRP_765	F	26
DGRP_765	F	30
DGRP_765	F	27
DGRP_765	F	27
DGRP_765	F	40
DGRP_765	F	18
DGRP_765	F	25
DGRP_765	F	30
DGRP_765	F	31
DGRP_765	F	37
DGRP_765	F	31
DGRP_765	F	37
DGRP_765	F	37
DGRP_765	F	30
DGRP_765	F	31
DGRP_765	F	34
DGRP_765	F	23
DGRP_765	F	27
DGRP_765	F	30
DGRP_765	F	32
DGRP_765	F	32
DGRP_765	F	30
DGRP_765	F	30
DGRP_765	F	21
DGRP_765	F	29
DGRP_765	F	17
DGRP_765	F	23
DGRP_765	F	29
DGRP_765	F	14
DGRP_765	F	28
DGRP_765	F	29
DGRP_765	F	18
DGRP_765	F	18
DGRP_765	F	28
DGRP_765	F	14
DGRP_765	F	29
DGRP_765	F	35
DGRP_765	F	28
DGRP_765	F	29
DGRP_765	F	35
DGRP_765	F	16
DGRP_765	F	31
DGRP_765	F	32
DGRP_765	F	14
DGRP_765	F	25
DGRP_765	F	35
DGRP_765	F	15
DGRP_765	F	16
DGRP_765	F	21
DGRP_765	F	35
DGRP_765	F	35
DGRP_765	F	35
DGRP_765	M	25
DGRP_765	M	25
DGRP_765	M	32
DGRP_765	M	25
DGRP_765	M	32
DGRP_765	M	34
DGRP_765	M	32
DGRP_765	M	32
DGRP_765	M	30
DGRP_765	M	37
DGRP_765	M	37
DGRP_765	M	27
DGRP_765	M	30
DGRP_765	M	30
DGRP_765	M	30
DGRP_765	M	32
DGRP_765	M	23
DGRP_765	M	30
DGRP_765	M	30
DGRP_765	M	23
DGRP_765	M	26
DGRP_765	M	31
DGRP_765	M	25
DGRP_765	M	27
DGRP_765	M	27
DGRP_765	M	30
DGRP_765	M	30
DGRP_765	M	31
DGRP_765	M	25
DGRP_765	M	30
DGRP_765	M	37
DGRP_765	M	23
DGRP_765	M	31
DGRP_765	M	33
DGRP_765	M	22
DGRP_765	M	28
DGRP_765	M	29
DGRP_765	M	21
DGRP_765	M	25
DGRP_765	M	28
DGRP_765	M	22
DGRP_765	M	23
DGRP_765	M	25
DGRP_765	M	24
DGRP_765	M	25
DGRP_765	M	32
DGRP_765	M	21
DGRP_765	M	23
DGRP_765	M	29
DGRP_765	M	22
DGRP_765	M	29
DGRP_765	M	35
DGRP_765	M	28
DGRP_765	M	28
DGRP_765	M	30
DGRP_765	M	14
DGRP_765	M	23
DGRP_765	M	28
DGRP_765	M	25
DGRP_765	M	25
DGRP_765	M	28
DGRP_765	M	28
DGRP_765	M	28
DGRP_765	M	30
DGRP_774	F	49
DGRP_774	F	50
DGRP_774	F	53
DGRP_774	F	28
DGRP_774	F	35
DGRP_774	F	45
DGRP_774	F	30
DGRP_774	F	38
DGRP_774	F	42
DGRP_774	F	35
DGRP_774	F	39
DGRP_774	F	42
DGRP_774	F	42
DGRP_774	F	45
DGRP_774	F	32
DGRP_774	F	42
DGRP_774	F	51
DGRP_774	F	31
DGRP_774	F	36
DGRP_774	F	36
DGRP_774	F	42
DGRP_774	F	42
DGRP_774	F	43
DGRP_774	F	53
DGRP_774	F	57
DGRP_774	F	60
DGRP_774	F	60
DGRP_774	F	50
DGRP_774	F	53
DGRP_774	F	60
DGRP_774	F	42
DGRP_774	F	43
DGRP_774	F	53
DGRP_774	F	60
DGRP_774	F	63
DGRP_774	F	31
DGRP_774	F	45
DGRP_774	F	47
DGRP_774	F	24
DGRP_774	F	31
DGRP_774	F	38
DGRP_774	F	52
DGRP_774	F	66
DGRP_774	F	66
DGRP_774	F	38
DGRP_774	F	52
DGRP_774	F	62
DGRP_774	F	38
DGRP_774	F	38
DGRP_774	F	38
DGRP_774	F	38
DGRP_774	F	46
DGRP_774	F	31
DGRP_774	F	38
DGRP_774	F	38
DGRP_774	F	45
DGRP_774	F	63
DGRP_774	F	32
DGRP_774	F	42
DGRP_774	F	60
DGRP_774	M	42
DGRP_774	M	44
DGRP_774	M	56
DGRP_774	M	38
DGRP_774	M	39
DGRP_774	M	42
DGRP_774	M	21
DGRP_774	M	50
DGRP_774	M	36
DGRP_774	M	39
DGRP_774	M	49
DGRP_774	M	42
DGRP_774	M	49
DGRP_774	M	56
DGRP_774	M	46
DGRP_774	M	56
DGRP_774	M	56
DGRP_774	M	37
DGRP_774	M	37
DGRP_774	M	56
DGRP_774	M	21
DGRP_774	M	42
DGRP_774	M	56
DGRP_774	M	39
DGRP_774	M	53
DGRP_774	M	46
DGRP_774	M	57
DGRP_774	M	60
DGRP_774	M	46
DGRP_774	M	57
DGRP_774	M	60
DGRP_774	M	53
DGRP_774	M	53
DGRP_774	M	57
DGRP_774	M	31
DGRP_774	M	60
DGRP_774	M	60
DGRP_774	M	56
DGRP_774	M	60
DGRP_774	M	60
DGRP_774	M	60
DGRP_774	M	60
DGRP_774	M	63
DGRP_774	M	63
DGRP_774	M	63
DGRP_774	M	67
DGRP_774	M	54
DGRP_774	M	60
DGRP_774	M	63
DGRP_774	M	38
DGRP_774	M	45
DGRP_774	M	45
DGRP_774	M	60
DGRP_774	M	60
DGRP_774	M	45
DGRP_774	M	47
DGRP_774	M	60
DGRP_774	M	60
DGRP_774	M	60
DGRP_774	M	60
DGRP_774	M	73
DGRP_776	F	36
DGRP_776	F	49
DGRP_776	F	52
DGRP_776	F	29
DGRP_776	F	38
DGRP_776	F	42
DGRP_776	F	28
DGRP_776	F	42
DGRP_776	F	42
DGRP_776	F	31
DGRP_776	F	42
DGRP_776	F	44
DGRP_776	F	16
DGRP_776	F	46
DGRP_776	F	56
DGRP_776	F	14
DGRP_776	F	36
DGRP_776	F	46
DGRP_776	F	14
DGRP_776	F	39
DGRP_776	F	42
DGRP_776	F	14
DGRP_776	F	21
DGRP_776	F	25
DGRP_776	F	19
DGRP_776	F	32
DGRP_776	F	46
DGRP_776	F	20
DGRP_776	F	39
DGRP_776	F	39
DGRP_776	F	19
DGRP_776	F	32
DGRP_776	F	36
DGRP_776	F	49
DGRP_776	F	49
DGRP_776	F	18
DGRP_776	F	38
DGRP_776	F	42
DGRP_776	F	29
DGRP_776	F	35
DGRP_776	F	49
DGRP_776	F	35
DGRP_776	F	39
DGRP_776	F	39
DGRP_776	F	18
DGRP_776	F	18
DGRP_776	F	43
DGRP_776	F	15
DGRP_776	F	21
DGRP_776	F	21
DGRP_776	F	18
DGRP_776	F	23
DGRP_776	F	56
DGRP_776	F	38
DGRP_776	F	42
DGRP_776	F	49
DGRP_776	F	8
DGRP_776	F	21
DGRP_776	F	49
DGRP_776	F	21
DGRP_776	F	45
DGRP_776	F	49
DGRP_776	F	21
DGRP_776	F	39
DGRP_776	F	49
DGRP_776	F	14
DGRP_776	F	39
DGRP_776	F	42
DGRP_776	M	38
DGRP_776	M	53
DGRP_776	M	56
DGRP_776	M	37
DGRP_776	M	39
DGRP_776	M	25
DGRP_776	M	42
DGRP_776	M	31
DGRP_776	M	34
DGRP_776	M	37
DGRP_776	M	37
DGRP_776	M	38
DGRP_776	M	46
DGRP_776	M	46
DGRP_776	M	46
DGRP_776	M	46
DGRP_776	M	21
DGRP_776	M	31
DGRP_776	M	42
DGRP_776	M	31
DGRP_776	M	37
DGRP_776	M	42
DGRP_776	M	6
DGRP_776	M	46
DGRP_776	M	48
DGRP_776	M	39
DGRP_776	M	39
DGRP_776	M	53
DGRP_776	M	20
DGRP_776	M	39
DGRP_776	M	43
DGRP_776	M	43
DGRP_776	M	49
DGRP_776	M	36
DGRP_776	M	42
DGRP_776	M	42
DGRP_776	M	44
DGRP_776	M	44
DGRP_776	M	49
DGRP_776	M	35
DGRP_776	M	35
DGRP_776	M	42
DGRP_776	M	39
DGRP_776	M	42
DGRP_776	M	43
DGRP_776	M	39
DGRP_776	M	42
DGRP_776	M	43
DGRP_776	M	56
DGRP_776	M	63
DGRP_776	M	35
DGRP_776	M	38
DGRP_776	M	42
DGRP_776	M	42
DGRP_776	M	42
DGRP_776	M	56
DGRP_776	M	31
DGRP_776	M	43
DGRP_776	M	43
DGRP_776	M	49
DGRP_776	M	49
DGRP_776	M	49
DGRP_776	M	39
DGRP_776	M	42
DGRP_776	M	43
DGRP_783	F	36
DGRP_783	F	38
DGRP_783	F	40
DGRP_783	F	25
DGRP_783	F	38
DGRP_783	F	32
DGRP_783	F	41
DGRP_783	F	46
DGRP_783	F	27
DGRP_783	F	32
DGRP_783	F	36
DGRP_783	F	32
DGRP_783	F	38
DGRP_783	F	60
DGRP_783	F	38
DGRP_783	F	38
DGRP_783	F	41
DGRP_783	F	34
DGRP_783	F	37
DGRP_783	F	42
DGRP_783	F	18
DGRP_783	F	31
DGRP_783	F	37
DGRP_783	F	34
DGRP_783	F	37
DGRP_783	F	46
DGRP_783	F	7
DGRP_783	F	31
DGRP_783	F	36
DGRP_783	F	32
DGRP_783	F	39
DGRP_783	F	41
DGRP_783	F	27
DGRP_783	F	35
DGRP_783	F	39
DGRP_783	F	11
DGRP_783	F	35
DGRP_783	F	38
DGRP_783	F	39
DGRP_783	F	42
DGRP_783	F	45
DGRP_783	F	28
DGRP_783	F	32
DGRP_783	F	35
DGRP_783	F	25
DGRP_783	F	42
DGRP_783	F	49
DGRP_783	F	38
DGRP_783	F	38
DGRP_783	F	56
DGRP_783	F	38
DGRP_783	F	42
DGRP_783	F	42
DGRP_783	F	22
DGRP_783	F	28
DGRP_783	F	32
DGRP_783	F	24
DGRP_783	F	38
DGRP_783	F	42
DGRP_783	F	14
DGRP_783	F	28
DGRP_783	F	32
DGRP_783	F	21
DGRP_783	F	24
DGRP_783	F	28
DGRP_783	F	17
DGRP_783	F	28
DGRP_783	F	35
DGRP_783	F	15
DGRP_783	F	28
DGRP_783	F	35
DGRP_783	M	53
DGRP_783	M	53
DGRP_783	M	53
DGRP_783	M	38
DGRP_783	M	50
DGRP_783	M	32
DGRP_783	M	43
DGRP_783	M	46
DGRP_783	M	38
DGRP_783	M	46
DGRP_783	M	46
DGRP_783	M	38
DGRP_783	M	43
DGRP_783	M	60
DGRP_783	M	33
DGRP_783	M	43
DGRP_783	M	53
DGRP_783	M	42
DGRP_783	M	42
DGRP_783	M	56
DGRP_783	M	42
DGRP_783	M	53
DGRP_783	M	60
DGRP_783	M	37
DGRP_783	M	37
DGRP_783	M	42
DGRP_783	M	36
DGRP_783	M	37
DGRP_783	M	46
DGRP_783	M	39
DGRP_783	M	46
DGRP_783	M	46
DGRP_783	M	39
DGRP_783	M	46
DGRP_783	M	35
DGRP_783	M	45
DGRP_783	M	50
DGRP_783	M	45
DGRP_783	M	46
DGRP_783	M	56
DGRP_783	M	23
DGRP_783	M	51
DGRP_783	M	56
DGRP_783	M	44
DGRP_783	M	49
DGRP_783	M	49
DGRP_783	M	38
DGRP_783	M	49
DGRP_783	M	58
DGRP_783	M	35
DGRP_783	M	38
DGRP_783	M	42
DGRP_783	M	49
DGRP_783	M	42
DGRP_783	M	42
DGRP_783	M	4
DGRP_783	M	38
DGRP_783	M	49
DGRP_783	M	49
DGRP_783	M	52
DGRP_783	M	38
DGRP_783	M	50
DGRP_783	M	58
DGRP_783	M	42
DGRP_783	M	43
DGRP_786	F	60
DGRP_786	F	62
DGRP_786	F	65
DGRP_786	F	51
DGRP_786	F	58
DGRP_786	F	58
DGRP_786	F	60
DGRP_786	F	62
DGRP_786	F	53
DGRP_786	F	53
DGRP_786	F	53
DGRP_786	F	58
DGRP_786	F	60
DGRP_786	F	72
DGRP_786	F	51
DGRP_786	F	60
DGRP_786	F	65
DGRP_786	F	29
DGRP_786	F	34
DGRP_786	F	43
DGRP_786	F	60
DGRP_786	F	60
DGRP_786	F	60
DGRP_786	F	51
DGRP_786	F	58
DGRP_786	F	27
DGRP_786	F	68
DGRP_786	F	70
DGRP_786	F	54
DGRP_786	F	60
DGRP_786	F	60
DGRP_786	F	63
DGRP_786	F	64
DGRP_786	F	44
DGRP_786	F	56
DGRP_786	F	63
DGRP_786	F	56
DGRP_786	F	63
DGRP_786	F	77
DGRP_786	F	45
DGRP_786	F	65
DGRP_786	F	71
DGRP_786	F	63
DGRP_786	F	65
DGRP_786	F	70
DGRP_786	F	57
DGRP_786	F	64
DGRP_786	F	66
DGRP_786	F	70
DGRP_786	F	77
DGRP_786	F	77
DGRP_786	F	45
DGRP_786	F	51
DGRP_786	F	51
DGRP_786	F	57
DGRP_786	F	63
DGRP_786	F	63
DGRP_786	F	70
DGRP_786	F	70
DGRP_786	F	70
DGRP_786	F	59
DGRP_786	F	63
DGRP_786	F	63
DGRP_786	F	42
DGRP_786	F	43
DGRP_786	F	65
DGRP_786	M	58
DGRP_786	M	62
DGRP_786	M	62
DGRP_786	M	54
DGRP_786	M	58
DGRP_786	M	37
DGRP_786	M	53
DGRP_786	M	59
DGRP_786	M	51
DGRP_786	M	51
DGRP_786	M	51
DGRP_786	M	39
DGRP_786	M	60
DGRP_786	M	66
DGRP_786	M	58
DGRP_786	M	58
DGRP_786	M	60
DGRP_786	M	46
DGRP_786	M	46
DGRP_786	M	53
DGRP_786	M	32
DGRP_786	M	53
DGRP_786	M	46
DGRP_786	M	51
DGRP_786	M	53
DGRP_786	M	53
DGRP_786	M	53
DGRP_786	M	50
DGRP_786	M	50
DGRP_786	M	54
DGRP_786	M	39
DGRP_786	M	53
DGRP_786	M	60
DGRP_786	M	52
DGRP_786	M	56
DGRP_786	M	56
DGRP_786	M	49
DGRP_786	M	52
DGRP_786	M	56
DGRP_786	M	58
DGRP_786	M	64
DGRP_786	M	66
DGRP_786	M	58
DGRP_786	M	59
DGRP_786	M	65
DGRP_786	M	46
DGRP_786	M	56
DGRP_786	M	70
DGRP_786	M	58
DGRP_786	M	63
DGRP_786	M	63
DGRP_786	M	53
DGRP_786	M	56
DGRP_786	M	58
DGRP_786	M	63
DGRP_786	M	63
DGRP_786	M	63
DGRP_786	M	37
DGRP_786	M	42
DGRP_786	M	63
DGRP_786	M	53
DGRP_786	M	56
DGRP_786	M	63
DGRP_786	M	57
DGRP_786	M	60
DGRP_786	M	67
DGRP_787	F	35
DGRP_787	F	44
DGRP_787	F	44
DGRP_787	F	51
DGRP_787	F	51
DGRP_787	F	56
DGRP_787	F	32
DGRP_787	F	35
DGRP_787	F	38
DGRP_787	F	49
DGRP_787	F	49
DGRP_787	F	52
DGRP_787	F	4
DGRP_787	F	36
DGRP_787	F	41
DGRP_787	F	41
DGRP_787	F	46
DGRP_787	F	46
DGRP_787	F	46
DGRP_787	F	46
DGRP_787	F	33
DGRP_787	F	41
DGRP_787	F	41
DGRP_787	F	38
DGRP_787	F	40
DGRP_787	F	41
DGRP_787	F	41
DGRP_787	F	46
DGRP_787	F	46
DGRP_787	F	49
DGRP_787	F	49
DGRP_787	F	49
DGRP_787	F	14
DGRP_787	F	38
DGRP_787	F	52
DGRP_787	F	35
DGRP_787	F	42
DGRP_787	F	49
DGRP_787	F	35
DGRP_787	F	38
DGRP_787	F	49
DGRP_787	F	7
DGRP_787	F	46
DGRP_787	F	56
DGRP_787	F	15
DGRP_787	F	38
DGRP_787	F	42
DGRP_787	F	28
DGRP_787	F	35
DGRP_787	F	44
DGRP_787	F	30
DGRP_787	F	42
DGRP_787	F	42
DGRP_787	F	42
DGRP_787	F	46
DGRP_787	F	49
DGRP_787	F	35
DGRP_787	F	46
DGRP_787	F	49
DGRP_787	F	7
DGRP_787	F	50
DGRP_787	F	50
DGRP_787	F	15
DGRP_787	F	44
DGRP_787	F	44
DGRP_787	F	38
DGRP_787	F	42
DGRP_787	F	42
DGRP_787	M	36
DGRP_787	M	41
DGRP_787	M	4
DGRP_787	M	51
DGRP_787	M	53
DGRP_787	M	35
DGRP_787	M	38
DGRP_787	M	52
DGRP_787	M	56
DGRP_787	M	2
DGRP_787	M	11
DGRP_787	M	41
DGRP_787	M	35
DGRP_787	M	41
DGRP_787	M	41
DGRP_787	M	38
DGRP_787	M	43
DGRP_787	M	46
DGRP_787	M	41
DGRP_787	M	53
DGRP_787	M	53
DGRP_787	M	40
DGRP_787	M	43
DGRP_787	M	46
DGRP_787	M	18
DGRP_787	M	41
DGRP_787	M	46
DGRP_787	M	49
DGRP_787	M	49
DGRP_787	M	63
DGRP_787	M	38
DGRP_787	M	39
DGRP_787	M	39
DGRP_787	M	38
DGRP_787	M	44
DGRP_787	M	49
DGRP_787	M	14
DGRP_787	M	14
DGRP_787	M	15
DGRP_787	M	32
DGRP_787	M	46
DGRP_787	M	35
DGRP_787	M	38
DGRP_787	M	42
DGRP_787	M	15
DGRP_787	M	35
DGRP_787	M	38
DGRP_787	M	42
DGRP_787	M	46
DGRP_787	M	50
DGRP_787	M	4
DGRP_787	M	46
DGRP_787	M	7
DGRP_787	M	42
DGRP_787	M	46
DGRP_787	M	51
DGRP_787	M	63
DGRP_787	M	42
DGRP_787	M	49
DGRP_787	M	49
DGRP_787	M	38
DGRP_787	M	38
DGRP_787	M	42
DGRP_790	F	18
DGRP_790	F	35
DGRP_790	F	15
DGRP_790	F	28
DGRP_790	F	35
DGRP_790	F	38
DGRP_790	F	41
DGRP_790	F	41
DGRP_790	F	35
DGRP_790	F	35
DGRP_790	F	46
DGRP_790	F	19
DGRP_790	F	33
DGRP_790	F	46
DGRP_790	F	18
DGRP_790	F	32
DGRP_790	F	32
DGRP_790	F	32
DGRP_790	F	43
DGRP_790	F	53
DGRP_790	F	22
DGRP_790	F	27
DGRP_790	F	36
DGRP_790	F	14
DGRP_790	F	32
DGRP_790	F	53
DGRP_790	F	21
DGRP_790	F	37
DGRP_790	F	44
DGRP_790	F	28
DGRP_790	F	31
DGRP_790	F	31
DGRP_790	F	37
DGRP_790	F	42
DGRP_790	F	42
DGRP_790	F	30
DGRP_790	F	35
DGRP_790	F	42
DGRP_790	F	38
DGRP_790	F	38
DGRP_790	F	42
DGRP_790	F	21
DGRP_790	F	38
DGRP_790	F	51
DGRP_790	F	21
DGRP_790	F	21
DGRP_790	F	42
DGRP_790	F	21
DGRP_790	F	25
DGRP_790	F	22
DGRP_790	F	50
DGRP_790	F	58
DGRP_790	F	21
DGRP_790	F	42
DGRP_790	F	42
DGRP_790	F	23
DGRP_790	F	28
DGRP_790	F	38
DGRP_790	F	15
DGRP_790	F	42
DGRP_790	F	42
DGRP_790	F	9
DGRP_790	F	22
DGRP_790	F	49
DGRP_790	F	28
DGRP_790	F	35
DGRP_790	M	18
DGRP_790	M	29
DGRP_790	M	32
DGRP_790	M	8
DGRP_790	M	16
DGRP_790	M	28
DGRP_790	M	21
DGRP_790	M	28
DGRP_790	M	28
DGRP_790	M	18
DGRP_790	M	18
DGRP_790	M	18
DGRP_790	M	15
DGRP_790	M	19
DGRP_790	M	29
DGRP_790	M	19
DGRP_790	M	25
DGRP_790	M	18
DGRP_790	M	18
DGRP_790	M	20
DGRP_790	M	18
DGRP_790	M	18
DGRP_790	M	25
DGRP_790	M	22
DGRP_790	M	42
DGRP_790	M	16
DGRP_790	M	21
DGRP_790	M	21
DGRP_790	M	17
DGRP_790	M	21
DGRP_790	M	14
DGRP_790	M	25
DGRP_790	M	24
DGRP_790	M	28
DGRP_790	M	21
DGRP_790	M	28
DGRP_790	M	38
DGRP_790	M	23
DGRP_790	M	28
DGRP_790	M	28
DGRP_790	M	11
DGRP_790	M	21
DGRP_790	M	21
DGRP_790	M	21
DGRP_790	M	23
DGRP_790	M	28
DGRP_790	M	15
DGRP_790	M	21
DGRP_790	M	28
DGRP_790	M	15
DGRP_790	M	21
DGRP_790	M	21
DGRP_790	M	15
DGRP_790	M	21
DGRP_790	M	21
DGRP_790	M	15
DGRP_790	M	21
DGRP_790	M	15
DGRP_790	M	21
DGRP_790	M	21
DGRP_790	M	28
DGRP_790	M	28
DGRP_796	F	37
DGRP_796	F	39
DGRP_796	F	42
DGRP_796	F	36
DGRP_796	F	39
DGRP_796	F	39
DGRP_796	F	23
DGRP_796	F	37
DGRP_796	F	37
DGRP_796	F	34
DGRP_796	F	37
DGRP_796	F	37
DGRP_796	F	37
DGRP_796	F	39
DGRP_796	F	39
DGRP_796	F	34
DGRP_796	F	36
DGRP_796	F	36
DGRP_796	F	37
DGRP_796	F	37
DGRP_796	F	38
DGRP_796	F	42
DGRP_796	F	42
DGRP_796	F	17
DGRP_796	F	34
DGRP_796	F	37
DGRP_796	F	36
DGRP_796	F	36
DGRP_796	F	39
DGRP_796	F	36
DGRP_796	F	36
DGRP_796	F	37
DGRP_796	F	37
DGRP_796	F	39
DGRP_796	F	42
DGRP_796	F	35
DGRP_796	F	35
DGRP_796	F	35
DGRP_796	F	38
DGRP_796	F	38
DGRP_796	F	39
DGRP_796	F	31
DGRP_796	F	35
DGRP_796	F	35
DGRP_796	F	35
DGRP_796	F	38
DGRP_796	F	39
DGRP_796	F	38
DGRP_796	F	39
DGRP_796	F	44
DGRP_796	F	28
DGRP_796	F	38
DGRP_796	F	38
DGRP_796	F	35
DGRP_796	F	39
DGRP_796	F	42
DGRP_796	F	37
DGRP_796	F	42
DGRP_796	F	25
DGRP_796	F	36
DGRP_796	F	38
DGRP_796	F	31
DGRP_796	F	31
DGRP_796	F	36
DGRP_796	M	37
DGRP_796	M	39
DGRP_796	M	42
DGRP_796	M	28
DGRP_796	M	36
DGRP_796	M	42
DGRP_796	M	28
DGRP_796	M	34
DGRP_796	M	36
DGRP_796	M	34
DGRP_796	M	36
DGRP_796	M	36
DGRP_796	M	32
DGRP_796	M	34
DGRP_796	M	34
DGRP_796	M	14
DGRP_796	M	31
DGRP_796	M	36
DGRP_796	M	32
DGRP_796	M	34
DGRP_796	M	37
DGRP_796	M	34
DGRP_796	M	36
DGRP_796	M	36
DGRP_796	M	39
DGRP_796	M	39
DGRP_796	M	31
DGRP_796	M	38
DGRP_796	M	39
DGRP_796	M	32
DGRP_796	M	37
DGRP_796	M	37
DGRP_796	M	38
DGRP_796	M	42
DGRP_796	M	42
DGRP_796	M	35
DGRP_796	M	35
DGRP_796	M	35
DGRP_796	M	35
DGRP_796	M	38
DGRP_796	M	39
DGRP_796	M	7
DGRP_796	M	35
DGRP_796	M	35
DGRP_796	M	35
DGRP_796	M	38
DGRP_796	M	38
DGRP_796	M	39
DGRP_796	M	39
DGRP_796	M	39
DGRP_796	M	35
DGRP_796	M	37
DGRP_796	M	37
DGRP_796	M	39
DGRP_796	M	42
DGRP_796	M	45
DGRP_796	M	42
DGRP_796	M	42
DGRP_796	M	42
DGRP_796	M	35
DGRP_796	M	35
DGRP_796	M	35
DGRP_796	M	7
DGRP_796	M	35
DGRP_796	M	35
DGRP_799	F	33
DGRP_799	F	36
DGRP_799	F	40
DGRP_799	F	33
DGRP_799	F	40
DGRP_799	F	40
DGRP_799	F	33
DGRP_799	F	33
DGRP_799	F	40
DGRP_799	F	26
DGRP_799	F	30
DGRP_799	F	61
DGRP_799	F	28
DGRP_799	F	35
DGRP_799	F	51
DGRP_799	F	35
DGRP_799	F	40
DGRP_799	F	47
DGRP_799	F	33
DGRP_799	F	37
DGRP_799	F	68
DGRP_799	F	35
DGRP_799	F	42
DGRP_799	F	47
DGRP_799	F	26
DGRP_799	F	29
DGRP_799	F	40
DGRP_799	F	37
DGRP_799	F	40
DGRP_799	F	28
DGRP_799	F	29
DGRP_799	F	51
DGRP_799	F	33
DGRP_799	F	34
DGRP_799	F	47
DGRP_799	F	28
DGRP_799	F	28
DGRP_799	F	30
DGRP_799	F	46
DGRP_799	F	49
DGRP_799	F	21
DGRP_799	F	44
DGRP_799	F	46
DGRP_799	F	28
DGRP_799	F	42
DGRP_799	F	42
DGRP_799	F	28
DGRP_799	F	30
DGRP_799	F	36
DGRP_799	F	35
DGRP_799	F	42
DGRP_799	F	25
DGRP_799	F	50
DGRP_799	F	51
DGRP_799	F	36
DGRP_799	F	49
DGRP_799	F	49
DGRP_799	F	14
DGRP_799	F	25
DGRP_799	F	28
DGRP_799	F	35
DGRP_799	F	46
DGRP_799	F	49
DGRP_799	F	18
DGRP_799	F	44
DGRP_799	F	49
DGRP_799	F	28
DGRP_799	F	28
DGRP_799	M	33
DGRP_799	M	40
DGRP_799	M	40
DGRP_799	M	26
DGRP_799	M	33
DGRP_799	M	47
DGRP_799	M	28
DGRP_799	M	33
DGRP_799	M	40
DGRP_799	M	33
DGRP_799	M	54
DGRP_799	M	58
DGRP_799	M	28
DGRP_799	M	47
DGRP_799	M	65
DGRP_799	M	37
DGRP_799	M	40
DGRP_799	M	65
DGRP_799	M	35
DGRP_799	M	56
DGRP_799	M	68
DGRP_799	M	37
DGRP_799	M	37
DGRP_799	M	37
DGRP_799	M	33
DGRP_799	M	33
DGRP_799	M	42
DGRP_799	M	28
DGRP_799	M	37
DGRP_799	M	47
DGRP_799	M	40
DGRP_799	M	55
DGRP_799	M	55
DGRP_799	M	37
DGRP_799	M	47
DGRP_799	M	55
DGRP_799	M	21
DGRP_799	M	32
DGRP_799	M	36
DGRP_799	M	42
DGRP_799	M	46
DGRP_799	M	46
DGRP_799	M	28
DGRP_799	M	42
DGRP_799	M	42
DGRP_799	M	28
DGRP_799	M	44
DGRP_799	M	36
DGRP_799	M	46
DGRP_799	M	63
DGRP_799	M	42
DGRP_799	M	49
DGRP_799	M	53
DGRP_799	M	56
DGRP_799	M	35
DGRP_799	M	42
DGRP_799	M	14
DGRP_799	M	28
DGRP_799	M	44
DGRP_799	M	46
DGRP_799	M	49
DGRP_799	M	25
DGRP_799	M	49
DGRP_799	M	63
DGRP_799	M	21
DGRP_799	M	28
DGRP_799	M	36
DGRP_801	F	25
DGRP_801	F	28
DGRP_801	F	35
DGRP_801	F	38
DGRP_801	F	38
DGRP_801	F	38
DGRP_801	F	40
DGRP_801	F	41
DGRP_801	F	41
DGRP_801	F	46
DGRP_801	F	48
DGRP_801	F	53
DGRP_801	F	41
DGRP_801	F	46
DGRP_801	F	46
DGRP_801	F	21
DGRP_801	F	37
DGRP_801	F	66
DGRP_801	F	42
DGRP_801	F	46
DGRP_801	F	46
DGRP_801	F	25
DGRP_801	F	49
DGRP_801	F	49
DGRP_801	F	21
DGRP_801	F	34
DGRP_801	F	49
DGRP_801	F	31
DGRP_801	F	42
DGRP_801	F	49
DGRP_801	F	31
DGRP_801	F	31
DGRP_801	F	49
DGRP_801	F	37
DGRP_801	F	42
DGRP_801	F	49
DGRP_801	F	30
DGRP_801	F	42
DGRP_801	F	56
DGRP_801	F	32
DGRP_801	F	42
DGRP_801	F	56
DGRP_801	F	10
DGRP_801	F	45
DGRP_801	F	56
DGRP_801	F	39
DGRP_801	F	39
DGRP_801	F	53
DGRP_801	F	25
DGRP_801	F	42
DGRP_801	F	50
DGRP_801	F	42
DGRP_801	F	42
DGRP_801	F	42
DGRP_801	F	45
DGRP_801	F	49
DGRP_801	F	44
DGRP_801	F	49
DGRP_801	F	58
DGRP_801	F	42
DGRP_801	F	46
DGRP_801	F	25
DGRP_801	F	35
DGRP_801	F	35
DGRP_801	F	42
DGRP_801	F	51
DGRP_801	F	23
DGRP_801	F	42
DGRP_801	M	38
DGRP_801	M	38
DGRP_801	M	43
DGRP_801	M	35
DGRP_801	M	38
DGRP_801	M	5
DGRP_801	M	25
DGRP_801	M	38
DGRP_801	M	41
DGRP_801	M	41
DGRP_801	M	46
DGRP_801	M	46
DGRP_801	M	57
DGRP_801	M	3
DGRP_801	M	36
DGRP_801	M	36
DGRP_801	M	45
DGRP_801	M	49
DGRP_801	M	56
DGRP_801	M	49
DGRP_801	M	56
DGRP_801	M	42
DGRP_801	M	42
DGRP_801	M	42
DGRP_801	M	34
DGRP_801	M	37
DGRP_801	M	49
DGRP_801	M	39
DGRP_801	M	42
DGRP_801	M	49
DGRP_801	M	39
DGRP_801	M	49
DGRP_801	M	64
DGRP_801	M	28
DGRP_801	M	42
DGRP_801	M	44
DGRP_801	M	42
DGRP_801	M	56
DGRP_801	M	32
DGRP_801	M	35
DGRP_801	M	46
DGRP_801	M	38
DGRP_801	M	45
DGRP_801	M	49
DGRP_801	M	30
DGRP_801	M	36
DGRP_801	M	38
DGRP_801	M	42
DGRP_801	M	42
DGRP_801	M	43
DGRP_801	M	72
DGRP_801	M	73
DGRP_801	M	28
DGRP_801	M	44
DGRP_801	M	46
DGRP_801	M	21
DGRP_801	M	32
DGRP_801	M	42
DGRP_801	M	42
DGRP_801	M	43
DGRP_801	M	42
DGRP_801	M	43
DGRP_801	M	10
DGRP_801	M	63
DGRP_802	F	43
DGRP_802	F	48
DGRP_802	F	53
DGRP_802	F	33
DGRP_802	F	50
DGRP_802	F	53
DGRP_802	F	25
DGRP_802	F	38
DGRP_802	F	48
DGRP_802	F	41
DGRP_802	F	50
DGRP_802	F	53
DGRP_802	F	35
DGRP_802	F	36
DGRP_802	F	60
DGRP_802	F	31
DGRP_802	F	33
DGRP_802	F	53
DGRP_802	F	25
DGRP_802	F	46
DGRP_802	F	53
DGRP_802	F	11
DGRP_802	F	53
DGRP_802	F	57
DGRP_802	F	4
DGRP_802	F	41
DGRP_802	F	41
DGRP_802	F	19
DGRP_802	F	46
DGRP_802	F	47
DGRP_802	F	36
DGRP_802	F	46
DGRP_802	F	53
DGRP_802	F	33
DGRP_802	F	42
DGRP_802	F	46
DGRP_802	F	14
DGRP_802	F	28
DGRP_802	F	52
DGRP_802	F	28
DGRP_802	F	35
DGRP_802	F	42
DGRP_802	F	32
DGRP_802	F	44
DGRP_802	F	63
DGRP_802	F	63
DGRP_802	F	63
DGRP_802	F	70
DGRP_802	F	46
DGRP_802	F	49
DGRP_802	F	63
DGRP_802	F	42
DGRP_802	F	46
DGRP_802	F	56
DGRP_802	F	36
DGRP_802	F	39
DGRP_802	F	49
DGRP_802	F	56
DGRP_802	F	63
DGRP_802	F	35
DGRP_802	F	38
DGRP_802	F	14
DGRP_802	F	43
DGRP_802	F	49
DGRP_802	F	50
DGRP_802	F	50
DGRP_802	F	50
DGRP_802	F	32
DGRP_802	F	60
DGRP_802	F	60
DGRP_802	M	25
DGRP_802	M	48
DGRP_802	M	74
DGRP_802	M	53
DGRP_802	M	57
DGRP_802	M	60
DGRP_802	M	46
DGRP_802	M	54
DGRP_802	M	67
DGRP_802	M	53
DGRP_802	M	57
DGRP_802	M	74
DGRP_802	M	31
DGRP_802	M	53
DGRP_802	M	43
DGRP_802	M	46
DGRP_802	M	48
DGRP_802	M	39
DGRP_802	M	50
DGRP_802	M	53
DGRP_802	M	39
DGRP_802	M	75
DGRP_802	M	50
DGRP_802	M	69
DGRP_802	M	71
DGRP_802	M	43
DGRP_802	M	46
DGRP_802	M	50
DGRP_802	M	46
DGRP_802	M	46
DGRP_802	M	67
DGRP_802	M	48
DGRP_802	M	60
DGRP_802	M	67
DGRP_802	M	38
DGRP_802	M	70
DGRP_802	M	76
DGRP_802	M	45
DGRP_802	M	50
DGRP_802	M	70
DGRP_802	M	44
DGRP_802	M	49
DGRP_802	M	56
DGRP_802	M	42
DGRP_802	M	56
DGRP_802	M	76
DGRP_802	M	43
DGRP_802	M	57
DGRP_802	M	63
DGRP_802	M	44
DGRP_802	M	51
DGRP_802	M	56
DGRP_802	M	31
DGRP_802	M	51
DGRP_802	M	77
DGRP_802	M	28
DGRP_802	M	56
DGRP_802	M	63
DGRP_802	M	35
DGRP_802	M	63
DGRP_802	M	7
DGRP_802	M	72
DGRP_802	M	73
DGRP_802	M	34
DGRP_802	M	49
DGRP_802	M	81
DGRP_802	M	40
DGRP_802	M	54
DGRP_802	M	60
DGRP_804	F	36
DGRP_804	F	39
DGRP_804	F	44
DGRP_804	F	37
DGRP_804	F	45
DGRP_804	F	45
DGRP_804	F	31
DGRP_804	F	34
DGRP_804	F	34
DGRP_804	F	25
DGRP_804	F	36
DGRP_804	F	46
DGRP_804	F	38
DGRP_804	F	44
DGRP_804	F	49
DGRP_804	F	28
DGRP_804	F	34
DGRP_804	F	45
DGRP_804	F	36
DGRP_804	F	36
DGRP_804	F	36
DGRP_804	F	42
DGRP_804	F	49
DGRP_804	F	49
DGRP_804	F	16
DGRP_804	F	42
DGRP_804	F	46
DGRP_804	F	34
DGRP_804	F	42
DGRP_804	F	44
DGRP_804	F	34
DGRP_804	F	39
DGRP_804	F	39
DGRP_804	F	34
DGRP_804	F	36
DGRP_804	F	41
DGRP_804	F	35
DGRP_804	F	43
DGRP_804	F	43
DGRP_804	F	8
DGRP_804	F	35
DGRP_804	F	36
DGRP_804	F	35
DGRP_804	F	35
DGRP_804	F	35
DGRP_804	F	8
DGRP_804	F	42
DGRP_804	F	49
DGRP_804	F	7
DGRP_804	F	25
DGRP_804	F	31
DGRP_804	F	28
DGRP_804	F	32
DGRP_804	F	51
DGRP_804	F	42
DGRP_804	F	49
DGRP_804	F	53
DGRP_804	F	8
DGRP_804	F	46
DGRP_804	F	49
DGRP_804	F	38
DGRP_804	F	43
DGRP_804	F	49
DGRP_804	F	15
DGRP_804	F	39
DGRP_804	F	49
DGRP_804	F	4
DGRP_804	F	45
DGRP_804	F	23
DGRP_804	F	23
DGRP_804	F	53
DGRP_804	M	37
DGRP_804	M	44
DGRP_804	M	56
DGRP_804	M	42
DGRP_804	M	45
DGRP_804	M	45
DGRP_804	M	7
DGRP_804	M	34
DGRP_804	M	36
DGRP_804	M	21
DGRP_804	M	37
DGRP_804	M	14
DGRP_804	M	25
DGRP_804	M	37
DGRP_804	M	34
DGRP_804	M	42
DGRP_804	M	42
DGRP_804	M	34
DGRP_804	M	36
DGRP_804	M	37
DGRP_804	M	7
DGRP_804	M	22
DGRP_804	M	15
DGRP_804	M	16
DGRP_804	M	36
DGRP_804	M	31
DGRP_804	M	34
DGRP_804	M	34
DGRP_804	M	26
DGRP_804	M	28
DGRP_804	M	35
DGRP_804	M	25
DGRP_804	M	33
DGRP_804	M	41
DGRP_804	M	21
DGRP_804	M	35
DGRP_804	M	43
DGRP_804	M	28
DGRP_804	M	28
DGRP_804	M	35
DGRP_804	M	28
DGRP_804	M	37
DGRP_804	M	43
DGRP_804	M	39
DGRP_804	M	42
DGRP_804	M	49
DGRP_804	M	16
DGRP_804	M	31
DGRP_804	M	35
DGRP_804	M	14
DGRP_804	M	28
DGRP_804	M	31
DGRP_804	M	35
DGRP_804	M	56
DGRP_804	M	7
DGRP_804	M	7
DGRP_804	M	7
DGRP_804	M	31
DGRP_804	M	36
DGRP_804	M	39
DGRP_804	M	8
DGRP_804	M	8
DGRP_804	M	35
DGRP_804	M	35
DGRP_804	M	49
DGRP_804	M	56
DGRP_804	M	31
DGRP_804	M	37
DGRP_804	M	43
DGRP_805	F	29
DGRP_805	F	32
DGRP_805	F	46
DGRP_805	F	32
DGRP_805	F	42
DGRP_805	F	43
DGRP_805	F	28
DGRP_805	F	33
DGRP_805	F	46
DGRP_805	F	35
DGRP_805	F	53
DGRP_805	F	56
DGRP_805	F	32
DGRP_805	F	32
DGRP_805	F	38
DGRP_805	F	36
DGRP_805	F	42
DGRP_805	F	7
DGRP_805	F	28
DGRP_805	F	37
DGRP_805	F	31
DGRP_805	F	34
DGRP_805	F	37
DGRP_805	F	49
DGRP_805	F	49
DGRP_805	F	49
DGRP_805	F	36
DGRP_805	F	38
DGRP_805	F	42
DGRP_805	F	42
DGRP_805	F	49
DGRP_805	F	56
DGRP_805	F	14
DGRP_805	F	28
DGRP_805	F	39
DGRP_805	F	42
DGRP_805	F	42
DGRP_805	F	43
DGRP_805	F	4
DGRP_805	F	38
DGRP_805	F	49
DGRP_805	F	17
DGRP_805	F	38
DGRP_805	F	45
DGRP_805	F	7
DGRP_805	F	25
DGRP_805	F	28
DGRP_805	F	11
DGRP_805	F	32
DGRP_805	F	35
DGRP_805	F	32
DGRP_805	F	35
DGRP_805	F	45
DGRP_805	F	35
DGRP_805	F	45
DGRP_805	F	51
DGRP_805	F	35
DGRP_805	F	38
DGRP_805	F	39
DGRP_805	F	11
DGRP_805	F	25
DGRP_805	F	35
DGRP_805	F	7
DGRP_805	F	31
DGRP_805	F	42
DGRP_805	F	28
DGRP_805	F	45
DGRP_805	F	53
DGRP_805	F	11
DGRP_805	F	29
DGRP_805	F	29
DGRP_805	M	38
DGRP_805	M	43
DGRP_805	M	53
DGRP_805	M	46
DGRP_805	M	46
DGRP_805	M	50
DGRP_805	M	32
DGRP_805	M	41
DGRP_805	M	48
DGRP_805	M	32
DGRP_805	M	50
DGRP_805	M	50
DGRP_805	M	32
DGRP_805	M	32
DGRP_805	M	38
DGRP_805	M	21
DGRP_805	M	25
DGRP_805	M	36
DGRP_805	M	31
DGRP_805	M	36
DGRP_805	M	36
DGRP_805	M	31
DGRP_805	M	34
DGRP_805	M	34
DGRP_805	M	49
DGRP_805	M	49
DGRP_805	M	49
DGRP_805	M	34
DGRP_805	M	34
DGRP_805	M	42
DGRP_805	M	42
DGRP_805	M	44
DGRP_805	M	46
DGRP_805	M	32
DGRP_805	M	49
DGRP_805	M	49
DGRP_805	M	38
DGRP_805	M	46
DGRP_805	M	52
DGRP_805	M	7
DGRP_805	M	35
DGRP_805	M	42
DGRP_805	M	35
DGRP_805	M	35
DGRP_805	M	39
DGRP_805	M	35
DGRP_805	M	42
DGRP_805	M	35
DGRP_805	M	35
DGRP_805	M	35
DGRP_805	M	35
DGRP_805	M	35
DGRP_805	M	38
DGRP_805	M	41
DGRP_805	M	42
DGRP_805	M	49
DGRP_805	M	35
DGRP_805	M	35
DGRP_805	M	43
DGRP_805	M	28
DGRP_805	M	35
DGRP_805	M	35
DGRP_805	M	31
DGRP_805	M	35
DGRP_805	M	35
DGRP_805	M	38
DGRP_805	M	43
DGRP_805	M	43
DGRP_805	M	35
DGRP_805	M	35
DGRP_808	F	25
DGRP_808	F	28
DGRP_808	F	28
DGRP_808	F	4
DGRP_808	F	21
DGRP_808	F	28
DGRP_808	F	21
DGRP_808	F	25
DGRP_808	F	28
DGRP_808	F	21
DGRP_808	F	31
DGRP_808	F	32
DGRP_808	F	2
DGRP_808	F	35
DGRP_808	F	38
DGRP_808	F	21
DGRP_808	F	23
DGRP_808	F	35
DGRP_808	F	18
DGRP_808	F	25
DGRP_808	F	32
DGRP_808	F	25
DGRP_808	F	25
DGRP_808	F	32
DGRP_808	F	25
DGRP_808	F	38
DGRP_808	F	53
DGRP_808	F	18
DGRP_808	F	22
DGRP_808	F	29
DGRP_808	F	18
DGRP_808	F	20
DGRP_808	F	46
DGRP_808	F	29
DGRP_808	F	32
DGRP_808	F	36
DGRP_808	F	21
DGRP_808	F	21
DGRP_808	F	35
DGRP_808	F	22
DGRP_808	F	28
DGRP_808	F	28
DGRP_808	F	18
DGRP_808	F	32
DGRP_808	F	39
DGRP_808	F	15
DGRP_808	F	28
DGRP_808	F	28
DGRP_808	F	21
DGRP_808	F	35
DGRP_808	F	42
DGRP_808	F	28
DGRP_808	F	28
DGRP_808	F	35
DGRP_808	F	24
DGRP_808	F	28
DGRP_808	F	30
DGRP_808	F	25
DGRP_808	F	28
DGRP_808	F	30
DGRP_808	F	25
DGRP_808	F	28
DGRP_808	F	30
DGRP_808	F	28
DGRP_808	F	35
DGRP_808	F	35
DGRP_808	F	23
DGRP_808	F	28
DGRP_808	F	35
DGRP_808	F	21
DGRP_808	F	28
DGRP_808	F	28
DGRP_808	M	41
DGRP_808	M	58
DGRP_808	M	65
DGRP_808	M	21
DGRP_808	M	23
DGRP_808	M	36
DGRP_808	M	21
DGRP_808	M	25
DGRP_808	M	30
DGRP_808	M	28
DGRP_808	M	28
DGRP_808	M	35
DGRP_808	M	22
DGRP_808	M	28
DGRP_808	M	35
DGRP_808	M	8
DGRP_808	M	21
DGRP_808	M	35
DGRP_808	M	29
DGRP_808	M	32
DGRP_808	M	38
DGRP_808	M	25
DGRP_808	M	53
DGRP_808	M	18
DGRP_808	M	38
DGRP_808	M	25
DGRP_808	M	38
DGRP_808	M	32
DGRP_808	M	38
DGRP_808	M	46
DGRP_808	M	29
DGRP_808	M	32
DGRP_808	M	60
DGRP_808	M	36
DGRP_808	M	38
DGRP_808	M	38
DGRP_808	M	23
DGRP_808	M	28
DGRP_808	M	28
DGRP_808	M	35
DGRP_808	M	56
DGRP_808	M	21
DGRP_808	M	25
DGRP_808	M	44
DGRP_808	M	21
DGRP_808	M	28
DGRP_808	M	49
DGRP_808	M	25
DGRP_808	M	35
DGRP_808	M	35
DGRP_808	M	35
DGRP_808	M	39
DGRP_808	M	32
DGRP_808	M	32
DGRP_808	M	38
DGRP_808	M	2
DGRP_808	M	21
DGRP_808	M	31
DGRP_808	M	21
DGRP_808	M	28
DGRP_808	M	31
DGRP_808	M	28
DGRP_808	M	28
DGRP_808	M	44
DGRP_808	M	44
DGRP_808	M	49
DGRP_810	F	28
DGRP_810	F	49
DGRP_810	F	14
DGRP_810	F	18
DGRP_810	F	35
DGRP_810	F	28
DGRP_810	F	41
DGRP_810	F	44
DGRP_810	F	30
DGRP_810	F	56
DGRP_810	F	63
DGRP_810	F	56
DGRP_810	F	57
DGRP_810	F	46
DGRP_810	F	48
DGRP_810	F	50
DGRP_810	F	18
DGRP_810	F	33
DGRP_810	F	33
DGRP_810	F	14
DGRP_810	F	18
DGRP_810	F	20
DGRP_810	F	25
DGRP_810	F	46
DGRP_810	F	32
DGRP_810	F	53
DGRP_810	F	19
DGRP_810	F	25
DGRP_810	F	28
DGRP_810	F	35
DGRP_810	F	46
DGRP_810	F	38
DGRP_810	F	50
DGRP_810	F	53
DGRP_810	F	17
DGRP_810	F	32
DGRP_810	F	23
DGRP_810	F	32
DGRP_810	F	38
DGRP_810	F	38
DGRP_810	F	38
DGRP_810	F	56
DGRP_810	F	14
DGRP_810	F	35
DGRP_810	F	46
DGRP_810	F	15
DGRP_810	F	17
DGRP_810	F	50
DGRP_810	F	17
DGRP_810	F	23
DGRP_810	F	24
DGRP_810	F	56
DGRP_810	F	56
DGRP_810	F	58
DGRP_810	F	21
DGRP_810	F	28
DGRP_810	F	28
DGRP_810	F	38
DGRP_810	F	49
DGRP_810	F	60
DGRP_810	M	49
DGRP_810	M	63
DGRP_810	M	63
DGRP_810	M	44
DGRP_810	M	56
DGRP_810	M	56
DGRP_810	M	28
DGRP_810	M	43
DGRP_810	M	63
DGRP_810	M	56
DGRP_810	M	58
DGRP_810	M	60
DGRP_810	M	25
DGRP_810	M	49
DGRP_810	M	58
DGRP_810	M	46
DGRP_810	M	55
DGRP_810	M	67
DGRP_810	M	25
DGRP_810	M	43
DGRP_810	M	55
DGRP_810	M	22
DGRP_810	M	53
DGRP_810	M	54
DGRP_810	M	42
DGRP_810	M	50
DGRP_810	M	67
DGRP_810	M	60
DGRP_810	M	60
DGRP_810	M	60
DGRP_810	M	46
DGRP_810	M	62
DGRP_810	M	63
DGRP_810	M	70
DGRP_810	M	15
DGRP_810	M	52
DGRP_810	M	63
DGRP_810	M	30
DGRP_810	M	56
DGRP_810	M	56
DGRP_810	M	15
DGRP_810	M	46
DGRP_810	M	63
DGRP_810	M	28
DGRP_810	M	42
DGRP_810	M	51
DGRP_810	M	15
DGRP_810	M	46
DGRP_810	M	28
DGRP_810	M	30
DGRP_810	M	42
DGRP_810	M	42
DGRP_810	M	60
DGRP_810	M	60
DGRP_810	M	63
DGRP_810	M	15
DGRP_810	M	52
DGRP_810	M	63
DGRP_810	M	59
DGRP_810	M	60
DGRP_810	M	63
DGRP_812	F	15
DGRP_812	F	49
DGRP_812	F	28
DGRP_812	F	44
DGRP_812	F	53
DGRP_812	F	29
DGRP_812	F	30
DGRP_812	F	41
DGRP_812	F	29
DGRP_812	F	43
DGRP_812	F	49
DGRP_812	F	38
DGRP_812	F	41
DGRP_812	F	43
DGRP_812	F	27
DGRP_812	F	35
DGRP_812	F	46
DGRP_812	F	32
DGRP_812	F	32
DGRP_812	F	46
DGRP_812	F	35
DGRP_812	F	38
DGRP_812	F	14
DGRP_812	F	33
DGRP_812	F	46
DGRP_812	F	18
DGRP_812	F	35
DGRP_812	F	46
DGRP_812	F	38
DGRP_812	F	48
DGRP_812	F	50
DGRP_812	F	44
DGRP_812	F	44
DGRP_812	F	51
DGRP_812	F	30
DGRP_812	F	49
DGRP_812	F	49
DGRP_812	F	32
DGRP_812	F	38
DGRP_812	F	46
DGRP_812	F	7
DGRP_812	F	24
DGRP_812	F	42
DGRP_812	F	35
DGRP_812	F	38
DGRP_812	F	39
DGRP_812	F	28
DGRP_812	F	35
DGRP_812	F	28
DGRP_812	F	38
DGRP_812	F	49
DGRP_812	F	32
DGRP_812	F	38
DGRP_812	F	49
DGRP_812	F	50
DGRP_812	F	50
DGRP_812	F	35
DGRP_812	F	38
DGRP_812	F	51
DGRP_812	F	17
DGRP_812	F	56
DGRP_812	F	56
DGRP_812	F	43
DGRP_812	F	43
DGRP_812	M	32
DGRP_812	M	39
DGRP_812	M	39
DGRP_812	M	46
DGRP_812	M	53
DGRP_812	M	41
DGRP_812	M	41
DGRP_812	M	20
DGRP_812	M	27
DGRP_812	M	38
DGRP_812	M	28
DGRP_812	M	35
DGRP_812	M	38
DGRP_812	M	29
DGRP_812	M	35
DGRP_812	M	43
DGRP_812	M	22
DGRP_812	M	29
DGRP_812	M	35
DGRP_812	M	32
DGRP_812	M	35
DGRP_812	M	35
DGRP_812	M	29
DGRP_812	M	38
DGRP_812	M	40
DGRP_812	M	35
DGRP_812	M	43
DGRP_812	M	46
DGRP_812	M	38
DGRP_812	M	38
DGRP_812	M	46
DGRP_812	M	11
DGRP_812	M	28
DGRP_812	M	39
DGRP_812	M	11
DGRP_812	M	17
DGRP_812	M	38
DGRP_812	M	18
DGRP_812	M	28
DGRP_812	M	36
DGRP_812	M	38
DGRP_812	M	50
DGRP_812	M	56
DGRP_812	M	35
DGRP_812	M	36
DGRP_812	M	36
DGRP_812	M	23
DGRP_812	M	38
DGRP_812	M	38
DGRP_812	M	42
DGRP_812	M	49
DGRP_812	M	42
DGRP_812	M	42
DGRP_812	M	21
DGRP_812	M	35
DGRP_812	M	44
DGRP_812	M	28
DGRP_812	M	35
DGRP_812	M	50
DGRP_812	M	24
DGRP_812	M	28
DGRP_812	M	31
DGRP_812	M	38
DGRP_812	M	49
DGRP_818	F	16
DGRP_818	F	38
DGRP_818	F	42
DGRP_818	F	36
DGRP_818	F	49
DGRP_818	F	49
DGRP_818	F	44
DGRP_818	F	44
DGRP_818	F	44
DGRP_818	F	28
DGRP_818	F	37
DGRP_818	F	44
DGRP_818	F	28
DGRP_818	F	42
DGRP_818	F	42
DGRP_818	F	36
DGRP_818	F	46
DGRP_818	F	49
DGRP_818	F	42
DGRP_818	F	42
DGRP_818	F	49
DGRP_818	F	21
DGRP_818	F	29
DGRP_818	F	44
DGRP_818	F	36
DGRP_818	F	42
DGRP_818	F	49
DGRP_818	F	44
DGRP_818	F	44
DGRP_818	F	44
DGRP_818	F	42
DGRP_818	F	42
DGRP_818	F	44
DGRP_818	F	29
DGRP_818	F	39
DGRP_818	F	39
DGRP_818	F	44
DGRP_818	F	46
DGRP_818	F	46
DGRP_818	F	2
DGRP_818	F	56
DGRP_818	F	56
DGRP_818	F	22
DGRP_818	F	38
DGRP_818	F	1
DGRP_818	F	52
DGRP_818	F	63
DGRP_818	F	49
DGRP_818	F	49
DGRP_818	F	49
DGRP_818	F	42
DGRP_818	F	49
DGRP_818	F	49
DGRP_818	F	14
DGRP_818	F	42
DGRP_818	F	43
DGRP_818	F	42
DGRP_818	F	49
DGRP_818	F	60
DGRP_818	F	42
DGRP_818	F	42
DGRP_818	F	43
DGRP_818	F	42
DGRP_818	F	42
DGRP_818	F	42
DGRP_818	F	31
DGRP_818	F	35
DGRP_818	F	43
DGRP_818	M	42
DGRP_818	M	44
DGRP_818	M	49
DGRP_818	M	7
DGRP_818	M	44
DGRP_818	M	32
DGRP_818	M	34
DGRP_818	M	37
DGRP_818	M	31
DGRP_818	M	31
DGRP_818	M	37
DGRP_818	M	14
DGRP_818	M	42
DGRP_818	M	42
DGRP_818	M	42
DGRP_818	M	42
DGRP_818	M	42
DGRP_818	M	21
DGRP_818	M	44
DGRP_818	M	46
DGRP_818	M	23
DGRP_818	M	28
DGRP_818	M	42
DGRP_818	M	37
DGRP_818	M	44
DGRP_818	M	49
DGRP_818	M	34
DGRP_818	M	44
DGRP_818	M	44
DGRP_818	M	42
DGRP_818	M	44
DGRP_818	M	44
DGRP_818	M	31
DGRP_818	M	31
DGRP_818	M	38
DGRP_818	M	17
DGRP_818	M	44
DGRP_818	M	46
DGRP_818	M	9
DGRP_818	M	28
DGRP_818	M	50
DGRP_818	M	38
DGRP_818	M	38
DGRP_818	M	38
DGRP_818	M	17
DGRP_818	M	46
DGRP_818	M	49
DGRP_818	M	28
DGRP_818	M	49
DGRP_818	M	37
DGRP_818	M	38
DGRP_818	M	39
DGRP_818	M	42
DGRP_818	M	42
DGRP_818	M	43
DGRP_818	M	42
DGRP_818	M	43
DGRP_818	M	49
DGRP_818	M	23
DGRP_818	M	42
DGRP_818	M	42
DGRP_818	M	42
DGRP_818	M	42
DGRP_818	M	42
DGRP_818	M	43
DGRP_818	M	56
DGRP_818	M	69
DGRP_819	F	21
DGRP_819	F	28
DGRP_819	F	50
DGRP_819	F	11
DGRP_819	F	14
DGRP_819	F	17
DGRP_819	F	21
DGRP_819	F	37
DGRP_819	F	42
DGRP_819	F	9
DGRP_819	F	28
DGRP_819	F	39
DGRP_819	F	8
DGRP_819	F	20
DGRP_819	F	29
DGRP_819	F	7
DGRP_819	F	8
DGRP_819	F	19
DGRP_819	F	11
DGRP_819	F	25
DGRP_819	F	25
DGRP_819	F	11
DGRP_819	F	13
DGRP_819	F	18
DGRP_819	F	18
DGRP_819	F	28
DGRP_819	F	19
DGRP_819	F	19
DGRP_819	F	41
DGRP_819	F	18
DGRP_819	F	25
DGRP_819	F	26
DGRP_819	F	28
DGRP_819	F	31
DGRP_819	F	36
DGRP_819	F	14
DGRP_819	F	35
DGRP_819	F	59
DGRP_819	F	11
DGRP_819	F	14
DGRP_819	F	28
DGRP_819	F	7
DGRP_819	F	11
DGRP_819	F	36
DGRP_819	F	18
DGRP_819	F	42
DGRP_819	F	14
DGRP_819	F	28
DGRP_819	F	29
DGRP_819	F	21
DGRP_819	F	28
DGRP_819	F	31
DGRP_819	F	14
DGRP_819	F	35
DGRP_819	F	35
DGRP_819	F	23
DGRP_819	F	23
DGRP_819	F	28
DGRP_819	F	21
DGRP_819	F	31
DGRP_819	F	42
DGRP_819	F	24
DGRP_819	F	28
DGRP_819	F	35
DGRP_819	F	14
DGRP_819	F	28
DGRP_819	F	28
DGRP_819	M	31
DGRP_819	M	34
DGRP_819	M	34
DGRP_819	M	49
DGRP_819	M	49
DGRP_819	M	37
DGRP_819	M	42
DGRP_819	M	34
DGRP_819	M	39
DGRP_819	M	49
DGRP_819	M	19
DGRP_819	M	67
DGRP_819	M	41
DGRP_819	M	50
DGRP_819	M	60
DGRP_819	M	46
DGRP_819	M	53
DGRP_819	M	60
DGRP_819	M	20
DGRP_819	M	46
DGRP_819	M	46
DGRP_819	M	28
DGRP_819	M	53
DGRP_819	M	60
DGRP_819	M	28
DGRP_819	M	34
DGRP_819	M	62
DGRP_819	M	26
DGRP_819	M	34
DGRP_819	M	41
DGRP_819	M	34
DGRP_819	M	34
DGRP_819	M	43
DGRP_819	M	49
DGRP_819	M	49
DGRP_819	M	51
DGRP_819	M	28
DGRP_819	M	42
DGRP_819	M	53
DGRP_819	M	31
DGRP_819	M	35
DGRP_819	M	45
DGRP_819	M	35
DGRP_819	M	35
DGRP_819	M	42
DGRP_819	M	43
DGRP_819	M	49
DGRP_819	M	49
DGRP_819	M	29
DGRP_819	M	39
DGRP_819	M	28
DGRP_819	M	42
DGRP_819	M	49
DGRP_819	M	28
DGRP_819	M	36
DGRP_819	M	39
DGRP_819	M	23
DGRP_819	M	25
DGRP_819	M	37
DGRP_819	M	18
DGRP_819	M	42
DGRP_819	M	45
DGRP_819	M	15
DGRP_819	M	36
DGRP_819	M	51
DGRP_820	F	72
DGRP_820	F	72
DGRP_820	F	72
DGRP_820	F	54
DGRP_820	F	72
DGRP_820	F	44
DGRP_820	F	62
DGRP_820	F	37
DGRP_820	F	37
DGRP_820	F	18
DGRP_820	F	25
DGRP_820	F	33
DGRP_820	F	53
DGRP_820	F	53
DGRP_820	F	34
DGRP_820	F	42
DGRP_820	F	46
DGRP_820	F	49
DGRP_820	F	51
DGRP_820	F	31
DGRP_820	F	51
DGRP_820	F	49
DGRP_820	F	49
DGRP_820	F	63
DGRP_820	F	30
DGRP_820	F	43
DGRP_820	F	36
DGRP_820	F	42
DGRP_820	F	49
DGRP_820	F	42
DGRP_820	F	49
DGRP_820	F	63
DGRP_820	F	35
DGRP_820	F	44
DGRP_820	F	63
DGRP_820	F	45
DGRP_820	F	49
DGRP_820	F	91
DGRP_820	F	49
DGRP_820	F	52
DGRP_820	F	44
DGRP_820	F	51
DGRP_820	F	53
DGRP_820	F	28
DGRP_820	F	49
DGRP_820	F	71
DGRP_820	M	52
DGRP_820	M	53
DGRP_820	M	41
DGRP_820	M	58
DGRP_820	M	58
DGRP_820	M	47
DGRP_820	M	55
DGRP_820	M	72
DGRP_820	M	37
DGRP_820	M	52
DGRP_820	M	72
DGRP_820	M	51
DGRP_820	M	79
DGRP_820	M	25
DGRP_820	M	39
DGRP_820	M	53
DGRP_820	M	36
DGRP_820	M	60
DGRP_820	M	67
DGRP_820	M	9
DGRP_820	M	67
DGRP_820	M	58
DGRP_820	M	58
DGRP_820	M	72
DGRP_820	M	70
DGRP_820	M	77
DGRP_820	M	45
DGRP_820	M	46
DGRP_820	M	49
DGRP_820	M	49
DGRP_820	M	52
DGRP_820	M	53
DGRP_820	M	53
DGRP_820	M	60
DGRP_820	M	63
DGRP_820	M	64
DGRP_820	M	28
DGRP_820	M	63
DGRP_820	M	24
DGRP_820	M	52
DGRP_820	M	66
DGRP_820	M	42
DGRP_820	M	49
DGRP_820	M	53
DGRP_820	M	28
DGRP_820	M	60
DGRP_820	M	63
DGRP_821	F	49
DGRP_821	F	65
DGRP_821	F	65
DGRP_821	F	49
DGRP_821	F	53
DGRP_821	F	63
DGRP_821	F	57
DGRP_821	F	63
DGRP_821	F	56
DGRP_821	F	65
DGRP_821	F	65
DGRP_821	F	30
DGRP_821	F	31
DGRP_821	F	59
DGRP_821	F	37
DGRP_821	F	51
DGRP_821	F	65
DGRP_821	F	57
DGRP_821	F	63
DGRP_821	F	65
DGRP_821	F	37
DGRP_821	F	63
DGRP_821	F	63
DGRP_821	F	50
DGRP_821	F	59
DGRP_821	F	60
DGRP_821	F	70
DGRP_821	F	77
DGRP_821	F	84
DGRP_821	F	56
DGRP_821	F	56
DGRP_821	F	63
DGRP_821	F	56
DGRP_821	F	58
DGRP_821	F	77
DGRP_821	F	50
DGRP_821	F	63
DGRP_821	F	64
DGRP_821	F	46
DGRP_821	F	50
DGRP_821	F	63
DGRP_821	F	61
DGRP_821	F	67
DGRP_821	F	67
DGRP_821	F	55
DGRP_821	F	61
DGRP_821	F	73
DGRP_821	F	48
DGRP_821	F	63
DGRP_821	F	73
DGRP_821	F	60
DGRP_821	F	63
DGRP_821	F	73
DGRP_821	F	55
DGRP_821	F	64
DGRP_821	F	73
DGRP_821	F	39
DGRP_821	F	61
DGRP_821	F	67
DGRP_821	F	12
DGRP_821	F	46
DGRP_821	F	46
DGRP_821	F	66
DGRP_821	F	66
DGRP_821	F	66
DGRP_821	F	62
DGRP_821	F	67
DGRP_821	F	69
DGRP_821	M	42
DGRP_821	M	49
DGRP_821	M	57
DGRP_821	M	49
DGRP_821	M	49
DGRP_821	M	63
DGRP_821	M	43
DGRP_821	M	46
DGRP_821	M	57
DGRP_821	M	44
DGRP_821	M	49
DGRP_821	M	42
DGRP_821	M	45
DGRP_821	M	49
DGRP_821	M	37
DGRP_821	M	49
DGRP_821	M	70
DGRP_821	M	21
DGRP_821	M	30
DGRP_821	M	42
DGRP_821	M	30
DGRP_821	M	49
DGRP_821	M	50
DGRP_821	M	30
DGRP_821	M	49
DGRP_821	M	50
DGRP_821	M	27
DGRP_821	M	32
DGRP_821	M	50
DGRP_821	M	27
DGRP_821	M	49
DGRP_821	M	49
DGRP_821	M	50
DGRP_821	M	50
DGRP_821	M	49
DGRP_821	M	50
DGRP_821	M	50
DGRP_821	M	45
DGRP_821	M	45
DGRP_821	M	46
DGRP_821	M	12
DGRP_821	M	25
DGRP_821	M	60
DGRP_821	M	27
DGRP_821	M	47
DGRP_821	M	55
DGRP_821	M	47
DGRP_821	M	48
DGRP_821	M	47
DGRP_821	M	47
DGRP_821	M	53
DGRP_821	M	32
DGRP_821	M	47
DGRP_821	M	48
DGRP_821	M	32
DGRP_821	M	53
DGRP_821	M	55
DGRP_821	M	12
DGRP_821	M	43
DGRP_821	M	61
DGRP_821	M	48
DGRP_821	M	53
DGRP_821	M	61
DGRP_821	M	55
DGRP_821	M	55
DGRP_821	M	62
DGRP_822	F	41
DGRP_822	F	42
DGRP_822	F	46
DGRP_822	F	31
DGRP_822	F	36
DGRP_822	F	36
DGRP_822	F	25
DGRP_822	F	31
DGRP_822	F	33
DGRP_822	F	18
DGRP_822	F	39
DGRP_822	F	46
DGRP_822	F	33
DGRP_822	F	39
DGRP_822	F	31
DGRP_822	F	43
DGRP_822	F	49
DGRP_822	F	36
DGRP_822	F	41
DGRP_822	F	46
DGRP_822	F	28
DGRP_822	F	46
DGRP_822	F	50
DGRP_822	F	28
DGRP_822	F	39
DGRP_822	F	41
DGRP_822	F	25
DGRP_822	F	33
DGRP_822	F	41
DGRP_822	F	25
DGRP_822	F	25
DGRP_822	F	33
DGRP_822	F	33
DGRP_822	F	36
DGRP_822	F	15
DGRP_822	F	17
DGRP_822	F	24
DGRP_822	F	28
DGRP_822	F	32
DGRP_822	F	30
DGRP_822	F	38
DGRP_822	F	38
DGRP_822	F	32
DGRP_822	F	40
DGRP_822	F	50
DGRP_822	F	39
DGRP_822	F	46
DGRP_822	F	50
DGRP_822	F	34
DGRP_822	F	40
DGRP_822	F	46
DGRP_822	F	40
DGRP_822	F	40
DGRP_822	F	46
DGRP_822	F	32
DGRP_822	F	46
DGRP_822	F	34
DGRP_822	F	40
DGRP_822	F	48
DGRP_822	F	28
DGRP_822	F	42
DGRP_822	F	46
DGRP_822	F	32
DGRP_822	F	50
DGRP_822	F	60
DGRP_822	F	33
DGRP_822	F	35
DGRP_822	F	36
DGRP_822	M	46
DGRP_822	M	53
DGRP_822	M	53
DGRP_822	M	39
DGRP_822	M	46
DGRP_822	M	46
DGRP_822	M	31
DGRP_822	M	46
DGRP_822	M	46
DGRP_822	M	46
DGRP_822	M	53
DGRP_822	M	67
DGRP_822	M	36
DGRP_822	M	53
DGRP_822	M	61
DGRP_822	M	46
DGRP_822	M	46
DGRP_822	M	50
DGRP_822	M	46
DGRP_822	M	47
DGRP_822	M	50
DGRP_822	M	50
DGRP_822	M	53
DGRP_822	M	41
DGRP_822	M	46
DGRP_822	M	39
DGRP_822	M	48
DGRP_822	M	50
DGRP_822	M	29
DGRP_822	M	31
DGRP_822	M	46
DGRP_822	M	41
DGRP_822	M	46
DGRP_822	M	46
DGRP_822	M	28
DGRP_822	M	58
DGRP_822	M	28
DGRP_822	M	28
DGRP_822	M	50
DGRP_822	M	35
DGRP_822	M	35
DGRP_822	M	44
DGRP_822	M	46
DGRP_822	M	50
DGRP_822	M	66
DGRP_822	M	42
DGRP_822	M	55
DGRP_822	M	60
DGRP_822	M	46
DGRP_822	M	53
DGRP_822	M	60
DGRP_822	M	48
DGRP_822	M	49
DGRP_822	M	53
DGRP_822	M	40
DGRP_822	M	42
DGRP_822	M	46
DGRP_822	M	48
DGRP_822	M	53
DGRP_822	M	66
DGRP_822	M	46
DGRP_822	M	46
DGRP_822	M	46
DGRP_822	M	53
DGRP_822	M	53
DGRP_822	M	60
DGRP_822	M	46
DGRP_822	M	53
DGRP_822	M	60
DGRP_832	F	36
DGRP_832	F	39
DGRP_832	F	43
DGRP_832	F	46
DGRP_832	F	48
DGRP_832	F	31
DGRP_832	F	34
DGRP_832	F	39
DGRP_832	F	18
DGRP_832	F	25
DGRP_832	F	39
DGRP_832	F	31
DGRP_832	F	39
DGRP_832	F	39
DGRP_832	F	28
DGRP_832	F	34
DGRP_832	F	39
DGRP_832	F	25
DGRP_832	F	39
DGRP_832	F	46
DGRP_832	F	31
DGRP_832	F	41
DGRP_832	F	43
DGRP_832	F	28
DGRP_832	F	34
DGRP_832	F	34
DGRP_832	F	31
DGRP_832	F	34
DGRP_832	F	34
DGRP_832	F	25
DGRP_832	F	28
DGRP_832	F	39
DGRP_832	F	20
DGRP_832	F	31
DGRP_832	F	34
DGRP_832	F	28
DGRP_832	F	35
DGRP_832	F	35
DGRP_832	F	21
DGRP_832	F	24
DGRP_832	F	25
DGRP_832	F	17
DGRP_832	F	32
DGRP_832	F	35
DGRP_832	F	30
DGRP_832	F	30
DGRP_832	F	35
DGRP_832	F	21
DGRP_832	F	42
DGRP_832	F	42
DGRP_832	F	30
DGRP_832	F	30
DGRP_832	F	38
DGRP_832	F	22
DGRP_832	F	30
DGRP_832	F	35
DGRP_832	F	46
DGRP_832	F	46
DGRP_832	F	35
DGRP_832	F	39
DGRP_832	F	46
DGRP_832	F	39
DGRP_832	F	39
DGRP_832	F	25
DGRP_832	F	32
DGRP_832	F	40
DGRP_832	F	15
DGRP_832	F	25
DGRP_832	F	25
DGRP_832	M	42
DGRP_832	M	43
DGRP_832	M	43
DGRP_832	M	31
DGRP_832	M	48
DGRP_832	M	53
DGRP_832	M	4
DGRP_832	M	20
DGRP_832	M	36
DGRP_832	M	39
DGRP_832	M	43
DGRP_832	M	53
DGRP_832	M	39
DGRP_832	M	39
DGRP_832	M	50
DGRP_832	M	39
DGRP_832	M	39
DGRP_832	M	39
DGRP_832	M	25
DGRP_832	M	41
DGRP_832	M	46
DGRP_832	M	25
DGRP_832	M	41
DGRP_832	M	41
DGRP_832	M	33
DGRP_832	M	46
DGRP_832	M	46
DGRP_832	M	28
DGRP_832	M	46
DGRP_832	M	46
DGRP_832	M	50
DGRP_832	M	53
DGRP_832	M	34
DGRP_832	M	34
DGRP_832	M	34
DGRP_832	M	15
DGRP_832	M	28
DGRP_832	M	32
DGRP_832	M	28
DGRP_832	M	32
DGRP_832	M	35
DGRP_832	M	32
DGRP_832	M	35
DGRP_832	M	35
DGRP_832	M	14
DGRP_832	M	35
DGRP_832	M	38
DGRP_832	M	49
DGRP_832	M	49
DGRP_832	M	38
DGRP_832	M	38
DGRP_832	M	38
DGRP_832	M	30
DGRP_832	M	35
DGRP_832	M	35
DGRP_832	M	46
DGRP_832	M	46
DGRP_832	M	46
DGRP_832	M	43
DGRP_832	M	46
DGRP_832	M	46
DGRP_832	M	14
DGRP_832	M	47
DGRP_832	M	47
DGRP_832	M	40
DGRP_832	M	53
DGRP_832	M	53
DGRP_832	M	25
DGRP_832	M	40
DGRP_832	M	40
DGRP_837	F	24
DGRP_837	F	24
DGRP_837	F	27
DGRP_837	F	16
DGRP_837	F	24
DGRP_837	F	17
DGRP_837	F	18
DGRP_837	F	35
DGRP_837	F	18
DGRP_837	F	24
DGRP_837	F	29
DGRP_837	F	14
DGRP_837	F	14
DGRP_837	F	43
DGRP_837	F	21
DGRP_837	F	39
DGRP_837	F	53
DGRP_837	F	14
DGRP_837	F	21
DGRP_837	F	37
DGRP_837	F	42
DGRP_837	F	18
DGRP_837	F	24
DGRP_837	F	35
DGRP_837	F	24
DGRP_837	F	32
DGRP_837	F	42
DGRP_837	F	27
DGRP_837	F	43
DGRP_837	F	45
DGRP_837	F	21
DGRP_837	F	25
DGRP_837	F	30
DGRP_837	F	42
DGRP_837	F	49
DGRP_837	F	71
DGRP_837	F	30
DGRP_837	F	38
DGRP_837	F	42
DGRP_837	F	7
DGRP_837	F	17
DGRP_837	F	44
DGRP_837	F	28
DGRP_837	F	39
DGRP_837	F	44
DGRP_837	F	21
DGRP_837	F	35
DGRP_837	F	38
DGRP_837	F	11
DGRP_837	F	20
DGRP_837	F	25
DGRP_837	F	22
DGRP_837	F	25
DGRP_837	F	32
DGRP_837	F	41
DGRP_837	F	49
DGRP_837	F	53
DGRP_837	F	21
DGRP_837	F	21
DGRP_837	F	21
DGRP_837	F	28
DGRP_837	F	29
DGRP_837	F	39
DGRP_837	F	18
DGRP_837	F	28
DGRP_837	F	29
DGRP_837	F	28
DGRP_837	F	32
DGRP_837	F	32
DGRP_837	M	60
DGRP_837	M	63
DGRP_837	M	63
DGRP_837	M	63
DGRP_837	M	72
DGRP_837	M	72
DGRP_837	M	29
DGRP_837	M	65
DGRP_837	M	65
DGRP_837	M	63
DGRP_837	M	63
DGRP_837	M	70
DGRP_837	M	63
DGRP_837	M	63
DGRP_837	M	63
DGRP_837	M	63
DGRP_837	M	63
DGRP_837	M	63
DGRP_837	M	63
DGRP_837	M	63
DGRP_837	M	63
DGRP_837	M	63
DGRP_837	M	56
DGRP_837	M	63
DGRP_837	M	71
DGRP_837	M	42
DGRP_837	M	49
DGRP_837	M	59
DGRP_837	M	65
DGRP_837	M	65
DGRP_837	M	63
DGRP_837	M	63
DGRP_837	M	65
DGRP_837	M	70
DGRP_837	M	70
DGRP_837	M	35
DGRP_837	M	42
DGRP_837	M	56
DGRP_837	M	49
DGRP_837	M	56
DGRP_837	M	58
DGRP_837	M	58
DGRP_837	M	65
DGRP_837	M	28
DGRP_837	M	38
DGRP_837	M	70
DGRP_837	M	67
DGRP_837	M	73
DGRP_837	M	81
DGRP_837	M	32
DGRP_837	M	32
DGRP_837	M	73
DGRP_837	M	53
DGRP_837	M	53
DGRP_837	M	67
DGRP_837	M	56
DGRP_837	M	62
DGRP_837	M	62
DGRP_837	M	42
DGRP_837	M	70
DGRP_837	M	70
DGRP_837	M	62
DGRP_837	M	62
DGRP_837	M	62
DGRP_837	M	56
DGRP_837	M	56
DGRP_837	M	56
DGRP_843	F	50
DGRP_843	F	50
DGRP_843	F	53
DGRP_843	F	22
DGRP_843	F	46
DGRP_843	F	26
DGRP_843	F	57
DGRP_843	F	13
DGRP_843	F	43
DGRP_843	F	43
DGRP_843	F	34
DGRP_843	F	48
DGRP_843	F	22
DGRP_843	F	56
DGRP_843	F	57
DGRP_843	F	39
DGRP_843	F	50
DGRP_843	F	53
DGRP_843	F	42
DGRP_843	F	50
DGRP_843	F	53
DGRP_843	F	53
DGRP_843	F	53
DGRP_843	F	32
DGRP_843	F	46
DGRP_843	F	53
DGRP_843	F	18
DGRP_843	F	21
DGRP_843	F	53
DGRP_843	F	25
DGRP_843	F	53
DGRP_843	F	55
DGRP_843	F	53
DGRP_843	F	60
DGRP_843	F	60
DGRP_843	F	53
DGRP_843	F	55
DGRP_843	F	60
DGRP_843	F	25
DGRP_843	F	45
DGRP_843	F	53
DGRP_843	F	34
DGRP_843	F	41
DGRP_843	F	53
DGRP_843	F	33
DGRP_843	F	48
DGRP_843	F	50
DGRP_843	F	40
DGRP_843	F	45
DGRP_843	F	60
DGRP_843	F	39
DGRP_843	F	46
DGRP_843	F	49
DGRP_843	F	54
DGRP_843	F	60
DGRP_843	F	4
DGRP_843	F	46
DGRP_843	F	53
DGRP_843	F	45
DGRP_843	F	54
DGRP_843	F	54
DGRP_843	F	42
DGRP_843	F	50
DGRP_843	F	53
DGRP_843	M	55
DGRP_843	M	57
DGRP_843	M	43
DGRP_843	M	53
DGRP_843	M	61
DGRP_843	M	57
DGRP_843	M	60
DGRP_843	M	60
DGRP_843	M	29
DGRP_843	M	46
DGRP_843	M	63
DGRP_843	M	46
DGRP_843	M	57
DGRP_843	M	60
DGRP_843	M	29
DGRP_843	M	60
DGRP_843	M	49
DGRP_843	M	53
DGRP_843	M	53
DGRP_843	M	53
DGRP_843	M	53
DGRP_843	M	53
DGRP_843	M	46
DGRP_843	M	60
DGRP_843	M	32
DGRP_843	M	39
DGRP_843	M	25
DGRP_843	M	48
DGRP_843	M	53
DGRP_843	M	53
DGRP_843	M	60
DGRP_843	M	60
DGRP_843	M	55
DGRP_843	M	60
DGRP_843	M	60
DGRP_843	M	50
DGRP_843	M	53
DGRP_843	M	60
DGRP_843	M	39
DGRP_843	M	48
DGRP_843	M	49
DGRP_843	M	48
DGRP_843	M	53
DGRP_843	M	53
DGRP_843	M	49
DGRP_843	M	50
DGRP_843	M	53
DGRP_843	M	54
DGRP_843	M	60
DGRP_843	M	60
DGRP_843	M	32
DGRP_843	M	50
DGRP_843	M	60
DGRP_843	M	32
DGRP_843	M	53
DGRP_843	M	53
DGRP_843	M	53
DGRP_843	M	60
DGRP_843	M	45
DGRP_843	M	60
DGRP_843	M	60
DGRP_843	M	53
DGRP_843	M	60
DGRP_843	M	60
DGRP_849	F	35
DGRP_849	F	35
DGRP_849	F	50
DGRP_849	F	25
DGRP_849	F	27
DGRP_849	F	53
DGRP_849	F	36
DGRP_849	F	46
DGRP_849	F	53
DGRP_849	F	32
DGRP_849	F	38
DGRP_849	F	43
DGRP_849	F	27
DGRP_849	F	32
DGRP_849	F	54
DGRP_849	F	10
DGRP_849	F	27
DGRP_849	F	42
DGRP_849	F	26
DGRP_849	F	28
DGRP_849	F	34
DGRP_849	F	22
DGRP_849	F	28
DGRP_849	F	28
DGRP_849	F	28
DGRP_849	F	46
DGRP_849	F	46
DGRP_849	F	13
DGRP_849	F	25
DGRP_849	F	34
DGRP_849	F	31
DGRP_849	F	38
DGRP_849	F	49
DGRP_849	F	28
DGRP_849	F	46
DGRP_849	F	30
DGRP_849	F	32
DGRP_849	F	21
DGRP_849	F	28
DGRP_849	F	28
DGRP_849	F	21
DGRP_849	F	52
DGRP_849	F	53
DGRP_849	F	32
DGRP_849	F	35
DGRP_849	F	35
DGRP_849	F	22
DGRP_849	F	23
DGRP_849	F	28
DGRP_849	F	14
DGRP_849	F	28
DGRP_849	F	28
DGRP_849	F	17
DGRP_849	F	56
DGRP_849	F	56
DGRP_849	F	31
DGRP_849	F	49
DGRP_849	F	49
DGRP_849	F	30
DGRP_849	F	42
DGRP_849	F	42
DGRP_849	F	21
DGRP_849	F	35
DGRP_849	F	39
DGRP_849	M	35
DGRP_849	M	35
DGRP_849	M	38
DGRP_849	M	50
DGRP_849	M	53
DGRP_849	M	41
DGRP_849	M	42
DGRP_849	M	53
DGRP_849	M	32
DGRP_849	M	43
DGRP_849	M	29
DGRP_849	M	55
DGRP_849	M	40
DGRP_849	M	60
DGRP_849	M	14
DGRP_849	M	39
DGRP_849	M	60
DGRP_849	M	32
DGRP_849	M	60
DGRP_849	M	61
DGRP_849	M	39
DGRP_849	M	39
DGRP_849	M	39
DGRP_849	M	35
DGRP_849	M	42
DGRP_849	M	46
DGRP_849	M	30
DGRP_849	M	42
DGRP_849	M	44
DGRP_849	M	30
DGRP_849	M	39
DGRP_849	M	42
DGRP_849	M	50
DGRP_849	M	50
DGRP_849	M	60
DGRP_849	M	28
DGRP_849	M	35
DGRP_849	M	38
DGRP_849	M	35
DGRP_849	M	49
DGRP_849	M	49
DGRP_849	M	31
DGRP_849	M	35
DGRP_849	M	35
DGRP_849	M	50
DGRP_849	M	58
DGRP_849	M	63
DGRP_849	M	35
DGRP_849	M	35
DGRP_849	M	35
DGRP_849	M	15
DGRP_849	M	21
DGRP_849	M	56
DGRP_849	M	25
DGRP_849	M	49
DGRP_849	M	59
DGRP_849	M	35
DGRP_849	M	38
DGRP_849	M	42
DGRP_849	M	35
DGRP_849	M	47
DGRP_849	M	47
DGRP_850	F	24
DGRP_850	F	27
DGRP_850	F	21
DGRP_850	F	30
DGRP_850	F	17
DGRP_850	F	18
DGRP_850	F	21
DGRP_850	F	35
DGRP_850	F	39
DGRP_850	F	14
DGRP_850	F	14
DGRP_850	F	16
DGRP_850	F	18
DGRP_850	F	18
DGRP_850	F	15
DGRP_850	F	17
DGRP_850	F	24
DGRP_850	F	14
DGRP_850	F	21
DGRP_850	F	22
DGRP_850	F	24
DGRP_850	F	27
DGRP_850	F	35
DGRP_850	F	15
DGRP_850	F	21
DGRP_850	F	24
DGRP_850	F	21
DGRP_850	F	30
DGRP_850	F	37
DGRP_850	F	14
DGRP_850	F	15
DGRP_850	F	21
DGRP_850	F	14
DGRP_850	F	21
DGRP_850	F	21
DGRP_850	F	14
DGRP_850	F	18
DGRP_850	F	21
DGRP_850	F	21
DGRP_850	F	21
DGRP_850	F	30
DGRP_850	F	21
DGRP_850	F	25
DGRP_850	F	30
DGRP_850	F	10
DGRP_850	F	23
DGRP_850	F	28
DGRP_850	F	17
DGRP_850	F	28
DGRP_850	F	30
DGRP_850	F	21
DGRP_850	F	21
DGRP_850	F	28
DGRP_850	F	10
DGRP_850	F	28
DGRP_850	F	30
DGRP_850	F	9
DGRP_850	F	21
DGRP_850	F	25
DGRP_850	F	6
DGRP_850	F	22
DGRP_850	F	27
DGRP_850	F	18
DGRP_850	F	20
DGRP_850	F	25
DGRP_850	F	25
DGRP_850	F	25
DGRP_850	M	35
DGRP_850	M	46
DGRP_850	M	46
DGRP_850	M	27
DGRP_850	M	37
DGRP_850	M	11
DGRP_850	M	35
DGRP_850	M	49
DGRP_850	M	22
DGRP_850	M	24
DGRP_850	M	39
DGRP_850	M	21
DGRP_850	M	27
DGRP_850	M	35
DGRP_850	M	14
DGRP_850	M	49
DGRP_850	M	49
DGRP_850	M	21
DGRP_850	M	24
DGRP_850	M	35
DGRP_850	M	35
DGRP_850	M	35
DGRP_850	M	21
DGRP_850	M	21
DGRP_850	M	21
DGRP_850	M	35
DGRP_850	M	37
DGRP_850	M	42
DGRP_850	M	32
DGRP_850	M	32
DGRP_850	M	27
DGRP_850	M	30
DGRP_850	M	30
DGRP_850	M	18
DGRP_850	M	21
DGRP_850	M	25
DGRP_850	M	17
DGRP_850	M	21
DGRP_850	M	21
DGRP_850	M	18
DGRP_850	M	21
DGRP_850	M	23
DGRP_850	M	21
DGRP_850	M	28
DGRP_850	M	31
DGRP_850	M	23
DGRP_850	M	23
DGRP_850	M	32
DGRP_850	M	17
DGRP_850	M	21
DGRP_850	M	21
DGRP_850	M	21
DGRP_850	M	21
DGRP_850	M	21
DGRP_850	M	21
DGRP_850	M	21
DGRP_850	M	21
DGRP_850	M	21
DGRP_850	M	21
DGRP_850	M	28
DGRP_850	M	18
DGRP_850	M	20
DGRP_850	M	39
DGRP_850	M	18
DGRP_850	M	25
DGRP_850	M	25
DGRP_850	M	18
DGRP_850	M	25
DGRP_850	M	35
DGRP_852	F	53
DGRP_852	F	62
DGRP_852	F	91
DGRP_852	F	43
DGRP_852	F	49
DGRP_852	F	54
DGRP_852	F	25
DGRP_852	F	55
DGRP_852	F	46
DGRP_852	F	48
DGRP_852	F	54
DGRP_852	F	39
DGRP_852	F	47
DGRP_852	F	64
DGRP_852	F	31
DGRP_852	F	52
DGRP_852	F	74
DGRP_852	F	73
DGRP_852	F	73
DGRP_852	F	61
DGRP_852	F	61
DGRP_852	F	62
DGRP_852	F	40
DGRP_852	F	53
DGRP_852	F	59
DGRP_852	F	46
DGRP_852	F	53
DGRP_852	F	57
DGRP_852	F	49
DGRP_852	F	56
DGRP_852	F	59
DGRP_852	F	102
DGRP_852	F	42
DGRP_852	F	63
DGRP_852	F	63
DGRP_852	F	49
DGRP_852	F	53
DGRP_852	F	53
DGRP_852	F	46
DGRP_852	F	64
DGRP_852	F	66
DGRP_852	F	46
DGRP_852	F	52
DGRP_852	F	53
DGRP_852	F	46
DGRP_852	F	53
DGRP_852	F	58
DGRP_852	F	49
DGRP_852	F	60
DGRP_852	F	63
DGRP_852	F	60
DGRP_852	F	60
DGRP_852	F	70
DGRP_852	F	39
DGRP_852	F	49
DGRP_852	F	59
DGRP_852	F	56
DGRP_852	F	63
DGRP_852	F	63
DGRP_852	F	56
DGRP_852	F	67
DGRP_852	F	67
DGRP_852	M	48
DGRP_852	M	53
DGRP_852	M	67
DGRP_852	M	49
DGRP_852	M	50
DGRP_852	M	69
DGRP_852	M	46
DGRP_852	M	53
DGRP_852	M	53
DGRP_852	M	42
DGRP_852	M	53
DGRP_852	M	53
DGRP_852	M	36
DGRP_852	M	53
DGRP_852	M	49
DGRP_852	M	54
DGRP_852	M	39
DGRP_852	M	59
DGRP_852	M	39
DGRP_852	M	39
DGRP_852	M	55
DGRP_852	M	10
DGRP_852	M	39
DGRP_852	M	52
DGRP_852	M	39
DGRP_852	M	53
DGRP_852	M	56
DGRP_852	M	28
DGRP_852	M	46
DGRP_852	M	52
DGRP_852	M	56
DGRP_852	M	78
DGRP_852	M	46
DGRP_852	M	60
DGRP_852	M	63
DGRP_852	M	30
DGRP_852	M	42
DGRP_852	M	51
DGRP_852	M	52
DGRP_852	M	56
DGRP_852	M	52
DGRP_852	M	63
DGRP_852	M	56
DGRP_852	M	80
DGRP_852	M	80
DGRP_852	M	22
DGRP_852	M	50
DGRP_852	M	57
DGRP_852	M	49
DGRP_852	M	56
DGRP_852	M	63
DGRP_852	M	49
DGRP_852	M	49
DGRP_852	M	49
DGRP_852	M	28
DGRP_852	M	51
DGRP_852	M	60
DGRP_852	M	30
DGRP_852	M	63
DGRP_852	M	67
DGRP_853	F	22
DGRP_853	F	31
DGRP_853	F	33
DGRP_853	F	25
DGRP_853	F	49
DGRP_853	F	53
DGRP_853	F	36
DGRP_853	F	46
DGRP_853	F	47
DGRP_853	F	20
DGRP_853	F	22
DGRP_853	F	28
DGRP_853	F	18
DGRP_853	F	31
DGRP_853	F	46
DGRP_853	F	28
DGRP_853	F	36
DGRP_853	F	42
DGRP_853	F	31
DGRP_853	F	39
DGRP_853	F	42
DGRP_853	F	19
DGRP_853	F	28
DGRP_853	F	46
DGRP_853	F	13
DGRP_853	F	20
DGRP_853	F	33
DGRP_853	F	14
DGRP_853	F	43
DGRP_853	F	43
DGRP_853	F	14
DGRP_853	F	31
DGRP_853	F	46
DGRP_853	F	21
DGRP_853	F	25
DGRP_853	F	57
DGRP_853	F	8
DGRP_853	F	36
DGRP_853	F	53
DGRP_853	F	21
DGRP_853	F	53
DGRP_853	F	25
DGRP_853	F	43
DGRP_853	F	48
DGRP_853	F	11
DGRP_853	F	22
DGRP_853	F	39
DGRP_853	F	1
DGRP_853	F	42
DGRP_853	F	60
DGRP_853	F	11
DGRP_853	F	11
DGRP_853	F	32
DGRP_853	F	18
DGRP_853	F	18
DGRP_853	F	32
DGRP_853	F	25
DGRP_853	F	25
DGRP_853	F	46
DGRP_853	F	25
DGRP_853	F	39
DGRP_853	F	60
DGRP_853	F	18
DGRP_853	F	42
DGRP_853	F	7
DGRP_853	F	40
DGRP_853	F	48
DGRP_853	F	12
DGRP_853	F	29
DGRP_853	F	36
DGRP_853	M	39
DGRP_853	M	41
DGRP_853	M	63
DGRP_853	M	41
DGRP_853	M	46
DGRP_853	M	28
DGRP_853	M	41
DGRP_853	M	47
DGRP_853	M	21
DGRP_853	M	49
DGRP_853	M	62
DGRP_853	M	19
DGRP_853	M	34
DGRP_853	M	41
DGRP_853	M	50
DGRP_853	M	50
DGRP_853	M	60
DGRP_853	M	46
DGRP_853	M	50
DGRP_853	M	57
DGRP_853	M	46
DGRP_853	M	48
DGRP_853	M	50
DGRP_853	M	39
DGRP_853	M	53
DGRP_853	M	55
DGRP_853	M	15
DGRP_853	M	42
DGRP_853	M	47
DGRP_853	M	31
DGRP_853	M	39
DGRP_853	M	46
DGRP_853	M	18
DGRP_853	M	43
DGRP_853	M	63
DGRP_853	M	20
DGRP_853	M	40
DGRP_853	M	56
DGRP_853	M	15
DGRP_853	M	28
DGRP_853	M	42
DGRP_853	M	42
DGRP_853	M	42
DGRP_853	M	46
DGRP_853	M	39
DGRP_853	M	63
DGRP_853	M	67
DGRP_853	M	39
DGRP_853	M	39
DGRP_853	M	46
DGRP_853	M	32
DGRP_853	M	49
DGRP_853	M	50
DGRP_853	M	34
DGRP_853	M	55
DGRP_853	M	1
DGRP_853	M	22
DGRP_853	M	41
DGRP_853	M	13
DGRP_853	M	50
DGRP_853	M	53
DGRP_853	M	32
DGRP_853	M	53
DGRP_853	M	60
DGRP_853	M	25
DGRP_853	M	32
DGRP_853	M	57
DGRP_853	M	36
DGRP_853	M	36
DGRP_853	M	46
DGRP_855	F	38
DGRP_855	F	38
DGRP_855	F	35
DGRP_855	F	39
DGRP_855	F	41
DGRP_855	F	35
DGRP_855	F	35
DGRP_855	F	38
DGRP_855	F	41
DGRP_855	F	46
DGRP_855	F	57
DGRP_855	F	31
DGRP_855	F	32
DGRP_855	F	35
DGRP_855	F	35
DGRP_855	F	38
DGRP_855	F	2
DGRP_855	F	23
DGRP_855	F	38
DGRP_855	F	35
DGRP_855	F	35
DGRP_855	F	38
DGRP_855	F	41
DGRP_855	F	46
DGRP_855	F	46
DGRP_855	F	44
DGRP_855	F	56
DGRP_855	F	56
DGRP_855	F	29
DGRP_855	F	32
DGRP_855	F	32
DGRP_855	F	32
DGRP_855	F	32
DGRP_855	F	35
DGRP_855	F	35
DGRP_855	F	42
DGRP_855	F	42
DGRP_855	F	42
DGRP_855	F	35
DGRP_855	F	35
DGRP_855	F	38
DGRP_855	F	35
DGRP_855	F	35
DGRP_855	F	38
DGRP_855	F	35
DGRP_855	F	35
DGRP_855	F	38
DGRP_855	F	36
DGRP_855	F	49
DGRP_855	F	36
DGRP_855	F	44
DGRP_855	F	50
DGRP_855	F	28
DGRP_855	F	35
DGRP_855	F	35
DGRP_855	F	49
DGRP_855	F	51
DGRP_855	F	52
DGRP_855	F	35
DGRP_855	F	38
DGRP_855	F	42
DGRP_855	F	28
DGRP_855	F	38
DGRP_855	F	49
DGRP_855	M	38
DGRP_855	M	49
DGRP_855	M	8
DGRP_855	M	35
DGRP_855	M	35
DGRP_855	M	38
DGRP_855	M	38
DGRP_855	M	35
DGRP_855	M	46
DGRP_855	M	29
DGRP_855	M	35
DGRP_855	M	44
DGRP_855	M	22
DGRP_855	M	35
DGRP_855	M	38
DGRP_855	M	38
DGRP_855	M	44
DGRP_855	M	51
DGRP_855	M	38
DGRP_855	M	38
DGRP_855	M	38
DGRP_855	M	41
DGRP_855	M	51
DGRP_855	M	53
DGRP_855	M	44
DGRP_855	M	63
DGRP_855	M	63
DGRP_855	M	32
DGRP_855	M	32
DGRP_855	M	38
DGRP_855	M	32
DGRP_855	M	41
DGRP_855	M	43
DGRP_855	M	35
DGRP_855	M	35
DGRP_855	M	42
DGRP_855	M	42
DGRP_855	M	44
DGRP_855	M	50
DGRP_855	M	35
DGRP_855	M	35
DGRP_855	M	35
DGRP_855	M	35
DGRP_855	M	38
DGRP_855	M	38
DGRP_855	M	42
DGRP_855	M	42
DGRP_855	M	35
DGRP_855	M	44
DGRP_855	M	63
DGRP_855	M	38
DGRP_855	M	42
DGRP_855	M	50
DGRP_855	M	28
DGRP_855	M	42
DGRP_855	M	42
DGRP_855	M	39
DGRP_855	M	42
DGRP_855	M	50
DGRP_855	M	42
DGRP_855	M	42
DGRP_855	M	56
DGRP_855	M	35
DGRP_855	M	42
DGRP_855	M	42
DGRP_857	F	18
DGRP_857	F	21
DGRP_857	F	37
DGRP_857	F	15
DGRP_857	F	29
DGRP_857	F	46
DGRP_857	F	11
DGRP_857	F	21
DGRP_857	F	30
DGRP_857	F	21
DGRP_857	F	46
DGRP_857	F	49
DGRP_857	F	4
DGRP_857	F	14
DGRP_857	F	9
DGRP_857	F	42
DGRP_857	F	42
DGRP_857	F	14
DGRP_857	F	14
DGRP_857	F	21
DGRP_857	F	16
DGRP_857	F	18
DGRP_857	F	32
DGRP_857	F	25
DGRP_857	F	27
DGRP_857	F	35
DGRP_857	F	21
DGRP_857	F	22
DGRP_857	F	24
DGRP_857	F	14
DGRP_857	F	35
DGRP_857	F	37
DGRP_857	F	17
DGRP_857	F	21
DGRP_857	F	22
DGRP_857	F	24
DGRP_857	F	30
DGRP_857	F	22
DGRP_857	F	32
DGRP_857	F	25
DGRP_857	F	25
DGRP_857	F	25
DGRP_857	F	27
DGRP_857	F	39
DGRP_857	F	14
DGRP_857	F	21
DGRP_857	F	36
DGRP_857	F	14
DGRP_857	F	24
DGRP_857	F	31
DGRP_857	F	21
DGRP_857	F	21
DGRP_857	F	21
DGRP_857	F	32
DGRP_857	F	32
DGRP_857	F	42
DGRP_857	F	24
DGRP_857	F	24
DGRP_857	F	35
DGRP_857	F	17
DGRP_857	F	17
DGRP_857	F	24
DGRP_857	F	14
DGRP_857	F	16
DGRP_857	F	18
DGRP_857	M	16
DGRP_857	M	35
DGRP_857	M	44
DGRP_857	M	24
DGRP_857	M	27
DGRP_857	M	37
DGRP_857	M	14
DGRP_857	M	27
DGRP_857	M	14
DGRP_857	M	27
DGRP_857	M	35
DGRP_857	M	53
DGRP_857	M	27
DGRP_857	M	35
DGRP_857	M	37
DGRP_857	M	21
DGRP_857	M	30
DGRP_857	M	29
DGRP_857	M	35
DGRP_857	M	39
DGRP_857	M	25
DGRP_857	M	27
DGRP_857	M	35
DGRP_857	M	21
DGRP_857	M	24
DGRP_857	M	35
DGRP_857	M	24
DGRP_857	M	29
DGRP_857	M	30
DGRP_857	M	28
DGRP_857	M	35
DGRP_857	M	38
DGRP_857	M	24
DGRP_857	M	25
DGRP_857	M	25
DGRP_857	M	25
DGRP_857	M	53
DGRP_857	M	18
DGRP_857	M	28
DGRP_857	M	39
DGRP_857	M	22
DGRP_857	M	25
DGRP_857	M	32
DGRP_857	M	30
DGRP_857	M	35
DGRP_857	M	49
DGRP_857	M	35
DGRP_857	M	36
DGRP_857	M	44
DGRP_857	M	16
DGRP_857	M	17
DGRP_857	M	35
DGRP_857	M	24
DGRP_857	M	36
DGRP_857	M	22
DGRP_857	M	35
DGRP_857	M	51
DGRP_857	M	21
DGRP_857	M	21
DGRP_857	M	38
DGRP_857	M	28
DGRP_857	M	36
DGRP_857	M	53
DGRP_861	F	30
DGRP_861	F	63
DGRP_861	F	65
DGRP_861	F	21
DGRP_861	F	49
DGRP_861	F	53
DGRP_861	F	5
DGRP_861	F	25
DGRP_861	F	35
DGRP_861	F	49
DGRP_861	F	64
DGRP_861	F	67
DGRP_861	F	14
DGRP_861	F	60
DGRP_861	F	60
DGRP_861	F	13
DGRP_861	F	48
DGRP_861	F	60
DGRP_861	F	12
DGRP_861	F	19
DGRP_861	F	56
DGRP_861	F	18
DGRP_861	F	60
DGRP_861	F	62
DGRP_861	F	20
DGRP_861	F	46
DGRP_861	F	46
DGRP_861	F	29
DGRP_861	F	32
DGRP_861	F	46
DGRP_861	F	15
DGRP_861	F	49
DGRP_861	F	57
DGRP_861	F	18
DGRP_861	F	22
DGRP_861	F	53
DGRP_861	F	49
DGRP_861	F	51
DGRP_861	F	65
DGRP_861	F	21
DGRP_861	F	22
DGRP_861	F	53
DGRP_861	F	22
DGRP_861	F	50
DGRP_861	F	56
DGRP_861	F	14
DGRP_861	F	15
DGRP_861	F	21
DGRP_861	F	50
DGRP_861	F	52
DGRP_861	F	56
DGRP_861	F	7
DGRP_861	F	11
DGRP_861	F	38
DGRP_861	F	10
DGRP_861	F	32
DGRP_861	F	38
DGRP_861	F	8
DGRP_861	F	21
DGRP_861	F	63
DGRP_861	F	2
DGRP_861	F	49
DGRP_861	F	50
DGRP_861	F	14
DGRP_861	F	21
DGRP_861	F	63
DGRP_861	F	1
DGRP_861	F	21
DGRP_861	M	58
DGRP_861	M	59
DGRP_861	M	63
DGRP_861	M	41
DGRP_861	M	49
DGRP_861	M	63
DGRP_861	M	40
DGRP_861	M	46
DGRP_861	M	78
DGRP_861	M	60
DGRP_861	M	60
DGRP_861	M	64
DGRP_861	M	67
DGRP_861	M	67
DGRP_861	M	78
DGRP_861	M	50
DGRP_861	M	60
DGRP_861	M	60
DGRP_861	M	38
DGRP_861	M	60
DGRP_861	M	67
DGRP_861	M	5
DGRP_861	M	49
DGRP_861	M	71
DGRP_861	M	41
DGRP_861	M	46
DGRP_861	M	46
DGRP_861	M	60
DGRP_861	M	67
DGRP_861	M	71
DGRP_861	M	60
DGRP_861	M	69
DGRP_861	M	76
DGRP_861	M	50
DGRP_861	M	57
DGRP_861	M	64
DGRP_861	M	46
DGRP_861	M	70
DGRP_861	M	70
DGRP_861	M	50
DGRP_861	M	64
DGRP_861	M	66
DGRP_861	M	56
DGRP_861	M	63
DGRP_861	M	63
DGRP_861	M	64
DGRP_861	M	76
DGRP_861	M	76
DGRP_861	M	63
DGRP_861	M	63
DGRP_861	M	76
DGRP_861	M	44
DGRP_861	M	72
DGRP_861	M	42
DGRP_861	M	56
DGRP_861	M	64
DGRP_861	M	24
DGRP_861	M	63
DGRP_861	M	49
DGRP_861	M	50
DGRP_861	M	50
DGRP_861	M	39
DGRP_861	M	49
DGRP_861	M	70
DGRP_861	M	53
DGRP_861	M	63
DGRP_861	M	63
DGRP_879	F	61
DGRP_879	F	63
DGRP_879	F	67
DGRP_879	F	46
DGRP_879	F	57
DGRP_879	F	60
DGRP_879	F	53
DGRP_879	F	57
DGRP_879	F	1
DGRP_879	F	43
DGRP_879	F	48
DGRP_879	F	48
DGRP_879	F	60
DGRP_879	F	60
DGRP_879	F	35
DGRP_879	F	40
DGRP_879	F	43
DGRP_879	F	53
DGRP_879	F	57
DGRP_879	F	48
DGRP_879	F	70
DGRP_879	F	60
DGRP_879	F	67
DGRP_879	F	69
DGRP_879	F	60
DGRP_879	F	63
DGRP_879	F	64
DGRP_879	F	46
DGRP_879	F	48
DGRP_879	F	53
DGRP_879	F	22
DGRP_879	F	38
DGRP_879	F	43
DGRP_879	F	42
DGRP_879	F	42
DGRP_879	F	46
DGRP_879	F	42
DGRP_879	F	50
DGRP_879	F	51
DGRP_879	F	59
DGRP_879	F	64
DGRP_879	F	70
DGRP_879	F	35
DGRP_879	F	49
DGRP_879	F	58
DGRP_879	F	32
DGRP_879	F	56
DGRP_879	F	56
DGRP_879	F	49
DGRP_879	F	49
DGRP_879	F	72
DGRP_879	F	46
DGRP_879	F	56
DGRP_879	F	59
DGRP_879	F	42
DGRP_879	F	44
DGRP_879	F	49
DGRP_879	F	39
DGRP_879	F	39
DGRP_879	F	57
DGRP_879	F	42
DGRP_879	F	43
DGRP_879	F	39
DGRP_879	F	47
DGRP_879	F	57
DGRP_879	M	46
DGRP_879	M	62
DGRP_879	M	21
DGRP_879	M	35
DGRP_879	M	53
DGRP_879	M	46
DGRP_879	M	46
DGRP_879	M	60
DGRP_879	M	35
DGRP_879	M	35
DGRP_879	M	60
DGRP_879	M	12
DGRP_879	M	67
DGRP_879	M	40
DGRP_879	M	53
DGRP_879	M	53
DGRP_879	M	22
DGRP_879	M	46
DGRP_879	M	46
DGRP_879	M	25
DGRP_879	M	53
DGRP_879	M	68
DGRP_879	M	46
DGRP_879	M	53
DGRP_879	M	53
DGRP_879	M	25
DGRP_879	M	43
DGRP_879	M	48
DGRP_879	M	25
DGRP_879	M	35
DGRP_879	M	56
DGRP_879	M	32
DGRP_879	M	38
DGRP_879	M	38
DGRP_879	M	42
DGRP_879	M	63
DGRP_879	M	63
DGRP_879	M	30
DGRP_879	M	35
DGRP_879	M	42
DGRP_879	M	2
DGRP_879	M	15
DGRP_879	M	42
DGRP_879	M	56
DGRP_879	M	70
DGRP_879	M	1
DGRP_879	M	42
DGRP_879	M	49
DGRP_879	M	42
DGRP_879	M	46
DGRP_879	M	49
DGRP_879	M	10
DGRP_879	M	35
DGRP_879	M	56
DGRP_879	M	38
DGRP_879	M	50
DGRP_879	M	58
DGRP_879	M	40
DGRP_879	M	40
DGRP_879	M	41
DGRP_879	M	32
DGRP_879	M	39
DGRP_879	M	60
DGRP_879	M	39
DGRP_879	M	55
DGRP_879	M	55
DGRP_882	F	28
DGRP_882	F	36
DGRP_882	F	38
DGRP_882	F	25
DGRP_882	F	32
DGRP_882	F	38
DGRP_882	F	38
DGRP_882	F	42
DGRP_882	F	29
DGRP_882	F	39
DGRP_882	F	42
DGRP_882	F	42
DGRP_882	F	42
DGRP_882	F	42
DGRP_882	F	50
DGRP_882	F	51
DGRP_882	F	53
DGRP_882	F	21
DGRP_882	F	42
DGRP_882	F	42
DGRP_882	F	42
DGRP_882	F	49
DGRP_882	F	37
DGRP_882	F	38
DGRP_882	F	49
DGRP_882	F	42
DGRP_882	F	42
DGRP_882	F	46
DGRP_882	F	42
DGRP_882	F	49
DGRP_882	F	57
DGRP_882	F	29
DGRP_882	F	35
DGRP_882	F	49
DGRP_882	F	11
DGRP_882	F	15
DGRP_882	F	15
DGRP_882	F	28
DGRP_882	F	35
DGRP_882	F	38
DGRP_882	F	35
DGRP_882	F	35
DGRP_882	F	38
DGRP_882	F	25
DGRP_882	F	38
DGRP_882	F	38
DGRP_882	F	38
DGRP_882	F	42
DGRP_882	F	43
DGRP_882	F	42
DGRP_882	F	43
DGRP_882	F	30
DGRP_882	F	35
DGRP_882	F	35
DGRP_882	F	23
DGRP_882	F	35
DGRP_882	F	38
DGRP_882	F	39
DGRP_882	F	60
DGRP_882	F	61
DGRP_882	F	32
DGRP_882	F	32
DGRP_882	F	47
DGRP_882	F	27
DGRP_882	F	28
DGRP_882	F	36
DGRP_882	M	32
DGRP_882	M	41
DGRP_882	M	41
DGRP_882	M	38
DGRP_882	M	41
DGRP_882	M	41
DGRP_882	M	35
DGRP_882	M	38
DGRP_882	M	14
DGRP_882	M	35
DGRP_882	M	37
DGRP_882	M	32
DGRP_882	M	42
DGRP_882	M	49
DGRP_882	M	56
DGRP_882	M	56
DGRP_882	M	24
DGRP_882	M	35
DGRP_882	M	39
DGRP_882	M	16
DGRP_882	M	21
DGRP_882	M	38
DGRP_882	M	38
DGRP_882	M	42
DGRP_882	M	51
DGRP_882	M	42
DGRP_882	M	43
DGRP_882	M	57
DGRP_882	M	49
DGRP_882	M	56
DGRP_882	M	56
DGRP_882	M	32
DGRP_882	M	35
DGRP_882	M	35
DGRP_882	M	42
DGRP_882	M	50
DGRP_882	M	76
DGRP_882	M	28
DGRP_882	M	35
DGRP_882	M	35
DGRP_882	M	24
DGRP_882	M	35
DGRP_882	M	35
DGRP_882	M	32
DGRP_882	M	32
DGRP_882	M	38
DGRP_882	M	30
DGRP_882	M	32
DGRP_882	M	39
DGRP_882	M	15
DGRP_882	M	35
DGRP_882	M	35
DGRP_882	M	7
DGRP_882	M	32
DGRP_882	M	35
DGRP_882	M	32
DGRP_882	M	32
DGRP_882	M	42
DGRP_882	M	60
DGRP_882	M	60
DGRP_882	M	73
DGRP_882	M	35
DGRP_882	M	35
DGRP_882	M	39
DGRP_882	M	35
DGRP_882	M	39
DGRP_882	M	41
DGRP_884	F	50
DGRP_884	F	50
DGRP_884	F	54
DGRP_884	F	39
DGRP_884	F	53
DGRP_884	F	55
DGRP_884	F	62
DGRP_884	F	62
DGRP_884	F	39
DGRP_884	F	39
DGRP_884	F	25
DGRP_884	F	48
DGRP_884	F	54
DGRP_884	F	18
DGRP_884	F	34
DGRP_884	F	55
DGRP_884	F	46
DGRP_884	F	53
DGRP_884	F	41
DGRP_884	F	46
DGRP_884	F	50
DGRP_884	F	57
DGRP_884	F	57
DGRP_884	F	62
DGRP_884	F	42
DGRP_884	F	42
DGRP_884	F	54
DGRP_884	F	35
DGRP_884	F	42
DGRP_884	F	46
DGRP_884	F	14
DGRP_884	F	30
DGRP_884	F	35
DGRP_884	F	7
DGRP_884	F	35
DGRP_884	F	46
DGRP_884	F	18
DGRP_884	F	35
DGRP_884	F	42
DGRP_884	F	28
DGRP_884	F	35
DGRP_884	F	35
DGRP_884	F	14
DGRP_884	F	35
DGRP_884	F	35
DGRP_884	F	25
DGRP_884	F	25
DGRP_884	F	35
DGRP_884	F	42
DGRP_884	F	29
DGRP_884	F	35
DGRP_884	F	32
DGRP_884	F	41
DGRP_884	F	43
DGRP_884	F	14
DGRP_884	F	60
DGRP_884	F	22
DGRP_884	F	27
DGRP_884	F	39
DGRP_884	F	60
DGRP_884	F	69
DGRP_884	M	67
DGRP_884	M	81
DGRP_884	M	53
DGRP_884	M	53
DGRP_884	M	67
DGRP_884	M	61
DGRP_884	M	62
DGRP_884	M	74
DGRP_884	M	74
DGRP_884	M	60
DGRP_884	M	60
DGRP_884	M	55
DGRP_884	M	60
DGRP_884	M	67
DGRP_884	M	67
DGRP_884	M	69
DGRP_884	M	67
DGRP_884	M	67
DGRP_884	M	82
DGRP_884	M	67
DGRP_884	M	70
DGRP_884	M	81
DGRP_884	M	69
DGRP_884	M	74
DGRP_884	M	43
DGRP_884	M	45
DGRP_884	M	15
DGRP_884	M	39
DGRP_884	M	49
DGRP_884	M	60
DGRP_884	M	63
DGRP_884	M	66
DGRP_884	M	28
DGRP_884	M	32
DGRP_884	M	59
DGRP_884	M	63
DGRP_884	M	63
DGRP_884	M	46
DGRP_884	M	47
DGRP_884	M	53
DGRP_884	M	15
DGRP_884	M	15
DGRP_884	M	32
DGRP_884	M	47
DGRP_884	M	67
DGRP_884	M	25
DGRP_884	M	39
DGRP_884	M	78
DGRP_884	M	39
DGRP_884	M	53
DGRP_884	M	60
DGRP_884	M	28
DGRP_884	M	36
DGRP_884	M	53
DGRP_884	M	60
DGRP_884	M	64
DGRP_884	M	62
DGRP_884	M	81
DGRP_884	M	81
DGRP_887	F	33
DGRP_887	F	38
DGRP_887	F	41
DGRP_887	F	32
DGRP_887	F	38
DGRP_887	F	40
DGRP_887	F	38
DGRP_887	F	50
DGRP_887	F	38
DGRP_887	F	38
DGRP_887	F	46
DGRP_887	F	27
DGRP_887	F	29
DGRP_887	F	35
DGRP_887	F	27
DGRP_887	F	35
DGRP_887	F	35
DGRP_887	F	27
DGRP_887	F	30
DGRP_887	F	35
DGRP_887	F	37
DGRP_887	F	46
DGRP_887	F	46
DGRP_887	F	42
DGRP_887	F	44
DGRP_887	F	51
DGRP_887	F	29
DGRP_887	F	46
DGRP_887	F	46
DGRP_887	F	42
DGRP_887	F	42
DGRP_887	F	49
DGRP_887	F	29
DGRP_887	F	42
DGRP_887	F	28
DGRP_887	F	30
DGRP_887	F	23
DGRP_887	F	32
DGRP_887	F	35
DGRP_887	F	24
DGRP_887	F	38
DGRP_887	F	38
DGRP_887	F	32
DGRP_887	F	38
DGRP_887	F	42
DGRP_887	F	21
DGRP_887	F	35
DGRP_887	F	35
DGRP_887	F	38
DGRP_887	F	38
DGRP_887	F	1
DGRP_887	F	31
DGRP_887	F	38
DGRP_887	F	35
DGRP_887	F	36
DGRP_887	F	15
DGRP_887	F	33
DGRP_887	F	35
DGRP_887	F	25
DGRP_887	F	25
DGRP_887	F	32
DGRP_887	F	35
DGRP_887	F	36
DGRP_887	F	42
DGRP_887	F	29
DGRP_887	F	35
DGRP_887	F	39
DGRP_887	M	35
DGRP_887	M	41
DGRP_887	M	48
DGRP_887	M	40
DGRP_887	M	41
DGRP_887	M	57
DGRP_887	M	33
DGRP_887	M	40
DGRP_887	M	41
DGRP_887	M	22
DGRP_887	M	42
DGRP_887	M	49
DGRP_887	M	16
DGRP_887	M	24
DGRP_887	M	31
DGRP_887	M	16
DGRP_887	M	42
DGRP_887	M	49
DGRP_887	M	56
DGRP_887	M	49
DGRP_887	M	58
DGRP_887	M	63
DGRP_887	M	30
DGRP_887	M	49
DGRP_887	M	51
DGRP_887	M	7
DGRP_887	M	7
DGRP_887	M	42
DGRP_887	M	21
DGRP_887	M	42
DGRP_887	M	51
DGRP_887	M	38
DGRP_887	M	38
DGRP_887	M	65
DGRP_887	M	28
DGRP_887	M	50
DGRP_887	M	21
DGRP_887	M	50
DGRP_887	M	56
DGRP_887	M	1
DGRP_887	M	53
DGRP_887	M	60
DGRP_887	M	35
DGRP_887	M	42
DGRP_887	M	49
DGRP_887	M	42
DGRP_887	M	46
DGRP_887	M	46
DGRP_887	M	43
DGRP_887	M	45
DGRP_887	M	53
DGRP_887	M	38
DGRP_887	M	56
DGRP_887	M	35
DGRP_887	M	56
DGRP_887	M	58
DGRP_887	M	36
DGRP_887	M	39
DGRP_887	M	47
DGRP_887	M	41
DGRP_887	M	53
DGRP_887	M	53
DGRP_887	M	35
DGRP_887	M	40
DGRP_887	M	53
DGRP_887	M	1
DGRP_887	M	29
DGRP_887	M	55
DGRP_890	F	35
DGRP_890	F	38
DGRP_890	F	25
DGRP_890	F	41
DGRP_890	F	44
DGRP_890	F	31
DGRP_890	F	35
DGRP_890	F	38
DGRP_890	F	29
DGRP_890	F	32
DGRP_890	F	35
DGRP_890	F	28
DGRP_890	F	31
DGRP_890	F	36
DGRP_890	F	35
DGRP_890	F	35
DGRP_890	F	22
DGRP_890	F	35
DGRP_890	F	28
DGRP_890	F	35
DGRP_890	F	38
DGRP_890	F	30
DGRP_890	F	35
DGRP_890	F	35
DGRP_890	F	28
DGRP_890	F	38
DGRP_890	F	38
DGRP_890	F	30
DGRP_890	F	35
DGRP_890	F	43
DGRP_890	F	35
DGRP_890	F	44
DGRP_890	F	49
DGRP_890	F	35
DGRP_890	F	42
DGRP_890	F	42
DGRP_890	F	30
DGRP_890	F	35
DGRP_890	F	35
DGRP_890	F	28
DGRP_890	F	32
DGRP_890	F	44
DGRP_890	F	30
DGRP_890	F	35
DGRP_890	F	42
DGRP_890	F	35
DGRP_890	F	35
DGRP_890	F	35
DGRP_890	F	28
DGRP_890	F	30
DGRP_890	F	35
DGRP_890	F	14
DGRP_890	F	23
DGRP_890	F	28
DGRP_890	F	21
DGRP_890	F	31
DGRP_890	F	32
DGRP_890	F	15
DGRP_890	F	35
DGRP_890	F	35
DGRP_890	F	38
DGRP_890	F	42
DGRP_890	F	38
DGRP_890	F	38
DGRP_890	F	42
DGRP_890	F	35
DGRP_890	F	38
DGRP_890	F	42
DGRP_890	M	25
DGRP_890	M	28
DGRP_890	M	35
DGRP_890	M	28
DGRP_890	M	30
DGRP_890	M	30
DGRP_890	M	32
DGRP_890	M	35
DGRP_890	M	35
DGRP_890	M	11
DGRP_890	M	28
DGRP_890	M	28
DGRP_890	M	28
DGRP_890	M	35
DGRP_890	M	21
DGRP_890	M	25
DGRP_890	M	38
DGRP_890	M	25
DGRP_890	M	28
DGRP_890	M	28
DGRP_890	M	30
DGRP_890	M	32
DGRP_890	M	32
DGRP_890	M	21
DGRP_890	M	30
DGRP_890	M	30
DGRP_890	M	28
DGRP_890	M	32
DGRP_890	M	41
DGRP_890	M	21
DGRP_890	M	28
DGRP_890	M	28
DGRP_890	M	30
DGRP_890	M	32
DGRP_890	M	15
DGRP_890	M	28
DGRP_890	M	46
DGRP_890	M	21
DGRP_890	M	35
DGRP_890	M	38
DGRP_890	M	46
DGRP_890	M	56
DGRP_890	M	28
DGRP_890	M	30
DGRP_890	M	43
DGRP_890	M	28
DGRP_890	M	30
DGRP_890	M	35
DGRP_890	M	28
DGRP_890	M	28
DGRP_890	M	28
DGRP_890	M	21
DGRP_890	M	21
DGRP_890	M	35
DGRP_890	M	23
DGRP_890	M	25
DGRP_890	M	28
DGRP_890	M	15
DGRP_890	M	28
DGRP_890	M	28
DGRP_890	M	15
DGRP_890	M	15
DGRP_890	M	15
DGRP_890	M	21
DGRP_890	M	25
DGRP_890	M	28
DGRP_890	M	28
DGRP_890	M	28
DGRP_890	M	30
DGRP_892	F	35
DGRP_892	F	41
DGRP_892	F	53
DGRP_892	F	35
DGRP_892	F	38
DGRP_892	F	41
DGRP_892	F	38
DGRP_892	F	40
DGRP_892	F	46
DGRP_892	F	27
DGRP_892	F	46
DGRP_892	F	42
DGRP_892	F	46
DGRP_892	F	49
DGRP_892	F	37
DGRP_892	F	38
DGRP_892	F	42
DGRP_892	F	35
DGRP_892	F	35
DGRP_892	F	44
DGRP_892	F	42
DGRP_892	F	44
DGRP_892	F	49
DGRP_892	F	30
DGRP_892	F	35
DGRP_892	F	49
DGRP_892	F	14
DGRP_892	F	29
DGRP_892	F	51
DGRP_892	F	16
DGRP_892	F	32
DGRP_892	F	37
DGRP_892	F	15
DGRP_892	F	27
DGRP_892	F	32
DGRP_892	F	24
DGRP_892	F	28
DGRP_892	F	30
DGRP_892	F	15
DGRP_892	F	35
DGRP_892	F	42
DGRP_892	F	30
DGRP_892	F	38
DGRP_892	F	42
DGRP_892	F	21
DGRP_892	F	30
DGRP_892	F	35
DGRP_892	F	21
DGRP_892	F	49
DGRP_892	F	58
DGRP_892	F	30
DGRP_892	F	38
DGRP_892	F	50
DGRP_892	F	7
DGRP_892	F	42
DGRP_892	F	42
DGRP_892	F	39
DGRP_892	F	42
DGRP_892	F	42
DGRP_892	F	4
DGRP_892	F	32
DGRP_892	F	38
DGRP_892	F	36
DGRP_892	F	39
DGRP_892	F	39
DGRP_892	F	28
DGRP_892	F	39
DGRP_892	F	41
DGRP_892	M	27
DGRP_892	M	35
DGRP_892	M	32
DGRP_892	M	32
DGRP_892	M	38
DGRP_892	M	32
DGRP_892	M	41
DGRP_892	M	46
DGRP_892	M	29
DGRP_892	M	38
DGRP_892	M	60
DGRP_892	M	22
DGRP_892	M	35
DGRP_892	M	46
DGRP_892	M	32
DGRP_892	M	35
DGRP_892	M	35
DGRP_892	M	32
DGRP_892	M	35
DGRP_892	M	44
DGRP_892	M	21
DGRP_892	M	27
DGRP_892	M	30
DGRP_892	M	24
DGRP_892	M	32
DGRP_892	M	27
DGRP_892	M	42
DGRP_892	M	63
DGRP_892	M	29
DGRP_892	M	30
DGRP_892	M	30
DGRP_892	M	4
DGRP_892	M	29
DGRP_892	M	30
DGRP_892	M	24
DGRP_892	M	30
DGRP_892	M	32
DGRP_892	M	25
DGRP_892	M	35
DGRP_892	M	38
DGRP_892	M	30
DGRP_892	M	32
DGRP_892	M	38
DGRP_892	M	28
DGRP_892	M	28
DGRP_892	M	30
DGRP_892	M	18
DGRP_892	M	21
DGRP_892	M	32
DGRP_892	M	25
DGRP_892	M	32
DGRP_892	M	32
DGRP_892	M	28
DGRP_892	M	28
DGRP_892	M	28
DGRP_892	M	32
DGRP_892	M	39
DGRP_892	M	42
DGRP_892	M	28
DGRP_892	M	32
DGRP_892	M	38
DGRP_892	M	29
DGRP_892	M	35
DGRP_892	M	43
DGRP_892	M	25
DGRP_892	M	29
DGRP_894	F	31
DGRP_894	F	32
DGRP_894	F	44
DGRP_894	F	17
DGRP_894	F	38
DGRP_894	F	41
DGRP_894	F	44
DGRP_894	F	44
DGRP_894	F	49
DGRP_894	F	17
DGRP_894	F	18
DGRP_894	F	25
DGRP_894	F	8
DGRP_894	F	56
DGRP_894	F	63
DGRP_894	F	33
DGRP_894	F	41
DGRP_894	F	55
DGRP_894	F	21
DGRP_894	F	32
DGRP_894	F	8
DGRP_894	F	32
DGRP_894	F	38
DGRP_894	F	12
DGRP_894	F	29
DGRP_894	F	48
DGRP_894	F	32
DGRP_894	F	35
DGRP_894	F	41
DGRP_894	F	14
DGRP_894	F	42
DGRP_894	F	46
DGRP_894	F	14
DGRP_894	F	35
DGRP_894	F	56
DGRP_894	F	30
DGRP_894	F	38
DGRP_894	F	42
DGRP_894	F	30
DGRP_894	F	38
DGRP_894	F	52
DGRP_894	F	25
DGRP_894	F	35
DGRP_894	F	52
DGRP_894	F	24
DGRP_894	F	42
DGRP_894	F	60
DGRP_894	F	38
DGRP_894	F	38
DGRP_894	F	39
DGRP_894	F	28
DGRP_894	F	32
DGRP_894	F	58
DGRP_894	F	7
DGRP_894	F	38
DGRP_894	F	42
DGRP_894	F	35
DGRP_894	F	76
DGRP_894	F	42
DGRP_894	F	42
DGRP_894	F	51
DGRP_894	F	35
DGRP_894	F	36
DGRP_894	F	46
DGRP_894	F	32
DGRP_894	F	32
DGRP_894	F	43
DGRP_894	F	4
DGRP_894	F	42
DGRP_894	F	65
DGRP_894	M	52
DGRP_894	M	63
DGRP_894	M	77
DGRP_894	M	44
DGRP_894	M	63
DGRP_894	M	79
DGRP_894	M	38
DGRP_894	M	51
DGRP_894	M	58
DGRP_894	M	77
DGRP_894	M	77
DGRP_894	M	30
DGRP_894	M	49
DGRP_894	M	70
DGRP_894	M	38
DGRP_894	M	67
DGRP_894	M	67
DGRP_894	M	35
DGRP_894	M	60
DGRP_894	M	62
DGRP_894	M	28
DGRP_894	M	64
DGRP_894	M	74
DGRP_894	M	42
DGRP_894	M	68
DGRP_894	M	74
DGRP_894	M	55
DGRP_894	M	67
DGRP_894	M	74
DGRP_894	M	48
DGRP_894	M	67
DGRP_894	M	77
DGRP_894	M	31
DGRP_894	M	51
DGRP_894	M	65
DGRP_894	M	58
DGRP_894	M	65
DGRP_894	M	73
DGRP_894	M	28
DGRP_894	M	42
DGRP_894	M	84
DGRP_894	M	50
DGRP_894	M	66
DGRP_894	M	76
DGRP_894	M	67
DGRP_894	M	84
DGRP_894	M	60
DGRP_894	M	70
DGRP_894	M	76
DGRP_894	M	50
DGRP_894	M	51
DGRP_894	M	71
DGRP_894	M	42
DGRP_894	M	50
DGRP_894	M	76
DGRP_894	M	50
DGRP_894	M	65
DGRP_894	M	50
DGRP_894	M	76
DGRP_894	M	18
DGRP_894	M	49
DGRP_894	M	70
DGRP_894	M	38
DGRP_894	M	38
DGRP_894	M	43
DGRP_894	M	50
DGRP_894	M	63
DGRP_894	M	76
DGRP_897	F	46
DGRP_897	F	49
DGRP_897	F	59
DGRP_897	F	35
DGRP_897	F	39
DGRP_897	F	51
DGRP_897	F	49
DGRP_897	F	49
DGRP_897	F	53
DGRP_897	F	51
DGRP_897	F	56
DGRP_897	F	28
DGRP_897	F	51
DGRP_897	F	52
DGRP_897	F	44
DGRP_897	F	44
DGRP_897	F	49
DGRP_897	F	51
DGRP_897	F	52
DGRP_897	F	44
DGRP_897	F	49
DGRP_897	F	22
DGRP_897	F	32
DGRP_897	F	50
DGRP_897	F	53
DGRP_897	F	5
DGRP_897	F	55
DGRP_897	F	53
DGRP_897	F	53
DGRP_897	F	49
DGRP_897	F	56
DGRP_897	F	58
DGRP_897	F	28
DGRP_897	F	46
DGRP_897	F	52
DGRP_897	F	14
DGRP_897	F	21
DGRP_897	F	42
DGRP_897	F	56
DGRP_897	F	63
DGRP_897	F	46
DGRP_897	F	46
DGRP_897	F	49
DGRP_897	F	46
DGRP_897	F	49
DGRP_897	F	50
DGRP_897	F	35
DGRP_897	F	50
DGRP_897	F	63
DGRP_897	F	58
DGRP_897	F	58
DGRP_897	F	58
DGRP_897	F	28
DGRP_897	F	63
DGRP_897	F	63
DGRP_897	F	49
DGRP_897	F	51
DGRP_897	F	60
DGRP_897	F	28
DGRP_897	F	39
DGRP_897	F	43
DGRP_897	F	52
DGRP_897	F	56
DGRP_897	F	60
DGRP_897	M	35
DGRP_897	M	36
DGRP_897	M	45
DGRP_897	M	15
DGRP_897	M	44
DGRP_897	M	45
DGRP_897	M	25
DGRP_897	M	43
DGRP_897	M	43
DGRP_897	M	4
DGRP_897	M	56
DGRP_897	M	11
DGRP_897	M	41
DGRP_897	M	41
DGRP_897	M	39
DGRP_897	M	43
DGRP_897	M	43
DGRP_897	M	22
DGRP_897	M	41
DGRP_897	M	41
DGRP_897	M	35
DGRP_897	M	39
DGRP_897	M	43
DGRP_897	M	35
DGRP_897	M	44
DGRP_897	M	46
DGRP_897	M	46
DGRP_897	M	46
DGRP_897	M	25
DGRP_897	M	41
DGRP_897	M	41
DGRP_897	M	32
DGRP_897	M	41
DGRP_897	M	32
DGRP_897	M	35
DGRP_897	M	42
DGRP_897	M	32
DGRP_897	M	46
DGRP_897	M	35
DGRP_897	M	38
DGRP_897	M	38
DGRP_897	M	35
DGRP_897	M	35
DGRP_897	M	46
DGRP_897	M	42
DGRP_897	M	46
DGRP_897	M	46
DGRP_897	M	46
DGRP_897	M	49
DGRP_897	M	38
DGRP_897	M	38
DGRP_897	M	46
DGRP_897	M	30
DGRP_897	M	32
DGRP_897	M	35
DGRP_897	M	28
DGRP_897	M	51
DGRP_897	M	56
DGRP_897	M	31
DGRP_897	M	49
DGRP_897	M	52
DGRP_897	M	21
DGRP_897	M	42
DGRP_897	M	42
DGRP_897	M	23
DGRP_897	M	49
DGRP_900	F	32
DGRP_900	F	46
DGRP_900	F	53
DGRP_900	F	28
DGRP_900	F	38
DGRP_900	F	46
DGRP_900	F	25
DGRP_900	F	46
DGRP_900	F	13
DGRP_900	F	53
DGRP_900	F	53
DGRP_900	F	39
DGRP_900	F	39
DGRP_900	F	33
DGRP_900	F	34
DGRP_900	F	42
DGRP_900	F	1
DGRP_900	F	22
DGRP_900	F	50
DGRP_900	F	1
DGRP_900	F	8
DGRP_900	F	31
DGRP_900	F	1
DGRP_900	F	36
DGRP_900	F	46
DGRP_900	F	9
DGRP_900	F	39
DGRP_900	F	45
DGRP_900	F	25
DGRP_900	F	35
DGRP_900	F	35
DGRP_900	F	29
DGRP_900	F	35
DGRP_900	F	42
DGRP_900	F	42
DGRP_900	F	42
DGRP_900	F	14
DGRP_900	F	15
DGRP_900	F	36
DGRP_900	F	28
DGRP_900	F	32
DGRP_900	F	32
DGRP_900	F	32
DGRP_900	F	42
DGRP_900	F	51
DGRP_900	F	15
DGRP_900	F	15
DGRP_900	F	39
DGRP_900	F	35
DGRP_900	F	49
DGRP_900	F	53
DGRP_900	F	32
DGRP_900	F	38
DGRP_900	F	44
DGRP_900	F	14
DGRP_900	F	42
DGRP_900	F	42
DGRP_900	F	42
DGRP_900	F	44
DGRP_900	F	46
DGRP_900	F	32
DGRP_900	F	43
DGRP_900	F	49
DGRP_900	F	15
DGRP_900	F	35
DGRP_900	F	42
DGRP_900	F	15
DGRP_900	F	30
DGRP_900	F	35
DGRP_900	M	1
DGRP_900	M	29
DGRP_900	M	41
DGRP_900	M	12
DGRP_900	M	27
DGRP_900	M	43
DGRP_900	M	11
DGRP_900	M	41
DGRP_900	M	67
DGRP_900	M	25
DGRP_900	M	46
DGRP_900	M	54
DGRP_900	M	39
DGRP_900	M	39
DGRP_900	M	53
DGRP_900	M	12
DGRP_900	M	50
DGRP_900	M	54
DGRP_900	M	1
DGRP_900	M	34
DGRP_900	M	1
DGRP_900	M	69
DGRP_900	M	71
DGRP_900	M	39
DGRP_900	M	62
DGRP_900	M	49
DGRP_900	M	58
DGRP_900	M	63
DGRP_900	M	60
DGRP_900	M	63
DGRP_900	M	66
DGRP_900	M	21
DGRP_900	M	46
DGRP_900	M	52
DGRP_900	M	35
DGRP_900	M	42
DGRP_900	M	42
DGRP_900	M	42
DGRP_900	M	42
DGRP_900	M	63
DGRP_900	M	32
DGRP_900	M	45
DGRP_900	M	50
DGRP_900	M	15
DGRP_900	M	50
DGRP_900	M	56
DGRP_900	M	15
DGRP_900	M	28
DGRP_900	M	50
DGRP_900	M	42
DGRP_900	M	56
DGRP_900	M	56
DGRP_900	M	56
DGRP_900	M	56
DGRP_900	M	32
DGRP_900	M	42
DGRP_900	M	28
DGRP_900	M	52
DGRP_900	M	49
DGRP_900	M	63
DGRP_900	M	42
DGRP_900	M	42
DGRP_900	M	43
DGRP_900	M	35
DGRP_900	M	38
DGRP_900	M	50
DGRP_907	F	36
DGRP_907	F	36
DGRP_907	F	41
DGRP_907	F	40
DGRP_907	F	41
DGRP_907	F	29
DGRP_907	F	41
DGRP_907	F	41
DGRP_907	F	38
DGRP_907	F	41
DGRP_907	F	46
DGRP_907	F	36
DGRP_907	F	41
DGRP_907	F	41
DGRP_907	F	40
DGRP_907	F	41
DGRP_907	F	42
DGRP_907	F	21
DGRP_907	F	42
DGRP_907	F	42
DGRP_907	F	14
DGRP_907	F	44
DGRP_907	F	35
DGRP_907	F	42
DGRP_907	F	60
DGRP_907	F	43
DGRP_907	F	44
DGRP_907	F	46
DGRP_907	F	35
DGRP_907	F	39
DGRP_907	F	46
DGRP_907	F	27
DGRP_907	F	37
DGRP_907	F	51
DGRP_907	F	38
DGRP_907	F	38
DGRP_907	F	44
DGRP_907	F	35
DGRP_907	F	49
DGRP_907	F	50
DGRP_907	F	32
DGRP_907	F	44
DGRP_907	F	35
DGRP_907	F	44
DGRP_907	F	38
DGRP_907	F	38
DGRP_907	F	38
DGRP_907	F	28
DGRP_907	F	38
DGRP_907	F	56
DGRP_907	F	36
DGRP_907	F	38
DGRP_907	F	38
DGRP_907	F	21
DGRP_907	F	39
DGRP_907	F	52
DGRP_907	F	46
DGRP_907	F	46
DGRP_907	F	47
DGRP_907	F	46
DGRP_907	F	46
DGRP_907	F	53
DGRP_907	F	12
DGRP_907	F	40
DGRP_907	F	40
DGRP_907	F	42
DGRP_907	F	46
DGRP_907	F	46
DGRP_907	M	29
DGRP_907	M	32
DGRP_907	M	33
DGRP_907	M	19
DGRP_907	M	25
DGRP_907	M	32
DGRP_907	M	28
DGRP_907	M	32
DGRP_907	M	38
DGRP_907	M	19
DGRP_907	M	29
DGRP_907	M	32
DGRP_907	M	36
DGRP_907	M	36
DGRP_907	M	36
DGRP_907	M	36
DGRP_907	M	25
DGRP_907	M	27
DGRP_907	M	35
DGRP_907	M	30
DGRP_907	M	35
DGRP_907	M	37
DGRP_907	M	25
DGRP_907	M	25
DGRP_907	M	25
DGRP_907	M	25
DGRP_907	M	30
DGRP_907	M	30
DGRP_907	M	27
DGRP_907	M	27
DGRP_907	M	27
DGRP_907	M	30
DGRP_907	M	35
DGRP_907	M	32
DGRP_907	M	38
DGRP_907	M	38
DGRP_907	M	39
DGRP_907	M	46
DGRP_907	M	49
DGRP_907	M	28
DGRP_907	M	32
DGRP_907	M	38
DGRP_907	M	39
DGRP_907	M	42
DGRP_907	M	50
DGRP_907	M	32
DGRP_907	M	38
DGRP_907	M	38
DGRP_907	M	30
DGRP_907	M	32
DGRP_907	M	32
DGRP_907	M	32
DGRP_907	M	38
DGRP_907	M	28
DGRP_907	M	35
DGRP_907	M	38
DGRP_907	M	18
DGRP_907	M	35
DGRP_907	M	36
DGRP_907	M	35
DGRP_907	M	36
DGRP_907	M	36
DGRP_907	M	35
DGRP_907	M	42
DGRP_907	M	43
DGRP_907	M	39
DGRP_907	M	39
DGRP_907	M	43
DGRP_908	F	39
DGRP_908	F	56
DGRP_908	F	21
DGRP_908	F	23
DGRP_908	F	45
DGRP_908	F	29
DGRP_908	F	30
DGRP_908	F	32
DGRP_908	F	35
DGRP_908	F	39
DGRP_908	F	28
DGRP_908	F	28
DGRP_908	F	63
DGRP_908	F	14
DGRP_908	F	39
DGRP_908	F	21
DGRP_908	F	32
DGRP_908	F	35
DGRP_908	F	52
DGRP_908	F	21
DGRP_908	F	28
DGRP_908	F	45
DGRP_908	F	15
DGRP_908	F	22
DGRP_908	F	39
DGRP_908	F	28
DGRP_908	F	35
DGRP_908	F	35
DGRP_908	F	30
DGRP_908	F	45
DGRP_908	F	49
DGRP_908	F	35
DGRP_908	F	38
DGRP_908	F	32
DGRP_908	F	44
DGRP_908	F	50
DGRP_908	F	24
DGRP_908	F	36
DGRP_908	F	49
DGRP_908	F	23
DGRP_908	F	38
DGRP_908	F	42
DGRP_908	F	38
DGRP_908	F	50
DGRP_908	F	53
DGRP_908	F	18
DGRP_908	F	32
DGRP_908	F	43
DGRP_908	F	18
DGRP_908	F	21
DGRP_908	F	42
DGRP_908	F	24
DGRP_908	F	30
DGRP_908	F	36
DGRP_908	F	28
DGRP_908	F	38
DGRP_908	F	30
DGRP_908	F	32
DGRP_908	F	32
DGRP_908	F	22
DGRP_908	F	32
DGRP_908	F	17
DGRP_908	F	32
DGRP_908	F	32
DGRP_908	M	32
DGRP_908	M	45
DGRP_908	M	45
DGRP_908	M	23
DGRP_908	M	32
DGRP_908	M	28
DGRP_908	M	45
DGRP_908	M	64
DGRP_908	M	39
DGRP_908	M	45
DGRP_908	M	56
DGRP_908	M	45
DGRP_908	M	49
DGRP_908	M	63
DGRP_908	M	23
DGRP_908	M	56
DGRP_908	M	14
DGRP_908	M	39
DGRP_908	M	56
DGRP_908	M	39
DGRP_908	M	45
DGRP_908	M	53
DGRP_908	M	2
DGRP_908	M	45
DGRP_908	M	58
DGRP_908	M	31
DGRP_908	M	32
DGRP_908	M	45
DGRP_908	M	49
DGRP_908	M	56
DGRP_908	M	67
DGRP_908	M	14
DGRP_908	M	35
DGRP_908	M	45
DGRP_908	M	25
DGRP_908	M	35
DGRP_908	M	42
DGRP_908	M	36
DGRP_908	M	56
DGRP_908	M	36
DGRP_908	M	38
DGRP_908	M	42
DGRP_908	M	21
DGRP_908	M	35
DGRP_908	M	39
DGRP_908	M	50
DGRP_908	M	76
DGRP_908	M	35
DGRP_908	M	50
DGRP_908	M	28
DGRP_908	M	38
DGRP_908	M	36
DGRP_908	M	38
DGRP_908	M	72
DGRP_908	M	42
DGRP_908	M	42
DGRP_908	M	50
DGRP_908	M	30
DGRP_908	M	32
DGRP_908	M	42
DGRP_908	M	44
DGRP_908	M	32
DGRP_908	M	32
DGRP_908	M	63
DGRP_911	F	25
DGRP_911	F	25
DGRP_911	F	25
DGRP_911	F	31
DGRP_911	F	35
DGRP_911	F	35
DGRP_911	F	7
DGRP_911	F	27
DGRP_911	F	29
DGRP_911	F	21
DGRP_911	F	27
DGRP_911	F	29
DGRP_911	F	21
DGRP_911	F	21
DGRP_911	F	29
DGRP_911	F	25
DGRP_911	F	25
DGRP_911	F	27
DGRP_911	F	7
DGRP_911	F	27
DGRP_911	F	31
DGRP_911	F	7
DGRP_911	F	31
DGRP_911	F	31
DGRP_911	F	14
DGRP_911	F	21
DGRP_911	F	16
DGRP_911	F	27
DGRP_911	F	29
DGRP_911	F	21
DGRP_911	F	27
DGRP_911	F	35
DGRP_911	F	15
DGRP_911	F	25
DGRP_911	F	27
DGRP_911	F	14
DGRP_911	F	25
DGRP_911	F	32
DGRP_911	F	18
DGRP_911	F	20
DGRP_911	F	25
DGRP_911	F	28
DGRP_911	F	32
DGRP_911	F	13
DGRP_911	F	22
DGRP_911	F	32
DGRP_911	F	8
DGRP_911	F	28
DGRP_911	F	28
DGRP_911	F	28
DGRP_911	F	34
DGRP_911	F	18
DGRP_911	F	20
DGRP_911	F	39
DGRP_911	F	8
DGRP_911	F	13
DGRP_911	F	18
DGRP_911	F	25
DGRP_911	F	25
DGRP_911	F	28
DGRP_911	F	13
DGRP_911	F	18
DGRP_911	F	21
DGRP_911	F	13
DGRP_911	F	22
DGRP_911	F	22
DGRP_911	F	15
DGRP_911	F	18
DGRP_911	F	28
DGRP_911	M	11
DGRP_911	M	25
DGRP_911	M	25
DGRP_911	M	18
DGRP_911	M	25
DGRP_911	M	31
DGRP_911	M	14
DGRP_911	M	25
DGRP_911	M	14
DGRP_911	M	21
DGRP_911	M	22
DGRP_911	M	21
DGRP_911	M	25
DGRP_911	M	27
DGRP_911	M	21
DGRP_911	M	25
DGRP_911	M	7
DGRP_911	M	21
DGRP_911	M	25
DGRP_911	M	21
DGRP_911	M	21
DGRP_911	M	21
DGRP_911	M	21
DGRP_911	M	31
DGRP_911	M	7
DGRP_911	M	21
DGRP_911	M	25
DGRP_911	M	16
DGRP_911	M	21
DGRP_911	M	16
DGRP_911	M	21
DGRP_911	M	25
DGRP_911	M	20
DGRP_911	M	26
DGRP_911	M	28
DGRP_911	M	18
DGRP_911	M	34
DGRP_911	M	15
DGRP_911	M	22
DGRP_911	M	15
DGRP_911	M	25
DGRP_911	M	25
DGRP_911	M	18
DGRP_911	M	21
DGRP_911	M	11
DGRP_911	M	28
DGRP_911	M	28
DGRP_911	M	28
DGRP_911	M	34
DGRP_911	M	39
DGRP_911	M	13
DGRP_911	M	20
DGRP_911	M	25
DGRP_911	M	11
DGRP_911	M	22
DGRP_911	M	25
DGRP_911	M	20
DGRP_911	M	25
DGRP_911	M	42
DGRP_911	M	22
DGRP_911	M	28
DGRP_911	M	28
DGRP_911	M	11
DGRP_911	M	32
DGRP_911	M	34
DGRP_913	F	57
DGRP_913	F	65
DGRP_913	F	53
DGRP_913	F	63
DGRP_913	F	45
DGRP_913	F	51
DGRP_913	F	56
DGRP_913	F	60
DGRP_913	F	60
DGRP_913	F	49
DGRP_913	F	56
DGRP_913	F	43
DGRP_913	F	67
DGRP_913	F	15
DGRP_913	F	56
DGRP_913	F	72
DGRP_913	F	59
DGRP_913	F	70
DGRP_913	F	64
DGRP_913	F	65
DGRP_913	F	70
DGRP_913	F	45
DGRP_913	F	70
DGRP_913	F	73
DGRP_913	F	28
DGRP_913	F	41
DGRP_913	F	63
DGRP_913	F	53
DGRP_913	F	63
DGRP_913	F	70
DGRP_913	F	28
DGRP_913	F	67
DGRP_913	F	70
DGRP_913	F	58
DGRP_913	F	70
DGRP_913	F	76
DGRP_913	F	42
DGRP_913	F	49
DGRP_913	F	49
DGRP_913	F	56
DGRP_913	F	70
DGRP_913	F	73
DGRP_913	F	73
DGRP_913	F	76
DGRP_913	F	76
DGRP_913	F	76
DGRP_913	F	76
DGRP_913	F	56
DGRP_913	F	67
DGRP_913	F	70
DGRP_913	F	50
DGRP_913	F	52
DGRP_913	F	56
DGRP_913	F	56
DGRP_913	F	65
DGRP_913	F	65
DGRP_913	F	58
DGRP_913	F	58
DGRP_913	F	70
DGRP_913	F	38
DGRP_913	F	63
DGRP_913	F	65
DGRP_913	F	67
DGRP_913	F	76
DGRP_913	M	8
DGRP_913	M	65
DGRP_913	M	66
DGRP_913	M	52
DGRP_913	M	56
DGRP_913	M	67
DGRP_913	M	43
DGRP_913	M	79
DGRP_913	M	84
DGRP_913	M	28
DGRP_913	M	56
DGRP_913	M	77
DGRP_913	M	39
DGRP_913	M	77
DGRP_913	M	30
DGRP_913	M	80
DGRP_913	M	84
DGRP_913	M	8
DGRP_913	M	58
DGRP_913	M	77
DGRP_913	M	77
DGRP_913	M	77
DGRP_913	M	52
DGRP_913	M	70
DGRP_913	M	70
DGRP_913	M	70
DGRP_913	M	77
DGRP_913	M	39
DGRP_913	M	77
DGRP_913	M	41
DGRP_913	M	73
DGRP_913	M	77
DGRP_913	M	58
DGRP_913	M	58
DGRP_913	M	70
DGRP_913	M	58
DGRP_913	M	70
DGRP_913	M	28
DGRP_913	M	51
DGRP_913	M	76
DGRP_913	M	63
DGRP_913	M	84
DGRP_913	M	84
DGRP_913	M	56
DGRP_913	M	70
DGRP_913	M	84
DGRP_913	M	31
DGRP_913	M	58
DGRP_913	M	65
DGRP_913	M	70
DGRP_913	M	76
DGRP_913	M	23
DGRP_913	M	58
DGRP_913	M	85
DGRP_913	M	58
DGRP_913	M	76
DGRP_913	M	76
DGRP_913	M	7
DGRP_913	M	76
DGRP_913	M	84
DGRP_913	M	76
DGRP_913	M	84
DGRP_913	M	70
DGRP_913	M	70
DGRP_913	M	76
DGRP_319	F	19
DGRP_319	F	33
DGRP_319	F	33
DGRP_319	F	5
DGRP_319	F	47
DGRP_319	F	28
DGRP_319	F	47
DGRP_319	F	47
DGRP_319	F	28
DGRP_319	F	33
DGRP_319	F	33
DGRP_319	F	36
DGRP_319	F	58
DGRP_319	F	48
DGRP_319	F	56
DGRP_319	F	56
DGRP_319	F	35
DGRP_319	F	42
DGRP_319	F	28
DGRP_319	F	35
DGRP_319	F	25
DGRP_319	F	42
DGRP_319	F	23
DGRP_319	F	28
DGRP_319	F	35
DGRP_319	F	24
DGRP_319	F	28
DGRP_319	F	37
DGRP_319	F	28
DGRP_319	F	49
DGRP_319	F	49
DGRP_319	F	42
DGRP_319	F	42
DGRP_319	F	46
DGRP_319	F	18
DGRP_319	F	42
DGRP_319	F	46
DGRP_319	F	33
DGRP_319	F	33
DGRP_319	F	34
DGRP_319	F	29
DGRP_319	F	39
DGRP_319	F	46
DGRP_319	F	39
DGRP_319	F	39
DGRP_319	F	39
DGRP_319	F	25
DGRP_319	F	53
DGRP_319	F	22
DGRP_319	F	31
DGRP_319	F	31
DGRP_319	F	42
DGRP_319	F	49
DGRP_319	F	28
DGRP_319	F	32
DGRP_319	F	42
DGRP_319	F	28
DGRP_319	F	28
DGRP_319	F	42
DGRP_319	F	45
DGRP_319	F	45
DGRP_319	F	35
DGRP_319	F	35
DGRP_319	F	49
DGRP_319	M	19
DGRP_319	M	26
DGRP_319	M	26
DGRP_319	M	20
DGRP_319	M	26
DGRP_319	M	5
DGRP_319	M	47
DGRP_319	M	47
DGRP_319	M	30
DGRP_319	M	33
DGRP_319	M	40
DGRP_319	M	56
DGRP_319	M	62
DGRP_319	M	65
DGRP_319	M	49
DGRP_319	M	68
DGRP_319	M	75
DGRP_319	M	24
DGRP_319	M	28
DGRP_319	M	30
DGRP_319	M	35
DGRP_319	M	39
DGRP_319	M	49
DGRP_319	M	25
DGRP_319	M	32
DGRP_319	M	42
DGRP_319	M	35
DGRP_319	M	39
DGRP_319	M	28
DGRP_319	M	30
DGRP_319	M	45
DGRP_319	M	46
DGRP_319	M	56
DGRP_319	M	21
DGRP_319	M	43
DGRP_319	M	18
DGRP_319	M	25
DGRP_319	M	26
DGRP_319	M	25
DGRP_319	M	34
DGRP_319	M	25
DGRP_319	M	29
DGRP_319	M	33
DGRP_319	M	42
DGRP_319	M	46
DGRP_319	M	46
DGRP_319	M	36
DGRP_319	M	43
DGRP_319	M	22
DGRP_319	M	49
DGRP_319	M	35
DGRP_319	M	35
DGRP_319	M	42
DGRP_319	M	14
DGRP_319	M	25
DGRP_319	M	31
DGRP_319	M	31
DGRP_319	M	35
DGRP_319	M	29
DGRP_319	M	37
DGRP_319	M	22
DGRP_319	M	22
DGRP_721	F	57
DGRP_721	F	57
DGRP_721	F	60
DGRP_721	F	47
DGRP_721	F	61
DGRP_721	F	67
DGRP_721	F	48
DGRP_721	F	53
DGRP_721	F	60
DGRP_721	F	56
DGRP_721	F	58
DGRP_721	F	60
DGRP_721	F	49
DGRP_721	F	49
DGRP_721	F	56
DGRP_721	F	56
DGRP_721	F	56
DGRP_721	F	56
DGRP_721	F	60
DGRP_721	F	63
DGRP_721	F	64
DGRP_721	F	10
DGRP_721	F	50
DGRP_721	F	46
DGRP_721	F	60
DGRP_721	F	60
DGRP_721	F	42
DGRP_721	F	49
DGRP_721	F	56
DGRP_721	F	57
DGRP_721	F	63
DGRP_721	F	49
DGRP_721	F	50
DGRP_721	F	56
DGRP_721	F	57
DGRP_721	F	61
DGRP_721	F	61
DGRP_721	F	33
DGRP_721	F	36
DGRP_721	F	49
DGRP_721	F	53
DGRP_721	F	61
DGRP_721	F	61
DGRP_721	F	61
DGRP_721	F	61
DGRP_721	F	48
DGRP_721	F	55
DGRP_721	F	57
DGRP_721	F	36
DGRP_721	F	53
DGRP_721	F	55
DGRP_721	F	56
DGRP_721	F	61
DGRP_721	F	61
DGRP_721	F	56
DGRP_721	F	63
DGRP_721	F	63
DGRP_721	F	39
DGRP_721	F	53
DGRP_721	F	57
DGRP_721	F	61
DGRP_721	F	61
DGRP_721	F	61
DGRP_721	F	47
DGRP_721	F	61
DGRP_721	M	11
DGRP_721	M	32
DGRP_721	M	55
DGRP_721	M	47
DGRP_721	M	47
DGRP_721	M	53
DGRP_721	M	43
DGRP_721	M	46
DGRP_721	M	53
DGRP_721	M	53
DGRP_721	M	56
DGRP_721	M	56
DGRP_721	M	3
DGRP_721	M	25
DGRP_721	M	36
DGRP_721	M	37
DGRP_721	M	44
DGRP_721	M	56
DGRP_721	M	58
DGRP_721	M	58
DGRP_721	M	63
DGRP_721	M	49
DGRP_721	M	49
DGRP_721	M	49
DGRP_721	M	28
DGRP_721	M	39
DGRP_721	M	44
DGRP_721	M	44
DGRP_721	M	46
DGRP_721	M	60
DGRP_721	M	49
DGRP_721	M	53
DGRP_721	M	56
DGRP_721	M	36
DGRP_721	M	49
DGRP_721	M	50
DGRP_721	M	46
DGRP_721	M	57
DGRP_721	M	61
DGRP_721	M	39
DGRP_721	M	39
DGRP_721	M	46
DGRP_721	M	53
DGRP_721	M	53
DGRP_721	M	61
DGRP_721	M	61
DGRP_721	M	61
DGRP_721	M	53
DGRP_721	M	57
DGRP_721	M	61
DGRP_721	M	61
DGRP_721	M	61
DGRP_721	M	61
DGRP_721	M	46
DGRP_721	M	47
DGRP_721	M	43
DGRP_721	M	50
DGRP_721	M	42
DGRP_721	M	57
DGRP_721	M	61
DGRP_721	M	61
DGRP_721	M	61
DGRP_721	M	61
DGRP_721	M	53
DGRP_721	M	61
DGRP_859	F	52
DGRP_859	F	53
DGRP_859	F	56
DGRP_859	F	50
DGRP_859	F	57
DGRP_859	F	65
DGRP_859	F	28
DGRP_859	F	51
DGRP_859	F	56
DGRP_859	F	52
DGRP_859	F	53
DGRP_859	F	57
DGRP_859	F	35
DGRP_859	F	35
DGRP_859	F	44
DGRP_859	F	42
DGRP_859	F	43
DGRP_859	F	51
DGRP_859	F	9
DGRP_859	F	42
DGRP_859	F	46
DGRP_859	F	52
DGRP_859	F	56
DGRP_859	F	57
DGRP_859	F	51
DGRP_859	F	56
DGRP_859	F	56
DGRP_859	F	42
DGRP_859	F	56
DGRP_859	F	59
DGRP_859	F	16
DGRP_859	F	56
DGRP_859	F	32
DGRP_859	F	46
DGRP_859	F	57
DGRP_859	F	50
DGRP_859	F	52
DGRP_859	F	56
DGRP_859	F	53
DGRP_859	F	56
DGRP_859	F	56
DGRP_859	F	42
DGRP_859	F	49
DGRP_859	F	49
DGRP_859	F	39
DGRP_859	F	42
DGRP_859	F	50
DGRP_859	F	31
DGRP_859	F	49
DGRP_859	F	51
DGRP_859	F	14
DGRP_859	F	39
DGRP_859	F	56
DGRP_859	F	46
DGRP_859	F	49
DGRP_859	F	59
DGRP_859	F	42
DGRP_859	F	50
DGRP_859	F	51
DGRP_859	F	22
DGRP_859	F	43
DGRP_859	F	56
DGRP_859	F	43
DGRP_859	F	45
DGRP_859	F	49
DGRP_859	M	51
DGRP_859	M	57
DGRP_859	M	49
DGRP_859	M	57
DGRP_859	M	70
DGRP_859	M	14
DGRP_859	M	46
DGRP_859	M	57
DGRP_859	M	56
DGRP_859	M	56
DGRP_859	M	56
DGRP_859	M	56
DGRP_859	M	70
DGRP_859	M	74
DGRP_859	M	44
DGRP_859	M	70
DGRP_859	M	74
DGRP_859	M	43
DGRP_859	M	45
DGRP_859	M	74
DGRP_859	M	51
DGRP_859	M	56
DGRP_859	M	63
DGRP_859	M	56
DGRP_859	M	56
DGRP_859	M	70
DGRP_859	M	25
DGRP_859	M	58
DGRP_859	M	59
DGRP_859	M	14
DGRP_859	M	43
DGRP_859	M	39
DGRP_859	M	74
DGRP_859	M	78
DGRP_859	M	37
DGRP_859	M	50
DGRP_859	M	56
DGRP_859	M	45
DGRP_859	M	51
DGRP_859	M	56
DGRP_859	M	67
DGRP_859	M	77
DGRP_859	M	25
DGRP_859	M	46
DGRP_859	M	63
DGRP_859	M	44
DGRP_859	M	49
DGRP_859	M	56
DGRP_859	M	56
DGRP_859	M	74
DGRP_859	M	45
DGRP_859	M	45
DGRP_859	M	45
DGRP_859	M	45
DGRP_859	M	59
DGRP_859	M	63
DGRP_859	M	42
DGRP_859	M	56
DGRP_859	M	65
DGRP_859	M	23
DGRP_859	M	35
