sample_id	M592T356	M608T396	M637T785	M639T828	M678T399	M679T387	M690T410	M693T536	M701T586	M702T386	M702T412	M704T438	M704T452	M705T396	M706T489	M707T468	M712T550	M716T426	M717T468	M717T527	M718T481	M718T507	M719T554	M719T564	M719T621	M719T648	M720T547	M721T499	M721T519	M721T677	M723T486	M728T407	M729T744	M731T413	M731T817	M732T565	M733T482	M733T617	M734T616	M735T562	M735T582	M739T466	M741T1000	M743T561	M745T442	M745T455	M745T584	M745T666	M747T534	M747T600	M747T684	M747T788	M749T622	M749T623	M749T816	M753T362	M753T666	M753T718	M754T530	M755T789	M755T803	M757T424	M757T442	M757T456	M757T601	M759T491	M759T506	M759T750	M760T719	M760T736	M761T596	M761T633	M763T738	M765T472	M765T474	M765T489	M769T565	M771T591	M771T619	M771T633	M771T679	M771T713	M772T676	M773T530	M773T547	M773T705	M773T745	M773T812	M775T675	M775T820	M776T406	M777T680	M781T393	M781T584	M783T443	M783T492	M785T517	M785T537	M785T575	M785T832	M786T763	M787T615	M787T637	M788T785	M788T808	M789T758	M791T470	M791T484	M791T514	M791T965	M793T426	M793T484	M793T499	M793T552	M793T614	M795T685	M797T647	M797T720	M798T704	M799T581	M799T850	M800T815	M807T471	M809T1067	M811T536	M811T550	M811T576	M811T619	M812T801	M812T838	M813T730	M814T804	M819T1011	M819T1026	M819T543	M819T564	M819T648	M819T665	M821T590	M821T680	M821T851	M823T1106	M823T677	M824T837	M825T701	M826T798	M830T1103	M831T416	M833T1036	M833T480	M835T1081	M835T590	M835T870	M837T1123	M837T1135	M837T681	M839T730	M845T1022	M847T1062	M847T1080	M849T1108	M849T728	M851T1152	M851T1164	M858T1118	M859T1046	M863T1135	M865T1181	M865T1194	M865T756	M873T1073	M875T813	M877T1164	M879T1225	M879T846	M879T862	M881T878	M881T909	M889T1135	M889T1146	M891T1181	M891T1194	M893T1240	M897T1036	M899T1074	M901T1118	M903T1164	M903T851	M908T1177	M915T1145	M923T1084	M929T1173	M929T1189	M929T1204	M931T1223	M955T1190
CZC2546	13.5596366985852	12.7631606003287	14.5105566170128	15.0599769024592	13.6824630363696	14.7141033332163	16.4957569685439	14.4317884721967	15.0515325167571	17.7243047465691	13.3448891039841	15.1201318237173	20.1701658947565	14.3949131685892	17.1316731431865	16.9676117998376	14.6766888892029	13.8946925032882	11.43145422609	15.3260803101619	14.1218922481502	16.6538326928384	14.2208677015778	14.3829892889243	14.628717452137	16.5310395550236	12.191169003436	14.2095660937441	15.2424697536554	16.3946272462594	15.0508113313513	14.2877480365597	15.4456175385008	16.9387414901781	14.4374611560059	18.4270391742216	18.1256439800736	12.6342970032017	15.2212846420465	13.101022267863	18.2134288135271	17.378311533082	15.5726346347697	17.9491745784642	12.7808257581665	12.4550460010262	17.2424024641191	16.6403959079905	16.8804315130998	13.8787028414555	17.2147259023543	14.1144528974825	14.8672093675374	14.8592302805254	14.8581548195303	12.3190503938196	14.1796218357081	16.5479813854037	19.5696481642876	12.9333223279406	12.6796542589619	16.3602024169684	17.074417132433	17.040868676098	14.1360885309191	17.0830777893636	22.1861278565135	12.4871464906639	17.1645939608503	17.4053446181641	21.3106295101779	15.5411377777219	16.4803732153674	12.5594838089771	14.2457381545954	15.6300578165143	18.4781768318296	16.6483661103736	16.7232001980573	14.9198520540031	15.2877376855617	15.6459601844013	14.6084299834926	14.7840879159686	16.6825505076917	15.2701789826156	15.4344713780381	14.8865493556523	16.3676769924226	15.3359835104804	13.1730238748381	15.2535675316247	14.8621697504129	14.703740004215	18.8116000814098	21.2385053135164	20.2965636153295	20.4516084947119	17.232523275617	14.3074948978674	18.06448468176	19.2096884056004	21.6863966041528	13.4281432172041	12.4620874114517	19.2851506709614	13.7014866634874	14.0052987135359	16.3765728111846	14.8409605623544	14.1193678299263	13.9591076593154	15.2068668028566	16.8189986304041	15.0708184035113	16.3741454317394	13.7422379857514	17.2638199231047	12.4742226453051	15.2537764964733	13.4185497024241	17.3853265405135	19.6886239539126	13.9189397131456	17.007381964808	17.4746409018993	17.6841638906693	20.7471766259436	14.7621995602105	13.2244325054237	16.2184419038866	13.7388087939929	17.2967898000719	15.903391017229	15.5294155583685	13.7272983743676	14.3377814795138	13.7830297614344	16.015301885599	15.3396657413447	14.469527577151	18.8861026336664	14.8933554533792	13.6896029936241	13.9174017896096	11.8915503836114	18.168278488359	15.1402971741011	14.8824025085178	16.3421016070946	16.3685873414388	18.6109112813092	15.3393010908865	15.4222240599602	16.4775753549776	16.5830267742711	16.5629345066632	17.8106842794618	19.2211870699284	17.0110748145413	19.5603802876361	12.2748498364264	14.205880246709	19.8283098543934	15.6740550850069	15.1172400307265	17.3798726665855	15.6453996440344	16.1290672907909	13.5888082408733	20.0515508589289	13.5535606022491	21.1033042477233	18.518281790444	13.7891079655063	16.5904567142715	13.9987148508654	13.6924823118487	16.1856318330549	16.585135302584	15.4908751943489	16.7623603503628	13.6343653494813	17.744490814285	19.2051712070279	19.8348527622139	19.768802695217	14.1652836229382	17.4933252366023	14.146179146668	17.131111697225	16.6680981792257	16.0601029213855	14.4735768826046	16.6554042802872	14.3415461636631
CZC2547	13.7735985539745	12.8317314442551	14.9557699320315	15.2521879663224	14.1703024657026	15.0274137225937	16.8275483599094	14.6662171598424	15.7741152128838	18.0879750360477	13.8590406876141	15.6092934769697	20.591957736461	15.5347532696413	17.738410488389	17.9603449158303	14.7806347486897	14.3037482755556	12.4818220316937	16.5485440292492	15.0110105466487	16.8888158312029	14.7759606898842	14.9586353450979	16.2512395326352	16.7128478346546	13.1841123382088	16.0215817701766	16.1991331018646	16.8517872239906	14.8425179181214	14.6246350475037	16.0811458964015	17.2668153812017	15.0450341779336	18.8983108432296	19.4633923394006	13.5534748328118	16.3191194913302	15.0051942080535	19.0350850470683	17.4778383539831	15.3770463055208	18.2915653256306	13.5648558461797	17.4068592958818	18.177168216907	12.1101570657082	17.8427753095953	15.7362905854504	17.4979339904966	15.333620392173	16.1374312731462	16.1342432066111	15.1720653731995	13.2302432141262	14.0842220315982	17.2987236034337	19.590227895665	14.0285547637392	13.8453001626951	16.8584720847665	18.0627194397212	18.4377709950995	14.41502003585	17.921855950628	22.4495351880565	12.9602777610717	17.6852027710006	17.4813716230181	22.008952095118	17.0470187399742	17.1201100967731	15.7246016045123	15.9450621136189	17.1440308189061	19.1241260824904	17.3472973794485	17.1596576525288	14.9372134990459	15.7301213290174	16.2169490416252	14.847726912326	14.5796578876807	17.2447826320601	15.6012520779385	16.3457014858598	15.1771234365506	17.0827521941198	15.8853544170095	13.6355193860729	16.4086265331954	15.0288538619054	15.3389280070916	19.0968175443532	21.8018949907878	20.4071878034098	20.9039550638812	18.3019062277415	14.3856822495094	18.3010530275306	19.5347954232164	21.8612384328702	15.0553497276347	13.5112720091387	18.7194977923179	13.2643437940143	14.3902232829274	17.2648261393482	15.2924485148026	15.0789931259891	14.5011454800358	16.4072738426653	17.4245441038717	16.7747206985998	17.0414475790039	13.9699016368934	17.668221207366	12.8483371644866	15.9629622382072	13.5033695664237	17.5080656324517	20.3992143439271	14.9792971662323	17.116452063838	17.7223216167644	18.1758043269599	21.0499444493496	15.4702286925887	14.5964982093872	16.6520584990081	15.0357131873699	17.0212787203374	16.677845873857	16.9306633781659	14.4588161136387	15.4595654296357	14.2592599640027	16.2960083061469	16.2469576133672	14.6070754254775	19.8180191220386	15.2081518394548	13.9345462913338	14.2803290978377	12.9668440104187	17.3765194623204	15.547033488843	15.6645701725064	17.1964148625794	17.2467282217775	19.8044600063615	15.5521043940923	16.493987128415	17.1527749666631	17.2084828938194	16.9744663890324	17.9786763113371	19.496235868821	17.7964767203636	20.2792404812016	12.6764833369149	15.2148622740755	20.204472772587	15.6952405334315	15.6081493281606	17.9270922404276	16.2240297276985	16.4636324047163	14.2077729160736	20.1269437245315	14.3872157835542	21.113164968068	18.4691240708378	12.0367525143218	16.8822318496449	14.2967157318745	13.8094962043441	16.0745575726781	16.5277068468204	15.4037089878559	16.7514114835706	13.4457429215616	17.2011545658912	18.3476386754138	18.9899254079682	18.524974473296	13.9752990087957	17.3382722979515	13.6007352047841	17.4331279161515	15.5438108406968	15.0537598504784	13.970525369465	15.602289455712	13.2079101902766
CZC2549	13.5656428173545	12.944158133996	15.1396184207046	15.2693872457203	14.1135638783643	13.8750179667541	17.1107610661685	14.496627235352	15.7736849335733	18.2734961304475	13.816334980035	15.7973422068257	20.6484562465315	13.9997084383616	17.737738691089	16.7738338368116	14.7102268817613	14.5834252227949	12.8604125277891	15.2084411428113	15.0925815126169	17.0555438671893	14.137372997919	14.7172044784506	14.4995794078983	16.5524655591457	13.0530061298976	14.4289435983665	15.5870605778453	16.6376843361014	15.3811189099742	15.0135842949557	15.9048636408836	17.1030454477322	14.6354913194901	18.8391735163298	18.1938461429626	13.1691615632827	16.0631637807647	13.9815857154807	18.5526620450555	17.4859855614174	14.5398694021928	18.2392771472641	13.5333086769949	17.5162108859388	18.1103321330751	16.7239298013995	17.1815408271215	14.6315645191297	17.3125900313125	14.3166940607276	15.1683643653567	15.332711574316	15.1089888517938	12.1160538695735	14.4011208663196	16.9934434447488	19.6313118520943	13.5586246529052	12.8239486170232	17.502432034741	17.6476602605357	17.2493563353523	15.6569940846714	17.4200874400524	22.4751980594369	12.7914032776849	17.4527450087431	17.7521303390003	21.5293873400343	16.5011391871267	16.9830156420776	14.7556482790389	14.8376014197717	15.4183106517438	18.826907960249	17.3310336753325	16.9979370015731	15.3663695759416	15.3025049161018	16.2674052559549	15.0198437487432	14.6887283175175	17.20921235781	15.5354076517211	16.3889517750012	15.0185815144477	16.5144372339952	15.6198946605918	13.881588136645	15.7462074641041	15.5907108283109	13.786664185965	19.4015430392932	21.6558251308149	20.5690533600931	20.6131573554053	16.9880747096452	14.6275043155311	18.5040789405938	19.3573109421361	21.853238452356	13.531548528365	13.5245769023076	19.3731958081573	13.6598787104495	14.6841260180854	16.743320825914	14.6789829476828	14.7491840335374	14.4693070319622	15.6942974358729	17.1226991801405	15.058422162152	16.8428545440288	13.7438401434132	17.6232879708656	13.0154246890869	15.8734952360482	13.6173007577252	17.7309949821644	20.073804030783	13.9792878707156	17.071082598275	17.4741900106874	18.0896959664496	20.9957834086195	15.4323564113233	14.4025755858824	15.5782383340011	14.7624133989051	17.0081284924938	15.7034654126622	16.4325181512095	13.4656731003338	14.8748262977503	14.2873739455369	16.2056707987493	15.7528441479711	14.6767722464322	18.3637681159046	15.4201010771481	14.3546531909358	14.0997681322598	13.2200869800141	17.8895164112741	15.4442550378144	15.2127993020025	16.7879625013375	16.4054880116977	19.1594567851183	15.5119556538959	15.6398328566736	16.2303855192031	16.8564170068253	16.6868353372565	18.0495396931918	19.2468639550903	16.7866603136547	19.3593149043166	12.6624823154257	14.2990623228482	19.3109950612649	15.7859805248698	16.388487692578	17.4914207673217	15.5600438854519	15.8424342755628	13.7071674241643	19.6234060799131	13.7910005178015	20.9972347668326	17.8456277474371	13.8104143344486	16.7299898093345	13.5563683429161	13.9675145054954	16.5981276637041	16.752951460772	15.9082291017528	16.8364986757078	13.3735725337443	18.6117122454769	20.1217336970198	20.0160842564972	19.7280034852668	14.342533172997	17.470532504174	13.9777217467147	17.368640531314	15.3927349390076	15.7418145147545	13.665574448877	16.1760909726043	13.2299720172562
CZC2550	13.2678063308433	12.9392233906679	15.1945251376574	15.4370044894659	14.0132333626629	14.3772293621529	16.8938641351385	14.6190408716451	15.0629072568988	18.0560906625102	13.9673800258049	15.6771995011524	20.4041256263548	14.9399229634371	17.5578800618434	17.3166867474379	14.8302966334367	14.3546425979278	11.3757080564712	16.4672287149831	14.9568249060026	16.9628162305803	15.341119894193	14.843153075223	15.6737826246522	16.3524384432098	12.8178074625119	15.1657037182289	15.7565885212209	16.8058070961409	14.0574647977071	14.6427154365008	15.4637161957759	17.3166745511031	14.3143475370542	18.6791526306288	19.0221106046499	13.191399313804	15.6773339433062	14.4311227946974	18.1025391055278	17.3503502978024	14.4028275981655	17.9974059442038	13.4896181141227	17.2753354780889	17.1826794443765	16.8210409309828	17.6717062536637	15.5922888702848	17.3552977704196	15.0271441820337	15.8049306474201	15.8062088593901	15.0027135070084	12.9082357802027	14.2751900802988	16.1993517947358	19.5216665040408	13.5183149327032	12.3052675604253	17.386906447201	18.1221352668797	17.8706537109401	14.7206043680175	18.1266960087165	22.5110489469263	12.6273558010687	17.3294843551987	17.6610787360591	21.8910752003839	17.0202221163588	16.8799100931334	14.5697567249884	14.6800475399838	16.0429890968337	18.4471455180195	16.9044950082681	16.7334330152945	15.1168741983908	15.3308565729267	15.806452858151	15.1271426818924	14.5050008984272	17.516509165572	15.4204014712483	16.1074451601994	14.8598377039338	17.0838091255486	15.4995558278671	13.8358202498187	15.3245998159116	15.0151737948298	15.054457279886	19.2018748620823	21.7226574951879	18.9441778724214	21.0550481867923	18.0188677840248	14.3343316313645	18.3899578431469	19.5558054724151	22.028459527927	14.2446921008929	12.9450447377644	19.9006985421204	12.9687950318875	14.1991017583152	15.9990536800003	15.0883851138659	14.4371892842378	14.2019197179819	15.2231700309477	16.8478563623851	15.6025872847478	16.4055247439135	12.8206890499344	17.1810862075643	13.1806629465677	16.1494657089727	13.5211211154478	17.8691912706258	19.9693545770463	14.2868382976887	16.7499872404639	18.1977430148303	19.0020029262611	21.0551451307066	15.6349882330152	13.8935273360584	16.7056700772283	14.3633294264937	17.6816999822408	16.3510685262007	15.8788115945579	13.853363168384	14.2896996839104	14.2006941311583	16.131650866499	15.4596110292013	14.5947357963153	19.4459431133285	15.4607090706053	13.9927659768586	14.2103130188889	12.8898418994724	17.9360110213225	15.2664904123895	15.6489036719154	16.7736926407851	17.09149734608	19.1554537550698	16.9615200777065	16.0364133753776	16.8596651246981	17.765946838155	17.6457930367062	18.3016489754661	19.7548450075047	17.5263040876194	20.3067696532773	12.6450462649171	14.8444312560981	20.0774374065571	16.250867899631	16.352555334252	18.1113671804201	16.2713892710434	16.5716626108477	14.660824803001	20.5141875468269	13.8650017068627	21.4541572286668	18.8883985984293	14.0163957509656	16.4428321950806	14.1981982381612	11.9391658840272	16.8112315944551	17.2064168835564	16.0841921744532	17.3516273113122	13.6975303422442	18.0550819097129	19.5714471425333	19.8853503559274	19.3523541246878	14.029397949297	18.1885108100171	14.582532736613	17.1207644208386	16.745207495245	16.2897264943419	14.6347018250981	16.5829308336401	14.4692293376053
CZC2552	13.1891022770575	12.6252094841595	15.0187523118379	15.3657052577218	14.208299944146	14.9458910904018	17.020701968475	14.3855923892948	15.3962890946156	18.0754411445197	13.9187494306285	15.7902416185014	20.2257530182391	15.0621255626862	17.5951933851046	17.6593480167882	14.7452929341199	14.5076008351986	12.5685156594227	15.849684783054	14.965943723707	16.9540348511777	14.2324349496328	14.5223586795128	15.3743500082432	16.3460186871164	13.1473586060555	15.5804304961626	15.9547981312614	16.539266334307	14.7907463500748	14.6556569369297	15.670347673021	17.3930103842441	14.5025004346754	18.5297944461857	18.8443496358743	12.322997138522	16.1584859068529	14.6864711718992	18.5610801405017	17.4814338127868	15.2680504775603	17.6950152884103	13.669484514827	17.4797609409628	17.4643960970013	16.4379179709499	17.6165667987135	15.3025864202384	17.1582290997017	14.8931338486367	15.8458037253751	15.9001262251154	14.6582237707542	13.5794680710477	14.1110262002333	16.8329919191133	19.5952431203227	13.7546405604644	12.8789388496382	16.9256503445028	18.3085251399963	17.830675802934	14.4760016268282	17.6654571422376	22.4160433361246	12.2413391622005	17.0863078982479	17.7807752044493	21.6872178186726	16.7494597570483	16.8559447831805	15.0274866075147	15.0431241101575	16.4800713768954	18.5004708720381	16.8182134670894	16.7207591565279	14.964882088039	15.0340194843907	15.5586125272726	15.1300645738884	14.6244305234243	17.3476930841442	15.1907374487004	15.9311345642507	14.4253936645255	17.0003594577806	15.2020487168631	13.0862179226809	15.9973287616977	13.8067330204461	15.1531299764515	19.132696913653	21.6703290567718	19.9551486867273	20.8048927094756	17.8501530134304	14.084783015822	18.2334318516344	19.398801832194	21.8848746744611	14.9359621804591	13.4416359067434	19.6788427831993	13.188845317941	14.0547152085252	16.6102264322519	15.2947753977849	14.9890050930774	13.9928686990312	15.8276704206871	16.8811135199445	16.2276990318201	16.4568000102534	13.3826006962951	17.2651445470163	12.9749082612789	15.8090436146999	13.3407667387888	17.4952927847512	20.1856580184623	14.5708477500081	17.4375523363091	17.7289196962662	17.8856815074464	21.0475482052357	15.2839351445294	14.4479751555593	16.5460813338392	14.7121557501313	17.4747779358826	15.8739229463223	16.3308049980035	13.9075985001142	14.7327332534254	14.1060466296331	16.0627143978206	15.7767992307328	14.4862814559065	19.3498409592307	15.3275208675954	14.3394955744677	14.1985004015811	13.2135318927082	17.6332603619002	14.4512848788689	15.5124835642244	16.7562806655711	16.9646444517275	19.3491331053023	15.3275520941788	16.2901990169028	16.9230522722861	17.1689379465555	16.8210747830877	18.0164879820184	19.4431426169188	17.4316871731469	20.0064080449901	12.4431014205947	14.9675575674954	19.9884831045599	15.7267727516323	13.1731226923802	17.9213504392736	16.185836708186	16.5261295083366	13.6121564307954	19.8921716157504	13.9300429720704	21.2098114992099	18.4895987477035	13.8413601975261	16.3365034261659	13.9947582293762	13.4348492799689	16.4578542928576	16.8044573682441	15.8999766587536	17.1365854281853	13.6206770575601	17.4428438363395	18.7894214889644	19.3105342653398	19.3621919974386	14.1515321666394	17.3906763925735	13.9173383248068	17.3789234468463	16.0192749863361	15.724025747934	14.2029584429932	16.0835648674958	13.6845232011632
CZC2553	13.8759132022043	12.6941228510063	14.821418653726	15.3638241651735	14.2162799176157	14.3469421944612	17.1191689319964	14.9520351776243	15.075387030249	18.1555890779544	13.9207887003295	16.0279217374358	20.5563996939938	14.4380476461116	17.749966259807	17.5517877849397	14.8544089006706	14.74923404493	13.34681981962	15.5609623305241	15.5319145814977	17.1697677420132	14.8517993705591	14.767305602646	14.9933526975658	16.5943133956582	13.3458619252198	15.6599539296445	16.1298140455879	16.7818050830944	15.065997464194	14.8589177986717	15.4655323870443	16.8320604048569	14.5801032014152	18.8497964533277	18.8625711829246	13.8143315870511	16.0312283872202	14.9189092093677	18.8958708886936	17.5491313663438	13.6512844626761	18.3273947234048	13.855639276064	17.3446008354714	17.5966409131943	17.0097529801792	17.6543993815049	15.788944594178	17.3850315915607	14.3346901097032	16.23360100667	16.2257858771319	15.1507233146571	13.2490973920108	14.2275458974208	17.2154342044367	19.5936163294473	13.4904681894776	12.8066205650977	16.8332796909599	17.9698180991655	17.245471713619	15.304322088311	17.8779119780226	22.4141995108906	13.2181595069341	17.4514640263647	17.5877749074919	21.8330876728928	16.9178322234483	17.0271070534847	15.2958138198648	16.3573631578197	16.7958020137948	18.8421843175056	16.9198570026438	16.5731423141305	15.2417454620401	15.53294481688	16.3735967104997	14.9370756865329	15.3636350421467	17.4752921332352	15.6310610635663	16.249252653323	15.3268110622879	17.1011608498789	16.07386083992	13.6675491364844	16.2488945238991	14.9265001389415	16.0652592719963	19.1426652995976	21.8924724393081	20.3818284547453	20.5621166155583	17.4659695097908	14.4417436288426	18.2431702096879	19.5500621183546	21.7199519329497	14.9412600885175	13.2746713208925	19.6600998518202	14.0871017248801	14.4730958255907	17.3776151588333	14.8554451464376	15.3469399576634	12.718890596793	16.7526452822077	17.1363547357262	16.0161862222215	17.037773547508	13.7161604209613	17.358682171634	13.9151574424748	15.4505027370241	13.7273050649564	17.3988282492271	20.9834245794991	14.3011722677498	17.5604446975062	17.4561066157678	17.8801774027914	21.070251926659	15.1874681832147	13.7059186504705	16.0862213645772	14.6315648587186	17.0302107791207	15.5652633353619	16.9194179703554	13.5484512228317	15.800550701635	14.2521835369787	16.3818926992699	16.3173901825776	14.7950642420337	18.8300773701718	15.2598148960469	14.4597018371461	14.3836754935738	13.48000721911	18.3071347864515	15.9026674701052	15.586812222034	17.5783892308364	17.0340715392744	19.864774987183	16.5271104653977	16.2861053398094	16.7739321448225	16.7905754677953	16.6244656423205	17.9544636434696	19.5825535102207	16.9304672185951	20.4263400466717	12.9972238787041	15.0599238651398	19.7208826866199	15.9584529364798	15.5955325412918	18.2121903168156	16.4547876312913	16.4530024293175	14.13044072133	20.0438807474996	14.6386755959065	21.4397250932038	18.4388463182827	13.895581673542	16.9532582923774	14.1841612499163	13.787365025065	16.5884072115383	17.1408359986454	16.6570943244386	17.566846694646	14.0143991692755	17.7571143013157	19.5930604852326	19.8438928125734	19.8702696908899	14.9823343447489	17.8191750183755	14.7344839091954	18.6257693044438	16.5894390329594	16.303597071622	14.6409392337273	16.5108986815763	14.2985184225473
CZC2554	13.1203198085391	12.6411336461305	14.8187757628804	15.3684080746518	14.0193003435489	14.8241432025115	16.8198862954264	14.7333278851986	15.5615998921161	18.0027285442691	13.7452876692448	15.4144027920851	20.3820822403579	15.2173253132426	17.4261503040859	17.6835306871025	14.8268774306214	14.2163685522696	12.8115318960173	16.4626681977325	14.6254733201256	16.7258234194071	14.6434026540319	14.8468091060443	15.769581298489	16.5242920136347	12.8094261493645	15.7699227536889	15.7785085074077	16.870142988476	14.2416565317873	14.435590768263	15.6199406999375	17.3332602196953	14.4343716623571	18.6934613784132	19.49542185093	12.89673804602	15.6118405051275	14.6438504574442	18.8425849328928	17.430098596369	15.3274000110142	17.8437036895872	13.620285577311	17.1490645133001	17.5094946497183	16.5894968681229	17.8648286795652	15.3776586761409	17.3046643273694	15.0864399565311	15.8424514174466	15.853744662491	15.0565141289717	14.214365048005	14.3983897782558	16.8287224082088	19.5420000716865	13.790276716506	12.9132954545073	16.939132579639	18.1642060684964	18.2510254415995	13.4770811982464	18.0631634078724	22.4513428608106	12.0641090150175	17.2767769558285	17.7239612918213	22.0925660820975	17.171722878362	16.8219584308649	15.8051823427748	15.9150685584498	17.0633927548426	18.7782753416799	16.9219954614634	17.0598268035495	15.4676349395291	15.1850634070055	16.0831197411942	14.9320010024055	14.3979296219253	17.1522905944356	15.3276889581595	15.7876009104376	14.5086076267686	17.0526726889377	15.4756363789969	13.7656769186039	15.9815065470386	14.868088965323	14.5531279977066	19.0227385899447	21.8045497969153	20.267767270629	21.2865444531002	18.39730468678	14.4908026982786	18.2152028324424	19.3067579292987	21.7722837549577	14.6228619301958	13.0117436284139	19.9009838021789	13.5218715795255	13.5740855931537	16.572026968546	15.1185886934794	14.985905602016	12.4090864656396	16.9159646948811	17.0112103649108	16.5732145349778	16.4150903170412	12.9785740120177	17.3608701642252	13.17012077493	15.8937044128566	13.694370021994	17.4479039774054	20.5982796077956	14.9446175958521	15.7891625368198	17.7527335420801	18.2223546302424	20.8344648704397	15.0341857593189	13.5087866762009	16.8475864371681	14.2617291635268	17.7360537703235	16.9203224958109	16.5825271000283	13.9549750343617	15.0071854337036	14.0196047618917	16.1466752963123	15.7565336638534	14.5007551143829	19.9774620636562	15.1045427238868	13.7361065054404	13.945870128425	12.2034247268859	17.9821761893628	15.8879246073113	14.0457780488562	17.1017713332937	17.4730247702993	19.3300226465374	16.5779165871069	16.466652768221	17.3337024920672	14.9146995466423	17.0403493839504	18.2874779519613	20.0072917087604	18.0295063427315	21.0609248255274	12.5746420525885	15.0987145505247	20.4909707332518	16.1273170340154	16.7671394706576	18.3893587536559	16.3458013573992	16.7478709533214	13.6736255873887	20.3010705504602	13.6695453410744	21.6052793032629	19.0624091464625	13.5764872575583	16.1790764032351	13.8943820729824	11.4831625636679	16.7160052440291	17.1214292368267	15.7618309454317	17.3292128923065	13.6888910272923	17.296932373556	18.4487336138176	19.4144177051657	19.5030929547635	13.8889474447048	17.9622331538981	14.2790736476396	18.840319795446	16.6936645064697	16.5950360538118	14.2068276039069	17.1004703742404	14.0265206889466
CZC2555	13.5569091479618	12.6597549425777	14.4142085708925	14.6477344653232	14.3649327576504	14.7184755318032	17.1412856249233	15.0226468107068	15.1166597023701	18.0118584526056	13.9522222504449	16.3802297543254	20.5235849504395	14.8110114387234	17.7824054722043	17.6118446119354	14.7633908213742	14.6681482146579	13.4072559019326	15.2813596933529	15.4433284992222	17.2087762659033	14.4977947558961	14.8477317262254	14.5648475155258	16.5504230058909	13.4665952076442	16.246155342216	16.1609448989709	16.7471405277574	14.8679112085554	14.6583662541045	15.5132274438314	17.226734827285	14.6630538763671	18.7145646874827	18.7075510880418	13.6872567704783	16.2748186338612	15.0243676047347	18.6465053835352	17.4962246482955	15.6355539783215	17.9545262110218	14.3209075288219	17.5347796649416	17.6253843207404	16.8679939388368	17.8085067576598	15.7118500165187	17.3459081321308	14.1470250344631	16.2720344769176	16.2726727312925	15.2131268499529	14.9725514008173	14.3268875900767	16.8946792693542	19.5391640347032	13.7289357745265	13.0243784058719	16.5484528600504	18.028092364082	17.2771797711043	14.3507363997726	17.500675003973	22.3115756683225	12.862246777625	17.4356536445663	17.7236454572947	21.6399575916002	16.567560847532	16.7897729390076	15.3194487946138	16.1936270966356	16.4138318551382	18.6248241078973	16.856013367319	16.7420170312984	15.2180878905346	15.2085975600245	15.9647510978736	15.1098999603032	14.7402702396319	17.5298659970206	15.3583263088424	16.1826583221168	15.201830024269	16.9235564853372	14.8356593604708	13.6278531704312	16.0905049508336	14.6447642130277	14.9208322167199	18.5502303786397	21.7380225511107	19.923114934293	20.564484758618	17.2828235486943	14.6984184589142	18.2717066088684	17.8818120418531	21.6067890042832	15.4186225744424	13.6840445078508	19.6154880895934	13.4478759484068	13.6203889163411	16.6678539727514	15.4992173280808	13.58313315241	13.2161499048579	17.3534927018419	16.8719832146341	15.5915323889816	16.575203894086	13.5711014440131	17.549245452747	13.8183164836702	16.0011089112491	13.8375282586045	17.5984899584818	20.5525007035977	15.0805140935389	15.3937615216794	16.7452272194855	17.7676269143404	20.9336488749087	15.6265252085889	14.5411085384016	16.1037258200087	14.8475741916844	17.3744575449738	16.3669231087346	16.5805760213274	13.9432284506467	14.8647574866195	14.1503718012036	16.0252760549836	15.9769125462802	14.9045332154126	19.0635488461601	15.045862941883	14.764319390587	14.4409294223287	13.8452549662809	18.2861358452183	15.8140988776446	15.4937885573344	16.9242754042383	17.1112628796541	19.3716580738593	16.6891292045602	16.5387621430034	16.9143969245149	17.0412372018906	16.726074560601	17.8007213841367	18.9615379358584	17.0641249211535	19.4555865456909	12.7355062023469	15.1353006786524	19.5944877709346	15.5237404694471	16.2544965277973	17.8201025145511	16.3719572181914	16.3843670740692	14.1811619554242	19.9533759137175	14.1091511936165	20.8192570811374	18.1086076571582	13.9749687750068	16.6896576883153	14.0986173924587	13.7377289956487	16.623396242404	16.8484417955827	15.8919687448634	16.9982711366732	14.1752529646251	16.91033536918	18.8887108614793	19.1231186383611	19.0264311869172	14.9325927457178	17.5425916376285	14.4353546027874	19.4509555431095	16.5660194096942	16.0010843988379	14.3424980294243	17.1127684808259	14.5822176523786
CZC2558	13.4216017206951	12.360037355066	14.475064794052	15.1038727586409	13.6772647740398	13.6136118024672	16.6883321780706	14.5540820163531	15.5736033506899	17.765528025199	13.5177598069992	15.5513901582536	20.1947212585897	13.7671871465788	17.3086724431347	16.6059036911942	14.6905417366867	14.2360362066429	12.7103604340501	14.8434871289122	14.577617196653	16.9629238697181	14.5455467517229	14.7864418207143	14.5904015148674	16.5537476287573	12.8399943162786	14.7051999943312	15.3671306683627	16.5197950510128	14.8293117410874	14.5173134763077	15.7019003836964	16.3771997028574	14.8861590652485	18.5884882445726	18.2311614106437	13.5565950487081	15.8314189835841	14.0623560678209	18.3917698850952	17.33745659393	13.3330017314903	17.8046875794262	13.0737897628063	16.9331617483924	18.0279778316279	16.6591289733773	17.2470512030299	15.0360839989757	17.1578722022184	14.1536608800978	15.4674581600876	15.445093490444	14.8844357705308	11.8684848327852	14.2362328103216	16.8397976755935	19.5154763389695	13.5536440586312	13.4962483675681	16.9044093817532	16.5773965977804	17.324304585281	14.5414331125331	17.4472781547427	22.3413247065128	12.7321735958734	17.3398566308166	17.2168210175662	21.5694408729164	16.6589954893608	16.6936512121656	14.7776589855697	14.6546130786771	15.3920290797618	18.866688571107	17.2220448807868	16.9891023666165	15.5220895806624	15.0405326198669	15.7801964440792	14.4855890209773	14.6739392757299	17.2486034717229	15.4365709205004	15.2376697703669	14.8692738326677	16.8441599272095	15.6213405097067	13.5091752465364	15.5382649465237	13.6070984459553	15.3578751222329	19.0112563090323	21.5679755121558	20.217189309682	20.4750566475171	17.5345416805301	14.3014599039495	17.9518090765161	19.3336167040672	21.6238862603621	14.371802390533	12.8741053992174	19.430635313881	13.7825785909859	14.4195591896332	16.5478287533892	13.6416454797915	14.3167504682261	14.4541711758148	15.8420340241723	16.8562874718675	14.8679137395176	16.5994672511513	13.7488190940277	17.4945468413807	12.6557266634925	15.7757625613421	13.5582335354107	17.4069084824742	19.7866911669046	13.0289898092565	16.9213327997134	17.4086089510267	17.8680664921334	20.7982311917283	15.1232479612001	13.7108149990626	16.1013795020973	14.1875418966937	16.2144179556641	14.4494958880859	16.2755516581675	13.9242174389908	14.7970283230222	13.9293240623347	14.7948945848897	15.5935263471773	14.6818100900944	17.9326951526061	15.0633937677798	14.223147901726	14.0841893499271	12.9942614971219	18.0079059417564	15.3945952818295	14.3020253287504	16.4571245102044	15.763839323664	18.7739206786963	15.4970682438944	15.082057479781	15.7272650069918	16.4386776342861	16.4857863651957	16.7696543532202	18.4470818737566	15.7931514834905	19.1883177146214	12.3310703293554	13.9727627126708	19.2766686184134	15.2804246673695	14.5445963725048	17.2903113105856	15.3545216457919	15.8687129514588	12.8266922594759	19.3879521936471	13.61759466108	20.9714661437137	18.3435230103695	13.7336024219523	16.507580187202	13.9035854964218	13.7510058515083	16.2376162499546	16.4428599022492	15.6552611306104	16.9487112562261	13.3351544955211	16.6539510004369	18.3903572516909	19.2860073866134	19.5059161477106	14.0525073035472	17.3180114700374	14.2400533260682	16.8078564617348	16.1853678256954	15.7475928541264	14.5049885482711	16.1885735160962	13.8567800785698
CZC2560	13.3955601741791	12.7090171480854	15.3143706147279	15.4393587714751	13.7122873976454	13.7521281049623	16.9371453468045	14.3057140689235	15.8030623228614	18.1687438319115	13.6277846243583	15.5196673117602	20.3540288580024	14.2122449560993	17.4606513557321	16.8597441034862	14.6919843842137	14.5027548175162	11.9340199817225	16.5897569598686	14.7320724250779	16.8982909754153	14.3214255916944	14.7504732471878	15.3954550627706	16.1073652681677	12.617780479878	14.771373481985	15.5259800866165	16.5686555845092	15.2513636571107	14.9424605434339	15.877544064839	17.1360628475002	14.6593669184641	18.7334448338983	18.612024167707	12.8133997225252	15.710795884343	13.8811516856952	18.4293381284194	17.4427020929115	13.7586194006317	17.6560714796943	13.3406291156679	17.4022369152045	17.537266896837	16.3785881909959	17.2666774195582	14.7970124413345	17.3456588414267	14.6536382353096	15.2151383697384	15.1453886131376	14.9064172896015	12.2638022667557	14.1018896924609	16.8653284395669	19.6087638400634	14.1488525476132	12.879855823594	17.7134529605489	17.2076942353083	17.3517354679815	11.9939565897684	17.7313969018807	22.5503942114323	12.0618813985774	17.3494344121814	17.7723720161107	21.6494169942462	16.6715374975658	16.6355265809779	13.4778857812638	14.4615955577062	17.1809459142043	18.6014924698584	17.2472295271088	16.7307653460926	15.047429699383	13.3995623159651	15.6506924574868	15.432887609269	13.7506615938709	17.0944167842761	15.4249615429129	16.3413870545418	14.5194335983366	16.5838753218392	15.5084443880119	13.5658219302388	16.031297691848	14.9831347226943	14.4218035926277	18.9450611087349	21.5593625133612	20.4694050926814	20.5645564506217	17.0045253831899	14.4326228388067	18.4111233915121	19.2637945429212	21.7752561977709	13.2220871942218	12.8797304747329	19.0854790042683	12.482068796044	14.1384345147195	16.604430015516	14.9071000275985	14.968073784721	14.1016173057435	15.6186959037108	16.4741083845842	16.5048053922815	16.2327854506002	13.5885159691648	17.3047870273822	13.4254600471975	15.5096208520198	13.7047544592928	17.8320520103099	20.390585162022	13.7388001728233	17.1283855316111	17.5689733761947	17.8648278116874	20.6093324958479	15.3301508600879	13.5654594626279	15.4058131980673	14.2899898551988	17.2913240570334	15.8505915026903	16.5103652061049	13.7203771519046	14.932353470678	14.1490141575396	14.548968625011	15.851138957061	14.7607329265207	18.673398872141	15.1249487683368	13.8977232968008	13.7596841364638	12.9707401121058	17.7025717262994	15.2679403597012	15.3438237944082	16.8907017323482	16.6135126074075	19.3113734365811	15.5342158233989	15.5647280540092	16.3291324730868	16.3976831888812	16.2192915856746	18.1944331514581	19.5730065523984	16.9601575470058	19.6173384431169	12.2733936458858	14.2814329069795	19.7625418404667	16.0499663211904	16.3994306273948	17.5572930584071	15.6332512681688	15.9723824047328	13.3538670285372	20.6869340835833	14.0495500064083	21.1354407333268	18.1878458602645	13.4567716638307	16.01862564458	13.8231387849188	13.3396407033747	16.5389191685775	16.8224510713671	15.6523998911048	16.7744536582943	12.8058524331776	18.4791336511852	19.7078815721798	19.8484246359304	17.8143941821686	14.3868814855776	17.6295270018961	14.1881432902107	17.2959750148826	14.1556278020386	15.5651561497659	13.7462749249417	15.8842276890523	13.5055539883497
CZC2561	13.0901624308797	12.4905308747291	15.0603599015949	15.2005979374748	14.1713093919307	13.5336142092205	16.8430639630532	14.3262360459168	15.2342051740193	17.8540874015285	13.7585818867315	15.6662629514552	20.3235559635079	13.9077191810923	17.5864974967856	16.7079715762796	14.786480702292	14.3797012075295	11.4245296678222	15.2933940582595	15.0720888915459	17.1324372232296	14.0370566371991	14.7025835003414	11.8814466774745	16.0150216314968	13.3627334507422	14.8521295927078	15.4493864492065	16.5262495131254	14.2856995587776	14.9035619208541	15.4984813465304	16.8442248890888	14.4059179380128	18.7540476447195	18.3892868786771	12.6592032004709	16.5223175966602	14.0622799302197	18.378060237558	17.2911341739389	12.9197302276099	17.5740980929086	13.0903633793876	17.1462980128049	12.6335444850787	16.1658928804264	17.1398141659078	14.799828799994	17.059867641628	14.0856504453093	15.4256759301354	15.4527786536133	14.8113761586155	12.4164365665195	14.1591830199228	17.0410519131455	19.4430973689083	13.5156854007133	12.9371751276497	17.4767282008584	16.9456141230165	17.1028852412217	13.6119285862691	17.5394298909802	22.283453282368	12.0066419349134	17.5423079274396	17.8692686555657	21.3678792022517	16.617748157879	16.830240188593	13.4481830115645	14.6984514954339	15.6507302904191	18.8453198177381	16.7566653611764	16.8328814948173	15.3049456997772	14.8412497363894	15.2944930067075	15.1437990114875	14.7183644967087	17.1823667851327	15.0562412278148	15.7659591171247	14.3772438640891	16.6490197370805	15.1840469154298	13.5526408601669	15.5696244744489	14.412275678962	13.7593426584971	18.5172569501887	22.0018773425859	20.0164533381891	20.7150901219836	17.2247888939205	14.5431652055128	18.0924412622523	19.1622707283591	21.696342212168	15.243307589572	13.9271183678785	19.0945564579453	13.6991939800205	14.6574809890523	16.2530571592298	14.7600885990266	14.8103328093498	14.5031175132792	15.7364481611837	17.2447238421778	15.4379698036651	16.4724537357505	13.7319902248383	17.4115560987937	13.0706250787539	15.6659138078101	13.717818134309	17.545703253357	19.9582809539883	13.5670907863907	17.1407061515399	17.4695771007577	18.402286050478	21.4837125753466	15.3629351309974	14.8888449985334	16.023647525888	14.9096698561035	17.1116474556213	15.5543196620245	16.1800163915087	13.658281422568	14.4754019882739	14.0592469035262	15.6784342310301	15.4927611604651	14.7169513817157	13.2190557313839	15.2276443038799	14.3491203386698	14.7908058024334	13.5604373822919	18.2183627815796	15.5071744822202	15.6028914825076	16.591736685567	16.7174876570662	19.1391292771487	17.067416368685	15.471470629731	16.5074312111474	17.1851746338551	16.9497057979807	18.1963582822463	19.6748477063868	17.0769282797443	19.9097934851648	11.9613754211836	14.3433026633176	18.8075647360556	16.252452304961	16.5077970914203	17.9391113743995	15.8058239507364	16.2714318509012	13.5420771846683	20.5041221128972	13.184371310804	21.3915133026218	18.4340446656315	13.2916655273357	16.2712462294223	13.5309730663981	13.0596182142786	16.9414143112017	17.2200884446087	16.0764266040405	17.2678068917307	13.1931148728586	18.3720655131912	19.8361199522287	20.1955811528371	19.8785990644764	13.4896367432883	17.8141972376738	14.85392845971	17.7218912802078	16.7473003881577	16.18497259398	14.6122478647671	16.4785804801585	14.2801352711188
CZC2567	13.3074685844132	12.4604169924127	14.4655364855464	14.9603672540636	13.2786145767949	13.2877216224979	16.1361514887999	13.9368858280361	15.0552159851813	17.6272505144449	13.1538820099621	14.772607494282	20.0148557213408	13.9315618131764	17.1552723342183	16.5171420310364	14.6730964414023	13.5893259182245	11.4460548126609	15.4774140291655	14.0039967136799	16.6708410310276	14.243244502062	15.1048396332722	14.96576666288	16.0268532928873	12.2059119376173	14.4265913914229	14.8801051806295	16.4672689684237	14.385450342716	13.9709765951867	15.2373560862873	16.2048872678858	14.1831197828749	18.4354812185719	18.5385185203327	12.9570892733081	16.0671059816299	13.5559829801043	18.2238344947083	17.2107376833944	13.7321345596617	17.6119139574335	12.3362423122558	16.2457659483723	17.5818681493582	15.1511405066457	16.6022458600705	14.2451882356557	17.0672048781476	14.6455922204412	14.8622140863933	14.8430876642619	14.7774048667989	9.92025365857818	14.2619569695024	16.5983822481779	19.3076682815505	12.9392287359866	12.6165417318302	16.6701042373677	16.5632831521266	16.8094300053414	13.5556805033527	17.153659152373	22.2332135938371	11.9435520253398	17.1363755488321	16.9179455694426	21.3414261241376	16.5243066301688	16.4346893106707	13.2406722580689	14.0803101231399	15.4719414272244	16.7355598721076	17.0311002714779	16.3756141382042	15.0661324099047	15.0516200545473	15.6310652689732	14.2963386037607	14.7643093635545	16.1826514006975	15.3042730447872	15.4131704251364	14.2970517948014	16.1735654726509	15.3965301745061	12.957325586944	15.2656314314912	13.9964743250455	14.4195511535731	18.3681330972991	21.4735507195485	19.7459123484607	20.01506858549	16.913392306298	14.4021655555502	18.0156415087475	18.7557936335084	21.5723166430262	14.1169383464563	13.0868554948214	19.1736686287927	12.8318255610614	14.3197342949538	16.0070130385081	14.8309234178367	13.4472998679928	14.3084977951616	15.6336634350491	16.5688883130925	14.9240207302356	16.1892315179227	13.5713980074641	17.0681833637208	12.1228432923909	14.6815725023465	13.398954955498	16.9899138691009	19.5304739221972	13.456550619699	16.8070954655734	17.0626014624889	17.8999124472239	20.5627728002942	15.036859300203	14.0115064139172	15.5752206006528	14.5909810284612	16.6099129697426	15.4353332692329	15.8779055663143	13.5344157084427	14.3953115694644	13.7078948185333	15.8302965381909	15.2949624233169	14.39803681839	18.9540861733178	15.0913761690972	13.201238288515	13.4633311515089	12.4592051842129	18.2290665079682	14.6973618467665	14.5771001610753	15.9320941066687	16.2155711638269	18.9201402532744	16.5690431729424	15.3072723055061	16.2897927795299	16.7987434932443	16.8265770910021	16.7667505168979	19.1919826811273	17.0310781213651	19.7639628926812	11.9656922013563	14.0916615063124	20.0330380101236	15.8270777086746	15.4688305302673	17.5296876338088	15.809754152351	16.3990725317723	13.2883891869738	19.9149549770192	13.3387843948776	21.276644879612	19.1665046884394	13.6635551749919	16.3281772321593	13.8925837631801	13.3779399648556	16.3299195423801	16.6308437416001	15.5617044622102	17.0502586284448	13.8772523381151	17.3365352144754	19.2206749249041	19.9281842373955	19.9077439340783	13.979737131907	17.9737815016609	14.6303725280298	17.1566513170929	17.0895527604406	16.2476047828771	14.9002427147461	17.6003090251423	15.2109834293882
CZC2665	13.4930642601857	12.9306538878649	14.9356223513912	15.370215908716	14.0830949170763	12.7394453647391	17.0797242124517	14.5194289932183	15.6556607663641	18.0946848070464	13.8979510520336	15.8784878983301	20.6680347276378	13.2974456372728	17.7926844213885	16.6011404828531	14.7886556515481	14.4226569432703	13.1159869189345	15.6545094403624	15.4060728896098	16.6796431559264	14.6294351221982	14.7574400182323	14.9568072779001	16.2416438184824	13.4104415970295	14.3372835282694	15.7724263620104	16.6678422508456	15.1916719457254	14.5566394674265	15.6508520470959	16.0805266394346	14.5750940276043	19.0355958345558	18.3380520873431	13.003892469343	16.4426842026154	14.1922060229096	18.6752299556754	17.5764734480802	11.9936348964357	18.0158521538736	12.8660323417353	17.2756094765294	18.2683904805934	16.8326088879827	17.3104463952221	15.2994324342916	17.4619307297564	13.9917290019288	15.634507001124	15.6438122567294	15.0161422440657	11.05202216313	14.7984271131693	17.4416566502597	19.7470230845089	13.6404351096008	13.6870175511019	16.7316062441584	17.9635257393467	16.8102638284511	14.8052140674004	17.4394423883362	22.3769737780648	12.60143088218	17.6885940074308	17.8858512561209	21.6827473577068	16.3707271297695	16.9337110509846	15.7936076554314	15.9148805354476	16.8999351551751	19.3227465061811	17.3891087846008	17.3589882291713	15.77356857202	15.4184992971139	15.8706900883411	15.2566272701195	14.6975645879372	17.5438439449087	15.5804313227183	16.4471491991779	15.0811641067774	16.8375161263671	15.6697384261673	13.9706460566982	16.3878147567651	14.577026572607	15.4147259480044	18.6247184090779	21.8729526716117	20.6099154627642	20.9798441960683	17.3442804283627	14.780557110561	18.3420477396966	19.4741159256419	21.747881594892	14.9701586424614	13.6099916588549	19.4152599189081	12.7204637117453	14.8967535520194	17.4404380252957	13.0681573668588	15.3550385526244	14.6783199659856	16.2362334832225	17.2259580091823	16.1484363193075	17.0112846557824	14.1227529401204	17.8658283033436	13.0262043877829	15.9149963586519	13.961031904822	17.822649194637	21.0581917214383	12.3113283276432	17.5737524302744	18.1100922652701	18.5248560674473	21.2270721521058	15.2314293203876	12.2179582233764	16.2910585215429	14.0690934976708	15.8765894458383	14.5333472940367	17.1234954777725	14.4292752425713	15.5500369017968	14.2540241089988	16.4597230575419	16.493521551342	15.0486957092803	18.0521855242814	15.1808865442581	14.7715071591306	14.719119252073	13.3517846467083	17.8682486850869	15.7833438818438	14.4287769960253	17.7562952060449	16.0913188130561	19.8664684630156	15.7886522323781	14.9523423568261	16.2378189976598	17.4156212551643	16.8757626281055	17.0376067211723	19.0841691316619	16.669315515563	19.4540261285876	12.8763418492956	13.9636041770658	19.8639119587168	15.7582674611898	15.3579758774167	17.3730725600205	15.3796007361921	15.9850498867972	14.1163105611531	19.9179558407892	14.3902699040764	21.1151056840029	18.0777493290002	13.6319319404805	16.6016458478539	13.4015893892883	13.7875387976183	16.1424943188878	16.440634523241	15.2859593591423	16.7404394990998	12.9121605221826	17.4832114139382	18.9794429648459	19.5821499152838	16.9695173302754	14.7694671255653	17.2419068679198	13.9934063220368	17.752096580854	16.2661748807779	15.5848759223871	13.6971721875131	15.2124850157717	13.6137969445745
CZC2667	13.6411749448282	12.8528305554553	14.8416734833544	15.4394635751172	13.8630806514834	14.9051653803827	16.8814555618082	14.3567863690943	15.2253888463344	17.9726319301091	14.019039499202	15.7051631168959	20.4478786010827	14.989226747375	17.0328645129758	17.9130885912132	14.761425592459	14.2522361794525	12.7631447421671	16.3816734003935	14.9648884611714	16.6832913831512	14.3829701965971	14.7043739262029	15.8088747890967	16.4502367890412	12.88543423573	15.2060407433007	15.9599188379899	16.4526749521071	14.9432661046186	14.4203090384438	15.6109225701949	16.9495945095031	14.5715259038314	18.6075039588952	18.8836094385158	12.7202984931774	15.7796994526492	14.5726718659414	19.0096505270274	17.4786166123791	16.0070014004815	17.9877284578621	13.3984853665739	17.1875649020361	17.6904551039263	16.7984856040239	17.6430320697905	15.4320236811609	17.2433850289941	15.0642251970208	15.9433040314943	15.9234970350624	14.7076046992088	13.0147988950174	14.1602144449684	16.5758309314533	19.6859906793056	13.4745255265046	12.6510895424287	16.871751152925	18.2015922415529	17.5315437626069	14.4967530500778	17.6911009564004	22.4943783108899	12.0841442767151	17.328708985677	17.3680105097227	21.986423511096	16.8449916143921	17.0577884979183	13.6372181556946	15.4946518779548	16.4543356934817	18.8779177720886	17.0554616482165	16.9209702866012	15.2288093690254	15.3748547040788	15.8958744106845	14.6327312988339	14.6926984192774	17.4146672762204	15.4126210014198	15.977034083311	14.8740744642554	17.051538612691	15.2111524571557	13.6002667295124	15.6343914274009	14.0051513329779	15.1705469101683	19.2899870956673	21.8398737745762	20.4150675489909	20.9376939146174	18.130169870346	14.4650330320527	18.1227314773876	19.4143584018164	21.7714367822487	12.7623716266526	12.8332068045443	19.7038214006698	13.6529487950786	14.5154402939041	16.6631072712817	16.3465838167418	14.4774520246379	14.2250075550731	16.2753130914642	16.9405064945134	15.8729026755668	16.6988493854587	13.6091385986729	17.3911531254776	12.6147122233402	16.0691078006753	13.4603905409284	17.327633542521	20.3719029240127	15.2627550775549	17.0840215788143	17.8461494125189	18.1489860884291	20.9447699603327	15.1514860203453	13.9286306143669	16.7581144269772	14.1799288942083	17.7701336592252	16.3897541567657	16.453366993223	13.9520294438336	14.7809094956177	13.9980689966995	16.3577338001461	15.6977322815911	14.5001377573431	19.7251518614141	15.2348362557242	14.0826337285463	14.2960271734805	12.4612087729184	17.7892607393373	15.7850838920915	15.6318348971524	16.8794342291775	17.3298529059748	19.0775595527471	12.0300778405674	16.7949464752831	17.1320832649229	16.7768510076098	16.7761626959302	16.3369002128581	19.7853604028896	17.3097994196326	20.1975782217082	12.5642422276905	15.3225149646423	20.0873255613507	15.8908040137191	16.239321954425	18.1728685003429	16.5668571572435	16.3170191972256	13.265663359269	19.9394785023969	12.792458831052	21.4402045989242	18.6104026703387	13.9715547704978	16.8135279770832	13.8617943180112	13.8867297647932	16.79818413721	16.8106590026233	16.3159300309689	17.2328158478858	14.0410860393379	17.4291268515667	19.1579380850047	20.0640104268743	19.7540292425248	14.4211961864028	17.6640037086332	14.6411287031562	17.3123435982749	16.1470321712731	15.8914885971379	14.6453281858448	16.5818254055462	14.2755146448897
CZC2670	13.348025460952	12.9886173553486	15.3656735195911	16.4637771900493	14.1006986693288	15.5293019930889	16.7556368984268	14.3974306123541	15.6270489444035	17.8255048008946	13.5942830323998	15.5893062106669	20.4393974096967	15.8798323684145	17.5905157544467	17.9569482480611	14.7680306051423	13.8074795830405	11.9102564385218	16.7104794124458	14.6148231784935	16.2095259419006	14.59886015315	14.5038436302778	16.0733915200635	16.7912267317885	11.7471458529856	15.423226976678	15.844022032571	16.6891906021841	14.7803703853835	14.1104065603408	15.8815004184705	17.4403591167435	14.8705195392338	18.5232935725732	19.9474542940776	12.4422129866839	16.0084931218926	14.6318193476864	18.9834054655699	17.5312804910045	16.8711600271678	17.8432639808019	13.7594974014785	17.3014650220746	17.3675808680624	16.6844680160175	17.9178157509513	15.1896417568245	17.3562329145067	15.3942128366702	15.8078275342489	15.8058450373757	14.7803628598822	13.6044230649418	14.5176818004237	16.8326544675869	19.7726789722838	13.3651538849182	12.7851091253688	17.6317974951305	19.1090000651314	18.516254686241	14.354407984956	18.4133722822896	22.5683875262003	11.7248220382756	17.2707215909355	17.6275014465701	22.283383317514	17.0909258771368	17.1080635185895	14.7953156834864	15.7349197756845	15.9954254207603	18.698845674741	16.7358103773176	16.860973717356	13.2635988740866	15.282366799964	15.4592578996474	14.5183651314545	14.6429236072926	17.2200220060369	15.1107052269478	15.8077940163482	14.7172767130157	17.087925574783	15.2904563197079	13.5671006634953	15.5268976372768	16.2164376791529	15.3489499132299	19.7071659072971	21.8134065653976	20.7369979050384	21.1311042871156	18.3016064573652	14.5892392456347	18.0658886503379	19.1483167309868	22.1209393611177	14.9905715108469	12.0879804110768	20.4389257661807	13.5453876078363	14.2593118631567	16.5884379534728	16.3646008284201	14.1618504020737	14.0473617594128	15.764568804699	17.1557099781482	15.8879453039089	16.7376548063225	12.9736034271833	17.2409338280335	12.0946476469013	15.6709773182664	13.6533350897122	17.3819729848612	20.1380105462115	15.4110448352651	16.9397346416898	17.939429883951	18.3162860658344	21.1899389423999	14.9901182661504	11.8165865544697	16.6213345949098	14.7601835147474	18.3093153456875	17.5804331441017	16.0172367641925	14.1160827618081	14.511968423155	13.987313735888	15.9383992670608	15.5376104887109	14.7085568353807	20.2295376658346	14.9451792040009	13.6173314774056	14.1650870637981	11.9040611488431	17.4558705226606	15.7075763638784	16.0557925520683	16.8304851891476	17.5429372374318	19.2674498554336	15.6398554760679	16.7108988105178	17.5085046719927	17.3837643127229	17.2542590575373	18.7529262971473	20.2037165230375	18.431528658985	21.0804398420334	12.5493777909975	15.5153424750468	20.6416934218418	15.8757534474058	17.0617596388953	18.3388525628193	16.7569769005899	16.9567456928034	14.5148348349208	20.6194785543305	12.5708054835649	21.6341232550678	19.4551143500221	13.4637835408216	16.4515329991037	13.8289599036832	13.6067672528681	17.0931726752033	16.9156333770071	16.5418516370557	17.4731121536108	14.5317152839009	19.0754402838178	20.1475783990782	20.7086387182287	20.6372406741785	13.7711604999532	17.6865323790686	15.1634791433949	17.6550223810449	17.383398839192	16.3791052051431	14.9523135282032	17.6178590310648	14.7895963079584
CZC2672	13.1510318776194	12.3894342121597	14.2373474231551	14.573607573342	13.9973195517536	14.5504127328647	16.7367337493922	14.6815267096485	15.6907834235137	17.701834184568	13.4976732283938	15.6747747965376	20.2262120282322	14.6658232682637	17.3276217456844	17.2592984088331	14.6882081174826	14.1990329519431	12.6971672351111	14.7695910381112	14.8051798597287	16.7939255003536	14.5436015712529	13.6235738186239	14.303622252095	16.2165966791325	12.61402498325	15.762409016909	15.8427712966689	16.3871776982031	14.64080589423	14.4941217282715	15.7921558129837	17.0819049636443	14.854519962331	18.3322991396481	18.1779803466053	13.1986146567191	15.2554498066578	14.5832700833535	18.3334795394194	17.3407671154918	15.0970136641445	18.0223447196307	13.6160523549249	17.4958289142338	18.1746476027344	16.537826113993	17.3907828270338	15.334963878364	17.114780993627	14.1592995034974	15.7301368865865	15.7297341196609	14.8800252881624	13.1254016298375	14.314783497917	16.8977117426916	19.5542735183818	13.5664466236924	12.9476722189355	16.6264555098231	18.037850729535	17.6603363244349	14.5193828018679	17.4033275681293	22.2967731719339	12.4109439621079	17.2144094514585	17.3743688012651	21.2729131944763	16.5226433930816	16.4367574193447	13.9797683376854	15.0432243751312	14.3754451773533	18.6584284125171	17.417399375328	16.9313548024317	14.3116018470011	14.6721967992611	15.8577510911735	14.7952220781704	14.6776452972059	17.4566636764175	15.33704827671	16.2207462790854	14.7740902530178	16.6335400013658	15.5233323529892	13.1527694968819	15.5149168803202	15.5247964334189	14.590145204186	19.3325988353531	21.2678557442072	19.8523808430508	20.4835694204992	17.4555143882947	14.489723905437	18.023257871798	19.1749786996505	21.6468305904619	13.9904820104673	12.6678866584142	19.2608538575014	13.5455207437547	14.2286479480358	16.1624197877332	15.7313495635508	14.3409052407092	14.2978697234837	16.1456109423813	16.8889990268059	14.0218126234563	15.9981399604708	12.8892776871609	17.5264366569375	13.1590274848399	15.7275222536642	13.6803832117974	17.4393230958979	19.2559674243434	14.7235987451608	17.157279912043	17.4583607933638	17.7781702090033	20.4276436209551	15.1038526577543	13.6609897851777	15.7441201761478	13.8170150286804	17.1552417659921	16.3048049201481	15.9111357977828	13.8162139495264	14.38306963372	13.7664023094664	16.0742598582573	15.818328313926	14.8260486239314	19.0878817068123	15.0809963617118	14.1048035694068	13.8149234732638	12.4864896062276	18.0719611300112	15.1218862840258	15.401816258105	15.9497308163467	16.8582149082536	18.2548658687882	15.5402846837361	16.4628455402296	16.8475696146579	16.2581030536404	16.2945375622973	16.6771742414862	18.9527197887886	17.1686675610475	19.4320791122112	12.5382856742321	15.0607227958787	19.6875267679145	15.2277611605202	15.0761110143844	17.6679245949005	16.0994261819158	16.3534903685291	12.6313870311536	19.6431605398362	13.4451572016242	20.7907493710232	18.1330930502468	13.7239918416199	16.4557963562742	13.6744901801913	13.6563298441839	16.2299064044323	16.602951448684	15.7986682383283	16.8774193630403	13.7353645831672	17.442111853063	18.5178027033106	18.9613339817879	18.944584014704	13.8774970905473	17.1503051367283	13.9928244003937	16.4047619481851	15.7393272413328	15.4109487599611	13.9748420015721	15.9952439837647	13.295102900627
CZC2674	13.2977278698498	12.388376740505	14.7507717156569	15.146470665217	13.0582894559503	12.8916878548766	16.5830623530329	13.9184521091853	14.3762559602166	17.713034008264	13.1707641129944	15.2545127088513	19.992485847877	13.5202375669864	16.8837974694442	16.4265468496721	14.6961064398537	14.1316641250052	11.4537877671217	14.9088845010926	14.6719254601072	16.8456699960686	13.7478465880963	14.2332524832758	14.5431703841773	16.2341612945185	12.0997087110605	14.5325885336883	15.4487196597795	16.185160962695	14.4039097457915	14.514363218773	14.7265178996805	16.2085937731807	13.9930524486646	18.2835807914711	18.1071219022667	12.667582740682	15.1231124327015	13.8202936079216	18.2748155522892	17.4336378016295	12.0175494347718	17.459029337481	12.6923985819445	16.8095303786074	16.5390722120376	16.257895310883	17.0891637588726	14.6058351439772	16.8876116709487	13.3437900289693	15.3254456734248	15.3069545709868	14.493320440171	10.7071407115261	13.6973434563765	16.3513579221158	19.607950355714	12.6959033928874	12.1918677033606	16.9770895279277	16.1827111016367	16.9127913839675	14.3969941266927	17.3517016607772	22.0825434754358	12.2263713203627	16.9113423287562	17.1244523682187	21.3893410868198	16.3167400998779	16.2552897784473	14.2755555908352	14.3409097702249	16.0858479872005	18.2096035608271	16.2230337036913	16.0382225974427	14.2970731387616	14.7461958078738	15.4474431387414	14.6855540841875	14.8632726631795	16.9101652466108	14.9787232992897	15.0773794216694	14.4561275600371	16.4653300670123	14.8809691934867	13.1107757342366	15.1104282906877	13.6972024520701	15.4269050428615	17.982181384541	21.7282405605766	19.9127574687397	20.3332916998777	16.9256609379227	13.9553029894399	17.7740147412368	19.0567326061524	21.183876465383	13.439314621955	12.2130537046341	18.8544146964505	13.6133994427399	13.9475377081582	16.3626792717576	12.7899992527641	14.576913404075	14.0018228719167	15.4586011297096	16.9224653808343	15.5263239172266	16.4887538314548	13.6275548194954	17.0524359752448	12.7805990381172	15.4115130526245	13.1404186517132	17.327597914409	20.0594026567958	12.1863043846435	16.7921166363903	17.4910686820991	18.0042523050043	20.9848253838694	14.92265415002	12.6714283263419	15.6076863285269	13.1799514190744	16.1446033849747	14.7559157419604	15.2783072988012	13.6419262445303	14.4895921640179	13.7341206505746	15.9626479351601	15.2977473001435	14.2626082727579	17.9595294781032	15.1244088436543	13.7389515980387	14.0963443247091	12.4923571692405	18.3048450378934	15.1397650896149	14.8522769949599	16.8135194196239	16.2943256476494	19.0247525394682	15.1044413604147	15.2698359774104	16.135619659664	16.3522707266431	16.4206764957045	17.3813679032573	19.0694735808779	16.4440314898942	19.5892293680609	12.2890656204208	14.3524369762206	19.4169639342376	15.8976993572238	15.966350278309	17.6952537842084	15.5262015524885	15.8139177626458	13.5929623988689	20.1792413595546	13.5237941731402	21.2435767367116	17.8283987835323	13.4986305862989	16.4214606115165	13.4476380802767	13.3060206247663	16.6652127657385	16.697206718123	15.8415165502924	16.9823239228181	13.0475693168689	17.5384953118625	19.1162820536724	19.9514980941346	19.7340920559324	14.0608357491846	17.2026063648039	14.297239989866	17.3365369611219	16.464035923222	15.6955948270006	14.1860046717122	16.1071137458744	14.1284031235173
CZC2675	13.7339764451571	12.7779328734113	15.0595902485415	15.304334940495	13.5632900362189	12.8926321360803	16.9109457522752	14.5372599226729	15.8501411840344	17.9680427210742	13.6334688996351	15.6935348581691	20.3763289645603	13.0660742585356	17.308752104229	16.1831940350309	14.7127010684375	14.3113648150175	11.4235772892465	15.8986742744984	14.9179564629262	16.7421402313328	14.5659695675677	15.0453444418108	14.996953853538	16.4177524001789	12.6243407523568	14.0632232184377	15.480347941661	16.6721786198974	15.275227168809	14.6084911236488	15.926004001948	16.0952775328624	14.8162986121058	18.4467179448615	17.3370387867049	13.6369729615935	15.5942238331495	13.7359041476825	18.4208042493253	17.462371057998	13.2132922642555	17.7606615355526	12.7258685542196	17.0959758961678	17.5964839323057	16.6301225780704	17.0391319790572	14.7422129740537	17.4836975828257	14.7200498639109	15.1868128195733	15.1832372952072	15.0653661793618	11.0403684992135	14.2480086325311	16.7998552135176	19.6738213611295	13.2403786239643	12.7815006719245	17.2422009189923	17.66086822581	16.8895737126987	14.4831776558356	17.1684139127605	22.4325850759197	12.5869593884382	17.1803324699928	17.450604422396	21.5630366951078	16.4013128808182	16.6386000393998	13.9781287011402	14.4416380821814	16.0997796575741	18.6300451955998	17.3768368013196	16.6905528995547	15.0521537690479	14.9807999141362	15.7320314808035	14.7370395004269	14.7610061296368	17.242694121699	15.5440303755806	16.5377124781177	14.8326189494134	16.6622866054592	15.9722453523743	13.3508469271143	15.8800007713769	15.6847931626387	14.9270643766133	19.3864442423985	21.3106572993219	20.7926942063904	20.2272746411192	16.8226510530925	14.6619899975365	18.1426869982647	19.1942564165307	21.8370779267941	14.2181946486257	12.9865996183315	19.4239730065677	13.0625680562605	14.1451659785143	16.4628913052034	14.2142411822559	14.4437920326676	14.2435023399133	16.2340139909276	16.4956926344371	15.5931288617246	16.3136418142239	13.193081886269	17.5780190271574	12.4742802463293	15.4743937075797	13.8242088380021	17.4209181868415	19.981860817077	12.1945392225677	17.297288206789	17.4644464238337	17.8419343097294	20.682405680448	15.0551594076403	13.8645368561566	15.5212008067792	14.1956480447067	16.8874157580069	14.8121774317627	16.4440015239457	13.8822544461163	14.8246944433503	14.0196544298694	16.3315398730918	15.8889781266983	13.8013821043455	17.7532689277379	15.4125927312649	14.1592198970418	13.9104846940395	12.6827563660142	18.2218984842502	15.4371348813402	14.2201690061431	16.9255388425648	14.9705770765189	18.9531876439539	15.6518336973853	13.9987867739261	15.5828963627659	16.3613259013734	16.3174482698664	17.5197566105648	18.9320092094722	16.5897725108226	19.0157492666567	12.6793733559253	13.1905239567122	19.6800113502225	16.1167942167601	15.8365266881191	17.1972426858334	14.9716516904102	15.7597087786489	13.112503865969	20.6827877377665	14.3222415415212	21.2533014235942	18.5302355537479	13.9281004802745	16.6978997912282	13.8142950400216	13.4611545822819	16.3831193360299	16.8779165399577	15.5245493896186	16.9315275943551	14.1208818539882	18.7813429616394	20.1838671754151	20.5165875089321	20.2096849554415	14.4786128024338	17.9014247464013	14.4564805636294	17.433334642067	16.9660922623051	16.1321601909927	13.9762581113513	16.4845229517982	14.0505472186454
CZC2676	13.673019402157	12.6355497886721	14.1310467995278	14.7946479365633	14.3744314508017	14.7159813063814	16.6883472744802	14.8825225832363	15.324240601264	17.9447619109732	13.5799229732123	15.4536512906637	20.5619207644441	14.5806664723897	18.0301251003866	17.510101768894	14.8012225320682	14.1432950645949	12.2132150373147	15.761750832665	15.0570755949964	16.9441292104162	14.7090115345063	14.7986330402646	15.2137681916695	16.6378010002088	13.1939854119311	15.9322781801717	15.8227108585825	16.7826085465089	14.8614636247027	14.5882503284484	15.7360114727315	16.7399839671075	14.7776205404494	18.761188548846	18.9725746501792	11.973241580792	16.2444099428508	14.6374517186219	18.7963811751549	17.3925131530412	11.4768458114002	18.0643839655001	13.3960018968645	17.182301024759	17.2197576422192	16.9397785312979	17.5662496798525	15.2023113978022	17.4009880316819	14.2920521983852	15.8514116580237	15.8519978367097	15.3308231653926	11.8532137319913	14.1714457794758	16.5838379002832	19.4949276666458	13.4532447443422	12.9282464882265	16.8506802211955	17.610166150353	17.0283345063138	14.4293601373565	17.8642800267338	22.4073322762078	12.7103398831199	17.5826033051621	17.3640323427805	21.8388713038929	16.9709630885582	16.9903907325902	14.8441592741676	14.9688438687599	16.257631953096	18.7048975490444	16.8762567296463	16.5632699593008	15.2365675474685	15.4776934794681	15.8612941618266	14.7064524668091	14.6905955917134	17.4017414551781	15.5960524765702	15.9714120371238	15.0351443477572	15.4785272007764	15.8305445741929	13.4787415243632	15.5981033575248	12.8682696932244	15.2613998193899	18.783750576833	21.6046666140768	20.0700971535028	20.520076673471	17.3247237020943	14.3372058403672	18.2236572309715	19.2987595757941	21.6613607841513	15.0276597929896	13.604009638788	19.7225537547024	13.2896922301922	14.2028885349908	16.689240398022	13.2838719032562	14.5806910690608	13.9954910900302	15.9629692168043	17.0370909825033	15.4851008676049	16.3984890585093	13.5742430125655	16.2917790485502	13.1558567898759	15.8253979885041	13.4492522558454	17.5093754540846	20.0541277538726	13.4810758676151	17.1373268776005	17.5441485111276	17.8233275839451	20.2974603573005	15.5807797802041	14.148297825562	15.9775661002472	15.0546157197836	16.1309671042453	14.726563065063	16.4348158665885	14.0568310841528	14.8061110958509	14.2389997362025	16.2268187790925	15.7955616828453	14.5199238706578	18.6006104350148	15.1627010565836	13.9858009969019	13.5488056797283	13.3280155660553	18.3240147356178	15.158576998268	14.7355910265064	16.7693712645145	16.2527083430178	19.0156237069175	16.8208571083869	15.7746188524921	16.3131390747116	16.5890723597336	16.549099338279	16.9174609451838	18.3979750001204	16.1172515796303	19.8990110615893	10.6377541176315	14.5051942465545	19.8391787873581	15.4962008439801	15.2947259726524	17.6150678734378	16.0574792173834	16.0988801075607	13.7698026644594	19.2480136858034	14.2044978399741	21.2210114418188	18.4518663775257	14.169203770858	17.0596753116398	14.2228258866915	13.6547897164663	16.4125833887439	16.3534842526971	15.9630896548023	16.9709234826872	13.5688154822271	16.8014261345307	18.4463075395701	16.8086874026895	19.6152362656407	14.5445808248046	17.5660145641507	14.2295704224439	17.2349980762995	16.4177054914094	15.8770968753921	14.1657400326226	16.7374837726411	14.1729722208585
CZC2678	13.528228152435	12.8840248372554	15.0159963340678	15.681503617182	14.4929584094336	14.9985835295883	17.5521027708167	15.1829122652615	16.2462324115611	18.3473471895675	13.9542576995163	16.44625566227	20.6749151392924	15.4480066911221	17.6840384359003	17.7096369865434	14.8201679280466	14.8476489495068	11.0206633316429	16.5937635012979	15.6954414925053	17.1461176711943	15.1701501807423	15.0887549706464	15.9181983263567	17.0653920376836	13.4977052633653	15.8191362344287	16.36704863411	17.1083961365344	15.0657618247762	14.9287797873005	16.2920045579364	17.545577619194	14.9193618046285	19.22822111134	19.472561615626	14.0969264075854	16.5163321333912	15.0790238221213	18.9735502479441	17.5240529283898	15.0792689579638	18.2811319769037	13.8928258946637	17.7313572252712	18.123738198169	16.89454662821	18.098006513744	16.0460356172848	17.7329586179369	14.9093765139282	16.2870447477973	16.285667561219	15.2645058279241	13.1700088771716	14.805399810701	17.2731994710386	19.7892296937305	13.5478750174406	13.3021332450735	17.3756606879021	18.1322365085949	18.1355873377444	14.8742173642782	18.1434333622603	22.4555702704692	12.8738430212373	17.8141860151761	17.9431425574046	22.0104523586224	16.8567465574511	17.2008917450981	14.4998231905737	15.4346651458374	17.0888506147994	19.4821212696278	17.3204233195903	17.4394772347822	15.6977593911202	15.583736217364	15.9002536511772	15.685095532072	14.5423565223105	17.6690166476771	15.407254394241	16.5250562482649	14.9835837551063	17.289779148932	15.696616810635	14.0025736799167	16.0104839458294	15.1667860584512	15.7243643865063	19.2075786835974	21.7387147533674	20.469726279243	21.1033949775892	18.2918224743456	15.0717323577999	18.6038203677049	19.5395494324365	22.0402103350976	15.5365861753751	12.0843153883568	20.1512059427223	13.863831345327	14.7684916104008	17.1080599762288	15.3641722432154	14.9930914083869	14.7097345675484	16.0091558117133	17.373505034891	16.8492587567059	17.144919174698	15.0419687542237	18.0536117121549	13.3692840806856	16.1106237419419	14.2979193366873	17.9508704237012	20.3890862165311	14.9660244506454	17.7096991242067	18.0158909807975	18.5706381743851	21.2533690243044	15.6254693402918	14.719799769642	17.1238000322205	15.1100720077186	17.7918614371579	16.6303171704084	16.7578756744792	14.7178599023394	15.148413031558	14.6104061289555	16.5059251403503	16.1845937093855	15.2577252566155	19.5449519096091	15.5503376705054	15.0388711726794	14.5122261621208	13.685521269931	17.6204986849935	15.4396583965838	15.9355139744562	16.8797125972092	17.3393001361162	19.5995835049824	15.7657102042437	16.5035653302653	17.10910479226	17.9479474649201	17.6078595991068	17.754660549806	19.7441088028636	17.5251634087116	20.2901072646005	13.2654555671276	15.2829239297973	20.1112382185056	15.8401230993772	16.6546895140842	18.1466039376392	16.4314389138506	16.576907191789	14.8995457903866	20.0969411398577	14.1282680526523	21.2845924126496	18.2084854397636	12.9712043777027	17.0479024250139	14.077397739415	13.9928179447927	16.7115634669622	16.8327985438116	16.0852856935526	17.1560114035367	13.8853171279088	17.7531712044247	19.2981132622423	19.6434192192976	19.5706164564875	14.5962430811807	17.4554149261993	14.4966926297534	17.5862668757357	16.4072249044882	16.0397256221771	14.4893582486932	16.7322135954006	14.4737602557289
CZC2679	13.6570971637993	12.874585298719	15.3802576072816	15.9003909194133	13.701716366406	14.021728761058	16.8696086703217	14.5350470606446	14.9453754314134	17.8564713682792	13.6423116033724	15.5360980989991	20.275995131677	14.4554430541855	17.2611085335548	17.0056937542342	14.6968492463135	14.3052555038032	11.4834599225029	16.015601056622	14.7954761038384	16.7364289073159	14.4070242306033	14.6896593441491	15.0931489881161	16.4278589094362	12.5702597944181	14.7820875997472	15.5681462745649	16.6734575398812	14.5867786918872	14.5182609967784	15.2378030884451	17.261165461601	14.1990411396133	18.5950264799479	18.8801279174946	13.379345612082	15.5679306876832	14.13447119622	18.4616511984919	17.4387772912614	14.0422878042054	17.7643508035941	13.3758405263403	17.445401741365	17.3110112897175	16.4287250934625	17.6392341745807	15.2958469460315	17.2901731778662	14.2082677501273	15.4318742753472	15.4269744608929	14.8810537769681	11.8165091679205	13.8649137418178	16.1587329900308	19.7132865147557	13.0694532119534	12.2820827100943	17.8237192861608	17.8881974949549	17.2643685460857	14.346896791685	18.0735508623351	22.4358415079631	12.1301129795106	17.3425679138548	17.6965894402108	21.82642208053	16.5700258038269	16.7542227270543	14.073153540855	13.3236398148405	16.1630105789471	18.3754976772029	16.8468049148478	16.9766366661133	14.8773354044327	14.9056202689487	15.3750731241418	15.0777294293043	14.6455154795253	17.2867101569302	15.2478217133972	16.1229509459142	13.4986201831547	16.9208882208291	15.137262013137	13.6015503692008	15.3836188916624	15.4248006856788	13.1074140262	19.0948355456762	21.3293969625058	20.6188651410697	21.0204957384663	17.1491744256163	14.5018232037082	18.2243292639683	19.3138887628221	21.7875889464072	14.3094348049378	12.7522493898391	19.5954890558964	12.8806032978802	13.9566902261954	16.2844328364799	14.7648549422424	14.7011098104322	14.0042619986778	15.1603901559425	16.1673576190489	15.7679644488207	16.2478854696168	14.4893394078875	17.3543267201134	12.6916323630419	15.9177932482347	13.6502608363041	17.4470213404298	20.0976246008652	14.0801436904492	17.5016425663032	18.3441728971402	18.0122129049066	20.5518513895035	15.1122363108915	13.8840747346414	15.8683442559471	14.235655720202	17.5913136502189	15.9115258916712	16.0636582723772	13.5298050120963	14.3196317034595	13.7747323906086	16.0335934476487	15.6540614135483	14.7435915108176	19.1798992919592	14.8717620239315	14.1520314605441	13.8590244700212	12.7148139184454	17.8421153243435	15.1512839829301	15.6863758977094	16.8211647382051	17.0405037662297	19.2727755976335	15.5748669768577	15.8641381324613	16.83901541369	17.2443258258516	16.8578748676514	18.3489120688777	19.9280381967917	17.2102342266244	20.2632670143769	12.594684857664	14.8282401920323	20.0108282220051	16.2710779716627	16.2637930280864	18.1465228471039	16.0822773851108	16.3180420102433	14.3570530991169	20.2361007291146	13.7312960755432	21.5287630459599	18.5820478398444	14.1268808973567	16.5897670848943	14.3859772086346	13.6291634970898	17.1076195091058	17.1499670498099	16.1841626362118	17.2391002079647	13.4720912463605	18.6549784667573	19.9192167482004	20.3872226060691	20.159068522704	14.3117422052181	17.7777546157339	14.9358145845134	17.3581101791667	17.2872950669453	15.7911607757717	13.8163281166721	16.9687187500348	14.3480596524367
CZC2702	13.2442054022516	12.8448060910826	14.3411481032045	15.3571137787479	14.2273999388381	15.5596766771051	16.8657768173633	14.6204755692257	15.7224108059753	17.860956788042	13.6394283345047	15.8468843856322	20.3254812733475	16.0988536297892	17.5473535146524	18.2062196755572	14.8065651778894	14.156062971474	12.6657862747886	16.2788441350421	15.1906654951875	16.6261225501458	14.7345604522465	14.6441366343452	15.924012771043	16.565559155115	12.9973485661553	16.1004937792481	16.2083372800614	16.548713743068	14.1974467698514	14.4466103833212	15.7743408761509	17.6814083771926	14.9747761648214	18.8690930101801	20.0575351924096	12.3182263367841	16.3955030616398	15.111392193151	19.0717832802562	17.4080608878513	15.9455368379588	18.274448374198	14.1040829599551	17.378258960118	17.8492460832589	16.9689241404758	18.0602015498786	16.1280194408652	17.1781235082963	15.288926524061	16.2958510143741	16.2850131978391	14.7281570083036	13.9195797760561	14.6196191400963	16.7911277667886	19.6304721473504	14.1502569619069	13.1036304616587	17.4686198084042	18.9001106081974	18.3513223422031	14.7654539860855	18.5744261250858	22.6764498877753	12.7612911673606	17.4295862296354	17.9172171392322	22.2932996202555	17.440589613661	17.1108709304636	14.7165786219224	15.7300997138713	15.3513574796021	18.6385812151123	17.1279514644747	16.9336335125431	15.338297796493	15.6487707401311	15.9380490506873	14.5359585852493	14.5108204621506	17.7303471724795	15.358577243254	16.0573866206983	14.9549632774627	17.1635074459356	15.4804421460303	13.9424716527514	15.2704171671766	15.7793925733607	15.3130041462931	19.6333847187326	21.9418393375439	20.5172657628736	21.2464554492202	18.4464774044185	14.3513512395003	18.2188594158663	17.5687668333462	22.0754615873206	14.9127777110096	13.4370524768538	20.2589666748854	13.442551716384	14.2205840720762	16.0480342081809	15.8036465342198	13.8812552835322	13.9027647809644	16.0841081118962	17.2559028110997	14.9670142903154	16.5608517062905	13.641273136	17.1674982999394	12.8445385109417	16.1770419692109	11.9877956296498	17.2447311355962	19.5715509233021	15.0463057083143	15.9920834241346	18.1775614274245	18.4520821213955	21.0115728013625	14.9610044417532	14.3060371695715	16.7869147915007	14.5590966080698	17.0439375991986	16.2555459182529	15.6327721005362	14.1120694496182	13.8137329561659	13.5944746659749	15.567610853556	15.1285987760065	14.5217597051775	19.8708256933883	15.0241908496644	14.3945152523311	13.8944257736421	13.1914035823044	17.4931893423696	15.5104467551578	15.0035677538506	16.4005928712646	16.8796213189767	18.6966158405555	16.5473592068073	16.6348577306497	17.105404121558	17.051318514981	17.2683033451072	17.3590003359616	19.0726706170101	17.4150326605318	20.2105236946648	12.5068973541901	15.3374091093224	20.404248427341	15.234557853001	15.4776658832976	17.7603833420954	16.5841242903895	16.6032552504274	13.9810404293736	19.1449257883926	12.7617168155936	21.1662261017014	19.1263864619267	13.3652615380776	16.2877169084579	13.9277241923687	13.277563784418	16.0807662454507	16.1555238903207	15.8883463458648	16.7080576070869	14.2533477106705	16.0646524117263	17.9816451915705	18.7646489972511	19.241695036973	13.2938449996567	17.1727614070115	13.3332733338745	16.1797619004452	15.9275559786484	15.4668264993739	14.4636858241524	15.8463282773329	13.7636076212563
CZC2703	13.6630142383615	12.6991224372841	14.4783638240789	15.1793328524932	13.8146019590132	13.3965249988994	16.7204579258984	14.8202297100146	16.1260031828564	17.7619883840466	13.4204797637191	15.4952917740146	20.4526214368758	14.3047151549915	17.4943676970442	16.8697794981314	14.8459166167332	14.2308407048395	13.2880694212532	15.7763564366299	14.8127709700786	16.7653378289146	14.9494555397476	15.4007109832727	15.4305335169498	16.6444833990772	13.0860383469921	14.6932838394819	15.5451288839133	16.9378278848431	14.842806180797	14.4555912534892	16.2603691489096	16.6810604196494	15.3417160711966	18.7520403784678	18.9707529922667	13.8458187279034	16.0096926662373	14.4809593258144	18.6818289593318	17.4340037421374	12.8792591996727	18.4739332968389	13.4515516188836	17.1717402141211	18.6421468226958	16.9810368929758	17.8593527173476	15.144596793891	17.7721230599558	14.3954833567518	15.713540296249	15.6952419556491	15.0371850420821	12.5063645393274	14.8474889288394	17.7287653756002	19.7475774258008	14.0742185487096	13.9488451517252	17.0771581331989	17.8947171450243	17.9508155096096	15.0257043192495	18.0734036182881	22.34641474876	13.0759840381598	17.3740273175374	17.3138314295413	22.0003049614307	16.7996243667931	16.7966489895554	15.0945258803484	15.9173858712657	16.5443122889533	19.6882091401554	17.8320268865875	17.8254837645444	16.1186620175425	15.5871454875679	16.3710242717293	14.651025683627	14.743541207732	17.4473005801237	16.0112034424132	16.5787581416743	15.2780184945949	17.2629605033174	15.950177688169	13.5737356980947	16.4220446929224	15.0832522528381	15.06012472757	19.0399020616988	21.7709143386878	20.4702121707964	21.0473285956537	18.305053068712	14.4545891106696	17.948295534274	19.7126791142294	21.812248040164	14.7241663025594	13.0349510014799	20.0352576107126	14.5016914577367	15.2828718846418	17.2057780231159	13.3849164961916	14.6556920883758	15.3200835237037	16.6796473751878	17.5888853276258	16.1248817700784	17.3514265818578	14.3999336524003	18.0880759998513	12.5108710212208	16.1946417217469	13.5227305942511	17.2302574243616	20.2389910021936	12.9381603283534	17.1529317816828	18.4503230728026	18.4047435570681	21.1771989843315	14.7862914660296	13.8117392395745	16.8470750221273	14.627554083555	15.9960597072956	14.7800390713774	17.1502952149105	14.6412116431254	15.4046079031705	14.5990573945993	16.6820868032971	16.2546676002768	14.5878297664969	18.106231491222	15.9438482530774	13.9212728562966	14.2236358419982	12.3435959409606	18.2154873499011	15.7148261800238	14.7269231514446	17.2134104632554	15.991546245039	19.2752586708034	15.534616856942	15.1214831054433	15.9167681350702	17.3292828826077	17.134626330611	17.0780030243346	18.7320127927113	16.3657179609734	19.5546463748825	13.1192716415107	12.253507144534	19.4093668724739	15.4957575348347	14.6060830838788	17.5508944476258	15.5356905971952	15.9352543865798	13.5425465446123	19.6773653260025	14.0489894274007	21.1072036458865	18.2254354482456	14.0716764041745	16.7672776204938	14.2897634431956	13.7963635467749	16.4821201836812	16.5593206050655	15.7521304040572	17.0171643932486	13.411560873821	17.0053674222302	18.6762795496116	19.3480141508446	19.4992938743133	14.3231757648699	17.325146497548	14.2435333496154	17.3227639363812	16.0435458696213	16.0464182308645	14.5194341647003	16.0863703778145	14.0180895879427
CZC2704	13.8536664409255	12.79018975696	14.7594222296174	15.2761423978457	13.8165407930898	13.9566491523191	16.5758673739047	14.814923702533	15.4733908434288	17.6826741352282	13.0651417105757	15.5344045045195	20.3302548711516	12.7815923223693	17.4364181694317	17.0277447483256	14.7194210179524	13.8773721884875	12.3583673584015	16.0191029918422	14.6939687192014	16.5613888664559	15.0357012957713	15.0731081255009	15.4969086969826	16.5763964079469	12.5150821883638	14.6879108294717	15.3826323489762	16.2674937482781	15.2385002979459	14.2162893450699	15.6115269459763	16.8079564984362	15.0810867316123	18.4618477551075	19.0731262279643	13.615479135568	15.5750828706184	13.9596806103309	18.5276871517862	17.4412178812707	13.6547696307655	18.0126463414824	13.254465117813	16.8603684279954	17.442469586336	16.6256553309311	17.3489108636021	15.1878185013066	17.4188422437634	15.310543806562	15.1841584039118	15.2361683644039	15.25091210871	12.4024301316003	14.2584364975677	16.8004361895354	19.5948390718789	13.4664936742295	12.8355954110303	17.1072021623791	18.0645163977793	17.8318441776766	14.5904302931494	18.0944046579088	22.3423293382038	12.7903838257037	17.1226620375528	17.1661601648139	21.8493272318433	16.8910276727163	16.582675537643	15.2847665412711	15.4241667535373	16.4029966124537	18.473711248017	11.6525062639834	16.4668784196498	15.0121461897509	15.3227874956351	15.7677495284277	14.264318123795	14.7424570842689	16.9235085534191	15.767259658686	16.0425080037329	15.081732829166	16.5083337280256	16.1232856436165	13.3169718064786	15.5963921539063	15.422996320994	15.0730518932878	19.1014330944991	21.5839310795923	20.2987844139075	20.3947893447331	17.8205995352084	14.3488820968868	17.8510605781478	18.6387781512704	21.5758962091863	14.4757881397192	12.9595927018682	19.5534400720727	13.5518823864627	14.1753968877791	16.7273239630638	14.2106948962637	14.4659403060876	13.9017569408372	15.9378572044628	16.7840285776988	15.6611579138042	16.2640767040773	13.4193649541067	17.2968057590121	12.672224024378	15.2117753440424	13.5201482145253	17.1861868168229	20.2527153231466	13.7010729489726	17.3399598228749	17.3769617531014	17.7829957143694	20.5189583183528	15.0644248736015	13.7524207316015	16.3131568782763	14.3172049778909	17.0370471422705	16.1917018793311	16.2081784655007	13.8561281978455	14.6303582915681	13.7685058630056	16.078034341627	14.0696507852451	14.6245094129693	19.2638138413127	14.8889243310197	13.8179905901406	13.6871411068803	12.5159553556193	18.1165330884815	15.4614109398232	15.0833844418988	16.9577866332707	16.6216130147301	19.026409762797	15.5081326601075	15.5185921343362	16.5209723747549	16.3650619669964	16.4798706777368	17.9011717738193	19.4543946558093	17.4910027046219	20.1438640775256	12.6869637437295	14.5319583886378	19.9768786407872	15.7538536113455	16.253315953072	17.6528478326453	15.7948978676732	16.1520799684755	13.6194443837936	20.0481573726313	13.9812443435699	21.2943849805677	18.6414774211105	13.8865967043551	16.8201087424224	14.2635271133468	13.7985894775612	16.3789921295242	16.4641985329682	15.5742889519206	16.9309035676357	13.370703665222	18.2689506865866	19.6332240704054	18.8205360129625	20.0821965168216	14.5790896934337	17.5364581368785	14.2914157064385	17.4060574482443	17.0261324167826	16.018574073364	14.2876510556046	16.9302501454401	14.3280796502055
CZC2706	13.1682508161683	12.5096264677275	14.940510647595	14.8810774418067	14.00900964444	13.8158139069493	16.503861969659	14.0975702109464	15.2799331133228	17.9285256968242	13.5880874825355	15.1875169317015	20.3481880787588	14.233647527164	17.7426207981299	16.8661561423328	14.7468721210003	13.9818274921526	12.6866517795978	15.4234930459819	14.1693569875251	16.6662720926357	14.0387010905748	14.5785561129196	14.7361030922045	16.1724916861634	13.1414522198206	14.3040194837531	15.081299666994	16.422537651388	14.6528854813088	14.568988572248	15.3688242767213	16.7478073855029	14.5066237368446	18.849957684683	18.5331032411163	12.3787768657264	16.7931851714309	13.8596720291003	18.4653635061885	17.4254084976399	14.1680328083944	17.737602975868	12.5548371227645	16.6431377289565	17.6012894227042	16.3025693984608	16.8823431064033	14.7845053064094	17.2055222554685	14.2441170234054	15.1581923329199	15.1639701757309	14.8287362206561	12.5802358293118	14.1572887367165	17.1180198897706	19.5936908467421	13.1648160134178	12.9866782548247	17.2973071453493	16.0197389122727	17.4995019012063	13.7080328605469	17.2995383104617	22.3239177531047	12.1172085460369	17.6592643095311	17.5218004153358	21.4974333608307	16.5839246184168	16.6315306647032	15.0418462358278	15.1760683598461	16.1121533296871	19.138973983061	17.164306454229	16.9841902358322	15.3672015631242	14.9433238427978	15.7859993202203	14.6553759002074	14.9116704365983	16.6633068352288	15.2532967989023	15.9435840916621	14.5536170395365	16.0083235531214	15.3328552786148	13.6194768895553	15.8790416791317	14.2685981424105	14.4545240609069	18.876649976402	21.7669303741061	20.134875170392	20.3140982589479	17.6570069659918	14.6097513592194	18.1380488713471	18.9827330993307	21.6613722657866	15.1203679488156	13.3673316927058	19.4491546824661	13.1443285738769	14.6632118415368	16.6774227789498	15.2115889900773	14.0562715279995	14.6876409559254	16.1078126366231	16.9368750976521	15.7705929064942	16.6928656695913	14.5775454393476	17.6742741093792	12.1708537503315	15.0331582000337	13.5340781338468	17.3031855887365	20.1393269115113	13.1782386300005	17.291195387532	17.1600666836843	17.8332998978547	21.0384640834479	14.8433292716373	14.7991883040398	16.3302595393749	15.0388647349888	17.7742132771749	15.442755257919	16.3521112262559	13.764119585859	14.8011698785215	14.007938802199	16.178551403929	15.7634602848089	14.6430072592656	18.7641586300343	15.164300275441	14.155091276104	14.0088177387184	12.769987825534	18.2262277621281	15.4249962634563	14.8508549568341	16.4962725077854	16.17251125501	19.1537816674913	15.6302391096666	15.0455173861032	15.9920382920857	16.6830328072655	16.7391083462193	18.2638507796793	19.5470657190235	16.8865468816212	19.6326234298308	12.4217114303994	13.8863442969478	19.8627845704902	16.0029860228738	16.0628268131916	17.281106764757	15.3758846222109	15.8319684462729	13.24074350179	20.7559591428537	13.6954686870218	21.1016228715693	18.5497767635865	13.4948378083818	16.3187389294083	13.4739445141472	13.0581349216848	16.1150353304508	16.5792059414379	15.168386900229	16.5369441499556	13.0710497310202	18.6431016774412	19.9200248976977	20.0448573624724	19.556587737081	14.0434986244423	17.6718834653779	14.2426540585109	18.0258839749074	16.0592859041595	15.9144551302274	14.6646974989147	15.7210228868104	14.1757028382167
CZC2707	13.6651963767226	12.8665321482335	15.1107468994693	15.9313546975612	14.0697673873564	14.2861305422242	16.7077223103652	14.5101486745266	15.1918826974984	17.8530812047704	10.9540799743546	15.7766156185526	20.1907646770549	14.2704484416541	17.4580230816299	17.2892535145158	14.8442006413056	14.3648157233607	12.4067111301099	15.1394490640636	15.0162602800365	16.9237833822216	14.2075608004368	14.7363434768705	15.0410127047201	16.1970735051073	12.9955400855921	15.301666330169	15.6967805260101	16.4516816105723	14.6101789372278	14.5709464606045	15.4697094781219	16.9567544817281	14.8357547843461	18.7245318597815	18.058014287985	13.5242719182852	16.0643369664135	14.5606785186299	18.5539895478058	17.5140646140801	14.0928158041491	17.9779653615366	13.4032117608004	17.1638834437234	17.7119587555034	16.6223890841459	17.4913714172186	15.3413972466408	17.1768172023238	14.8234753064431	16.0989500091379	15.9138961372567	14.9702802248441	13.2422421001958	14.1269090381369	16.9768716698079	19.6354718847808	13.7211557083967	13.0362386377811	16.8225519239851	17.8403053720653	17.4101972308765	14.9992323517653	17.708954718529	22.3723010381588	12.62550239819	17.365675606245	17.8802174462845	21.8408574366279	16.8182413645551	16.8763076633488	14.5584447333119	15.4317559047501	16.1647042047645	18.7452297086086	16.9398697964496	16.9170444810622	15.2716221347727	14.8907180002484	16.108892854125	14.9679454079759	14.6269953932399	17.4427148191677	14.9819758101822	16.2199776336293	14.9422656675574	17.0521355432079	15.7056544613276	13.4008841371892	15.98985018705	14.8769582224388	15.6253401110374	19.0180310532929	21.9589267459105	20.2678226955891	20.8804951286954	17.6931359555288	14.5168937408546	18.3696935417664	19.8793057277651	21.7404919690008	14.6263556621142	12.961722404618	19.8353681778725	13.4451440071446	13.4905373584699	16.6714028581488	14.209041464602	15.0833243487383	12.5524155266614	16.0385637565891	17.1404258595041	16.0083979969431	16.9358722005697	13.5060380907309	17.6515756416598	13.0614774941621	16.0489343681838	13.6159037144886	17.5587733741602	20.4682486259619	14.3199416504241	17.4881494072458	18.0511394990089	18.1495174739868	21.1988991876555	15.2120456411856	14.2355539387902	16.3884322677585	14.1616560863597	17.0661826753644	15.7517168173516	16.4739224551282	13.9998298629299	14.2169704418597	13.919993259456	16.074289487816	15.9576115361731	14.7002091240978	19.1830241529208	15.2691062303562	14.6555177818449	14.3741985710783	13.0873186545574	18.1556480763418	15.9993107612512	15.1137481810769	17.1891555081829	16.8063114044953	19.4412682552775	16.5838568820703	16.2008927780411	16.7794934772035	17.1394233595972	16.8750898891188	17.6807954564726	16.3149886870418	17.0341708067976	20.5390650763946	12.7515217530961	14.9591614191994	19.8627807989545	16.0927282620526	16.2103931526564	18.2881552805257	16.3260720653665	16.4600129903494	13.8795612072992	20.2324742022725	14.2597899229156	21.7285103523832	18.655780756652	13.8895275102615	16.8934021460598	14.2340511099891	14.0429398340265	17.1924783239614	16.6120050168253	16.6395992142714	17.8016210243786	13.7906287596319	17.5782539380265	19.2836909547376	20.1876634362483	20.6248542449414	14.5925108979659	17.9663166620452	14.6959004701991	18.3570457403865	16.8678286079327	16.5084886784302	14.8404565925992	17.6578726791918	14.1262485196711
CZC2708	13.0481025114399	12.8424692356083	14.6162103350163	15.4747347963291	13.6509879684798	13.4257202199957	16.6671881623614	13.9967650681664	15.2101180981592	17.7386902892287	13.4915745647712	15.3172107761558	20.1436622878766	14.1354877033705	17.4232431441899	16.7556520012005	14.7200776100791	14.0826090176551	12.8098703762098	15.5548453648037	14.5427949631935	15.9424386808278	14.0130603083398	14.5704008400208	15.5032020837659	15.9752964063321	12.6449019675962	15.2645195550633	15.2431694177824	16.159162570362	14.7331991359961	14.3691293012346	15.3835468183258	16.6428235692422	14.8703166374501	18.1873928817883	18.2282061480917	13.4112744158679	15.6975863838954	14.0562883984081	18.1673153687025	17.2219979408646	12.5698278879938	17.5624865180776	13.1547336236367	16.8452746662734	17.7402446718688	16.4448260640158	17.3643813244264	14.7302956633515	17.2115018544515	14.8392385303297	15.3386895418121	15.3005458090849	14.7750655361125	12.69186897538	14.0814228116369	16.7467006058405	19.5970003045164	13.5612265220457	12.9945514363466	16.4445129911096	17.4422561401197	17.1688899582841	14.0590029810815	17.4326940384467	22.1984815749069	12.1145247597635	17.1542404564085	17.6003280406533	21.6859539273697	16.7005571478433	16.3242877142133	15.1415423247279	14.8962690295315	16.2452703989834	18.7798335717995	16.9457546705356	16.9343561682896	15.5025819119042	15.1614821114078	15.5771016889131	14.3282561591934	14.8034718480536	17.041138371964	14.813670285755	15.941903318752	14.7516316273389	16.8754400653615	15.7123816188712	13.521091132031	15.6001541910757	14.4436110189424	14.7426913406007	18.4793724664513	21.4130025901043	20.2169634097524	20.3487111163544	17.3651919714306	14.3254216440682	18.3395187912744	18.1414558568795	21.5149763242416	14.5368022717411	13.5311924202011	19.6197095049127	13.4748204325032	13.5304625236528	16.3938744135268	13.7140825062469	14.4207135859074	13.7980812263845	16.4276829710031	16.6923958413755	15.8270088483185	16.5300075617061	13.7174186613307	17.3446031828756	12.7797283537615	15.504463823722	13.0565289763369	17.2380679695544	19.8484757707631	13.5694047537048	17.0597010438618	17.6439247906101	17.4379712521323	20.6349535312067	14.1279766410246	14.3198194734364	16.1045922854053	14.1279766410246	16.3275901701854	15.0732086410101	16.2231276845718	13.662577486734	14.538452384797	13.8488424283691	15.8011051598817	15.5293154608334	14.3325843784308	18.611314461323	14.9321069439538	14.3917721058938	13.8764166526341	12.3548674627252	17.8718116363334	15.0714989845012	14.9177057872279	16.6175199394091	16.3492573801951	18.9085863884897	15.3112912778588	15.8889401192266	16.3821785054959	16.3925569093221	16.2511159341136	17.1143024339931	18.8309055507019	16.4189302398594	20.1089002550424	12.2602443991262	14.6799596809434	19.6976010060313	15.642293579673	15.5275688187846	17.9314998479758	15.9882461008256	16.3583700093161	13.5219558899286	19.6287482686566	13.5600640524415	21.437597768641	18.6719402808379	13.2150804086305	16.1476138358701	13.6594550435243	13.335686579507	16.846840788967	16.7037618431353	16.2552230668838	17.3935376401349	13.8191246801497	16.9083942806	18.7313836486897	19.5863834670433	20.1333638889496	13.8004260130305	17.4965955255892	14.4525658074951	17.0354982085252	15.5932987124865	15.8094764529986	14.3760396412899	16.8528991036921	13.9990142357778
CZC2709	13.4609256663437	12.7962365758298	15.0717705310909	15.6473762878762	13.800696180549	13.9974736997019	16.720183297605	14.3163257256876	15.5881287867616	17.8389172527062	13.6094790903494	15.5841026938261	20.2663175293146	14.43131251628	17.4391769773742	17.0484503286826	14.7159179142319	14.1741008184127	12.5877062057503	16.1827617692675	14.7331397808595	16.7076140194847	13.9542130036188	14.5076648002241	15.3785335447651	16.2333458603834	12.8581844226019	15.2127258636404	15.566991815351	16.4250240239264	14.9570799256766	14.4730444789189	15.6516262196313	17.0216971835932	14.6945517253346	18.6169688470526	18.5492687682402	12.8687690216629	16.0257550764783	14.2106022719806	18.3806924892744	17.4391601002518	14.1948412341433	17.7154398098692	13.3458350182513	17.2302616694424	17.4664477364553	16.3044166227528	17.226011901232	15.2110769823421	17.1139645769748	15.0391781758335	15.4582970441233	15.5043919128253	14.8034447718581	13.1760959748417	12.2557655335504	16.7585006943806	19.6488908674823	13.1344560974446	12.7435593207998	16.7351310495395	18.3529367655951	17.832394403013	14.2983174563194	17.5043663657986	22.4049439409318	12.1535221854514	17.4035370427079	17.627665217897	21.7821252753281	16.6153965580726	16.582862220716	14.9280610319154	14.9885987910522	16.2259944514438	18.5854593083512	16.8772796075238	16.6378513821582	15.0480558432282	14.927345123777	15.627682688478	14.8361670856865	14.7699025909145	17.1562514238461	15.2774861756731	15.8525239037634	14.6230589859308	16.7797471793784	15.1790030038423	13.7891721577631	15.7467666358189	15.7727796711669	14.7622877839709	19.2220019365747	21.4270481786612	20.4693847110565	20.5102555034734	17.7149811551162	14.6397911611906	18.282383492184	19.532542176797	21.8732281685918	14.4865734539867	13.205364940207	19.8498690231158	13.3498218398456	13.1103686698585	16.4951333650878	14.9065246919592	14.5113235067048	14.0422517659439	15.8655500472204	16.5754729209161	16.1028090151393	16.2914748933381	13.2727238165931	17.2499617151293	12.6723413511239	15.4597162166792	13.7754248580418	17.563270651217	20.1411246882067	14.1391882914634	16.4650438603154	17.3901592386921	17.6871920563362	20.8679960682138	14.8901371305068	14.3854548439939	16.2719317255883	14.3197819491975	17.4257604256242	16.721260663915	16.1455029734359	13.5526579195716	14.6168228305784	13.9056679732317	15.9755035270901	15.526297121338	14.8115363073494	19.3478634052168	15.126490529463	14.3402967941099	13.8927622364909	12.4872490348418	17.9287010210115	15.318865300133	15.4306339766336	16.3437207949727	15.8259050695031	19.317593210604	15.3050016709175	16.0096620242392	16.780780445678	16.9560478241385	16.6776487249273	18.4607218176333	19.6593637374685	17.9075535108479	20.1599171065679	12.3973748940873	14.8481307646981	20.0788761200212	16.0541813668376	16.5610262005801	18.0388251824718	16.0937321885696	16.411918993896	14.0718735004689	20.6948039694289	11.8008076726436	21.5403271877303	18.7639851204063	13.3068189703558	16.5187275961285	13.6117795871771	13.4141506719393	16.7892638480662	16.9517899247123	16.1443636999456	17.2728329714147	13.6457675675412	19.0025209916858	20.0294951480455	20.2701745507741	20.2407388515223	14.0892705773107	17.7095479852022	14.533107157643	17.8330624828495	16.9621885856247	16.2696318800858	14.5389165825725	16.9693579270832	14.2045946752559
CZC2710	13.2359939162561	12.6206688011157	14.9731770557608	15.195605029426	13.8579049479426	14.0426358563917	16.877155069456	14.2934549507297	16.1461069282452	17.7823683147519	13.6710859551178	15.4011443820084	20.3849309662789	14.8398250944716	17.4211411894314	17.2251084589207	14.7254689556629	14.1869607900448	13.1080720328905	16.0125261579107	14.8012523138508	16.9297600007438	14.3504095593171	14.7262887436365	15.3107196665702	16.3568313835584	12.8621522452429	14.8218851598834	15.4603321225936	16.5640724808171	14.4599756362159	14.4218480610101	16.1817764140141	17.0153390889921	15.0760071918575	18.7754397024627	18.9968890464546	13.1987054718473	16.0669909910939	14.1669468834708	18.7572862181256	17.3719383534739	14.5136829872845	18.0472817826995	12.9622517912231	16.9726597488987	18.2912766423325	16.2737118110161	17.2927295538368	15.2064712926084	17.0958671594555	14.921769609808	15.5265999084043	15.4896265496098	14.9157830450733	13.0961420267842	14.3857990302199	17.5356484719956	19.4593180181177	14.113581182563	13.9806821910806	17.6244809263107	16.7775807787466	17.6372936385738	14.1879852460867	17.7951627342355	22.4517561067516	12.4431704237733	17.4914974685015	17.7305361447301	21.6705880732881	16.9233536424816	16.8279150386679	15.6892661140855	15.8542397144811	16.2090828382627	19.1527925260257	17.3589990779887	17.1872517986617	15.797148060105	15.2589129373626	15.9797051435911	14.8175812031211	14.6798201825407	16.8462027399368	15.4681097686608	16.263117806297	14.7566977337513	16.5940587671335	15.9119246828808	13.2981807266255	16.1795070361365	14.318250263629	13.68042497959	18.8852570544117	21.783814698787	20.2467501693698	20.6547149623002	17.9519765259461	14.5330679888151	18.2259729097226	19.011340894216	21.7916125450874	14.9959799687984	13.1548515953943	19.570157662011	13.8978650836338	14.6713445686759	16.9409290323593	15.7251520503937	14.6765429987038	14.4940068169947	16.4875351317592	17.1802373331675	16.0350469652898	16.8140405298082	13.9800294094842	17.3160644637449	13.4516270703635	15.5701812830173	13.7908667767216	17.4959630321117	20.3727678762482	14.3392228600647	15.7388155588621	17.6153580467228	18.4001347292422	20.9962921522778	15.3344454092229	14.436883614903	16.6061733746192	14.6731071104434	17.6608408822239	16.2020716619655	16.6124167998949	14.1353615292153	14.9984959994559	14.0595488216013	16.3553696752344	15.9055481285488	14.8647400362829	19.3651995736561	15.0282901522229	14.1461743963101	14.1365679076336	12.7984034338581	17.8245013878172	15.3565654593373	15.6396591466799	16.923021624398	16.9734339993831	19.6003770766843	16.923538787762	15.7339811613894	16.6650524775594	15.857839373135	17.0706291254606	17.7278701945258	19.8754281699232	17.2301006124136	20.2184262285215	12.6106893041402	14.5045180427953	19.8931438093004	16.0142775039049	16.2880573197298	17.8218132815444	15.8627781371111	16.1207631091264	13.6162695112117	20.3926532989886	13.6831889146693	21.1842025014687	18.3332715608666	13.1373357369331	16.4171816233098	13.5054226582776	13.1682610998277	16.4578955647154	16.7806074085085	14.1105004295388	16.815985500762	13.1713581111242	18.4717980059471	19.7151393376758	20.0105117921315	19.2718541405951	14.0041555562605	17.8870492960656	14.4471054570646	17.7365195991655	16.5345689295499	15.9819086824972	14.3053398546819	16.3657521038866	13.9760156528076
CZC2713	13.9068060378164	12.6568060611224	14.3866851747881	15.3637408834283	13.6284073809838	13.6739486977885	16.2781081774005	14.8758773353352	14.95148102442	17.4038871491756	12.9097701105985	14.8277537080908	20.1742124183472	14.3921171868523	17.297585922668	16.9858981568751	14.7166707536115	13.5368537529829	11.8181611618708	15.5082569168451	14.2459570142105	16.4439219068324	14.973521481155	15.1602196966608	15.0138750816425	16.5867298830076	12.4907303500634	15.1502294246188	15.5784566029792	16.943820045872	15.1911878287163	13.7842356623294	14.9163181954232	16.4488396977813	14.2969417809521	18.2506016313295	18.804308126516	13.2711263125085	15.915252151121	14.2992681839801	18.7987859535904	17.4503783425705	13.502092123622	17.2979859750453	13.0146467081955	16.7027234959267	17.4332091822373	16.3070227944142	17.4347809987613	14.984440715123	17.533032169815	13.814014557213	15.5360103271398	15.5643335349814	14.9175702368816	12.63726415981	14.280791246664	16.6262009034675	19.5812494705485	12.5527456834023	12.8796689386898	16.6367330511923	17.2440201768638	16.9612167050506	13.7667694031489	17.8610888655811	22.0624797697152	11.7808650032902	17.0248469915761	16.6649242553707	21.6977678047155	16.5198147341347	16.5331500227626	15.5228391797704	15.5693820956243	16.6815379604132	19.0130755953902	16.8597625424519	16.6359691168353	15.3062384859827	14.8689789696207	15.3464055149673	13.6735228759523	14.7922421319449	16.7671347217557	15.5291520140221	15.6676928446476	14.2078840408229	16.6399280683142	15.5945278015871	12.954225588109	15.5815143575486	14.107914074586	14.9450798977291	18.1855556106793	21.3577153816718	19.7867447394641	20.3182670785803	17.4873079165523	14.4384766705184	17.1750452251335	18.9524211821874	21.3389479754631	14.568146411866	12.80707720046	19.3901715447236	13.2804110194584	13.4811228855087	17.0132905678334	13.8193358133371	14.7620833659883	14.3457773166371	16.5245635367835	16.6514748681703	16.0016741249144	16.5441821536956	13.9678719150508	17.7751245351036	12.2688675224032	14.9515830725755	13.5476971252703	16.5695391472295	20.404542644639	13.6089275474166	15.9505048583387	17.3017174544208	17.8555332949517	20.5168747778795	13.3389283315214	13.7253216032723	16.1695620603106	14.6019297403816	16.5855052072543	15.0603402945681	17.0420574424758	13.8600707598727	14.9796436601628	14.0565555312129	16.578811739838	16.2680780745201	14.6422383680616	18.7342165107757	15.3719162371432	13.3912525012188	13.8822990850016	12.2484556710872	17.9855178270302	15.2345509856273	15.0540193958897	17.1380152855536	16.3668875398659	19.2964325987247	13.0217660287232	15.6232044876703	16.3571755864499	16.6498856539841	16.6242513138112	17.2324047144674	18.9936069223041	16.4618278600877	19.8528553972868	12.9954228138137	14.5401694176113	19.8697697941181	15.4897788621876	14.7117845586957	17.60797418327	15.8382181902041	16.1882236098564	13.1938031728097	19.3533447492125	14.5232257355869	21.1718485726717	18.5674892383534	13.2209759762154	16.8588578645391	13.5769880798469	13.9129689913459	16.4843430242554	16.4290148086978	15.8347998028115	17.0045932858181	13.5458669706965	16.5255655647666	18.5616564407339	19.5258435182669	19.5554321734364	14.9974646558194	17.0967010911302	14.0538123429581	17.7693850062169	16.2482712394153	15.7252919405374	14.234375970271	16.3853159021683	14.0395094313862
CZC2714	13.3519753099614	12.6928406472516	14.8894863859655	15.5282066450452	14.2339366432168	14.9188542628088	16.7934597496467	14.4405179678647	15.3662711473644	17.1551402367905	13.7714205687365	15.4285935424442	20.6567517715724	15.0834250926961	17.7667661432061	17.5117176805193	14.8263581095747	14.3048625238318	11.5635847726307	15.6515955058187	14.7934353923577	16.7601747254581	14.7911575107745	15.0110180695918	15.368107272499	16.773140353467	13.1096685289177	14.7831876269374	15.3955287474109	16.8070383450396	15.0151526611263	14.8994745996652	15.8186836640614	17.2885075153869	14.9099630807905	19.2877532661187	19.2716920338749	12.7537884463587	17.0219052578317	14.1754504390902	18.3361983639523	17.5340223812738	14.4913296923451	17.940398445878	13.3559662373473	16.962357624415	17.4787129175069	16.8696568979742	17.4465021337732	15.0552618566464	17.5508184696127	14.834526753073	15.5185669096526	15.4924427087221	15.2051881293189	13.6063902975704	14.5344510017617	17.4759302139778	19.709183014549	13.6010448077598	13.8145075569269	17.3784382459427	17.7803515869295	17.8828302673117	13.5895736825754	18.1010009352453	22.4135186880377	12.6658345471865	18.0891786511386	17.8971717784205	22.0843168365416	17.0701239530341	17.0946369070125	15.4820912333381	15.6259416294999	14.5733413608529	19.3544978045158	16.7876831130859	16.8820967286223	15.5081299330535	15.5276569850882	16.0295062091154	15.2389341678035	14.7935415676674	17.0543716542325	15.6623117639418	15.9333895641912	15.2331716954211	16.8619903597526	15.8274823296579	13.8069886593139	16.0992284578731	14.6607173149465	15.3149357220905	18.7704247877974	22.0878918654588	20.4359833998298	20.7754152743389	18.3591139504816	14.4358961382204	18.5847849817846	19.7619499474373	21.9235978274459	15.107334997539	13.5874148113725	20.1100086255038	14.1200146347716	14.8349890702556	16.9387338544736	15.0851383839091	14.3519075741293	14.5944396550787	15.4922267508405	17.7944266968783	16.1083116658929	17.3361460762546	15.1194822975895	18.1063030781562	12.8817492285675	15.6456672856947	13.4217978137947	17.6970281286537	20.3599714486036	13.6442195291529	17.85366133888	17.8650309435811	18.3672355384957	21.6038713119779	15.1956767556887	14.7565107452138	17.1389866593818	15.1862103156287	17.6134386236915	15.4735856095267	16.5875234238056	14.7387378259494	15.1627310607872	14.4650305182431	16.6964745305417	15.6679449843694	11.7874435014559	18.9416742020446	15.781306553542	14.1612288994534	14.3105304754605	12.7379131018687	18.1407261045031	15.7950840734457	15.2740216215393	17.0335708791998	16.4352054459446	19.5040779125039	15.554023592281	15.4526050443562	16.275984987007	17.2939449963704	17.3421632798866	17.8718983975804	19.2758053528498	16.9666858506295	20.4723671749656	13.3508219146437	14.340987895821	19.9225560984566	16.0543935136076	15.9510482838999	17.7690771769071	15.8719467699223	16.0903152499974	14.4831064997073	19.9707362226349	13.9940383450056	21.4972141528855	18.9182992392826	13.8007043657814	17.1458984673332	13.9544163269711	13.7272699311384	16.8870709181408	16.7679760707826	16.1277260573738	17.1535296694612	13.750156150909	16.0757272779735	18.7338378596451	20.1115071463348	20.1743834491754	14.3573082066496	17.7334368057205	14.694815395153	18.2641724320935	16.9372711478959	16.5195943385439	15.2940665134888	17.0260371991987	14.6492370667485
CZC2715	13.4287161486747	13.0805806657097	13.8964456762441	14.2318725448473	14.3339137304542	16.3151266424541	17.3146354539478	15.2670351332126	14.9266331952019	17.9051989944036	13.9111322955931	16.326893509923	20.4788740512018	15.8664302602545	17.421564339882	18.5775112367284	14.796339737976	14.5055866034128	12.4277357475199	15.7747824997669	15.4549356290376	17.0890819829682	15.0754579908494	14.9480967707113	15.054753669103	16.5247999902356	12.9897854612766	16.6238308942935	16.6924673185817	16.6724772271335	15.2143129771526	14.5130211245943	15.1828806643508	17.4433239626594	14.3319391135513	18.6596840175584	18.9237710846066	14.0386130700364	15.4671807200892	15.6166698197284	18.814579971042	17.5433029300309	16.7649438285535	17.8670426418002	14.04584558611	17.7080475622409	17.4288638518479	16.9446603076546	18.3008729668272	16.4892818168776	17.3544179042214	14.1014693689536	16.7727547997284	16.7521678545381	15.0738541506267	13.9441353527761	14.1590226132404	16.1931290798876	19.6971242593441	13.1544024203336	12.4719539318654	16.7031431059816	18.1170084805607	17.581202781806	14.8556770218462	17.9467229310566	22.3378633990652	13.1795817852668	17.242713377564	17.8816133515069	22.0380666528566	17.0780896722889	16.9209007758379	15.3134043967802	15.5215185950478	16.2781595324404	18.4531463580964	16.7993099900139	16.7951536337403	15.0654038855473	15.4501063833051	15.5366474647301	15.4105982836235	14.7175463776342	17.8590112333966	15.4341222907364	15.9279883411761	14.9712498316266	17.5490722144001	15.7180806088728	13.5478358948459	15.5410961405955	14.8837187764592	15.2228880333148	18.8488306858585	21.5530342525849	20.2393647731222	20.9309034550356	18.0859091673887	14.4729987712566	18.2585009148359	19.4402620135174	21.7338925910147	14.5785324512082	13.0060835922505	20.0552263939225	13.2224172162465	12.9473177090215	16.462723286724	15.753384839751	15.3443670572491	13.5191230701677	14.6681250234124	16.5714327875926	15.7043731959037	16.2021846904094	13.8320954314861	17.3890950808961	13.8522822169387	16.4284804311109	13.9615401410576	17.888937895247	20.3894350619716	15.8836722844269	16.579455894788	17.8384981070318	18.1356643258849	20.7609601732791	15.442240951284	13.4517521912884	16.8552111329797	13.7610920362952	17.8849589221156	16.81304667162	15.9183874418353	13.9912693032106	14.5941064044083	13.9176697054068	15.7531969675792	15.7916708847691	15.0371621299099	20.0506439850201	15.158872003084	14.6583408572165	14.350805761841	12.6947791891536	18.2822873394519	15.5691771479552	16.0564064924487	16.9939253152536	17.36487933827	19.4065749380916	15.5292844901194	17.271351746008	17.5553901892736	16.9084704455065	16.8372570055834	17.5958764440769	18.5682812461284	17.1835307799982	20.1017703681295	12.6830051101715	15.8798964482239	20.1431426638553	15.0745025023315	16.1049477993179	18.1367083337871	16.8566498507296	16.824698554369	13.932367303413	19.2130804258724	14.206524976653	20.9486979371338	18.533348305408	13.672978051328	16.4129789949014	13.9984899150269	13.832660257593	16.2867123968763	16.637808722898	16.1603131203105	17.1429351019243	14.2227177610767	15.5527737907878	17.4021895423784	18.211515568332	18.9235282342787	14.3218294643178	17.083081648023	13.7667782130183	16.8335338332803	15.4196040294823	15.489510011521	14.3785613754247	15.7896587429811	12.3176784815128
CZC2733	13.412970612244	12.5887840596049	14.316568641038	14.5389745902668	14.0025346264316	13.061514139126	17.0326390723743	14.6015795101694	16.0061435960927	18.2981496693653	13.9146689239932	15.923323016532	20.6243632949487	13.4370350372082	17.7996364131598	16.6918150582097	14.736848558521	14.538171300422	13.2771875360509	14.9039122349724	15.2260288391724	16.9747988943073	14.4670914040309	14.8946454874108	14.2431605124538	16.7130641071712	13.343241637202	14.6118779883462	15.5712089181088	15.7833696905888	15.6427492133369	14.8654124449318	16.2058051761025	16.6783380008485	15.0994005569181	18.8829860098179	18.1613772881472	13.4767403222245	16.4989615222498	14.0260784233706	18.6845906041404	17.4634136848159	12.1401448867821	18.0927742191109	13.3433035435273	17.3203312530218	18.520202526132	16.7368903872529	17.2214095022726	14.8437318103112	17.5952833501641	13.9138351226692	15.4346784470744	15.4290636711328	15.2494377323528	12.4525630066874	14.2616742686602	17.3727619486872	19.6751803393522	13.563870682917	13.3855779064483	16.6755774990915	17.5905322574615	17.1383169647021	14.4576412963359	17.2848298458888	22.4353002934056	12.9475783633125	17.5916243102399	17.5346433415265	21.5931100232105	16.5086997269124	17.1043703286963	15.3329343178235	14.0464169689641	15.6564057602174	19.1639921447104	17.7870647769264	16.9821846591058	15.5947713965412	15.215468280772	15.9947764760232	14.9089943108121	14.7916897868521	17.3359235844599	15.5031925123961	16.5789198383708	15.0961681669432	16.7594876373135	15.8177647608346	13.7712678114208	16.3931090042476	15.0397241526966	15.2478695771959	19.538075097817	21.5322257649747	20.6977933651048	20.4746156554632	17.2019017638513	14.5868641298158	18.3094770333665	19.5024918512356	21.9467215760017	14.8391728002901	13.4570776140773	19.5240280105651	14.3089008486368	14.85982417219	17.3262651292166	13.3579506765807	14.8411091829406	14.7048921770153	16.8146289690781	17.2373497784116	15.3390885124532	16.7829508867089	14.0028843838593	17.7718910185599	13.3444386789829	15.464295682858	13.6829031767097	17.7157296199584	20.4550107178355	12.1684235729027	17.6247473679936	17.4076271344692	17.7055497935774	20.923574805084	15.293811146617	12.6671033746941	15.8643294123025	14.7471833900052	15.4503521553851	14.3185365311833	16.975954500829	14.4621485153549	15.445347237223	14.2389619912954	16.637662952282	16.3095930597312	14.7906854712845	17.4273992800313	15.1975444381105	14.1362619398242	14.2143388134753	12.9120947521327	18.2370376886438	15.6567998991391	13.7293275639162	17.0005912391504	15.3096608537176	19.5303313914884	15.5305363469078	14.4433765176535	15.3328874703678	16.2460697770418	16.3761968352447	16.7851027265661	18.2474369004411	15.9338981669126	18.5086715423189	13.1916569906506	13.2783555920507	19.0995774851053	15.4485922215161	15.3108085633079	16.8609916579289	14.9853779618043	15.723945473105	13.4710858049611	19.5193452939215	14.7279558937709	20.6372301292185	18.4724844438109	13.6239001430766	16.6792062970364	12.8788227065084	13.5615860105413	16.0311882011499	16.5619056997404	15.1792947861453	16.6931098721457	13.3072171783601	17.5045739939025	18.9913500582403	19.5808175822431	19.3373309708005	14.8162167770531	17.509516206663	14.3561966198344	17.6978875591889	16.6237659930657	14.6056169806049	14.5893380679507	16.5055773396877	14.1607040295327
CZC2734	13.5865988388352	12.7967108592331	15.0560549253111	15.4361951378718	14.122846879793	13.999315214422	16.6132905233356	14.5712635569445	15.5620306305798	18.067470028781	13.4722317089057	14.9750586677076	20.6135506464402	14.4278948661777	17.8497668823653	16.9392515647314	14.7466310052283	14.1610871227005	12.3358157205949	16.0549166709324	14.2822524228105	16.8412489599081	14.7175220299297	15.4533317413912	15.365275142883	16.5948856512338	13.1249589188704	14.2491885338242	15.2014281598693	17.1009146270326	15.0098743354092	14.6141054346317	15.6482795330912	17.003017784245	14.8086571050681	18.9169804446828	18.7277919872094	13.4931055276095	16.4501638626539	13.5210591009756	18.7532571796433	17.3662793445605	12.4499416499705	18.1438591282615	12.6635014884471	16.9429026808352	18.227164175201	16.7489602768404	17.2957476727968	13.9965332132174	17.711243526485	14.3500836320882	12.6336942208967	15.0039447073712	15.3018668823982	12.4813125854254	14.6295025630066	17.1445826321806	19.5636858224959	13.4903233535612	13.3575874066224	17.6586172486178	17.2259870611106	17.6210709034856	13.5329554269255	17.778120677033	20.953284014177	12.5464449896921	17.7784780094295	17.6454475402543	21.7910417913563	16.842053216223	17.1050537502882	14.8382086659066	14.8015612393125	16.4437094099716	19.3174304927865	17.4895701090427	14.781457703848	15.7238362607712	15.5028390103425	16.0069099766261	14.8085006000593	14.6293908925213	16.7323535555116	15.850967717726	16.2099830971599	14.6615017025416	16.8146896135344	15.8595452819168	13.6304753917805	15.9880982088541	14.7397370605501	14.3055680262097	18.8956008332028	21.7074850683579	20.3968743121239	20.8014719914959	17.6921924314664	14.6342132805091	18.3647992983942	19.4745322959433	21.8385426872702	15.4938901707361	13.768396105725	19.6389058536425	13.9589882180674	13.4907375880348	16.6518904455784	13.9821185237466	14.2166675554759	14.7903455185488	16.2756115190399	17.2353686658553	15.9346619764306	15.0439004708841	13.5790706622469	17.7214819834632	12.0338979410699	15.5603287099017	13.068800058143	17.0773770224132	19.7430399344155	12.5940786682613	17.5657441119961	17.9905495560543	18.1335728150486	20.9724947865721	15.2698456230702	14.8713217341857	16.2131269045936	15.4067001827742	15.8532521804076	15.8532521804076	16.6292831096542	12.303777854053	14.8021530167563	14.4315192479849	16.607896916679	15.8213651596911	14.6314241945112	18.3694968497909	15.7541102578249	13.7536985923403	14.0726767025083	12.8920150944799	17.3245879435066	15.3345142284846	14.8098836724066	16.9374154299477	15.8979606383247	19.1610071618356	16.7699193076073	14.4620451687492	15.6752709829602	17.20477464525	17.0149807104513	17.5832140061912	19.2070098234054	16.3375534791321	20.0428326300071	12.7557552714108	13.3559892159588	19.475803858991	15.7374114802715	15.5823817243934	17.2725180765049	14.759405856037	15.6531519861533	14.3343077037548	19.9084372892501	13.5893208360297	21.0973729537159	18.1674009147071	12.4530186740647	16.7087526929393	13.9314865147255	13.6989500614648	16.2997159277463	16.3927601996538	15.0232999910878	16.6668061165756	12.2835189684351	17.5198708336643	19.0978039023774	19.7261470330809	19.6454334749207	14.1588250833613	17.4075748445978	14.1227228110432	16.9797664277664	16.4746887044441	16.0476759267868	14.0493028108675	16.1739950729338	14.037749457004
CZC2735	13.4191777872835	12.8955528203353	15.0749405923873	15.5892028100305	14.1419409832267	13.4911843800581	17.2837806859635	14.6524175734491	15.494560331605	18.0259558811674	14.1022800916792	16.1059595584967	20.482451271511	13.9251952118462	17.5642161382406	16.9226064359787	14.7487342683341	14.7722773078437	11.8883250111292	15.7540799438538	15.2543074728478	17.0873813363765	13.8763233051428	14.6840513797171	15.0309187312154	16.5612712516413	13.1602087646534	15.0731061988362	16.0202254608621	16.6580717252521	15.3403687440032	15.0434617741438	15.7794789816039	17.0663163099866	14.8152498370811	18.7718937791877	18.2206361310041	13.2735873762759	15.7838249988704	14.4854079588996	18.286510419826	17.5015538765453	12.4807985890191	17.840776996137	13.9927378652416	17.7578839607835	17.3946730277202	16.7388410120579	17.5605618705713	15.4348564862969	17.5438268929713	14.6247992894592	15.857527404195	15.8604618917271	15.1099501036515	13.078364798503	14.1817961462574	16.7488592130426	19.7173253444256	13.3697456208587	12.6757639009923	16.6607563439151	18.7831472766168	17.4011900499095	14.7844010359462	17.5305585566522	22.4332380505784	12.8598365528847	17.5563970349385	18.0862499366956	21.6101815284658	16.4676578983368	16.8092059429685	14.9791076587923	15.0091134277947	16.3394192808197	18.7138871682843	16.9637524669971	16.6614298328348	14.7902390772864	15.4239392817388	15.7117566822452	15.3480748290588	14.6962964251293	17.8464120619213	15.6047891410042	16.1540935321324	15.0373017231135	17.0617969515047	15.7129144041577	13.6588950807514	15.7895022705535	16.1413747528178	15.5974940974571	19.4327009160925	21.5178669814678	20.8302467076197	20.8517101867311	17.1815866947722	14.4460706534295	18.3616625971512	19.6962979790328	21.9461097892881	14.5955707432588	13.1861640033642	19.6838750249233	13.344482252397	14.135027794633	16.7043191914845	13.9497051400051	15.1754364626954	14.0026499287652	15.9226692479797	17.0476617317604	15.9222520668366	16.6579461192902	14.6335247995621	17.511268994284	13.1230229634296	16.2554311161652	13.6206747398592	17.7732633761265	20.2689792744093	13.346887650763	17.7252993447838	17.9070782418928	17.8674623748007	21.0364584179083	15.3061893744251	14.1672496332204	16.1496235520865	14.0240734761982	16.5587577996339	15.6367438476677	16.6248593121129	14.213976022962	14.9340468606785	13.8671556600602	16.2726605229961	15.69209251733	14.6551515137903	17.9727094714056	15.1464959325869	14.5906146853339	14.3148177736343	12.8440102007748	18.1459859921009	15.5891718035547	15.0103862286618	17.0842373361661	16.2397831963084	19.3166158445718	15.2497995004329	15.3376272227856	16.0668124909405	16.8254685770736	16.5555006162549	18.0638567030421	19.093512111819	16.9908402069306	19.2835853719875	13.0773692982883	14.2161912074487	19.2015804749733	15.8242257247669	16.6230465126525	17.7318383379408	15.6022497808165	15.9003112801734	14.1082152153429	20.4842808581744	14.2100464383827	21.1455206943979	17.9901576051918	13.917546252525	16.6213220995931	13.3192017708596	13.4238869168952	16.9902999236575	17.0545822876869	16.3428744413401	17.2411776844568	13.5173876315312	19.2600590811071	20.1492849090015	20.4572747067556	20.3009243641752	13.0580338586376	17.5709320032101	14.7888151016018	17.777243085204	17.4464367479284	16.3174020149616	14.3837372975824	17.257400442243	14.6480659583469
CZC2737	13.7297757790129	12.677041121037	15.0557867110906	15.7379523682251	14.3127566102933	13.8527962964147	17.3192981726924	15.0869238270571	15.9758982825994	18.1098058012276	13.9828242564633	16.1720585420495	20.7046002422576	14.6192566451233	17.2278455073491	17.2420117861883	14.8609741945889	14.5539178952564	12.1805405894682	15.6987264018318	15.382776453341	16.9905382742441	15.1675423400046	15.1023445331008	15.0262094757879	16.7473618530854	13.4520810316813	15.1534689259884	16.1044596349375	17.160718427531	15.1228249911268	14.7300302897431	16.002101487266	16.9117334469375	14.9107987793706	19.0204812944818	19.1627765418417	13.63842979658	16.2754411746896	14.6620550693697	18.9788180154208	17.5847800669582	13.3957704666729	18.3186008050911	13.5884523424659	17.5281711032616	17.2097256826376	16.9419290986088	17.9029093828031	15.8716659756223	17.7940623549397	14.2700992451291	16.0129708115267	16.0239030011147	15.4523968165136	12.3568155575066	14.8248675247897	17.4532641089431	19.7706146768013	13.5647596155954	13.4631892355331	17.2244741880972	17.8988907736547	17.685127463381	15.2119512017771	18.0990772600415	22.399361396833	13.0115763765271	17.7976518344197	17.9139569246061	21.9568857577694	16.6743018471221	17.1534995226635	14.8110341835473	13.98675869934	16.3247286501455	19.2922074182421	17.0526196067101	17.2318244099025	15.4841059839729	15.6509974171208	16.2459407366396	15.2592158568984	14.5863316125716	17.7194922398388	15.6893985228661	16.0217090644361	15.2213867558314	17.1817540057701	15.9427076653487	13.5029037753662	16.0449385004919	14.9931251659049	16.0489775249131	19.0779201302979	21.9321255144329	20.5769916091365	21.0858353249748	18.1790678884865	14.6595858663611	18.3222337278874	19.5998358721303	21.9482673395774	15.26150179138	13.6003646258904	20.0104349655811	13.9789187722811	14.5147666838627	17.1461053328534	14.3647300939471	15.0690299328836	14.3638555778873	15.759295906801	17.3592398473204	16.043496358034	17.3280255239653	14.0375358514612	18.1682696876804	13.1365889859231	16.3689691992882	13.9061251352074	17.7546078699844	20.4991609500722	13.9126573256626	16.905695637974	18.2286751226436	18.5919494280088	21.4505088042838	15.4999907628389	12.2541937473559	16.9413297237818	15.02032702111	17.2030387305464	15.5749612362272	16.5729092416329	14.6582958880412	14.9288760128437	14.6585221964698	16.4312890609976	16.2966516778683	14.8995878035023	18.8768510284072	15.5862370303819	14.6991387301571	14.6754855543982	13.2769847617471	16.070951729163	15.6411939861559	15.7240727171335	17.1302506868998	16.9298157800002	19.5151073334579	15.5410343466942	15.9013835852306	16.7376369702858	17.7362875343379	17.4438882405591	17.943851599223	19.5966524095338	17.0280570214176	20.1948633042445	13.3456873031701	14.8083748914851	19.8832847176397	15.9034157744865	16.2751115278996	18.1001359575633	16.0655954435969	16.289753093508	14.0359405027764	20.3362585458117	14.3513644211136	21.4019272404185	18.2927297317731	14.3593470658593	17.0836441496587	14.1946359145432	14.2273658539291	17.0754250713129	16.9031793268434	16.2646023475583	17.2723099762543	13.4665276829207	18.1251466853162	19.5439833635822	20.0804900752373	20.0181337818322	14.9342700371089	17.5290432787726	14.7551846308775	17.5750211176267	17.0242461843556	16.2372265272027	14.5471645714449	16.9142663108328	14.3184954538032
CZC2738	14.1691674257897	12.7751693112858	14.7484769414734	15.3798478727796	14.0260314593753	13.4090527606031	16.7476435406325	14.5873244505652	15.2843395916939	17.819183844476	13.5879413872775	15.4450248106239	20.4341162721209	13.8693475037758	17.5556081472914	16.7128130946516	14.7221917941743	14.181227646024	11.5649737091614	15.677012877597	14.8990883935044	16.7547385069506	14.7181252391184	14.9826085274755	14.790047549404	16.8118969985044	12.953407086366	14.1857948792829	15.5514207294388	16.8215171168232	15.3053055618752	14.5813324453294	15.6655433637656	16.5131940640858	14.6862027331869	18.5867855674404	18.3901270993282	13.4169828479666	16.2958192349245	13.7578046844486	18.6582006197159	17.4598129145169	12.6130124960044	17.8935828247589	13.135543061546	17.1403762807078	17.9416651184606	16.698108687127	17.2580606396976	14.4565211349672	17.588671842806	14.4918713181292	15.3410210523152	15.3289045261748	14.7923180744995	12.0844029841572	14.2352762272085	16.9621356555774	19.6322552885981	13.0380909315705	12.8472724107068	17.407148730772	17.1184022515303	17.385047739506	14.1948371610666	17.6582427782479	22.3480421519351	12.8445656777229	17.297329476054	17.1957598559455	21.6215140767611	16.5242680022444	16.8480853102588	14.148934910932	14.9714174312007	16.4158238212121	18.47052151604	15.09891066969	16.7615200012009	15.2832881179826	15.4323235370142	15.9762821556368	13.6040580505432	14.7956474257076	17.1055361537918	15.8315915550863	16.3868391623861	15.0938135630208	16.7953337434113	15.5119717006344	13.4415153941193	15.7439982910203	14.9267253171878	15.1994092795799	19.3651519939134	21.5428279310803	20.4922999558279	20.3392353538485	17.325999815949	14.6158665866627	17.8301734917464	19.5791623914152	21.8276210059976	14.9066274203105	13.3113701845321	19.5750060870798	14.160491904918	14.9307763192348	16.8028870958871	13.5067402199455	14.588514351037	14.9114126119287	16.2628637148147	17.2423439506538	15.8744489302281	16.8347509643528	13.9881734816405	17.8677998274456	12.5626461857777	15.4952476902406	13.7407744538231	17.1733359675084	20.2052145807263	12.7395954844045	17.4317841240004	17.5494377597538	18.1437266230967	21.0341154117941	14.0289030627749	14.0851052535963	16.0153131451534	14.9097150187499	16.2452089907476	15.0068566522513	16.8487313751394	14.2546541539157	15.1216421813531	14.161529618298	16.6714657862041	16.1477106021089	14.8403755030341	18.2144358932795	15.6031090104905	13.9904846388788	14.2048064174942	12.809726439917	18.0930171855984	15.6711938844628	14.668815900527	17.1066762044947	16.0779787340624	19.2298338357959	15.7717646838635	14.7891807243848	16.1442103095228	16.5074079866191	16.6633591790372	17.3751188275809	18.9729387001685	16.7324329995411	19.5377371365611	13.1241812093462	13.6725714721247	19.7665376774821	15.6704554307791	15.0019256611027	17.4998511982289	15.3641846616084	16.2273262729842	13.3437027764541	19.6866151605363	14.4849424166422	21.1666530878661	18.7640973603139	13.6871777241302	16.2041949010033	14.1002559739082	14.4640950030234	16.5610081784274	16.6015309692153	15.6577332841358	17.0530814193293	13.2532887183742	17.8099541107477	19.0955745731082	19.8819747106563	19.8430017391683	15.0629405295629	17.4770656279068	14.3183548337415	16.9491007210304	16.4909598053844	15.7538069690801	14.2746314974703	16.8921497547269	13.7973634398423
CZC2739	13.3753163204531	12.9754714807174	15.2715911186032	15.6174079297268	14.3266445607766	13.8549875863429	17.2783638127361	14.8947507724749	15.6167088391232	17.9401600068209	13.6772695553736	16.1186071441234	20.5660168313278	14.0889324539388	17.7724082578193	16.9572806251294	14.7554431449179	14.5703634750196	11.7453582034818	15.3204218278606	15.4925574419374	17.2488193675529	14.567795097266	15.0359812950937	14.6060085167089	16.4068063739177	13.6569364756681	15.8028772631802	15.8816555146886	16.6932422136301	15.0047078424387	14.7656489872373	15.8773357382161	17.2079074419283	14.8393836983032	18.9265600833982	18.5879134325111	13.760786266643	16.5585509869635	14.7040116688244	18.4548649258177	17.3536195401558	13.4010277005501	17.967604676804	13.8283076379299	17.3916402362908	17.4493073254252	16.6399196035624	17.6141451788955	15.7949067815966	13.8451932564139	14.3997631013203	16.0359571562065	16.1700515389322	15.2702456705142	12.8390648259373	14.1935912523339	16.7237614691937	19.5261221569784	13.8563083835525	12.8769082970253	17.1139522957498	17.7378052812091	16.9997818112686	14.6733982699859	15.6951551939276	22.528020404112	12.5658335898677	17.5201353594403	18.0437162825142	21.8078342000606	16.9098818002067	16.7904685379172	14.9484214377886	15.0083629128572	15.6754745386496	18.5737605443071	16.8731457409181	16.9216894238324	15.2394349839327	14.7709992881183	15.768584662644	14.8670400325609	14.5805266678556	17.726694907619	15.4075392035049	16.2075812315802	14.8218487066581	17.0279044612956	15.8184411061613	13.5757951235027	15.5251753559168	14.3656731454339	15.3845835703529	19.1184007073861	21.778823131472	19.5586868413688	20.7473448818304	17.3697937578326	15.0887151363977	18.2887662388889	19.7449950706146	21.9770398467387	15.0272458584091	13.6052248449703	19.7261136236491	13.2607643535632	13.8858643740126	16.4621208477419	14.809069132795	14.9257182727489	11.9104492843479	15.8826191095064	16.882222009525	15.7536099457171	16.2129078513369	12.8054669242738	17.3768237378492	12.9081701962581	16.208169373511	14.3359102606214	17.3873776254268	20.113273366906	14.2401834131945	17.1808854993975	17.6473081603478	18.2863474575541	21.036640361251	15.3574028515645	13.4803276841375	16.1205699493558	14.5553783373819	17.1831345103196	15.594325186433	16.0728432398494	14.0222120841719	14.4905210582574	14.2328557173153	16.0002452688592	15.6747194674908	15.3540007031329	18.9950152912522	15.3448810993874	15.0811898270329	14.0588450886072	13.5980648151404	18.2452172072481	15.4412368603818	15.638256075482	16.6520550118262	16.9099093511436	19.212367345156	16.8578135249599	16.2452202980224	16.8657371147951	16.7991935313895	16.7275721965761	17.9871256802376	19.7109011796885	16.92294180698	20.4559858953206	12.7857646591847	15.1274214090888	19.9167819891916	16.3612421546004	16.4767479023356	18.3266820629474	16.6365185916876	16.6687332144149	13.995938862854	20.7683461834822	14.0541798468438	21.7126502844471	18.9015824070666	13.9477022319414	16.7487083489533	14.3492865403064	13.7895014044917	17.5037905999667	17.5474299005324	16.9604890710729	17.8442394568282	14.1413636584676	18.4604040634702	20.0254612418495	20.777350399119	20.616945751938	14.2256431019604	18.1211907344622	15.013443355217	18.4896791394241	17.496455901349	16.6403372409101	14.7987215382854	17.6255333210206	14.4044550462191
CZC2740	13.7148808097814	12.9271556836711	15.5059122980183	16.2769676364326	14.3736534274019	13.6602793310062	17.3070704218578	14.6048256726249	16.3845478683487	18.6773916637226	14.1264813931922	15.6054358182257	21.2073473018193	14.7629064135783	18.0847691531999	17.2050303239053	14.9754285111532	14.7462164645639	12.8053803740353	16.6610243486279	15.2808150277339	17.1775344848231	15.087549080143	15.5910509821981	16.3401991536094	17.0371952123748	13.8317459518107	14.5847136961217	15.5195475492485	17.110611613697	15.2488543371291	14.9908452583729	16.8373232284951	17.1179326702273	15.9691332242561	19.9056914038254	19.6279089379428	13.4211787404888	17.5856832266189	14.3769115965339	19.0819778491883	17.6486738972159	13.6983757029184	18.523659493155	13.2816259792373	17.2111530795857	18.5483015681557	17.3971116404542	17.8178399797723	15.2660867418869	17.8426193227118	15.5621284991971	15.7581729233896	15.7581337582029	15.5687771352196	12.3736820215675	15.6308308650957	18.6395703601006	19.7604404076867	14.990198148086	14.8988969781592	17.9568976389064	18.0323145149818	18.207118585764	14.3776821507605	18.4253836559055	22.6359931083333	13.5005645000982	18.5838358658368	18.16392989969	22.3636059052291	17.34357550599	17.6731429049109	15.5482977188871	15.6569380313443	17.0285592810033	20.13775424153	17.4994259489791	17.6535091253496	16.4030845292663	16.1348706348584	16.6873486638744	15.120545940553	14.4638399913983	17.4896363247067	16.1819285053592	16.9891922469162	15.7539268751265	17.4541526294932	16.5061701288452	14.2072555137631	17.0633322477517	14.9258225266796	15.6896953557076	19.168267871417	22.4333795379802	20.8569945227324	21.3633482043793	18.6347374329012	15.0832403765683	18.8839478480533	19.852684755757	22.3285035060959	15.4832487404834	14.0532177239415	20.525756662672	13.0574528278194	15.320668791981	17.2143289002885	14.6657727670395	14.4154643632076	15.2067083291956	16.165232227753	18.036638171116	16.7067572413348	17.8277058787444	13.249881171813	18.7891518741046	12.7777283809628	15.2151075484629	14.1531850380297	17.9545230158191	20.7003068871289	14.2694418266473	17.9606434411546	18.5914720732551	19.3581075728723	21.7762892762145	13.8409968243087	14.3951303708412	17.3540044903471	15.3280413580558	17.484844931589	16.0417991833483	16.9338561173774	14.7450672166374	15.5352263658821	15.2869886354817	16.0947810533615	16.5075116760806	13.6030809268353	19.650734483337	16.1538789051209	14.2269690392103	14.8680867115909	13.3673721272163	17.9561778053302	16.3703802232751	15.9013182809417	17.4114852904881	17.2968718891806	19.8099245309863	15.9694919604669	16.1627234549895	16.9992775164387	18.1598939715797	18.1611190215427	18.3731925857901	20.3092584608846	17.6254655187096	21.3097683048426	13.3320924102421	15.0283530920786	20.1515050589559	16.0686016677864	16.3948919500395	18.6064535009977	16.4673001211639	16.429503610091	14.3249227210652	20.55448132136	13.787404668943	21.9880667195666	18.9075597515285	14.0513007582323	16.9621303626335	14.1849018795607	13.9011067870209	17.4096122980138	17.3573267669447	16.5461047508772	17.8602739247592	14.0595652114011	18.2282432804279	19.8380050995796	20.3545495633094	20.5075169766378	14.0106964474313	18.081580882206	15.1209957903267	18.1414155433779	17.1683711774048	16.7710964077071	15.4281326100409	17.3665414616381	14.6838327121344
CZC2759	13.3122263800426	12.7484779324939	14.7475144742005	15.4929933672593	14.8471741497533	16.1497718226117	17.6350598832965	14.9722349720263	15.9846162031561	18.5327788554496	14.204135225845	16.524678005381	20.8382094327618	15.9412088529126	18.1212095177083	18.3463029442292	14.9071149573024	15.2101388943382	13.1871652431762	16.3733754714468	15.8435777610515	17.5833178790862	14.6905945738223	14.7120638979184	15.8077331400653	16.6031009183299	14.0880050875908	16.4235514696536	16.439349770055	16.8812418569292	14.539512204429	15.2662392933924	16.2268325126396	17.7988623024819	15.1760044466874	19.490281971598	19.6241374282113	13.2094614329206	17.167958149542	15.5212770986807	19.0422546153078	17.55576510767	16.0958555642861	18.4547965260124	13.9435906128853	17.7337246766387	18.5101575170207	17.0843621319183	18.2735926543008	16.2288295360741	17.5085644263247	14.9684783615	16.5766212596582	16.585723896212	15.5473351435248	14.1614323289153	14.5571404211403	17.408664441186	19.6525084826737	14.2708069090836	13.9236155888923	16.8618642198775	18.6262171023996	18.4016951608427	14.8210491494021	18.1651367263561	22.51527891368	13.3271299697078	18.1065557675168	18.3294018519873	22.1885832760942	17.2960489310008	17.434499538492	14.7711375036289	16.0191755770595	16.8145049310813	19.3459564973542	17.5937338801526	17.7052338327351	16.0669141200092	15.4241806118705	16.4103364715098	15.9633015658736	14.5991870385683	17.6079571117766	15.6603697847257	16.7119307471652	15.3237423156433	17.5430750146969	16.1416209542155	13.6324708914713	16.2695266624094	15.2715973583316	15.4488045087678	17.5158414785346	21.9006445160647	20.4398070667192	20.9575327718085	18.6451689779754	14.6137267281425	18.9162769843268	20.0390209049259	22.0626638206876	15.5669148440112	13.9131090430544	20.4305446714308	14.1036384980023	14.9030296908001	16.8491569915026	15.6302978587058	15.1715191671737	14.7190312569393	16.7486648182619	17.3921062434156	15.4132364023091	16.9667053102752	14.2900051023131	17.8551594773525	14.125570749314	16.5229941165549	13.9898427126436	18.2243794788773	20.3117796933795	15.3282260472076	16.5631851208709	18.0318048595083	18.4648132035514	21.238642489055	15.8564017531849	15.0237902181575	17.229174733542	14.9373043486391	17.9600831474366	17.0260922719934	16.5237998051594	14.9057010062822	15.0738726759253	14.4713242707625	16.1655215649615	16.1097900483338	14.9033952569151	19.9108682267339	15.1458149930317	14.9787186401924	14.389669718791	13.4564934242393	18.002157989076	15.8015213677955	15.3545327047918	17.0594850741325	17.627621120222	19.5169331873747	16.8944829599894	16.9901497692972	17.4478954429034	17.3559977360655	17.3350067225586	18.2537055000539	19.8497366423428	17.7887507108074	20.9081929579744	11.885580889236	15.6847945399497	15.6999526587708	15.6741630189186	16.5654659989845	18.5953516817526	16.8054040831534	16.5733086067329	14.2505050096277	20.2448380740351	13.9685597851295	21.5816912865727	18.3493978206186	13.8046645743539	16.6007726860121	14.2171754042159	13.8609847933707	16.977397916433	17.1902111668507	16.4972921942989	17.6116847261926	13.9990625516269	17.0661088236898	18.81842638617	19.3921454770215	19.5797213609765	14.091863240558	17.9565151149328	14.3757061920421	17.6088745899145	16.2246030221259	16.0259230828882	14.7565884337655	16.6460288495091	13.5132860738956
CZC2761	13.3114296134594	12.5272683612434	15.2431184177565	15.6203798296413	14.2174193130724	14.2478375812594	17.1672600389958	14.7978456154332	14.9709516607714	17.8984793067805	13.8253684182055	15.7806828856386	20.492206690179	14.8728331872184	17.6481993877508	17.5414621282647	14.8296775830828	14.4632591331119	13.956061164045	16.2345602952519	15.3054488037237	17.2238896423535	14.6007011906518	14.917437998107	15.7067336218877	16.6327642498273	13.4514191896409	15.6653005977967	15.6309782292307	16.8068811366419	14.5739387678406	14.6663494749751	15.2326680979265	17.3015310993251	14.3872850602404	18.950470268676	19.09132018612	13.2620274856026	16.6108628730658	14.699976121813	18.8282190035961	17.5478641918837	14.4197958309039	17.8610539330062	13.3536710274263	17.5440503482947	17.4460660055813	16.7255227791373	17.7978959493595	15.8252353211104	16.0365968318272	14.8793260588352	15.9813132711397	15.9759806263153	15.064924011951	12.7908060955006	14.0711530983296	16.515553644851	19.6798704154524	13.6925538157769	12.4763697028001	17.0123873324441	17.3463617236595	17.4948362652777	14.2686952707308	17.9572268763509	22.4442612502804	12.6130305402112	17.6059903861559	18.1220803949204	21.9246684203826	16.9989438418217	16.8488095049055	15.0308874272469	15.0055294315568	16.7869856777644	18.7009453667649	16.620322915152	16.7952959339534	15.1188343631512	15.0893884530986	15.6165309443819	15.1912108611982	14.6916510175789	17.4610459773866	15.2531324340737	15.8225459501261	14.8198864647673	17.0299366369814	15.611821999064	13.7359773559207	15.7839093439281	14.6223781984168	13.2119462953465	18.5883494687625	21.7851842517921	20.0677351945003	20.944905022069	17.3236708473681	14.5667575870754	18.2668356672404	19.3159665390539	21.6734792181404	15.477326975242	13.7898619882074	19.4443897633788	14.2206906828019	13.7526460802737	16.6088586341276	14.8316911110584	15.3252788203372	14.297963822273	15.8480544142129	16.7602794732221	16.3592343319306	16.4501527214911	13.5111379575517	17.4412932380569	13.3543799133436	16.1633576135763	13.6688130985559	17.6127800881301	20.619962697549	14.9203454334528	17.1838929222861	17.7434960428285	18.5330251181984	20.9060957536702	15.5163500698264	14.9093300270668	15.8804690081756	14.9885105907891	17.6667220758552	16.6046179968533	16.3281261179593	13.6600035983386	13.8772725788148	14.0313148345694	16.1134606156592	15.7808940969298	14.7506006791577	19.7583032440922	15.3357222261091	14.8312655440613	14.19667184366	13.6649038170771	18.0455944541593	15.3650053745279	16.0137726320257	17.0996935599783	17.5752405500671	19.5279040875059	16.8093807023314	16.6614309468249	17.2639086212375	17.0828856624134	16.9753842986646	18.3764944830874	20.0957393428968	17.5913799875055	20.9699150488973	12.7908584629455	15.4709198334782	19.9440354241735	16.2437913423773	16.6808021417472	18.0192948652632	16.6320110775634	16.405646830594	14.2254218663916	20.7573657012902	13.7978368843312	21.7637615535935	18.3339522494568	13.7520252575683	16.4985777743389	13.8732001473722	13.2374893651666	17.1847464169459	17.4055914413571	16.5026135542713	17.7060603832435	13.7816974643416	17.8926622700274	19.5375313586037	19.9576503045512	19.925143794799	14.1895216271372	18.2888895751168	14.8024202386514	18.3041335238987	16.9069424227648	16.3605095294908	14.5590304303122	16.8337256227876	13.3801719360771
CZC2763	13.5692006452081	13.0732262983969	15.6380271233288	15.5211706919843	13.6934025075257	13.6158458814953	16.9734387707103	14.6622614933867	15.8053756138924	17.8609217668409	13.9860671059893	15.8125584402939	20.3239513651847	13.9921448369764	17.3883656494557	17.0945788540618	14.7691029092472	14.4457605294301	13.1154805703376	16.3255082490895	15.1571947718461	16.865474929564	14.2784078091118	15.4636794013202	15.5182338285433	16.6659507234257	12.8426882550667	15.0063625743894	15.6752308740806	16.8055237657936	14.5186032460984	14.7215810183346	15.8972215759335	17.1961437768557	14.8381846255175	18.5899806373597	18.6316963878055	13.8574856780996	15.4810870417201	14.4809575544214	18.6715725577221	17.3976536478747	13.4673294895715	16.2999317799513	13.5395807740425	17.3805406843409	18.3491840399914	16.887752118314	17.4478367498618	15.2659511811107	17.3973106469892	15.2218789075978	15.7806923629833	15.7901243283028	15.0636142583367	12.6340379288209	14.442276260451	16.9807213391224	19.5569025844476	13.8745177397236	12.9909681287987	17.710242026951	17.5704163760628	17.4457758353059	14.9559131331666	17.7469748964101	22.6051575528331	12.9380090985901	17.2426799237159	17.8449994216423	21.8319413745146	16.8264875372535	17.0302791508912	14.797854940712	15.6687067875271	16.4326616601243	18.9435556874197	17.5081568904751	17.3887010236861	15.6479442071085	15.487711926665	16.2366649623078	15.0560805736085	14.6173150024806	17.7017046350648	15.720898377268	16.5223989324072	15.1272326830997	17.1105951066044	16.1221631693779	13.5388950865695	16.3243045466033	15.4620385653959	14.2144001251775	19.6707716542492	21.6863359538708	20.3370594191099	20.860169376238	17.5411090693713	14.6987914065773	18.402513040222	19.7152245037697	22.0973912004938	14.3506371398779	12.9572175573546	19.8059881033963	13.6497824091323	14.0064436083495	17.121471742252	15.1875160425878	15.1424597653055	14.3652685386975	16.3511223538395	17.2223216734295	16.1824634109545	16.9031228080783	13.8919242928742	17.5246437787722	13.2866100512519	16.3585411179432	13.8751936298381	17.5898259468143	20.5731069305633	13.4720455579633	17.5036672664605	17.9599286734754	18.4688025133672	20.991973217404	15.3697726878455	13.9275709071301	16.170966344148	14.1631953292314	17.259003395589	16.0580929255555	16.8695767823382	14.4489733710301	15.3072598235372	14.2850800210985	16.4742073503046	16.3290643542707	14.9223740678192	18.9353372686382	15.348399068903	14.4851171626347	14.2690815974779	13.2024925622617	17.940209031326	15.8533650720659	15.3993229252217	17.3776732425045	16.6050704670917	19.7405507455254	16.7964307979673	15.474031604029	16.316389676832	17.0704547020244	16.7933695406351	18.5898228461888	19.2690724134836	17.3327828093459	19.6897467226611	12.795834613791	14.5046959891485	19.9101641434038	16.3517114024728	16.651798029105	17.7043054330742	15.8198260078632	16.1065791182381	13.8405814677717	21.1340012107745	14.2284929424178	21.3286738373686	18.4956853243185	14.0477987263245	16.7263437838076	14.2781594057398	13.8485338209573	16.8214807729877	17.2176735126441	15.9475582582794	17.0306703894733	13.2169667190938	19.4127816920547	20.4132447745003	20.4269809874256	19.8197035469139	13.1314843513668	18.3977801519411	14.6323798221803	17.9463319436291	17.103235085901	16.331563622048	14.1827565097003	16.7496996486725	13.6388432708165
CZC2767	13.0801533683708	12.6500851693444	14.5008327192605	14.8732546152793	13.8030336445939	15.815490417986	16.686288561982	14.4546476512051	15.0101007985788	18.2544085061854	13.5077745649488	15.1459889078773	20.2897684702179	15.2989826623149	17.5387449157327	17.7746452116419	14.6972956484269	14.1553425243674	12.0507208471487	15.9379094599671	14.6945874788212	16.9976442232061	14.2603525022943	14.4552539101047	15.0990780135399	16.2906875763599	12.8910727727942	15.4543706594253	15.61844949179	16.4901734820255	14.4351646752753	14.4000558686825	15.2803911125557	17.3067917268152	14.2973685322475	18.4754706015318	18.7388140717472	12.1775546454661	15.4025625763559	14.2599022520002	18.4353156592431	17.332176458261	16.939119610846	17.7924775478811	12.9367647674122	16.9288541377633	17.8137116211013	16.6370915406173	17.1243179828839	15.1448709300591	17.1495952555503	14.5303781360171	15.5125761090931	15.4888116795016	14.9593930958618	12.9740934709167	13.9348165426781	16.4846425560457	19.3686914811795	13.1454247234221	12.570889885971	16.4168155711182	16.2233365079573	17.1862373605994	14.0641471468092	17.4541984179644	22.3031050303323	12.4277659978139	17.1672816367637	17.3905077870764	21.5154849561972	16.7068572271466	16.7246767962584	13.7629647412875	14.8568998540014	16.783228272619	18.3771298094686	17.1244972846948	16.4135413297269	15.2157990806907	15.0914648934414	15.6442544455475	14.8963443912972	14.7593823286626	16.9839674875203	13.7749345930721	16.0192274067135	14.7789690777145	16.5896137783975	15.460840345845	13.6225772426577	15.5902517679432	14.442387969241	14.8811047022238	18.6798831341906	21.5980564039781	19.964195454354	20.118137346316	17.1404617365727	14.2072557246366	18.2076115378309	19.0106316075085	21.6208100668437	14.1836772972574	12.8772616630451	19.1937076932197	13.0095761411353	13.9141920983406	16.7321267400283	15.992210869259	14.7612824894573	13.7640123604803	15.909969923371	16.794707639108	16.2316240100792	16.2939026876025	13.4845868803996	17.1960784517953	13.2407063307664	15.426235440497	13.450707200514	17.580575829658	20.1996070435143	14.5388939418604	16.8895411789875	17.0793393872737	17.8064652912641	20.645505421844	15.4258220511156	13.5576254029622	15.8023177543119	14.074338007577	18.3617554405762	16.4252243285144	16.2333401793297	13.894356615784	14.81241084999	13.9897693847984	15.3878044245501	15.720023921148	14.561893445182	19.7043219293157	14.9139951654815	13.8743270963001	13.9250480030939	12.7083407332079	18.2323280985711	15.1961650931219	15.368022022711	16.6440915545412	16.8410109972786	19.3032953155759	16.7310217337675	15.8877913751174	16.7117922057856	16.4710584028301	16.2362728124925	18.0769451759077	19.7415591609784	17.1053486502123	20.1213671601958	11.9958826009939	14.7562924331596	20.0570132235774	15.8570457719177	16.1109840935713	17.785889340196	16.0593133456966	16.3227629401171	12.6118747335209	20.0640954441652	12.3118834242044	21.2610851210314	18.816499120943	13.0176338477441	16.1938875765377	13.3487261422858	10.5161494103788	16.3759308763326	16.7517750441857	15.7747674654572	16.9993043415496	13.5960418943462	17.7721660435981	19.231560881137	19.685348630577	11.9697989106482	14.1191278698815	18.0657713873038	14.1120806425054	17.9613000571673	16.4635400556046	16.2814766118003	14.6239361508954	16.6526536176228	13.8071779174413
CZC2775	13.2401657339407	12.9533302747945	14.8381407023404	14.8490327568755	13.9536029657026	13.4081006228555	17.0922284659173	14.6577442180508	15.4875424160114	18.2948751665549	13.9244277115803	15.9193137378344	20.6999723648673	13.4110470137235	17.5670830499524	16.6135097308188	14.7874339389133	14.6041748196503	11.7771245435978	16.02925046393	15.2648913160089	16.3701515377354	14.6499256355107	15.0188558848674	14.8196554644077	16.7658534321625	12.8478103283723	14.4248937782373	15.7859573675197	16.8053723026336	15.2692092102119	14.9644170629576	15.9008672100838	16.609213695015	14.6826432039541	18.9221331952652	18.091531613694	13.3982305037509	15.527096120607	14.1785061874174	18.7017651276928	17.5053978670217	11.3522938749733	18.3589489034392	13.5007308217036	17.598291288708	17.6953157159736	16.8992847687982	17.2507319759783	14.7604532892138	17.5966072048896	13.9075127195774	15.6191578716025	15.6128508734262	15.2998950308401	9.15274271807268	14.2184550760528	16.8648224981636	19.7787705678248	12.8922351713316	12.931344595314	17.6355851901587	17.2039643428257	16.9113475618014	14.7177718372851	17.6011218340521	22.502107502118	12.9745663038719	17.7220672844749	17.9061880806412	21.5723539513008	16.4055355240822	17.0352916677384	14.3807865770958	14.5244617230701	16.8151933608912	18.7414454579644	17.2909661960345	16.4478865657464	14.9146268086222	15.534856002192	16.3229983366315	15.5198294681172	14.8350779744276	17.6808584739247	15.6738955775623	16.4778084897183	15.3415028763688	16.8060935466775	15.795347365842	13.7321280660901	15.8963621056183	15.3062450271468	15.1287317164103	19.5464511380182	21.6683940709877	20.0698089598419	20.5704408344372	16.8336720513961	14.7135325047566	18.769221418845	19.3576962589827	22.0027893911929	14.0372546617084	11.8891867765482	19.4835097025444	13.8175602978115	14.5212875061813	16.829195659775	13.4688051093344	14.84190387939	14.610900520397	15.0205448364272	17.0803824303291	16.1171471977187	16.8326791657451	13.7105709765901	17.644527180569	13.2736202388036	15.8813882132675	13.8882325873572	18.1974313431613	20.3655157383789	11.8935700971305	17.7880622799983	17.5721734275347	18.1966403465919	21.1549230202059	14.8894008986951	13.4073370836913	15.6393091605766	14.2162144126063	16.0793466109658	14.1344682449848	16.3728627266532	14.2803773367811	15.358685788977	14.2265512880299	16.3475404699201	15.9270948585293	14.91395426509	16.9140531011112	15.1515459661599	14.3004675586906	14.5936081296408	12.9610553972349	18.157717708067	15.6573037930067	14.3706027217224	17.2839934162996	15.5762374242482	19.2557043602047	15.6040283700279	14.2603497956619	15.1704931642636	16.8292616201905	16.622624690781	17.3250215202925	18.7993802683494	15.8213617973993	18.7479329189946	12.6502340347499	13.2452459596201	18.7796946390111	15.8877225125437	16.0155739354252	16.9200763155837	14.7617246493102	15.1106398655115	13.1077190251986	20.4697149551524	14.1537007544755	20.7354423256941	17.4187252547165	13.949196288803	16.4944883716327	13.177590240367	13.5389311798625	16.2899997405412	16.6730700689527	15.3470172655496	16.4744912904952	12.5900718947991	18.5651383392558	19.8238881202814	20.0763506057797	19.5048131888444	14.372797980216	17.4078516765743	14.2388077884926	17.0836604889307	16.6010970341066	15.5367271996081	13.79514116002	15.698904357362	14.0072187595425
CZC2781	13.125287757035	12.3315733556196	13.9409204501791	14.2986119402985	13.4310250620279	13.2545704542096	16.5405907703959	14.1021075454242	14.8579280757511	17.5850341885254	13.3563783971744	15.3656979764606	20.1129447313891	13.3428117194228	17.3176561039636	16.3386676779361	14.7296034331199	14.0156148202152	11.8529027816152	14.699187407657	14.7884640431256	17.0084750650125	14.0680842313964	15.0358024532306	14.0357753375886	16.2463910799432	12.6675863502663	14.8843878586244	15.057171040176	16.5137874003395	13.9967209434693	14.1955783472349	15.5426384003872	16.1424597412985	14.6826330176752	18.4123070406535	17.9196314316086	13.4054002167474	15.4661121720341	13.8647078087865	18.169146373686	17.2497901113242	11.9184788638473	17.9591491829331	12.743938440798	16.5020499141971	17.7102881477497	16.6015177417425	16.7894517010795	14.8040510212747	17.115836922553	13.578660602334	15.2661794524796	14.9714279684509	15.0310847132217	11.1299659893636	14.0780633446603	16.9377645185861	19.3692684958228	13.5988193860804	13.5483790822908	16.0943675124208	16.7317463748308	16.6736551208624	14.6326732019695	16.9485947416626	22.1566216302679	12.5715800379521	17.1046017257833	17.194975115338	21.2306218371238	16.4669079823117	16.6761548680657	14.5102454918765	14.7588213615494	15.2441335263333	18.8321374386033	14.2356490448961	16.7613092906678	15.5967368886131	15.2643082427992	16.0874573016555	14.577249965097	14.7470190339752	16.9922679295226	15.4181151590147	16.0411512158443	14.8709288251069	16.5403977094268	15.5931723024402	13.209017091707	15.6689966939263	14.2590020643925	15.4383438923817	18.761964898277	21.6420560098139	19.9334161993338	20.3114691360926	17.1231047636617	14.2210903254988	17.8954184947761	19.0094633133325	21.447220802066	13.746835480047	10.6665347661542	19.1132005362454	13.5646558258069	14.3278792030603	16.5591272774932	12.7483072657655	14.0807981959776	14.3861940415186	15.7483708860071	17.0136661342666	14.7825571991405	16.9085954101146	13.864912029533	17.6490604452518	13.1491346935536	15.5768418479204	13.445141462684	17.3325520152326	19.5825456914538	12.2599386775633	16.9275264449361	17.4445453107791	17.679601621325	20.9003669165644	15.1715479246582	13.1141882432707	15.9659781222612	13.970978867907	15.5512097549388	14.1038993678683	16.2485637477293	14.0534753713269	15.080214475848	14.2728387117209	13.8944727722689	15.9039580857342	14.6045191091223	17.4963637604743	15.4063970554774	13.9926153376747	14.1391292549256	12.8893356181033	18.2854184553341	15.2979681426704	14.1313623119654	16.2998330246505	15.284086106031	18.8183020309038	16.6093691846891	14.749050308076	15.2955041524653	16.5401834999308	16.5048159959147	16.4051191953781	18.1311917914088	15.6024626418772	18.6912102297764	12.130312620026	13.6228724913502	18.9592666335625	15.0485016152574	14.9538653896344	16.8123602015278	15.0787817135633	15.5615247306549	12.6108201235368	18.9704307942908	13.5226506430594	20.5444983180312	17.9901048933434	12.4810035430682	16.4503156137501	13.7018645524605	13.2785538087234	15.858925580228	16.1187885568436	15.2557916630899	16.499894201718	13.1897210989219	16.0980339319668	18.2391531610777	18.9642613377404	19.3706996344038	13.8559670168845	17.1576073424983	13.5916828212736	16.6227772942714	15.9204247554826	15.4018161721392	14.2431396665299	15.846020482852	13.462389235
CZC2785	13.5353649977253	13.0683570789893	15.3653983814646	16.0375120945775	14.2643388316409	14.5584908310357	17.0286079477876	14.4816476317174	15.2853954055568	18.37950952148	13.6227350332017	16.1934602907458	20.4379360822911	15.1025826516088	17.4447228306756	17.7375057126214	14.7406963635095	14.7998723078557	12.3908272870547	15.7010559143375	15.3606937743653	17.0595952929476	14.2500400127576	14.5108656348263	15.2302215146443	16.3444908196302	13.1862683744079	15.5969537728206	16.0275635123731	16.4221745258459	15.0070389453344	14.8666999410388	15.4422070164193	17.2917993430293	14.4888142993152	19.1224173644268	19.5527606018505	12.493161464667	16.4893143224076	14.5943531432521	18.903712742966	17.6432643858983	15.2210955501366	17.5666360532717	13.7166712826113	17.3299147937028	17.3491038441616	16.290022809349	17.9497245142468	15.7126116845723	17.2178728155616	14.5100148557239	16.1575350296256	16.1600776434607	14.6826215510547	14.4758375802078	13.8808037305308	16.8242048114143	19.7546473995501	13.0966597144748	12.6577566823147	17.0982549372174	18.3768801014114	18.0804608663289	12.0797344539769	18.1798860324559	22.3617744109474	12.3882821627146	17.7703067624504	17.9405241680131	22.1105167361878	16.8208903858462	17.0924219225961	14.7369575554232	16.3958199325166	17.1459674762757	18.704759240316	16.7273029336128	16.6081716597168	14.2474621185257	15.0746697705213	15.5070937580391	15.4512460390404	14.6676665634315	17.493666745312	15.1618422934819	15.4771034136299	14.6637311673448	17.1441180132733	15.1331010340509	13.8251388676673	16.3307089686603	14.9075192981201	15.067005549774	18.4180534791126	21.8030961096574	19.9781166092088	20.9482945398453	17.9843633697303	14.2198660306547	18.442591868374	19.2158111341371	21.8491615926995	14.8655883635738	13.5447714318683	20.1101273764055	12.4470105052882	15.1124590877387	17.1702850172778	15.6759843504883	15.679011572124	14.3017307992952	16.8877086880337	16.834635686619	17.1069032428383	16.5407170978316	13.3163957282228	17.1303577262018	13.3483546955786	16.0268982766029	13.5364862944222	17.7591443828834	21.2240631949184	14.8903807507495	16.405833131625	17.5435820793885	17.9094792498893	21.2273336548917	15.4114598011546	14.2806921818815	16.5246787006036	14.650306248472	18.0117634695691	16.9288248656419	16.9340324139224	14.3197509059193	15.445979455699	13.6618234565679	16.1796664029348	16.0448304864962	14.6220305523218	19.5783040269656	14.3116708111492	14.7107770835504	14.2377450362541	13.3160443421329	16.8769747446553	15.674891297086	16.0588874125097	17.6019247677233	17.3783951503253	20.2937429837181	15.3791994584542	16.5110342583621	16.8591668392539	17.0267493342735	16.7185501083835	15.8391693447983	20.0164868312156	17.6760539366987	20.8111266031862	12.9130612878035	15.1507160038098	19.8211863229151	16.1710399803372	16.767788011653	18.2422174227061	16.3000501520622	16.1513732531847	14.5022846786507	20.5355786178183	14.4223653342845	21.5432413673511	18.3642186511541	13.6374053924065	16.5124218875386	12.7056676902599	13.734918817308	17.0038191901361	17.0690740101364	16.2189285632713	17.323158078729	13.6062359119807	18.2911455181779	19.5561382878242	19.7946205329183	19.7305026055103	14.9357436096601	17.7362927425317	14.3792921830242	19.0952432401424	16.3642096170238	15.8626735800958	14.221886979367	16.567776466822	14.0153342671075
CZC2786	13.1288192374229	12.6981631325292	14.5986096835943	15.4302397434898	14.6193882318088	16.4370511194583	17.6581243913358	15.1593474848361	15.4196982760161	18.0501494243101	13.96500345457	16.4478591873457	20.5279387902505	16.1115057820897	17.5764586837715	18.6233230682945	14.7914152058638	14.8781213412517	12.1776880392107	16.8105214543883	15.6450646967851	17.3145770032992	14.4907927211689	14.9089307808227	16.2989368625818	16.8250679885959	13.2597854229636	16.7176470821379	16.9524422723711	16.861920095423	14.778346211145	14.929425642306	15.7689990614717	17.9457104720508	14.5942970398567	19.027173270435	19.245169897794	13.7674377819254	15.8014539929681	15.7484876819676	19.0023633536239	17.5421060302841	18.3564516922575	18.2776504399776	14.4594583692918	18.1847902887047	17.4905220153939	17.0067139961817	18.3111304524289	16.4239944231996	17.4652073858196	15.6639967692736	16.8718712283864	16.8735823439512	15.2596263254432	13.9426998407335	14.4345406194056	16.8066891517381	19.6745141484695	13.7867589145454	12.9375460770717	17.0477217767015	18.4758973277156	18.1975143012512	15.1156527602245	17.9162149781809	22.5402117420173	13.0816831969946	17.3956580522619	18.346190854616	21.9145281387958	17.0573138275034	17.1583354951494	14.9948026537765	15.1211244481871	16.89818308052	18.8549610147639	16.943611867055	17.0029072207317	15.2202886468676	15.2980923811925	15.9914281264029	15.7335640310703	14.5184469113426	18.1188132717121	15.4316926643106	16.0605641409855	14.9771393119054	17.5351709499746	15.5192740088752	13.5857363133605	15.7933771845501	15.2235368487849	11.3610696794242	19.1736725669298	21.8435954445352	20.5415104319783	21.1650158979495	18.2264094324292	14.3223261778006	18.3852636688993	19.4045979312588	22.048871798888	13.8083375893246	13.0872077849205	20.0289929596275	11.4503523660045	14.2115988124698	16.7051810061113	17.7781099556871	15.4447273864331	12.3189552108047	15.7892403474488	17.3813003503422	16.4477103346472	16.7064246659842	14.03718595687	17.7047137511761	13.7009771488849	16.6922379675461	13.7967683817151	17.9427094901197	20.3080609691449	16.8698556540818	17.5997320225123	18.0406021000541	18.4083883950487	21.1427849367713	15.5849075054805	13.8100109000315	16.7553557179982	14.095373901916	18.7715160186648	17.6443779115318	16.3410021893872	14.4152884076036	14.9452855790421	14.466093376442	15.9630586546853	15.9528343132001	14.8826004817562	20.4983080678088	15.0503977057588	14.6275481044197	14.6434029000457	13.2161967778521	17.7093039908167	15.7132507025614	16.8846325261296	16.8993614516629	18.1831419931362	19.2859659661302	14.5705486161826	17.9336812902067	18.2289323217553	17.4610601883417	16.9389231343537	18.3746012389546	19.9556420915416	17.9396022587368	20.4398180395525	12.6827953520719	16.4599482097957	20.4011603394253	15.5881557472208	16.6970176746607	18.5350490190557	17.471250243448	17.4799242174377	14.1366920555247	19.8570161170814	14.2228084168915	21.3236365127848	19.1021785770825	13.7623033500542	16.521360770198	13.9841741403063	13.7589418386439	16.8156161117727	17.2621027024472	16.7494941022234	17.5004898947484	15.1327637083039	16.0384493840001	18.1615485512293	18.81009999713	19.2729122680666	14.2355275703264	17.5816353197512	14.1872153299426	16.9661963484142	15.8063819233124	15.9389316037402	14.6814941629226	16.2463948824186	13.7602012180506
CZC2803	13.5266225094156	12.9047969529655	14.897932291761	14.7304521189165	14.4041822450076	14.3940699965379	17.0486173769752	14.5604525200211	15.2044284184483	18.0994467748264	13.8921896713996	15.8283865431912	20.4115861745534	14.7654782814624	17.4980808928754	17.5489681363825	14.7516365264068	14.4645237205127	11.2720989197539	16.0491641554093	15.114334114301	16.9098812044656	13.7412855382377	14.9441260336155	14.519472492191	16.2190485578641	12.9217346607499	15.7191366984441	16.0339914666767	16.475836576237	14.4111235173724	14.8996472597085	15.649775545391	17.7276815338443	14.2616857439303	18.4991124327855	18.4886964922099	12.3242195074382	15.6432952544774	14.6383232166214	18.5760702084547	17.3261074572231	14.2347894581322	17.765974181389	14.2451402934495	17.7103784081792	17.313836778909	16.352597590061	17.2871012243879	15.0964080544324	17.0691842990534	13.9258547163196	15.8482798458621	15.8814427833589	14.8088673943441	13.4385655362171	14.2624333925523	16.7804644143287	19.4613743778706	13.2474465183347	12.7354036163705	17.2887354788701	18.0630616706066	17.4491664860174	13.9849448968043	17.5206471554403	22.4973261626643	12.0019012996014	17.1769010019838	17.9790275937439	21.2301640258267	16.6606479750844	16.8211287558419	13.4712221951772	14.49494395802	15.5632276526365	18.3701774992881	16.7347681867722	16.3094839767625	12.8722146627581	14.5985229189155	15.721460323795	15.1066798990617	14.6878526365778	17.4738786931842	15.0590799974683	15.871056103099	14.5468240084476	16.5599525007327	15.1592420510079	13.9462270709047	15.4998526082994	15.3295763117134	14.7572578466467	19.317582857049	21.8855458561615	20.3062929843593	20.5656340822023	17.1170956287462	14.4830662105179	18.3036916319302	19.3508131617647	21.8245942007408	14.759907934909	13.3769242467327	19.013903872802	13.0053771923282	14.7091096566927	16.3077810273253	15.5873778556672	14.9739608033442	14.7354772563871	15.3454070389649	17.0774122912693	15.1442370249774	16.4243606777958	12.5502334137826	17.1515165575993	12.9658232766833	15.7261117481695	13.5903869374813	17.7151278999718	19.959237322877	14.1754501020923	17.4925410978833	17.3777812849874	18.345648242276	20.9798140981309	15.5154254136369	14.1981512843515	15.503874722575	14.7032114045972	17.5575873653072	16.1060647480053	16.0378809346171	13.781769749748	14.5215292663457	13.9742560582745	16.3320564334083	15.3833968789537	14.6781281220078	18.7201555292269	15.2224994257436	14.1652887647913	14.5099594344504	13.9126430772081	18.2700330495679	14.5488971984441	15.7161515640233	16.757163817984	16.8973597772902	19.0009753651194	16.7865224081412	15.9497199496536	16.4070213832445	16.6669998755309	16.8781525079938	18.5444156224221	19.7282304659805	17.1211421490231	19.465927819607	12.2762386255894	14.6083603461143	19.4864050178324	15.9591507461949	16.7406982465679	17.6102345809884	15.7934027853177	15.9339496982457	13.3365013920036	20.6938910004941	12.9849678123585	20.9106979334911	17.6933640010465	13.679849691161	16.7458100792085	14.0797096888036	13.5340490737394	16.724325958063	16.9923914018825	15.8463321440946	16.7806824488124	13.1791226927039	18.6502362164939	19.6965488892824	19.8834349824524	19.2576221965426	14.3258761443293	17.9672099890056	14.2014608867041	17.5304849351179	15.3830606078342	15.9941382477146	13.8661177018544	15.0610764299531	13.8912591291705
CZC2823	13.0470881851141	12.4311213397067	14.5588417831717	14.8784165321792	13.4535366497082	13.4054789850581	16.6608629436439	14.1493794481035	15.0507274812573	17.8314822049249	13.687212414601	15.366290557766	20.1448848251617	13.7328336607663	17.207417057739	16.3342667406583	14.7145401897082	14.1506812415041	12.0455115670143	14.8443638864172	14.4171839280357	17.0086219852958	13.977570131024	15.0104953189738	14.2181199871666	16.2773357263844	12.4002316096138	14.511687328678	15.0155830540673	16.6028949320963	14.808956987213	14.5301486790329	15.3313588447515	16.3970675179684	14.2313043062157	18.5763069589277	17.9116753142942	12.9701741863329	15.6167294961734	13.539086320813	18.1316981803618	17.3070250301361	13.6213126543245	17.7156421687793	12.6856091688858	16.6313851640545	17.3193920841961	16.4547568990015	16.6833712354142	14.4737897379182	17.0021853094892	13.8754173673915	14.936637009098	14.9146902856084	15.1058701632728	11.2645817091408	14.1701496884403	16.5456706493804	19.4594347884575	13.1870369195512	12.8018100929153	16.8952710803607	16.7770156837385	17.1569161133978	13.9261663170418	17.043468735121	22.2675988389681	12.1200708525572	17.302910098871	17.4807177740161	21.2060163551823	16.4656546015006	16.5538761914961	13.068926380823	14.0810996156539	14.6606937905298	17.7046623690323	16.89920372087	16.5882946842364	15.1548573213586	14.8406393351548	15.7198231320527	14.9812139755304	14.8604952801257	16.627118280707	15.1370629353828	16.1912234704193	14.6046609835579	16.2800932294763	15.5460122894169	13.1455767272541	15.1447397682186	14.6212858253444	14.4587431695736	18.7183553441393	21.4423823269675	19.9679473680478	20.2546687246518	17.1280376211722	14.7044880420313	18.1764363202289	18.9301170584751	21.7198321685111	13.9209374994159	12.7434509276114	19.2258622747611	13.0902167866765	14.3150540372089	15.8174045946116	14.0983313000238	13.4876321462014	14.2689911016457	15.5022112374921	16.4682981651414	14.3200247643712	16.37814400115	13.4392477060184	17.5786835023974	12.8982106555488	15.2010475591095	13.8208530782539	17.4073485139068	19.0928937655656	13.431904466921	16.7642117714176	17.3085494684894	17.896532406141	20.7135712682043	15.3271659111412	13.6469799949887	15.884253095749	14.1467329589962	16.5136022250597	15.1530837893693	15.482607374772	13.0454276745552	14.1004982510839	13.8456088728951	15.7961960803733	15.3022813130391	14.9266874059256	18.4553128802861	15.0142437291557	13.8687577737535	13.8958034137328	12.9238745533287	18.36238558955	14.7637099755418	14.7058680568267	15.7669949059799	16.1867999376087	18.5078504947335	16.2712955280587	15.4221949264735	16.2146845673758	16.7016831489088	16.6623272316332	17.4323797001039	19.0558568088138	16.6906560191383	19.3945761936136	11.9913392290562	14.1709561761917	19.7426684829107	15.8660757870448	15.7674651647091	17.4619558729175	15.6651357137819	16.1395658566802	12.9249317382864	20.0595510894787	13.0235425855061	21.1499654095276	18.4224645290613	13.6181008126202	16.3181140393508	13.5574514636882	13.5910251531422	16.3859152388225	16.688309190111	15.6930995002725	16.9057045760486	13.4390605259073	17.8145941175062	19.2381401483314	19.8428225929853	19.6825009733455	13.5005702241683	17.6818359406236	14.3324033235467	16.6398825890149	16.4216550206393	15.6654782657086	14.2201241616454	16.1870785810625	13.0208747443256
CZC2830	13.4927356484001	12.9292195810977	14.9808214019655	15.4803961768236	13.6365466126788	13.8969537199284	16.6018283882199	14.4539411761721	15.9480698561443	17.7350472172649	13.6096147007008	15.5585680629332	20.2903192518094	13.9084011356181	17.4548839265232	16.7052368748304	14.6983599776156	14.0625768154206	12.0440556406354	16.0008808915649	14.5031638773675	16.7175920326296	14.3071868388174	14.9478114853993	15.3082630657996	16.7487698700428	12.4290399805192	13.9495080674395	15.3025078235663	16.6836252651299	14.5835036457297	14.4352181844678	15.8900054092955	16.698192141567	14.9295286796959	18.6983296182826	18.2492588996814	12.9592314857307	15.459065384182	13.583626851781	18.5346641586273	17.4078100280887	12.7392639512186	18.2208796080248	12.7669804584417	16.0022490942158	17.9187410836464	16.8913557627261	17.0598380731041	14.2888793225356	17.5464986161613	14.9402307073678	14.9231301137988	14.9262703579553	15.117510619585	11.5898259450133	14.2711487402476	16.8429336617991	19.6692807570749	13.4586891855911	13.4137924359277	17.3302247878844	17.3506580150494	16.9517026342453	14.4318005356967	17.4339835645525	22.4210968214231	11.1840863299247	17.501875074021	17.8264229755501	21.6879859025652	16.5842760271274	16.7506650886655	14.0163651284295	14.8770940107867	16.5120959701471	17.9245446335509	14.8794324614956	16.8215934525417	15.1331293352919	15.4188199966066	16.1180079209102	14.6695814949096	14.7559566974771	16.9582791146485	15.6696220333974	16.346199283108	15.1546514993674	16.7174509613982	15.8368033461238	13.5064561223053	15.77798105425	15.2145397305616	14.9203410322486	18.693100654367	21.3569228938722	20.6976189109113	20.4280351128451	17.4358907942599	14.4027817333578	18.4100735610681	19.680370431245	21.8624088524405	13.7563870591737	12.5323343574222	19.674878079537	13.8303874432957	14.3462185417301	16.748733232592	13.6083009519034	14.1838106122031	14.204547300427	15.7165892228766	17.1087149279153	15.9405136327461	16.8023146678142	14.3161922681652	17.578936131535	12.4646199349928	15.4203832425854	13.3614473882213	17.4113157961674	19.9723922047024	11.7057991648914	16.6898456294987	17.7324345003574	18.1399924789146	20.8165041601191	14.9041909913019	13.5611439501616	16.270439526068	13.3846424679369	16.6116379333368	14.7026336075635	16.2887016461123	14.0667352097709	15.1459858940095	14.100558132923	16.1697118182168	15.8608574421695	14.4316425820639	17.9688586813427	15.5369297215378	14.2929693600955	14.0086690359723	11.8610837310471	18.2391286624364	15.4172027044573	14.1851146766415	16.9366997810128	15.6660764417772	18.9841731162159	15.3507308218612	14.2344194487668	15.610953011339	16.7719920701935	16.7241199419477	17.3514661461986	18.9493656950886	16.3254159775368	19.4641724769364	12.767684360563	13.4341187512983	19.4202658861799	15.8794418626406	15.5828178097756	17.2943592023813	14.9521441167029	15.760232327605	13.6638409817523	20.1935611500375	14.1265243305558	21.3040025984638	18.4884550548959	14.2067694891532	16.6417395552142	13.8252017245442	13.4591010719313	16.505491442479	16.7201292463298	15.5827821851184	17.0671098855208	12.9390606084992	18.1455560384398	19.5937369182537	20.2922993476977	20.2135925807831	14.390041249392	17.8218202301314	14.5388067956573	17.176885318136	17.2575270650226	16.3024853202326	14.0274494662566	17.1471289828536	14.5998264962847
CZC2835	12.967949489841	12.6236537825581	14.7666145776231	15.5768139585343	14.1734601573844	15.3056010520332	17.3344976469643	14.8235244395721	15.9811589880049	18.2369673204011	13.8854235037863	16.1156505278798	20.6628211426795	16.1906088447001	17.5986623710327	18.5822707929242	14.9683314363307	14.6735341824248	12.1912813273432	17.6145783618677	14.3295247843295	16.9452455776008	15.333945827183	15.1189808875504	17.3136622383384	16.9385670657197	13.0090261779811	15.9013767175188	16.3443269239498	17.1467978433317	14.0535329120689	14.8961713917787	15.9836363145557	18.0999646968883	15.1985042852303	18.8784844255535	20.5348830648037	13.2730989459145	16.2508973241524	15.4783332168146	19.4512278278605	17.6431285748921	14.4802596004214	18.429120671354	14.1503747273381	17.6309079575345	18.0503089427225	17.1449551845907	18.3559484389199	16.1831274269882	17.6247287130161	15.9420056960188	16.4201994998593	16.4389402279077	15.5876697871645	14.1349755303333	14.8024537305716	17.3862927022929	19.7971897840992	14.1215028239986	13.8297256688299	17.7450799482673	18.8153111305425	18.5288008605066	14.1571965372346	18.7541296828684	22.6932087716162	12.6120755789844	17.9459286507351	18.5336011959435	22.5271236966117	17.5074763307433	16.9919069125412	14.9666729043287	15.7661690595861	18.3395651528285	19.4382122255304	14.2026742270691	17.6560136256329	15.8066447036391	15.4452314019378	16.0911135899498	15.8031651697866	14.25688598733	17.7641933817905	15.4259056797273	16.3840317120358	15.1689687101604	17.3773737359163	16.0019876192118	13.6060604628645	16.2509281566683	14.9005535041092	15.377217669945	17.0186883891421	22.3458283418808	20.5988470929321	21.9276499576702	18.875126971965	14.6091932859213	18.7694876152289	20.1714440258853	21.7026295779949	14.4953996436114	13.4623418182442	20.0536541441563	14.4181430933411	15.2205484212445	16.9882007161729	14.5400558220369	15.175169231026	15.1830352490189	15.9677651821739	17.4837941315599	17.3769412560829	17.0490177460828	14.2720032149528	17.5764228924854	13.8389673838701	16.7067596619909	13.9654282892065	18.1427264533671	20.9564716463151	14.878008381372	16.8413774213604	18.8882861579023	19.1446635263468	21.1829876287968	15.7044281321671	14.3222957363131	16.9301397718857	14.5451434346374	17.2049678183034	16.2751686375419	16.6297406249652	14.0365540472911	14.9572712535955	14.8191685076759	16.1643480176421	16.1376471388785	14.9600455374953	19.9231156654933	15.2268532722938	14.6033574961497	14.1415946412163	13.05198295643	17.651933811889	15.8625583109809	15.3865157582268	17.7538863783522	17.1611876672997	19.3363486779282	15.4684434602255	16.5488236538931	17.0569628723544	17.7437326762143	17.491847448456	17.8253459643922	19.7361358087416	17.394832108589	20.9868246968314	12.6030758525238	15.3143300648987	20.2521018143847	15.9439984419495	15.8115918211841	18.1209142672545	16.4870301350966	16.2228272647988	14.5141784672189	19.5836061949292	13.8640024519413	21.5375677740734	18.487044184848	14.3829925925544	16.7489546596444	14.0597799650353	13.9108343304035	16.3927042778648	16.4963944717306	15.9315917038305	17.0408839438889	13.741405815313	16.2084260668395	18.5242837511967	19.0430936653682	19.305068932801	14.1307610521931	17.5352791026374	13.7367498513012	17.5999331167989	16.1499993929405	16.0230233763823	14.7338231788426	16.7060245035291	14.7101914219142
CZC2836	13.6241568306893	12.9385449847503	14.7119344273432	15.4906176889316	14.4116790811851	14.7117477995508	17.2163325808548	14.6997498108259	15.7265239725305	18.4166739617107	13.8720230140518	15.8222958018012	20.7867239812495	15.0741187276519	17.9177204231032	17.6028713921711	14.8381739576974	14.7130603548355	12.0343703714348	15.9677137302617	15.2053800778312	17.078412010412	15.0568334452707	15.3564909402335	15.4697216779611	16.7701937455897	13.5757687901139	15.4175593844175	16.0480844912275	16.9947507576311	14.9004060419336	15.1277355204172	15.9911809725479	17.3277351398568	15.1218847932722	19.1654251827232	19.3683454552678	13.6778526672741	16.8618651438977	14.6361062833978	18.9303175721809	17.5289364047107	13.5538509186701	18.1897975841129	13.6714666279112	17.5574692284323	17.8288455112283	17.0612037694665	17.8684467930428	15.3466360723587	17.8309830461094	14.507449235078	15.8697534295626	15.8601336569333	15.3432380928695	12.7852740097569	14.5536351361856	16.8647075718597	19.7335394156551	13.8795144987392	13.2868933282126	17.4328881059518	18.166493687165	17.8342434359985	14.7356851259733	18.1722475933586	22.4956500321199	13.0335614207561	17.7526494598489	18.1204915525486	22.0974527877842	17.0831830174572	17.0134444084468	14.7751401172919	14.9044193031647	16.0892170265804	18.9645401872233	17.4055406157794	17.1313833871481	15.5485181182956	15.8521644858876	15.9003259692572	15.0438471610224	14.717161691938	17.4387939519433	16.0215633061846	16.4897704880954	15.1152214077288	17.0695790102844	16.1402329879524	14.275714264445	15.7202583012922	14.8939715900321	15.2771989159178	18.9645983293444	21.6774197262966	20.575949408779	21.0050695851042	18.15485201438	14.5700960132353	18.7211397898729	19.8776505892056	21.9786462121851	15.1188135090076	13.7133845753376	20.2073208515815	12.7308956859751	14.4710062932258	16.5532585749462	13.9968704792016	14.4736278166852	14.456855854827	15.9954334662395	17.2655216327254	15.8263698258147	16.7130509337002	14.1150143462642	17.2155292642615	12.8388158236386	15.445359611924	13.4926295734562	17.9699953188065	20.0859991571766	13.6656140139227	17.6668722000885	18.2593045960544	18.1133929439144	21.0690429896791	14.5984094440482	14.9124612302455	16.9853091083108	15.2928714048702	16.6308450842156	15.1742255133067	16.3854805983701	14.2022641178529	14.5946402689327	14.2340864383891	16.3773059368604	15.7277542970063	14.5098452022101	18.7898300435832	15.690877369385	14.6322655646587	14.045729529752	13.2514382162786	18.0819793390206	15.2060168549157	14.9657572823413	16.7139728259093	16.5207148967724	19.1511189481657	15.5180866655144	15.7097912489173	16.4828071622071	17.0933907547762	17.0229450359311	17.463038877067	19.3478654041238	16.6177077735653	20.3656578777414	12.9897214033013	14.6832949814581	19.9224512104768	15.8293302513862	15.6965043510066	17.7941248560895	16.0302621249695	16.3036969343976	14.0841814507026	19.7478066833722	13.889203885379	21.3510492327324	18.6885455029251	14.4329293492805	16.9338843717262	14.6164131985619	13.7253653811675	16.672108221579	16.5616909861893	16.0474301615327	17.0791479011806	13.6287675410658	17.1410410811945	18.5691716448333	19.8525080476312	19.9060267738148	14.2622761304277	17.4707120353216	14.345300054429	16.6748420925397	16.5443047438003	15.6770906209338	14.4473287849431	16.5918054370376	13.9209244717964
CZC2841	13.228874758862	13.3919182814535	14.4528969386256	14.8064265822732	14.1736666358823	15.1265421089771	16.8648946079243	14.6114280472405	15.7754482451654	18.1643685674786	13.8180777269644	15.9711800097211	20.4136602920675	15.8605544027967	17.65253270612	18.3057035040296	14.8768288612931	14.2744571396155	13.7233474069462	17.0711211258286	15.0866819593491	16.4623047897005	15.705348725353	15.1409788199725	16.4999900578481	14.672643911918	12.7717030771773	15.5043526804911	16.1205352457256	16.5600453182597	14.0129095493254	14.6515889456441	15.748001489576	17.5655949153811	14.7846609774913	18.6672439285967	20.1519342325446	12.5180702468022	16.0784507745085	15.2753033533288	19.2096479883946	17.6031121814657	14.5117728779353	18.4575871687049	13.7498936364687	17.2707521832643	17.8974883612394	16.9058821404299	17.7991990276795	15.3845546048428	17.2141234794512	15.4689175550555	16.1196808997872	16.0898131951041	14.6153624295235	14.3128893327358	14.1060470858291	17.2211556502145	19.6796090635512	13.6277979862876	13.5546734436891	17.4912458401953	18.5611182250564	18.130640873144	14.5849991956282	18.262320563446	22.6409223021454	12.4164651138199	17.356655107455	17.9253458981401	22.1464851922549	17.2426378024419	17.0057661123322	15.8985087552394	16.8602468537708	17.9892928815322	18.8222253810472	17.0928282948583	16.8228041145859	14.9177634645335	15.1628530276951	15.1474784627293	14.5823310309327	14.4533141469565	17.3895936400858	15.3029706920728	16.1048975436422	14.7901787313177	16.7970995192368	15.2722912169213	13.7733395522708	16.4799146506268	14.7669794741251	15.1253881805485	18.9849501652057	22.1755008587934	19.8826162220194	21.2473223288725	18.1303356266087	14.1530582425126	18.548924085573	19.6908219000825	21.8981421779227	15.1076724418658	13.5841094348041	19.7823570142801	14.2528514977844	15.0654214978612	17.481846794944	15.0169127717516	15.4598011500684	14.6132526258134	16.6178393263355	17.3082795886128	17.4127702199092	16.5312934519191	13.4639847832701	17.2197195511685	13.310406997093	16.0237752690224	13.0295078136835	17.6936446117753	21.1676122974264	14.5155805663591	16.0074358497457	17.9270525420105	18.8105863483696	21.1880432124635	13.3865875259838	14.5420481224259	16.4771028270282	14.8077100360249	17.665357585996	16.5456437816694	16.7919534911378	14.0459779928485	15.1104175272016	13.9370129836615	16.1908195651742	15.9218785520627	14.1479417842617	19.7420810463387	14.6330291647709	14.3804817571939	14.4317214070228	13.160420283982	18.25296410846	15.9958438813544	15.5604267357856	17.7483268292559	17.014871270088	19.9126985432158	16.9052837925688	15.8400556103553	16.7799766572863	17.260154717108	16.9013599155117	18.188698931395	19.9946468314423	17.7007615884658	20.5181870950963	12.4608863096712	15.1035512826837	20.0661692868638	15.3195783295831	16.1929390459081	17.7832547111824	15.8953129475307	16.0219919056742	14.5161819678806	20.134081483833	14.7406896907069	21.1592974400504	18.4655337992988	13.9027638086168	16.7079240534283	14.2072327553916	13.7376507091615	16.024641364019	16.5907660935941	15.3852114558245	16.6792955600824	13.2953494118283	17.6158159009389	19.0250481023813	19.2146247813022	18.8961267204733	14.5909930687445	17.8012852651037	13.8403138297975	18.5906566542304	16.4547211051268	15.9693380467039	14.9210871968165	16.0595798859457	14.5516206495663
CZC2843	13.2920843132719	12.6896541308204	14.8780808672541	15.5468637806136	13.5153687800976	13.4590390431896	16.3752338494547	14.0842452343554	15.2844480775758	17.7758495542071	13.3656210031963	14.9251322699145	20.1679149686977	13.712509539724	17.3002785826574	16.3634687527949	14.6932920047762	13.8103343344039	12.4533171319891	15.1834072857216	14.0289884565966	16.3567221602755	14.0382688566782	14.4593571894055	14.5594785656917	16.3147367125221	12.4430114398078	13.7640628560776	15.0602278748328	16.478561032603	15.2073278103048	14.4542620113018	15.1909900107165	16.4119543159287	14.2159614069945	18.3028869540382	17.0506870265122	12.2382089208052	15.7540837604752	12.9335219285513	18.3134928982991	17.4207938782282	13.4660340857475	17.6295104309578	12.4755893475315	16.8316674839441	17.5842720449981	16.1558679473931	16.8628811140406	14.1265091334311	17.2015495681593	13.8690223747102	14.6776238174685	14.6523826561902	14.701515405889	11.6038514253872	13.8823030997002	16.3191803529807	19.6204286006431	12.2656768443038	12.1212738105179	17.1155563469752	17.0605246956506	17.2426338051063	13.9667239733938	17.320687383143	22.2796577019236	11.8209518179976	17.1905016587764	17.2106981784669	21.5177031891921	16.3663885058808	16.3133980492266	13.994457826579	13.6107266392859	15.6726353030365	18.434869476119	17.1425067383065	16.334379247293	14.8204853149053	14.9228995669618	15.4473483890661	14.2792835954477	14.8349944220968	16.6800689378081	15.3385374101281	15.8715736002412	14.196899097005	16.3778734233372	15.2879046827014	13.4680495431084	15.0905991800113	14.637771396877	14.3287089572706	18.5122770741284	21.3735741769771	20.2291340558564	20.1616745807829	16.9285673771953	14.5976956354429	18.1541085720472	19.1889707307905	21.6343174139855	14.366697792082	12.0599147201193	19.2316699233192	13.6794438417785	14.2418300799165	16.3378561662538	13.7614460968069	14.0741037601367	14.1323915118259	15.7358936667448	16.7198582421415	15.3076497421212	16.1703890725019	13.27789810277	17.1102097633744	12.088736229187	14.8636947904499	13.4342089845582	17.3356805986595	19.9084714013419	12.5254507565507	16.8852538812609	16.8857655064209	17.4709962289662	20.6154243036636	14.6093063797164	12.6053530349666	15.4184998317506	14.4201982436997	16.7071299838656	15.1083807556074	16.102481000048	13.4672365392289	14.2250772025933	13.6516683837171	16.1704551507968	15.3561409785847	14.5462578449728	18.3458816585888	14.9113862061119	13.6161127290082	13.7934971841137	11.8582868394511	17.9350566608119	14.9132361019238	14.3964100886878	16.3892789462805	15.861222515638	18.9483515985784	15.5187820190648	14.6660567527959	16.0036174989155	16.3104842685909	16.2785320340108	17.4535507085686	19.0083696401864	16.8544950610238	19.5374957883207	12.2097749844076	13.5904537517947	19.8333790149967	15.8403029568751	15.2343634044249	17.3231701977431	15.1085166530339	15.9775892335354	13.6311833741243	20.075682606682	13.3866312771157	21.3063374422942	18.4563312376037	13.5866826344251	16.343422122767	13.2265774617208	13.4533229195801	16.2485910117488	16.5201185146686	15.3773326867241	16.8743530257387	12.7475720584466	18.0117289913073	19.3158892900444	19.9724722111962	19.9200124963948	13.9466364436755	17.4075290812809	13.9656244767383	16.856035329467	16.4372677901418	15.3363801510937	13.8959632009874	16.5638766575417	13.7170882897925
CZC2847	13.4052537775085	12.89679349994	15.0963592375776	15.4851474846685	13.737531114064	13.6868176602357	16.5978431615302	14.1878582489518	15.8261433233981	18.2854456030584	13.7667030115438	15.1923143886316	20.5830194500419	14.4872729435306	17.617561214673	17.262169128584	14.9237652970919	14.2231113438882	13.0326541746623	15.6792548705309	14.2429614829847	16.61567817834	14.7296894550843	14.9950206320074	15.2054772949	16.722082483325	12.7661314121932	14.0400501327841	15.0978594440062	16.7681733523579	15.1090523262642	14.7509768099558	16.1506671144588	16.9605696327003	15.2124335700737	18.9844049578789	19.1310054160154	12.6390660015243	16.1547364331807	13.8683387051624	18.9291562820289	17.599958705056	12.8601511620768	18.568555531501	12.9067331487605	16.5874930452308	18.3658906175047	17.0978321970582	17.2954666134351	14.3048292434569	17.594513831847	14.319890235586	15.2617510006266	15.5071053895509	15.0494563224458	13.1216788419634	14.8508071629465	17.6377929813631	19.7821819763428	14.4084287623011	13.7277632378349	17.2829315336684	17.9390640979779	18.1420989482228	14.4164040968444	17.9323811904447	22.4614890309922	12.5528124540503	17.7109471550907	17.4407214292346	22.053620042936	16.9845309699871	17.2700261222267	13.2784379384134	15.6404389792658	16.4244076920873	19.4987797794695	17.5042993542189	17.5456471666226	15.9709612246574	15.8532566302662	16.4354698818079	14.9765153583004	14.6709965259724	16.8563675308338	15.7017624774439	16.4754224669823	15.2236632246722	16.9483911186617	15.7926952710351	13.9512871170653	16.4723390579056	15.4464102634587	15.3582927820698	19.1874185885996	21.9761797469067	20.5647740453971	21.1555531953478	18.3832861367243	14.5902474591098	18.4851379996005	19.5904107762556	21.9938103216402	14.4456402136851	12.3254162450953	20.0834212271755	14.4322055250134	15.0332763510636	17.1640307684739	14.2308573444041	14.1795595221637	15.0304613921076	16.2422591520839	17.6836681112081	16.1196308569264	17.4258341259126	14.2711413225486	17.9252510330456	12.5989922140857	15.8072588399981	13.6099128768845	17.6275425098923	20.467854649596	12.5060304623947	18.0351154303313	18.4778808792553	18.3189465775792	21.4696729388398	14.8420119796027	14.0904262716305	17.0433440021006	14.8322421386763	17.0069034926457	15.8171177931878	16.6769511156355	14.4860056016591	15.3008528205774	14.3919981699798	16.37666693578	16.1318010208394	14.7525617371021	18.7667549883931	15.3731908328518	13.4275054134926	14.3444359199335	12.2598474296238	17.8689885777989	15.9566257176598	15.1592471293594	17.2093400613503	16.1219159722293	19.5767598455672	15.7666465014539	14.520420060393	15.8143034991004	17.5629949330832	17.3987922699511	18.093915993492	19.5691046311387	17.1068184674136	19.9703084170456	12.6420162234709	13.6172283636608	19.7504890296622	15.9188999336143	16.1220777269593	17.4197571723067	15.0808767090795	15.6496697367854	13.7735749682103	20.4995393312473	13.7976348867112	21.2696333620586	18.3293752059455	13.6337338695026	16.5719952638061	13.0226987424864	13.6644109342447	16.4155303847279	16.6582086317784	15.0616508664063	16.8074867959399	12.647857941576	18.3052284870945	19.6045619349937	19.8031768538401	19.5730534645199	14.031673014039	17.7593110574674	14.4071547054269	18.0758555258735	16.6010536895886	16.4314877251139	14.8469061721303	16.4107104178947	14.311554267777
CZC2859	13.8313218195633	12.8945849420906	14.7145527457012	14.8991695161078	13.8987015120899	13.5825069716276	16.8735488065972	14.6502997698154	15.2770220203018	18.1183885023266	13.9300835687771	15.9194650243843	20.5228162457833	14.2923884005722	17.6957516357258	17.1166072136572	14.7930452443464	14.6385795947908	13.0823931337913	15.5407553371185	15.1042936360535	16.6766452661621	13.7960000805921	15.4602712619008	14.8197738232026	16.4306255229827	13.0096575813255	14.7658940834262	15.7122078488276	16.8008677090889	14.3302298774489	14.9148492770512	15.7295529971626	16.8726636769704	14.7333782226261	18.6567223809806	18.5584149605762	13.7297790883073	15.6343739997096	14.200386859058	18.3553481786852	17.3785294367915	13.6866737978875	18.1531228061927	13.4643838591516	17.1853124668343	17.4976298976564	17.0839271928159	17.3646435245586	14.850817033842	17.6300999466909	14.2406996713237	15.5245630763088	15.5031062840055	15.2444472988174	14.086946888058	14.0547175639856	16.9061109286184	19.4804196750789	13.3757537986532	12.9508239029673	17.0168582189981	17.8517290355393	17.2237149404903	15.010556503282	17.9371768432285	21.4934637212893	13.1055625597461	17.4096187584271	17.6271308183216	21.7581856169963	16.8232676215686	16.7552734015568	14.7790093658328	15.7837758974224	16.6128131718363	18.8836154615852	17.2644505937614	16.7224254991361	15.340382240943	15.7136077827956	16.2130173234853	15.1305044667328	14.6842165443799	17.3680468762059	16.054834275949	16.0695006109009	15.2555191792552	16.8729244686148	16.1964335900316	13.6373745651834	16.141872251943	14.6960040857209	15.4624031598571	17.7873680088193	21.7783092041036	20.4460297594168	20.5487581951669	17.2633705058732	14.4192060722674	18.6279545519854	19.0329405729776	21.7443446312583	13.9493502986696	13.1217096791902	19.4452943680309	13.8722672818043	14.6438145557427	16.8957292290536	15.2779435019553	15.3057492002552	14.2591026069158	16.6740898654776	17.1225031922731	16.0297442586218	16.8326187352716	13.6789398825955	17.6884856719286	13.450988217451	15.7428790513159	13.3141505556847	17.8338218778118	20.5683903724262	14.7349353850273	16.3921733993123	17.7939851346696	18.0365209021421	21.0269409260988	15.4566322945399	13.0457248373551	15.9640532241882	14.4249231477292	17.1262895588395	15.1590976279356	16.5842520641497	14.178306456083	15.5882436000648	14.1854380519486	16.472507582515	16.1630860690369	14.3939852697845	18.0835806887743	15.2838545782518	14.181133691176	14.5436165084477	13.1053388374197	18.3054798849814	15.7703170452768	15.2028407918826	17.5176717263205	16.3486304753902	19.4814226230235	16.9170836391175	14.9611471767612	15.8383324562001	16.6711576093938	16.3850358682275	18.0955643723938	19.3646192571136	16.440312860753	19.5248762974823	12.6965155121992	13.8918742633235	19.1611618536479	15.7362695950309	16.3865863527335	17.4227679322486	15.2057567410895	15.5858340430348	13.5215947270175	20.2010138736605	14.5052239698827	20.9671618169017	17.7925745826941	14.258652140066	17.0616617956575	14.4901292396516	13.8882107902885	16.6416342698642	16.7275513463117	15.5728499402384	16.754628928817	12.8501645226369	18.7498698061016	19.6973024097619	20.0195633019214	19.8306035562778	15.0970444680738	17.698935159209	14.4528225046014	18.5308450170698	16.5310364410614	16.0060560039244	14.2505243912406	15.7949172148285	14.0675642001814
CZC2870	13.940246259284	13.0124542783859	14.1649790441497	14.8956905300914	14.50619373937	14.3829719252686	17.277454476207	15.0247048271853	15.9486069027238	18.2142471071304	13.7731442457657	16.2995904268965	20.8020977620723	15.012723729765	17.9986793029808	17.7373137803711	14.8838010644123	13.9622975260928	12.069233411454	16.0204438284976	15.4957891180417	16.796100373496	15.4662904632001	15.1853866168639	15.2072992028264	17.0096088895698	13.3928757116994	15.3637155123955	15.977581864229	16.898649425566	15.0429578509273	14.7019075327658	16.4419824897993	17.2429733388043	15.2554891655289	19.1811211094835	19.8617210876162	13.8906538832406	16.7368222690517	14.8922633059596	19.2579082869012	17.5980008114805	13.629901392382	18.3380063144682	13.9222055738804	17.3174895827292	17.822064895974	17.0243070873677	18.0808465182941	15.9883230437549	17.6270581875406	14.1123523354406	16.2049448923047	16.1872627545993	15.2864651625116	13.7853648355648	15.0474521056209	17.3958296718824	19.7855861720181	13.5566070931254	14.2139232085189	17.5989573232967	18.6663339212159	17.6467206332237	14.788915885585	18.5231737977682	22.5534005952306	13.2389325742564	17.7479917490966	17.6985127135525	22.4613054987805	17.3965316521811	17.3318729880837	16.0538875703659	16.2138773704794	16.685971428771	19.068388654471	13.0517650184547	17.0590610756525	15.6204418005868	15.7254422712454	15.989017994283	14.7595932112883	14.6421427665739	17.6736129296221	15.7746681852708	16.4458926613848	15.3441433585686	17.2878898758951	16.0662289465184	13.9301448138573	16.3578623112336	15.4605074249894	15.7399911121062	19.3349288711292	22.0981773273076	20.8247607174548	21.133782968732	18.556892637572	14.5267550518143	18.0552540349377	20.1608293789087	21.910258723349	15.3726661963948	13.6434769461541	20.2102821986745	13.8777367624446	14.4950652137932	17.1313055573285	13.7138580850109	14.6539970990155	12.7506240997338	16.2357295857219	17.3536943255902	16.1626667674497	16.978902787489	14.2146474551156	17.8300809238771	12.8434942198204	16.3518704782596	13.897463669807	17.5330356193288	20.8286831237927	13.7556822179001	18.2869451797434	18.1426845298922	18.5755745624408	21.1907906533475	15.2613281512996	13.5542225289376	17.0430861054664	15.3607409274415	16.2305959360938	15.2462834519923	16.5993172929762	14.2914962458408	15.1643744286256	14.2957925675906	15.3536733235727	16.1635506128521	14.9226272365771	18.7482819180793	14.0466248019404	14.2317131497458	14.3049343535097	12.8888075818264	18.1529187356916	16.0733171567847	14.8814728107943	17.4411087780905	16.1275552178422	19.3822699366124	15.6715841542492	15.3532371404635	16.1149230436578	16.8956329295812	17.2002991612842	17.1280107566459	18.8156497030424	16.7987501443393	19.7749110370339	13.2174394738133	14.1709744523785	19.8954577202392	15.1290653423656	15.4011415858301	17.3254081150075	15.6638505034845	15.8389197118929	14.3839836864458	17.6619409654177	14.2179934817779	21.0148764403555	18.6481952200419	14.2554840249145	17.0703103943701	14.3821887500249	14.0101333064091	16.1012082750146	16.0509276167996	15.3462783445366	16.5931439494365	13.4435370792101	17.2604305243247	18.6201119654021	19.2054775357851	19.3608240349879	14.617232048608	17.0890435061184	14.0555769099301	18.2791242105966	16.3185158710541	16.2388512003152	14.8171577105764	16.5759263485401	13.5204260062431
CZC2872	13.5032868157763	12.990970097159	15.1815611953643	15.4693116753611	13.6770594453962	14.1706073276409	16.8319510525622	14.3828947756475	14.9142697675057	18.1898627576007	14.068669934836	15.476416967677	20.406921056153	14.4899736143102	17.4367778320872	17.5523949604273	14.7710342225324	14.499729469383	12.1876441302395	16.1730248081288	14.5626141522345	16.746890562368	14.3083791843868	14.6355706184717	15.4819451975677	16.4008100835935	12.0779367225744	14.8079962828198	15.8101204522714	16.5026696338914	14.6549888958458	14.6571205754838	14.963280703512	17.0677708280583	14.1987908685003	18.5956710451443	18.8060718534665	12.4342641126523	15.5077669607279	14.3763850442636	18.7528249703775	17.5580380493189	14.0475270337992	17.7992839012521	13.3529151956197	17.3667529682188	17.4300821924948	16.6716278887131	17.4318784314747	15.0297712325072	16.922364925163	15.2432816115629	15.6831745420369	15.7062387187464	14.6908392909347	13.8069629772569	13.7527668584503	16.4209162317709	19.6030821316442	12.8564310596789	11.9810470023166	16.7701926192917	18.2542505633569	17.71710973295	13.971514219674	17.5921125747195	22.4916352206481	11.1145720969337	17.4013415343774	17.5934638862616	21.8171540333077	16.8430431468757	16.8210518434755	15.0880588424015	16.4210691604242	16.9621098669384	18.5141169935913	16.8873261597994	16.3414579415474	14.5371046121226	15.0438171656382	15.5950959652693	15.0602503282244	14.6884936883383	17.2647146954243	15.2885662669858	15.6722232448314	14.6658722471738	16.9306965911822	15.4223547119132	13.4484508353836	16.0202938259526	15.2559639308784	14.8531890430867	19.0821952783021	21.7682967443234	20.3923950858912	20.6292644539238	17.379114879687	14.264339758562	18.3482616739233	19.3898579904844	21.9677001756346	14.1802333850416	12.7683210351269	19.732078276353	13.8695964511655	14.341362877695	17.0389160412226	14.5947737489178	15.5709083304606	14.1072871165554	16.9525889115281	16.970699403457	15.980131549064	16.4877087043269	13.7143191726146	17.1897612618221	13.2556553941807	15.6632044198443	13.3331335773992	17.6167325298086	21.0645400811661	13.6419394096718	15.6931998101366	17.3931136402544	17.5271499133066	19.8757942766076	15.4608799947114	13.6039859856244	15.8254397490995	14.2684748398119	16.9091260060581	15.8744327327565	16.857208485273	14.2182515236301	15.1163686769181	13.3550457658108	16.2774105236438	15.969455219904	14.4211305043213	18.9375142434367	14.5849342644147	13.4734773441111	14.4587425225713	12.200855432009	17.7141614364949	15.9000573634545	15.0108644278564	17.3298950940851	16.5153030834505	20.2177899078457	16.3576995137784	15.5054744510613	16.5505515606662	16.814575761631	16.462640392772	17.7944643107488	19.2615552993003	17.2136429449922	19.6974857600171	12.6228936958268	10.6412474890329	20.0498011554871	15.9870569184451	16.0280097418166	17.6235735163982	15.7022398654507	16.3542118413476	14.5604489246431	20.289368488039	14.2862968096312	21.2154405572956	18.6779261532529	13.3418507164329	16.3891925684241	13.4574691727269	13.2577853955695	16.3427491688989	16.6224271504722	15.5514651390995	16.913826460994	13.3033766285729	18.1586827557375	19.4451868726702	19.8386654206748	19.6667166607729	14.4761359419623	17.6059409425975	14.0941087001695	18.1952871364092	16.4816082048711	15.6279668994669	13.8305618399852	16.5794319383309	13.8239852005249
CZC2875	13.4434828912193	12.8371116495379	14.4412637444014	15.2990314329106	14.6551857597105	16.4965116083867	17.3843856692698	15.2085299681648	15.653704295401	18.5452257732664	14.275173073605	16.3191274215886	20.8167100450898	16.8677964070359	17.9516806618647	19.0581326001289	15.0357683927374	14.8347911496308	12.2556348511227	17.4381268648944	15.4157113324966	16.7043918684731	16.1522143072651	15.4805913209968	16.9524711981676	16.9708241516887	13.2869206370849	16.6175179427721	16.9553078722715	17.1195661122795	14.0435581846198	15.1603475633897	15.9188576330567	18.4300733282047	15.0325062848259	19.2277925776382	20.6997354585576	14.0165477773392	16.4072060773268	15.9501998669929	19.6473152389666	17.6953641630209	15.6771599370423	18.4671852341486	14.8201205972474	18.070486974043	17.9594290285766	17.2191669248427	18.6849967694177	16.6059821910231	17.8007370757028	16.004371525171	16.9611240771251	16.9637980270943	15.4349364187618	14.9360656406339	14.3436356882437	16.8000760074722	19.7910491226789	14.1199632496414	13.2940924628637	18.0646498085956	19.8956906305923	18.9593770330427	14.5585327121703	18.0159239515294	22.8227166592005	12.9587842748275	17.8656379799608	18.2076430071952	22.6756583043044	17.8415050588384	17.4262286095565	15.004609235795	16.1626076023265	17.8047389152378	18.948470623588	15.6105289993025	17.4031669376162	15.5365476286138	15.8489918984743	15.9898971683717	15.036562536706	14.2022578944675	18.1311889663048	15.8608369552453	16.2936928876015	15.1730885288665	17.7262286539683	15.9869885486801	14.0178494167226	16.0487706004846	16.3840316576151	15.4241954591566	19.843549580361	22.2556120977712	20.2699145950602	21.7411996808474	19.1727707474858	14.8362154611737	18.8321713270374	20.4751157612454	22.3349720119269	14.7886241064608	13.5955560296815	20.7787636336135	13.3197288789623	14.7115688792226	17.055340275012	15.615037271234	15.5313922965035	13.1183266578038	15.3479103322984	17.5682113450822	17.4556012353453	16.7604453221038	13.9915439548221	17.4932923064598	13.6779753177717	16.7733795006247	14.0851069894598	18.1251047422635	20.9966057556437	15.5783776690492	16.8517860255773	18.7072433645517	19.5324541953109	21.3197133179164	16.0431406164409	14.593099998574	17.6866430248564	15.1067744663526	17.7110459929304	17.1205097807187	16.8493565846211	14.6803946083912	15.0877828239041	14.4847150835578	15.9207656432687	15.986491451418	15.0469225070228	20.0978900667267	15.1895372613844	14.1570539559123	14.5594782900615	12.6980130719464	18.0091481802067	16.281061758757	15.8219273610041	17.694663380914	17.553806128156	19.9457590480575	18.0760897049461	17.0984357267174	17.3959233451011	17.7579195106397	17.5014521700934	18.1930982079073	19.7577853317322	18.0118814960724	21.07103470779	13.0328277902205	11.8492368165073	15.8526853596378	15.7680520313917	16.3905760763974	18.3660803032959	16.9315234873009	16.5719377883837	14.9836515846506	19.9607318956925	14.3334258632408	21.555476071368	18.6980041754538	14.5003725353212	16.9707027401289	15.0731164215468	13.7987117683929	16.6737159326216	16.7732600552049	16.4052092468579	17.316983073622	14.1505046784241	17.2091784080495	18.9205104291659	19.4695152415581	19.7283346980904	14.725505244878	17.6440892087893	14.4615055038905	17.8332605331977	16.4619424790269	16.1349270803792	15.0918446111392	16.8520290124372	13.7862506209641
CZC2885	12.8961834534729	12.1398451431331	15.1749465203838	15.6328506239446	14.1177033426968	13.6169841122435	17.1995479899198	14.4986201404684	15.3113412873705	18.1506614112619	13.6464155541144	15.8279596176059	20.3976666497782	14.3971407254676	17.3724254427733	17.1246427730005	14.7771070866443	14.6487934384346	12.8082048195334	16.7748541344591	15.3631381415841	17.0377587814983	14.5871837673909	14.9006246430686	16.4049134555382	16.4283894624841	13.3577771490411	15.2576770392808	15.9618307826922	16.6664907041048	14.686806092943	14.9814492059479	15.6420272991239	16.8983894087013	14.6945859510093	18.7801024741174	19.1240246403567	13.7389462007347	16.246028892761	14.808024201587	18.5739971790371	17.4995948225114	12.3633175139861	18.0988739691355	13.3981739954087	17.6356186695358	17.3191401212964	16.791006889975	17.8713168158859	15.6225448432608	17.3249411893297	15.3201754690091	15.9458629578373	15.9238673783639	14.9582101694408	12.0523930904562	14.2938880049796	17.334631562437	19.633004750216	14.1574666485918	13.6580620269487	17.2358818709687	17.6482278092519	17.4729724790514	15.1735066004543	18.0102365945148	22.497459010773	12.4305299890413	17.4592366209009	17.692425169914	21.8784278662505	16.859957849531	16.5483655643874	14.4476808937471	15.3425241046775	17.8039014443846	17.9790891731645	16.8086870828732	17.0239676150759	15.1396171288125	15.2589842732465	16.0060279346796	15.3797534391172	14.4927342861008	17.6924156320199	15.4059984412131	16.1259309467008	14.9213428965627	17.024902646835	15.6221276966786	13.6284021751374	16.3820241060569	14.162379887012	15.7164001625477	17.1071545743952	22.1378762935161	20.2036785199026	21.2380437817915	17.5044433571553	14.2322107290595	18.2931216736821	19.5307356155181	21.6006693601445	15.1778045813163	13.3762010422891	19.4034914066747	13.4163999453165	14.0658165084579	17.0703636486156	13.8587242491366	15.3873098674644	13.8518812858804	15.4247861406236	17.4004592682538	17.187451970503	16.6980134434411	14.413469727057	17.5655541426865	13.5277053559324	16.3606366573014	13.3823105103463	17.7780427066038	20.6528742420232	13.5247414207609	17.1477698344969	17.9759254805839	18.3382227235914	21.1498334754765	15.6893105090624	14.0694497967475	15.9373005901164	15.0217878628878	16.4472417094097	14.9380199995139	16.6794103275363	13.9385587748615	15.1516439985824	14.229696185572	15.7282620724653	16.0774881817592	14.2962563870017	18.7103137281377	14.7300175815763	14.551681180879	14.4399913569479	13.8415718130483	17.5998660035896	15.4906499579658	15.3875738001469	17.2662537356945	16.7473731847677	19.4738145049249	15.2603323310573	15.677826550028	16.7322067924422	17.0800563325728	16.4364608247012	16.8370951036386	19.4060967585467	16.6841725642248	19.9928326607637	12.1632034715506	14.7886696115613	20.0330918889467	15.8937553851168	15.9559833270206	17.8975568063239	15.9740517934352	16.4840924111476	13.877515398605	20.1206583558857	14.0688431664599	21.3097982928794	18.4733710232519	13.9253458493629	16.3777334242321	14.053626085391	13.4167600954818	16.6225233588387	16.6938924308244	15.8750659637687	17.1420836546677	13.4792652381355	17.2663500766369	18.9227376072659	19.8357725143724	19.672713757524	14.3749469543814	17.5312039187423	14.2955230683293	18.3003621843577	16.486908252499	16.1221421787105	13.8962997577125	15.863575845254	14.3428360420677
CZC2893	12.7940733594666	12.2237876840539	14.7099923802071	15.6896089031142	13.8826737164135	13.8659773082583	16.7235904544047	12.3243092187673	15.4457908510813	17.8480920571437	13.3008720707977	15.2476170920075	20.286135555345	14.6376600048103	17.6465252583297	17.2566956153195	14.6956353992399	13.9739525352752	11.4952590430498	16.0807015327802	14.6207119714367	16.823446280115	14.199755510037	14.3366100127269	15.9009161491662	16.093176010054	13.0261036560481	14.9583737789802	15.3067773049794	16.3188568044199	14.7102635198845	14.3159298794979	15.8493770832496	16.7010726228084	15.1076095656549	18.809089283651	19.3414848285099	12.3933564910288	16.798709458407	14.0599276581605	18.6844749547898	17.3915622133066	14.0619415454121	17.6382030421017	12.8950372103856	16.5230343438676	17.2537434239567	16.4015765930068	17.2949992212176	15.1772206740281	17.0578107062157	15.131045809878	15.4169422911052	15.3820457875383	14.8845458165814	12.2669496759595	14.5274476379886	17.2281548688293	19.6062794109643	14.0747077502412	13.600802374189	16.8491817759607	17.6088227770084	17.45914845734	14.3715683494449	17.9477121982426	22.3375742949931	12.3042963133671	17.4060022187259	17.5069126094025	21.903331821376	16.7431424769767	16.7578354007606	15.2589266999337	14.1063359141197	16.5390255543035	18.6671778685243	16.5459047791233	16.8211977559252	15.4202959949994	15.1198688933187	15.7616604279985	14.6294482520707	12.9974917752948	16.6472949179795	15.2241627415868	15.7024376072843	14.7112120972328	16.4836775001849	15.4348700842055	13.7557021507915	16.2272808226857	13.5423817144808	15.285992312132	18.11163237455	21.6002451686113	18.9485938281652	20.8371302251676	17.691463856967	13.9962491166443	17.9482108375438	19.5028725886885	21.7084087596925	14.9229944037391	13.5468142196344	19.6856724302463	13.4953370461954	14.1060220037117	16.6003014018426	14.0002868253229	13.7246859585653	13.9857474003532	15.9134021815356	16.8763696898641	16.2422837490046	16.8824301208416	13.8407830472717	17.4059425251685	12.8778402193552	15.4080624699878	13.2571952103896	17.3956587289838	20.0018849325307	14.1991236831207	17.4654498120175	17.7891485230859	18.2299976488469	20.8957008340371	15.0288322482522	14.3718598452621	16.4489865745604	15.0346284246565	16.6147393531887	15.345703939547	15.8537707508503	13.8419689618467	14.9143066847331	14.1719937748245	15.8119414987752	15.6300626236997	11.6112090815448	19.5110412598637	15.1381669344752	13.8180232894088	13.632304060766	12.2713587171822	17.5803311698842	14.7710743496985	14.6343765941002	16.3528990524507	16.5054063749509	19.2101656107965	15.2326252694139	15.9788711377472	16.6681772157186	17.2539845793571	17.2932341300559	17.1592222861318	19.3507878908648	16.8541404084463	20.3245055268111	12.3512026384542	14.6707948684458	20.3569624476552	15.546246699893	15.1127420490391	17.6859856840232	16.1143209033544	16.4172056467391	14.3630253611389	19.5616638482179	13.1344073856776	21.4072317513771	19.0103355733037	12.8813325544486	16.0415915806991	13.2396696471592	13.1214331472744	16.3235293501061	16.1045848879593	15.6537131883513	17.0027865774844	13.7856279344293	16.6224646591702	18.3765417271079	19.289321737724	19.7581956115959	13.623888644497	17.506668015956	12.7873817146457	17.0010636426476	16.2676392315258	15.7910981295486	14.5348236988631	16.59183098622	9.96142786139426
CZC2918	13.7144358546338	12.8312660350185	14.6571913294328	15.19136265669	14.3399566186065	13.8283402019902	17.4543375404463	14.95328792811	16.0207567692391	18.5638481680432	14.1357126456346	16.3229854019484	20.7960129471188	14.2705499494067	17.804804282129	16.9697022822454	14.7967059600602	14.9842049946866	12.6390437730158	15.6010858144733	15.4039205557521	17.2028885096533	15.2645775475757	15.3095481155772	14.7984690224705	17.0074783490578	13.353796691413	14.3694796808802	15.7197971868992	16.9528526516022	15.4126166910003	14.8228685360261	16.2746041061902	16.8889090336921	15.0723731560542	19.3182732684261	18.5992760142562	13.5959633222729	16.2681163139951	13.2960790122523	18.8414746356451	16.8587245309734	14.3908523360552	18.4016482283261	13.5010787429871	17.4482493743343	18.2260510210507	17.0226098108196	17.5700754309021	15.0677690249344	17.7978270214432	14.2974382447252	15.8068043244713	15.4663018606629	15.386148712487	12.1915326259109	14.6042868024796	17.454514041234	19.753822803538	14.0110330559882	13.5638421860527	17.8037628281418	17.6046888824205	17.4212790830781	14.86529387611	17.9789433553483	22.489926340909	13.2008821718348	17.9720784400313	18.26816857866	21.8594873991089	16.5704659916776	17.0895048944192	14.473785645681	15.3184304557637	16.127711764581	19.1941256750443	17.4652450665145	17.3643864313859	15.6114301860524	15.806333072031	16.2029969200687	15.8865745415689	14.7594977352803	17.386483534772	15.3465008027885	16.7662851583144	15.2327332454779	17.0222399470492	16.1288306995825	13.9034141062674	16.2466241538484	15.284213367416	15.7464825875254	19.4368467303486	21.7564132680042	20.5685354956145	21.0139216215303	17.6528465354952	14.6273973351969	18.7599611817403	19.1069543701691	22.0525464985783	14.6829192565492	13.246970639238	19.9724152772328	14.0458981159913	14.485198893904	16.9844658733234	14.8850820629494	14.7120622803026	14.5052817813882	14.907388835656	17.5273745899782	15.4843033230108	17.0600131447256	14.8045027205907	18.118360671217	13.5634642493814	16.2884715988885	13.8812035608687	18.2219423917341	20.3440233626904	13.3632974452337	17.5443738327889	18.2019272427514	18.1886494840806	21.028050171193	15.5781740663532	13.9059717193492	16.3985217289879	14.6693413723467	16.9160151321115	15.0553096586159	16.3586645213035	14.7190348772706	15.2392984819563	14.478387446699	16.6773486365175	16.0325171975704	14.9543773873812	18.220872906399	15.5341979568967	14.6046492325449	14.4571180390446	13.2442751681424	18.0852529645558	15.5966668223733	14.9296328108747	16.999962013132	16.2202056675634	19.2180046361005	12.484053012259	15.1920010763336	16.0595848551679	17.1297800504243	16.87976146057	17.5474548724534	19.1733080714318	16.5094440968691	19.685553288952	13.2652100314216	14.08927630549	19.5095108412844	15.6015598993987	15.4974849540821	17.4871639477111	15.5603717047862	15.8537120944623	13.9916955729741	19.7550429108422	14.5458445101008	21.1429630754444	18.2616615554459	14.5778952408866	17.0564161849952	14.3960241547781	14.1571759340074	16.5664739741001	16.5452828260656	15.8435933710105	16.9269646202641	13.4876230755871	16.6508184651261	19.079117749092	19.7217352339482	19.7721979393826	14.8320391692909	17.5062838371589	14.4308903565827	17.2230089117421	16.6573283327981	16.0428738197554	14.5247734279004	16.5441248036005	14.0337931025056
CZC2922	13.1755036671853	12.8579604044021	15.1095037132238	15.0171280701661	13.7281014816118	14.3303075103554	16.53743644756	13.9820367022915	15.3992981045587	17.6045243892079	13.4144635880938	15.2512056649059	20.193901772923	14.3627701686433	17.325866149805	16.9127057285695	14.6830570583541	14.0032174477865	12.2140283423833	15.4521446490843	14.325167008914	16.6305485469983	13.8982605487145	14.2910528019767	14.784979790208	16.0734721586428	12.6580318422553	14.0163804549481	15.3850333022951	16.2730208599033	14.4650893281375	14.3286782449578	15.394010026655	16.8578333444182	14.5464326546126	18.3577558830445	18.2825671184013	12.4970539432979	15.603046782502	13.5166631166582	18.2307994455017	17.3592952512321	14.1435136920504	17.9699576270579	12.6136411183484	17.2178189815241	17.6848300470028	16.3308129137375	17.331889960612	13.959055042715	17.0821950506348	14.3366475200857	14.9942599772326	14.3713350938918	14.5086890980325	12.8754378627079	14.3204627872683	16.9773870280126	19.6153122755256	13.5071183858198	12.7964060381	17.3854885783728	17.0983449364464	17.7734673302262	14.509921207511	17.3639420242902	22.2852198840012	11.8860560873959	17.2948659906036	17.5465494632445	21.4729014018155	16.3559586993833	16.6494651466426	14.5057519929316	15.3746028684926	15.1726869285184	18.7663786507624	17.0053011530698	16.9295629122734	15.1580562065771	14.9341915274221	15.5568359230688	14.9320087826934	14.774919502862	16.5316552778761	14.7807395291394	15.8736726064231	14.382194858144	16.7604843709237	15.2469131384444	13.3738481633069	15.678905417438	15.2258514849825	15.1508421366505	19.3802589860316	21.4560162839191	20.325629747735	20.5845281058028	17.7046957457908	14.3212166862477	18.0630750010976	19.0834363879338	21.7349965245673	14.7164661322663	13.1296322857622	19.5517285620438	14.0456551367933	14.5509381142095	16.4775069315109	15.0033254689783	14.4423246283412	14.3880136439392	15.9157699643535	16.953211737626	14.855298299563	16.612783983007	13.5117729648114	16.5905275433353	12.5760622618996	15.3349835769426	13.4284441855398	17.3675560763423	19.5056777137326	13.2182981946275	17.5908052596889	17.8383131138427	17.9120606819791	20.9659906671395	14.5029423366871	14.4124039080716	16.3479862727152	14.5029423366871	17.6169563477188	16.0634197207457	16.0521192202574	14.373615252201	13.4034942263261	13.8838135679515	16.0871784026095	15.4868233993843	14.5605705421763	18.7674397887581	15.1443037321219	14.046242595746	14.320243212435	12.6182085519726	18.1229606790052	15.6749006772991	15.417926351128	16.5909817101336	16.7024935058802	18.9171797147738	15.3410451271188	14.7671270351354	16.59820409108	17.0553260403275	17.0229425476207	18.3449708618103	19.7789354942898	17.3490151761942	19.6349566354205	12.3021248177173	13.7895454944014	19.8173158943401	16.0693389651835	16.6026065410516	17.7382254164777	15.2849013243965	16.2460696837749	13.4603776363549	20.5914057687094	13.2766493115129	21.0935115150137	18.2804009231363	13.6664827045597	16.2563430652755	13.403586209053	13.40336380042	16.2532470838587	17.1151325354614	15.0483604299705	16.9262858487504	12.7722442510563	18.5867573633597	19.8659071168793	20.1412182251296	19.5945592726515	13.8228843585508	17.6955236058688	14.4767732111143	16.6747837992502	16.7428350648955	16.4397663475449	14.358084441476	15.8756713032055	14.3356476130851
CZC2944	13.6189655842955	12.9498118849195	15.3446530978244	15.5998568231692	13.4850354738413	13.9556082691802	16.7917251487016	14.6273755247207	14.7934248707878	17.7495861724821	13.709666975315	15.3674553872923	20.2622601098505	14.2906714363348	17.0529653861198	16.8520192061179	14.7149290869634	14.3391543621116	11.8743819824439	16.0481682927246	14.5732959900011	16.7247484290561	14.255086845197	14.55627957475	14.8574720531079	16.3886319264774	12.4675073068967	14.7724816671634	15.821020040786	16.5385979608487	14.8845771018823	14.6049709928084	15.2407076857844	17.058418558846	13.8539586496455	18.345934467649	18.5254604864941	13.3104496893551	15.0209505756061	14.2230455051435	18.3392432232876	17.3872551649585	13.9873349501354	17.9241195114578	13.478452764318	17.7281339930984	15.4249013586886	16.4652659430602	17.6421534855832	15.1711651656628	17.2448557912818	14.1358761316194	15.5299912765319	15.5926527680273	14.6814447035502	12.0221971301678	13.9967518431416	16.3204833779324	19.6740555575181	12.6168054058318	12.0089763425315	17.8017995418482	17.2137182559727	17.6425466446763	13.4790592914632	17.799778799616	22.3908959330518	12.2818591995411	17.0330059600873	17.2588072067267	21.4901783253145	16.4089209330968	16.4326050030499	14.0534200888344	14.152192491169	16.1444510510827	18.6363554640568	17.392780177261	16.8407681409659	14.8598566128753	15.1049844710737	15.6860424064942	14.9381971197976	14.7703241187579	17.6424019549667	15.4613764955106	16.1701802567764	14.474366277223	16.9226124808632	15.2455188562244	13.5526418718176	15.2822198813854	15.1168660000692	14.8186156651912	19.1650839953571	21.5329310404826	20.2588205177153	20.8285726921645	17.3130812746869	14.2501182658562	18.0833150497368	18.9385522502868	21.8241402580625	12.8266783293345	12.3661698316482	19.2087712365743	13.6375579319185	11.9729240325901	16.2593966127831	14.7669278491391	14.8735860496339	14.7165005084267	15.3698697550738	17.0633119317959	15.6475947280026	16.4654684323244	13.3249037956087	17.1496662180507	12.4706200590388	15.7694503465765	13.3445886217637	17.4052982447513	19.6931190176332	13.5869606465868	17.5352561528268	17.8873366094853	18.3294696641068	20.9064141085841	14.9469575019988	13.2063847892498	15.6041538390843	13.8540379423592	17.6721146558279	15.7613004260718	16.1991814458118	13.7937543201552	14.4832813590811	13.9830783910207	16.12498579133	15.4568397851677	14.477658399112	18.651361094905	15.3848870929939	13.6806275968395	14.3144688877227	12.6466304602073	18.1004225351428	15.3746922037958	15.7279393555696	16.7149670681381	16.9320827807165	18.9516002943475	15.0234163485503	15.4397364401924	16.6378168356418	16.7607840987872	16.6377927190362	18.5715665177697	19.8804871562003	17.0989187113259	19.9462246779477	12.4926182260446	14.2780468528119	19.6775064679828	16.2695718587142	16.5265251535709	18.0865776073762	15.7622677035025	16.3035400582416	13.6311649517236	21.000197063093	13.6177561865811	21.3524755066592	18.1913062169913	14.0321387471276	16.5420896480514	13.949184830631	13.5311853933208	17.1187884669096	17.3627465413382	16.0734634771234	17.3321065493158	13.3235719373732	19.1704598746835	20.3182008929119	20.5771662352526	20.2090104868874	14.2578018222535	17.7903199491244	14.9958252037102	17.104211442195	17.3412633288179	16.4691131519031	14.3979213403357	16.7823305846048	14.5192034668456
CZC2971	12.9072006467009	13.4397121886509	14.5311826780421	14.5814731837247	14.4822233468795	14.9076749384799	17.1899539192442	14.8371260097756	15.9254464574423	18.167662054629	13.8993429869487	15.9250962983475	20.4546392186088	14.4375849415626	17.7454258933103	17.011351092844	14.6803826675977	14.51712382685	13.2982521796598	15.7714664235638	15.0025582245013	15.7824395223304	14.3609981918841	15.2261520881133	14.5951507400972	16.7100595639983	12.952811495988	15.1772538627117	15.6925336838081	16.5824505599313	14.8177895798864	14.9568496204682	16.3947290082812	17.5344524699882	15.1965251408024	18.3688201759587	17.7429597192656	13.775343180802	15.3078892984145	14.1555220269643	18.3380021318748	17.3776295434953	13.680471907025	18.7153363137034	14.1459472034229	17.6487636438137	18.4533713854054	17.004538928807	17.0583362517546	13.3873824459896	17.5512333929704	14.6134660659542	15.3593294297098	15.1060635416525	15.539481800722	12.1567584057321	14.4299065431978	17.0752056218929	19.6736707423888	13.4493022961547	12.8181681439688	15.5138771798641	17.7228877028758	17.0560726365586	15.561783287528	17.1242237402087	22.4862007816267	13.276291668505	17.1495802853969	18.1827265855594	21.210945783021	16.3584413437836	16.6530516690069	14.8075104769915	14.947730949734	15.4850062942505	19.0217683566398	17.6141635077257	16.7565050590899	13.3421008128865	15.4846022461315	17.0122274036705	14.6919606715276	14.8190739405264	17.6647011891581	15.9887082921809	16.9280212809691	15.4550265488606	16.4986963614386	16.0865878826887	14.0271433264812	15.9346077113643	15.0224147088926	15.7251901691529	19.6309668028821	21.2376307181453	20.9272720136828	20.2336344309157	16.746281474865	14.7724064396016	18.7844223742429	19.4123616400777	21.9402265454112	14.2641280158445	13.2491087992475	19.3643271208597	14.0423201586999	14.5937303689003	16.805374790191	14.2480166222338	14.3391108785221	14.5931247002748	15.8259220821548	17.2393150046646	14.6504062641616	17.2178619325204	14.5919617344115	17.7378704527895	13.005473388513	15.6223600402575	13.4853793558422	17.8301839539966	19.5201614877375	12.7243533230977	16.9863644768771	17.1536530348967	17.7453264393534	20.3699108358935	14.8736216416259	14.6704259648899	15.2408378285457	14.1674214113234	16.8653584369864	14.4171782600558	16.2292116472163	14.485130403609	15.4458569285871	14.3668297216112	16.388084265292	15.959949652598	14.5853303112055	17.5051584797313	15.5079933811009	14.4910413974517	13.8795366747201	12.7762372734367	18.1210298287449	15.3187589476536	14.0285837368606	16.4711482505222	15.3280916802486	18.3161402554248	15.4126397886225	14.6787626703093	15.1597766720734	15.722600159755	16.1378617040563	17.1243959292503	18.4095703581616	15.6851429681621	18.3166479364998	12.5834924766693	13.2952651163615	18.7791458434061	15.4027152599427	15.4665174937271	16.5757975127896	14.8417274398677	15.3385500833829	12.4159932817601	19.7364053675925	13.8294245025201	20.3365954262849	18.1265677933922	13.910943631126	16.4834393815568	13.141109754123	13.725318486689	15.9902277636255	16.2591596062163	15.281861577045	16.3007788681786	13.138820583642	17.9982637720188	19.2233620683047	19.9786042687175	19.5662475119987	14.0137370414999	17.5545239327642	14.3789156778756	16.1816342141796	16.8950508732619	15.3745696182021	13.9193672223043	16.1976330306675	14.215803920957
CZC3011	13.6742093106169	12.6307123393132	14.6176067761782	15.2344926833929	13.7378586970791	14.2155592577812	16.7182767663292	14.5168905532113	15.5527667519384	17.8507302611009	13.6349410449648	15.6157173768246	20.2816824102943	14.4767950528101	17.3891031267885	17.0877508547902	14.8355607609081	14.0628819403137	11.6030700725124	15.5070097658751	15.0958964997434	16.967185993318	14.5737308712628	15.5818858423043	14.9645423798018	16.3825605245239	12.6799733824277	14.9069157309881	15.3843503918487	16.6384684387721	14.312090152008	14.5683971517179	15.869236414825	16.8602418824408	14.922412103947	18.7426482777021	18.7692478807731	13.5781492199836	15.754034764979	14.2193683630527	18.6100474196806	17.3995507297214	14.6757642356984	18.0903884853683	13.2370650607894	16.6482588845048	18.1755348094771	16.7221817810187	17.1577651892751	15.0159225496149	17.350332311095	14.8125140492848	15.5018878331514	15.7159148712841	14.9643881993188	13.5029033259018	14.2128180994168	17.3986180192753	19.4792964619276	13.7460377985638	13.3726636020212	16.8451917292898	17.7982691167003	17.4789945018444	14.5188903617074	17.7192844421552	22.397869544678	12.7243678807573	17.3176904880556	17.4368344209588	21.7956341052382	16.9858353649653	16.9811453988231	14.371259217617	16.1224460123988	16.2388049582359	19.1458410057496	17.4769005726802	16.8142338240372	15.6252810050179	15.2966822127068	16.05039563762	13.6867658107095	14.6643400334015	17.1204364841447	15.5784931705999	16.3589920533493	14.8362247092787	16.7645815008989	15.8230287278969	13.1964594480587	16.2263398123106	14.2485282779712	15.1486141400845	19.1943893011923	21.7868227015876	20.2916766962499	20.4011653646553	17.5066537930415	14.3488196412061	18.1057178970636	19.2941716454277	21.7373630774744	14.1899643921377	11.810317437889	17.5951987599409	13.9648228157688	14.9514406873307	17.0602923542248	14.9593685177715	14.5902069706658	14.5833015242114	16.9349038110542	17.2508605872527	15.9529287158804	16.7237869273774	13.8949786140957	15.8762581461869	13.1526626601798	15.5385529976575	13.5657758655006	17.3878002040862	20.4393569648791	14.1368618311503	17.4983574144963	17.37917917202	18.2020068917586	20.9520177638799	15.2504259560953	11.0700093251944	15.9013825680432	14.2999886240434	17.2393788422956	15.9479464022403	16.7210999858673	14.4403708297512	15.508824262041	14.1172509184829	15.0095191457586	16.4563162376102	14.6802224881712	19.2180659269879	15.2357191962455	14.2527638538781	13.9750978682125	11.8238103803686	18.3086950891121	15.6388984158117	15.3856385874776	16.9140804805226	16.6402331408418	19.3294126441023	16.4924738288319	15.8554026701995	16.604972151817	16.484139866572	16.3567470925309	17.7198374332108	19.3886749115346	17.1777965108265	20.1411049720937	12.4288000638731	14.6759330943205	20.0923699412924	14.6636591283951	13.7287684972876	17.9528775412714	16.3317754943192	16.5905457245921	13.5575528200722	18.8135479662113	14.1768812298953	21.504930857419	19.1762789536663	13.5952513895653	16.8306415929579	14.0992529575863	13.7082467589891	16.904236077485	16.9964564933917	16.296649130792	17.372942011399	14.1766045154645	18.3872550186396	19.66728279836	19.9867491342549	20.0387988857546	14.6823670911033	18.4305247127136	14.8219314934283	18.7434345133677	17.0887090104732	16.6313650265291	15.4214300054537	16.5512371881658	14.6059468113004
CZC3013	13.2662374530108	12.6952916107778	14.9535373362021	15.423679655393	14.2111684925718	14.4828582104289	17.0409299497248	14.9330628163256	15.6186434958944	17.0145365956803	13.8170016207774	15.951722024004	20.4644020771074	14.662787868426	17.7440820678478	17.3970136139495	14.8180703195231	14.8556770942924	11.9136168194931	16.6683078548901	15.2931242038047	17.0412003306715	14.9226361603223	15.0003925753356	15.6255407991172	16.7167521006739	13.2147354023286	15.7865807647655	16.037362186609	16.7125503847924	14.3212439866842	15.0178881950872	15.8942590557947	17.1184396453458	15.0192684803047	18.8978222534359	19.2350175697464	12.1733774044175	15.9590076191943	15.0344087073113	18.7117544949044	17.538948703965	14.2051301049727	18.3159275287392	14.0095474193068	17.4856895164368	18.0108908721204	17.1972232197323	17.9508153369935	15.4162274498056	17.5961622920252	14.9715396144294	16.2057305739194	16.1927514249698	15.029625661152	13.2342839374825	14.3715453509267	16.9221298101593	19.6596711575799	13.8555464406996	13.1501699352649	17.6281107736089	18.55944371883	17.6865444053178	14.6731010582198	18.2618576057732	22.5358754942278	13.3851255969849	17.5604647612573	17.7539308657829	22.0874194616871	17.1648088803969	16.9126109349941	15.947216068993	15.9815430096978	17.4692822888735	18.7169397196362	17.3495481862979	16.9548772868962	15.3910747053022	15.7444785145932	16.1968966963959	15.5378414836712	14.5864363421243	17.8183808065483	14.368786394815	16.3762698338975	15.3772590720639	17.3784377726862	15.9142222153282	13.5140098724844	16.287008436474	15.6598879379298	14.0795818922509	19.5403347660904	21.5845676265626	20.85534677492	20.9072582321122	17.8169473426348	13.8497515544221	18.485717524688	19.6216867927078	22.0124746108335	14.3625187320295	13.0180031337521	20.2324248353524	13.4285908081502	14.3293246212933	17.1144566283422	14.4697563760131	15.3167232732336	14.0984648583433	16.5455992913989	17.2740131530426	16.8293999969608	16.6958455820469	13.8473112714573	17.3209153889587	13.9307629284091	16.2650247944324	13.2138776571599	17.910356896942	20.6581630561643	14.0791921420774	17.5776088773614	18.0849567545644	18.6230507605683	20.7573380819532	15.6245404939213	13.9298773016237	16.3703027378121	14.5836004826945	16.9134024963143	15.7010196223419	16.8701541384486	13.9557972478528	15.3362109639951	14.1708210045998	16.0925495198847	16.0182308038567	14.2785946164788	18.8720220694109	15.1303502062689	14.2038813838166	14.1873133712898	12.910934454605	17.9019331559577	15.7073894755699	15.4029129205732	17.5546464740407	16.6564572541862	19.5730458630014	14.961247447378	15.9574894672308	16.490371230394	16.6813682007829	16.5019673484345	17.8002875695763	19.2791805528654	17.1000643926312	19.9607181118121	12.8651285202053	14.6526506918833	19.8353902419273	15.9137651097346	15.9275376500323	17.7896968282785	16.1600445440498	16.3617978785936	14.2909389167225	20.2395044389141	13.7753344628269	21.2533856081664	18.5819468906954	12.9085892261069	16.4507377928363	14.1068423931716	13.3491520098113	16.7744788053169	16.8662388352839	16.1794337217389	17.2242266435323	13.8055702301001	18.0150845295501	19.3783650312627	19.8526717695398	19.7788647446173	14.5254156535218	17.8068001953509	13.954700586393	18.1933344851218	16.7496100185854	16.3869135283037	14.5024511569832	16.7370182276403	14.3863652114405
CZC3059	13.1526751605506	12.6798486722038	14.4345864698508	15.0100113706786	14.3934171177529	14.7500944455142	17.2743391718368	15.038950982007	15.0330615884253	18.0910167404862	13.9393078989293	16.2613070076922	20.3919431980577	13.4853148508366	17.7067833962461	17.6543822360005	14.7532085388442	14.8351939523828	12.6767082272394	15.8565528490281	15.4737944811988	17.1695041549414	14.7200802063358	14.9145092479698	15.0737031899787	16.8514390600478	13.3798904360483	15.8550667098623	16.3805561138755	16.5561575781042	15.3464246844123	14.9871026394644	15.2293955464192	17.3594319784851	14.3914111823745	18.7100713003639	18.7938873546592	13.6627695460881	15.8722725755058	14.9897468539049	18.6859747203121	17.5160279352253	14.1872153768325	18.0562934275496	14.2442760116974	17.7923554681856	17.6505086501765	17.0461715398572	17.9242745937518	15.8285664667121	17.4049622102419	14.4428086944932	16.26696164454	16.2506775777328	15.1263382086096	13.8418761401164	13.9190508716591	16.5039236271552	19.65614915574	13.2246823631359	12.7724399074584	17.2751102225034	18.1984988925565	17.4842084693326	14.9938366722301	18.056283768438	22.4452595089145	13.2275885380221	17.2473070685017	17.6603446740365	21.7770806692682	16.849412785606	16.759567290926	15.5299647290866	15.5315043303874	16.8202342656482	18.5248644022852	17.1471552600476	16.8608699068084	15.0880678912567	15.4511935510425	16.0171151974743	15.3689886269036	14.6651942760709	17.9301402727152	15.5717609465478	16.0848550562163	15.2540568631827	17.097836531908	15.82627699503	13.3965827310164	15.7895410492372	15.1033285636817	15.5985106884514	19.2227496944199	21.6863529806909	20.5950918461824	20.7584271323783	17.6628004411346	14.3534802259346	18.2192591426643	19.5935425072622	21.8027758778753	14.4182819188666	12.9895496942505	19.7164651743652	12.9540085519081	13.8226875794208	16.8047828421452	12.7161219615473	15.6020207188158	13.6113031054326	16.1902073344245	17.1276670409138	16.0312113411317	16.5595445537909	13.7165452168494	17.3699265137495	13.4032351889829	16.3405102902807	13.7467334475921	17.8005043473641	20.5111928216183	14.1176127834461	17.8107497933131	17.7757373825524	17.8486658209384	20.9338358305464	15.4703096323489	13.6797682005575	16.1789177281027	13.9283244581136	16.891659008828	15.555102866709	16.4089816035007	14.3900149319332	14.900368910405	13.8174017205884	15.7696085782979	15.9094416852466	14.8823743833285	18.7288494428078	14.5200060709256	14.3963665008023	14.5158887814035	12.8547165065084	18.1660741413935	15.5940552323081	15.0771797390022	17.2234236880881	16.6315731862964	19.2875757260671	15.3852494363719	16.0429315879215	16.5551235939637	13.9468021760404	16.2299793526005	17.4543989142015	19.0032042594171	16.7677265653932	19.7068070596221	12.6118690270946	14.8458265599739	19.6449111864531	15.5571069279287	15.5032194446788	17.8076887121904	16.1974250759986	16.3294948586604	13.8084104366521	19.7719917512182	14.1889032301992	21.1477113383306	18.3126846685896	13.7036265305084	16.2775179283242	13.8726245787078	13.4476223015997	16.7866312438453	16.7223710934933	16.4213504983631	17.2861535646495	13.9663682300739	17.3052340846643	18.8167782494216	19.6921075321649	19.8568351345887	14.1952282389775	17.5012674782899	14.3242047604649	17.3789884962657	16.5367852040216	15.7797852754545	14.367490749358	16.5468645709715	14.0894908026397
CZC3066	13.1428097729275	13.1313421903481	14.5630117722914	14.9343329605025	14.5180722932017	15.096318463274	17.444535329954	14.7499718342469	16.0822087085948	18.389847281082	14.2314743336902	16.1755604264203	20.8337981723589	15.5282789375413	18.1146682490029	18.2469552573749	14.8864462726207	14.6876678610667	12.9101501669231	16.3639015703349	15.3871174598809	17.1038784266189	14.8155655005521	15.6565567515474	15.7361997740497	16.8451628443069	13.503294172772	15.7107394403425	16.4210135534494	17.1760816870586	14.649702438249	14.9853999015183	16.1468567662001	17.7107080048382	14.8995272143974	19.0844452214094	19.3801262710901	13.7261939940353	16.26765813079	15.309328980064	19.2826103609071	17.479012299992	14.3076721115319	18.9144403167632	13.9596298610657	17.6663141283096	18.3916443330907	17.4073340105135	17.8578306994683	15.5139214358647	17.573979426498	14.7578484928495	16.2498652244906	16.2387566719059	15.24536870019	13.6204137455474	14.6395944370897	17.5044126143228	19.5689163102894	14.0916215911517	13.7560492401223	17.2793063020602	18.6089829136753	17.8477282062962	15.3542278176567	18.0870543126832	22.6147475587584	13.4789882024871	17.5338760359433	18.1804995235945	22.0425024698562	17.064726574079	17.2979050474928	13.0713063062718	16.1557412068949	17.0644809820917	18.1977065649189	17.4474806028517	17.4903885672273	15.7897289546894	16.1181428748433	16.8790134620396	15.3319480100173	14.519809520613	17.5447038196533	15.9713496444302	15.4975531240205	15.7230365013249	17.2152533969586	16.1238147188685	14.2513122770692	15.3202240761502	15.2364699262785	15.7898619586818	19.399649957663	21.9873037118398	20.655337563217	21.0847286933174	18.064702642591	14.5587392152573	18.7323172717454	19.8542081675879	22.0205722871106	15.2038668865174	13.8445983726095	19.8680360799082	14.3508871033073	14.4899747839605	17.3717961521183	15.5392770290582	15.4076393511854	14.8059061979589	15.3453418015294	17.651918601469	16.1172431899166	17.2453606282347	13.7669160426993	17.6811734903184	13.6943663453135	16.1954580319172	13.8452218806128	18.2010120985284	20.7790928888061	14.5715264081104	16.6284950406995	18.0612311181417	18.9085294527817	21.0351995647812	15.844207504825	13.3745181513181	16.5928764992257	15.0546270021948	17.6043106960191	16.3452030072077	17.0118388641023	14.8026386911871	15.6035061721016	14.575775705342	16.3049179998084	16.2035326288986	14.7820834037353	19.4679382366926	15.6391520020783	14.4313824415349	14.5797091395846	12.8817738875851	18.2229840068445	15.9158670884289	15.7139127883719	17.4813340915326	17.1557618847809	19.8175106233332	17.2622669084674	16.3883108231634	16.9798414226631	17.5306051494296	17.2605594129583	18.1553320520383	19.8097259939057	17.3727915854991	20.2405921647828	12.7509634986359	15.1667367496746	20.0559456460108	15.8351451299747	16.2650166693641	18.0144453797231	16.2786363663802	16.4383378407399	14.4580528592299	20.016076837273	14.1639655642925	21.2763993079905	18.3514193944641	13.9215344315516	16.662363764127	13.7742734183249	13.7220158890922	16.609214720017	16.8308311039793	16.0331745439043	17.1103922631329	13.5398184680625	17.4880633281652	19.0261522320049	19.5285168940481	19.3923606789357	14.3295068803485	17.6778753155874	14.451251240208	17.8547846417385	16.4054223827841	16.1090176761479	14.621977934063	16.6752360570912	13.7225720942665
CZC3068	13.860668137996	12.6919831153128	14.2975904775249	14.8181989259276	14.1952830972758	14.5855738967087	17.0654220388428	15.0834980887088	15.525344881552	18.1133821624033	13.6716283949808	15.9509633757384	20.4603334500579	15.1778963599498	17.5053199812728	17.5226843384897	14.7562330367966	14.6451698633494	11.751491867919	15.5151580833082	15.395470608865	16.8836209156352	15.1102468863386	15.1501757330282	14.7727557626231	16.7841924455384	12.9119946869723	15.9483595538949	16.3075353874594	16.8562839133194	14.9282451767726	14.9772868570002	15.7723670254465	17.0909558012264	14.8613920064884	18.7276136937202	19.4327794284487	14.0399368909621	15.8138659989816	15.0807445969551	18.9270441251057	17.4932605264753	13.0119228558941	18.3514928373402	14.3397552533026	17.7206367962745	17.5758753772205	17.1393699979122	18.0712213170181	16.0129748753383	17.7052716438826	14.3514540041988	16.4140907338925	16.4261894350297	15.2526993560512	13.0102505212534	14.3793488989328	16.8549053747374	19.6711035724548	14.07963722541	13.4134589485847	18.1923078758131	17.6745368436309	17.759987602427	15.1861487049184	18.5810281503496	22.5233927877877	13.2141726520033	17.3092457277809	17.4385044998887	22.0400305295832	17.0357474737279	16.7826474422304	14.5466757999356	15.2623982458227	16.3570981804594	18.8654878783679	17.056926488441	17.0335299982398	15.099348289454	15.7852077271064	16.1694546366881	14.9434625530295	14.6451542002335	18.1084758689883	15.7818508905824	16.167656981512	15.2956376618794	17.2749100709926	15.9329028833407	13.8793699676203	14.4270731156686	15.2343244198089	15.7203571001289	19.2481187117238	21.7843197798027	20.5584095738939	20.9783137505339	17.836662504607	14.3499414234447	18.2283781669631	19.8320718672027	21.9629949737482	14.2075298894003	13.3607327953899	19.9582178836212	13.6169434146841	14.291941677815	16.816307137247	14.3006408421822	15.2679132573357	14.308245202125	15.7794667905348	17.2211802197232	15.7932428091713	16.7863389163301	13.9262064734294	17.5589802243543	13.3185113106336	16.5293281198225	13.756000732675	17.6234960801411	20.4402917900625	13.4922428355735	17.686848319938	18.4496835761372	18.2771596288177	20.9885782958301	15.4401063951957	13.5520324779345	16.3748974713707	14.1923209504747	16.3834247475028	15.0141607250554	16.5045795088678	14.3866148408379	15.0670018359182	14.2069649987853	16.2794863791262	15.9807845856189	14.8463932565123	18.2960428072801	15.3034616532034	14.2786515682144	14.2636713358464	13.0687970496326	18.2056027889648	15.8481884526073	14.9353656618501	17.3335649771974	16.1373815280955	19.2335179890771	15.6616259235814	15.500721658724	15.9934082250863	17.4296583844919	16.8156773579556	17.1902950430206	18.9569511615446	16.1432208021855	19.5715349013691	12.9950456726882	14.2682282239691	19.405023031775	15.3796704529548	15.5839042733937	17.4325808730049	15.8595974399164	15.9066788690224	13.8670574702381	19.3907160657727	14.3697839860166	20.9580697097115	18.2087817528181	14.4012499168983	17.0467055208947	14.8384979945979	14.230545476352	16.5850022405739	16.5360484463243	16.1295074628326	16.9528397236907	13.6417216694364	16.9872798200505	18.6100784009929	19.3622815293707	19.5222899131513	14.9130178860549	17.4435626015765	14.3435827297433	17.2090396687791	16.2791692953846	16.0072655826424	14.6016065948701	16.3730148410492	13.9588491183481
CZC3079	12.8874405242137	12.6621138233985	14.4586939131589	15.1709170055429	13.7530964779095	13.6684332168731	16.9616051521372	14.4841872191818	15.8023344241446	17.9522861095	13.2406598547381	15.4496063422877	20.4325926339204	14.346671300757	17.4949818013314	17.1182688363759	14.8153246112958	14.4739863821767	12.1390220196981	16.4373472506042	14.6852196021685	16.8434559719629	14.8498841081111	15.1073152323833	15.8330041595187	16.750990524759	12.9632782923323	14.7079673682474	15.9040761380979	16.7176344943579	14.6898245042202	14.9520282875019	15.835811248706	16.8770817327326	14.9408548348672	18.8829309806827	18.7047049106668	13.5230735280657	16.0577735787066	14.1070209928759	18.8638095382917	17.5000052397491	12.8655888541837	18.3472937502927	13.3258225999992	17.4347107616049	18.1831352749724	16.9370422309887	17.5206990205043	14.9188411857426	17.7464635955784	14.7123668024664	15.5629718808371	15.5869008296555	15.0237338740526	10.9180643556722	14.5080377118474	17.6200999214035	19.6935020336621	13.5305923162113	13.2396197862394	17.6051679423624	17.5727611253803	17.0132015370483	15.2510615054142	17.862935892099	22.4942325030159	13.0985351628093	17.6056868661611	17.6522445008567	21.8058823119998	16.5160870725164	16.57324269311	15.0293556076195	15.1216945611016	17.1741927558728	19.437245167907	12.4243254321283	17.3858491741122	15.5789589182793	15.6074238235317	16.0775885095749	15.2106724178466	14.6788306100578	17.5698950698749	15.7062093082294	16.191658195036	15.1468186960639	16.8043082236081	15.4636471024834	13.6493754869241	16.1061490992314	15.1419027104208	15.6227652627139	18.7004156166511	21.9082297003158	19.9833002674998	20.9798319600171	17.2649462506005	14.4735374660617	18.264304806291	19.6673103106781	21.6972696402318	14.5092894969229	13.2515761503505	19.2961283144156	14.2901352225111	14.7608661674008	17.0776219728783	13.4944091787794	14.7325527442258	14.7317631711119	15.8614758698769	17.4403840525712	16.3774964918974	16.9892041809922	14.1723907827315	17.8346164221055	12.9096015638739	15.9495060346606	13.7030436397573	17.8031937567558	20.403591273678	13.2667974687951	17.277182693272	18.1506580574204	18.0873847529183	21.0155602797951	15.1174031622538	13.8875228222269	15.8266749793122	14.8683883970581	16.0863251225216	14.8013723869207	16.9353243102727	14.2827710238003	15.1440747285758	14.3586896624021	16.3091212044979	15.935325669277	14.7906412288555	18.2854873912656	15.4619849504272	13.9839268295064	14.4216591549073	12.5731397871895	18.0821584493375	15.2431612309915	14.6013547095981	17.0570470917235	16.0808046729719	19.0174302578084	15.4774017148137	15.2348247986679	16.1329324581693	16.6299077983498	16.5265648223467	16.3794384785521	18.7885342874796	16.4413699748721	19.4782135667629	12.485749731399	13.9882966160503	19.6989107102812	15.5854921261669	15.5161652881795	17.3868771599815	15.4967136236653	15.9741896217042	14.0443280213525	19.7802334990967	13.8504582296655	21.0785682498953	18.4056704168462	13.7850170244265	16.4511459924258	13.1284822689463	13.5351655389863	16.3448334974476	16.3623919506861	15.6501213356615	16.8122951111778	13.3479783918161	17.3395000079209	18.8708286286412	19.6261264028952	19.7496495984201	14.1632163018156	17.2680307241625	14.1847510706326	16.9509095110952	16.6015852049577	15.670637080398	13.9899892816541	15.5839771843337	14.7119887055967
CZC3114	13.2298508242395	12.6987916949846	14.3091096432662	14.7958350203406	13.906144773376	14.105248553557	16.8268952965374	14.4864086173008	14.7510672982785	17.7469186237157	13.3859468357375	15.8192491894642	20.2515446936174	14.6433610099804	17.4245975568597	17.425781817249	14.8030176917151	14.3262207364667	11.9635443539303	15.4767221512619	14.9305235137531	16.9513815715919	14.3430904256588	14.6711648242769	14.8578336827675	16.1939009652401	12.788140179279	15.180877096383	15.7224633906143	16.4798850960101	14.7347638259915	14.5026075333886	15.162005035364	17.4126576643676	14.4019745184785	18.7109919933374	19.0209030184793	13.0323609360018	15.7234503370956	14.3559989785642	18.5226574394429	17.5552288427253	11.775453127626	17.9197335694132	13.728704814776	17.3537144707896	17.322376011384	16.7936854884638	17.4769739501955	15.0499810488846	17.2837576613089	13.9572351695653	15.3668033954508	15.4338661442844	15.2314998681253	13.9854453630575	13.8882590136084	16.2602520807806	19.5990219833852	13.2356013134152	12.752032426052	17.3645764148065	18.6851858628471	17.3999482991918	14.732764932186	18.0779962441799	22.4137993669191	12.6449767702056	17.5794958658253	17.9633026364792	21.7384619320195	16.7600433753593	16.5122586629836	14.7437421507468	15.6273786829838	16.773546613851	18.392153697199	16.9801699444299	16.5605654969643	14.9536021420555	15.2931500673938	15.4877307020997	15.197133381926	14.5689451891519	17.3529500186022	15.4766937642488	15.9202881191063	15.1513603162981	16.6787341591656	15.8730499074383	13.2864734739841	15.8436310560558	14.9403981628343	14.5469410552472	18.6083510945767	21.7374293242397	19.4499872607567	20.925006629741	16.9771804986423	14.586499545376	18.2229594366657	19.4489738244378	21.3681996001615	14.7315881155184	13.4048098196829	19.1443971554192	13.5850269916524	14.1311340557482	16.6903149987293	12.6592001287594	15.4689418596539	13.9018989017423	16.5289708182695	16.7043430673806	16.0413992738036	16.1972568061786	13.5865013135593	17.3894188301719	13.3004373029386	15.8917696891433	13.6987341659971	17.7061998499939	20.7572916134059	13.9425560857668	17.4985834229217	17.8795362891027	17.5612861548059	20.546546882266	15.170275861163	12.5859608426881	15.4230825594688	14.2183926583116	15.5192146079256	13.9966100591857	16.5550165828308	13.8119531394477	15.1182242881676	13.7071831340503	15.349333797957	15.7885114690666	14.7821282025095	17.6235049920805	15.1602245104781	14.4741904713445	13.8055355596769	12.9391593166783	17.6825532360195	15.4700932431474	14.1949846133901	17.5125406288726	15.3231967875076	19.2355293169278	16.4056311256652	14.2783984068638	15.1662984455549	16.3134269446057	16.0406313590288	16.5449219868	18.2785658697379	15.6606247488529	18.9705491688924	12.4654320182908	13.2815599636065	18.9586928529972	14.8550471979541	14.9763865028507	16.5563231731268	14.4448084454144	14.9999498954711	13.8532893512814	19.0918446702063	14.1173886131957	20.4568539507391	17.2414724140249	13.8353641104343	16.5924772771497	14.1654185520556	13.4832393800257	15.5785419314652	15.5516788881824	14.6928671813061	15.9996397522804	13.0608077982816	16.593122727165	18.0729135948285	18.9226459769327	19.0226451381888	14.5020298550501	16.6623961906239	13.2789889512961	17.0741939402974	15.4736617622799	14.9188510394242	13.1034938041298	15.6899259291898	13.3782779542036
CZC3135	12.7035831866183	12.2969274603742	14.5423607668288	15.1050191243705	14.0871338199289	14.4142017298119	16.7010921195006	13.734395636842	15.6469086196885	17.8999004019836	13.5769777731259	15.62785539333	20.3193606304588	14.5147825952361	17.6404826411845	16.9355641530341	14.769113960374	14.1897479564928	13.5191799961079	15.5820373819064	14.7854219299746	16.862776955679	13.7809330888734	14.7564755096743	15.3043533807968	15.9709488454413	12.9978882114865	14.9394264045901	15.2579037582731	16.1250850411639	14.3928413485643	14.4081759762601	15.8776037350923	16.6007448851938	14.9702764259433	18.7353724701412	18.6412346730876	12.2529777622087	16.5178152176761	13.9192510246511	18.4950462835756	17.4053639444311	15.423522455322	17.7282704760056	12.991649273521	16.782783092835	17.8178802207291	16.3981537937235	16.9747311136419	14.5466751525226	16.9320634455033	14.9470728611401	15.2850517617226	15.2969416429368	14.7470774410225	13.7989079716112	13.8431197531895	17.0284040688213	19.4837632809739	13.8109128343129	12.9897220041379	16.567477955942	18.6131756669563	17.5153154599245	13.8523778048486	17.3577032784467	22.5475185690602	12.1755519897658	17.4133496011483	17.9056386414875	21.6289084304804	16.8200009420582	16.7474335377631	15.4261845415476	15.9527363612186	16.0093836523505	18.5283005565756	17.0627536988371	16.7011699154779	15.3536277377581	15.0488670190005	15.7892580605958	14.7326988712916	14.7614259536004	16.9044199197176	15.207687495007	15.9573691146343	14.643497893533	16.5715161653987	15.4768287964291	13.6717541729648	16.3653897151729	15.1111943150044	14.5133812038767	18.784977112709	21.6773870029067	20.3423872572165	20.5130222627411	17.2771757256154	14.4449748933249	18.2772530312035	18.7001882452036	22.0078255235945	15.4590417514795	13.6022337372266	19.7739609909729	13.7605448762937	14.1717284405664	16.7332437228564	15.2363885958596	14.5171023219521	12.1883840079424	16.8629640440608	16.9479897354034	15.7661581070844	16.4947612806856	13.53473746929	17.0926488709358	13.2320351635057	15.5065685655265	13.5747145686092	17.4485270251633	20.3456600871631	14.1628038410224	17.9251993416825	16.3051483026192	17.4595719122436	20.9660338490979	12.9015263188395	15.0394745659224	15.9969674393094	14.8970551482663	17.6742633138003	16.639739286855	16.5189463537215	13.8455280899247	15.1300369969534	13.6879010934308	15.8757417250567	15.6286650395649	14.6315429797642	19.5205200878136	15.0193431596623	14.3672755304522	13.86777367682	12.7589809024775	18.0728065346907	15.5536609745579	14.9429748661521	16.93765114143	16.544977475177	19.6424642981031	16.773023721553	15.9077395305854	16.5152548066151	15.9241207229845	16.6466123973038	17.9298351742252	19.3281683130404	17.7492769199801	20.0438567724361	12.2158746015149	14.5058412619752	19.9917592137532	15.910115438929	15.2110527686016	17.6792822482278	16.0056568806794	16.0641585439339	13.7102046814804	19.7977680145975	12.4888746545687	21.4274073052271	18.5475886028275	13.0969950436308	15.98448638113	13.4600585323845	12.997854764119	16.2314748564177	16.6106285795187	15.6574533328703	17.0542042904041	13.5155669117914	17.9833598725468	19.3972056718838	19.6534648054495	19.7045933653972	13.7905744176484	17.8057625814171	14.181834895697	18.0794480322085	16.604759708189	16.1213719450407	14.4476026216831	16.7701157154532	14.1426975685582
CZC3137	13.5699746664628	12.6670218244925	15.0435958924214	15.6198203739178	13.7046091961306	12.7272078513535	16.8797374052755	14.2470113126489	15.5966339130702	18.1088705952996	13.7239883787681	15.4290255812748	20.6979544371467	13.5694022473049	17.7953603597847	16.4338318332473	14.7143782637881	14.3583167030281	11.5939691708625	15.4365387988883	15.0243352477347	17.1242601338182	14.548668230105	15.0941289450983	15.0383905664618	16.6687244238058	13.3308254947538	13.7927629701837	15.1389809991774	16.7782945582593	15.1355875171479	14.7801452154106	15.759439122835	16.4068512000279	14.8301490707304	19.3296861832101	18.5604920059809	13.0854421460472	16.9435820846393	13.7261146427673	18.6579251674266	17.4573807449698	11.561100021597	18.1978754626684	12.4621045215256	15.9424422943383	17.746936548097	16.7134456482831	17.2390108399406	14.5838341177278	17.4619635292318	14.5768049550124	15.2145063695607	15.1928915253034	15.2971697614854	10.4426970054262	14.2405561020193	17.2987220253183	19.6031778569787	13.6586654121885	12.6528717399484	17.2971023297601	17.4372210680096	17.0384645497938	14.2563763292965	17.8072398148401	21.8308508619462	12.7242451379421	17.9697401688213	17.7107061045302	21.8736132592601	16.7629277289642	16.8800306035071	15.3262269830952	15.2598308557118	16.1100033185805	19.1990609678285	17.0926865795236	16.8644599493951	15.4296057436455	15.2615718969939	16.1427199353607	14.0457581032544	14.7744659385243	17.0562500365186	15.7391645255653	16.250219772341	15.2164156382893	16.8438857975906	16.0264640190828	13.8546422988904	16.1111068420268	14.7713481040458	15.4115573238826	18.7088546426878	21.8084104573262	20.5431943971394	20.5148796021917	17.2488998162959	14.5542667333738	18.3760036943927	19.7424050621045	21.8084019724519	14.9119474882551	13.853255419122	19.692340247854	13.7349015570103	14.6225893670244	17.1654267097275	12.4753113934201	14.4511554587456	14.2898067472276	15.7860917596563	17.3879640961806	15.8203967967029	17.1031430801925	13.7470932303202	17.9412675897324	12.890203641429	15.6001626152729	13.5810319844504	17.5603045002578	20.4113114861981	11.4779631742201	17.2229546916475	17.3112933065143	18.1719515408382	21.1080275464257	15.3561310608742	12.3196378925864	15.9715280491651	15.0756657496713	15.5689839816212	14.1112813262838	16.7189249212069	14.4232848553792	15.3532656619872	14.5206883842192	16.2896611212318	16.1462669347305	14.6357076755094	17.9289642054039	15.6481220107029	14.314980625356	14.0628681339981	13.2482596129332	17.7146912542122	15.4548019845479	14.2135319038896	17.01239174607	15.5956338137924	19.4589603404384	17.729944306415	14.4260152216068	15.6586862477158	16.6995804132969	16.68878110289	16.8811457965444	18.7111781735644	16.1531689379173	19.4742309791024	12.8047330970571	13.4111495418721	19.6701240240889	15.6477515277511	14.9822326889416	17.1801440442983	15.0112864326663	15.878259679792	13.7982976815426	19.6013337564681	14.0983265195795	21.2362500576648	18.3276372829787	13.8969371304243	16.7583728574559	13.6988837186178	13.7858345555501	16.2644799250367	16.2568704097063	15.3509068241989	16.8723319971822	12.7948967274069	16.956685247238	18.4773723417951	19.9413534337264	19.9882814473353	14.4845700930668	17.4481699849334	14.0248921366436	16.8867718213694	16.0873706224762	15.3250429264031	13.8971156801247	16.4093714866006	13.4371246941253
CZC3140	13.0716826010735	12.4237318878768	15.3774132657477	15.6148281711589	14.0277084984425	14.2332918554798	16.9740652212923	14.6170234370433	16.3337152006285	17.9135505900188	13.5096603074082	15.6286717683614	20.3254230394291	14.6573713371776	17.4527005892421	17.372897559117	14.7341252820753	14.4304604530529	12.4416035379526	15.8000479375035	14.9799641540877	16.9295813653014	14.348690941916	14.7085767806567	15.1083345913635	16.3807298512975	12.94508543243	15.5627126291407	16.0749772104775	16.4655535239032	14.9217712373138	14.8770019165907	16.2094700940836	17.1401178720311	15.1051797990748	18.6531722641421	18.853354131527	13.4300903386869	15.8001173001537	14.6271865600132	18.4042796389302	17.4706227581083	13.9760892986123	18.157957688277	13.4981795802971	17.6797001323479	18.161328608187	16.691249211194	17.647167645292	15.5510643508245	17.1366142153182	14.4321767043463	15.7431521385447	15.7330109286529	14.6584691605177	12.62840737964	14.4493799543459	17.3566559951162	19.5795994212179	13.9977441467225	13.6478009346826	16.888450235823	17.5712487049252	17.3927329888453	14.5718677072142	17.642765390792	22.3874380568362	11.0647924820964	17.2637399664794	17.7249023636204	21.5646132838287	16.6303565915641	16.5919276140237	15.3150484342464	11.7407680664346	16.365454076569	19.0079879389271	17.3473649006529	15.6730389281334	15.5124508963204	15.2052731475707	16.0445764400353	15.0385328116073	14.7457932715134	17.4288065679894	15.3441752022138	16.2390039392545	14.8930580603486	16.836740484367	15.1976763673308	13.485621760334	16.0221359338903	13.8426774095383	15.4067456878159	18.5473608889121	21.6818306522293	19.59146694917	20.6494912185011	17.4683281695156	14.0421524660863	18.0019450271401	19.166639922161	21.70950828042	14.9595741375662	13.3996917154062	19.1742129227978	13.6374698242386	14.3629424496211	16.8539730694634	14.7490111509764	15.277920284682	14.1579252325608	16.050956837215	17.1305354917283	15.9615185644024	16.6927053660388	13.7495917890428	17.4413953007861	13.1883330704891	15.9305747824984	13.1560625361399	17.5369098922603	20.312853203896	14.355085568911	17.351300613601	17.5537443592094	18.3894368212365	20.8084552725417	15.4333187629551	14.1851015149287	15.9445518497009	14.7617594488313	17.4633328779356	15.9368831719102	15.9738761704151	14.2978983262251	14.9412810879548	14.1270487290798	16.365206862978	15.6321168366742	14.2949272004666	19.1451889677609	15.3577596933397	14.1536404948409	14.1885576547856	13.3489648322331	17.6964745880417	15.0265889415629	15.8251907836936	16.7386792209164	17.1944012558761	19.2850187674418	15.0975746985687	16.081441764876	16.9415196348957	16.5124936081152	16.6677206060318	18.1608825366722	19.7968862735283	17.1773271969758	20.0086215921585	12.8752273107994	14.8545063099648	19.8688373040682	15.9501927634639	16.5693040927074	18.0019105142205	16.0164337642651	16.426056569649	13.8921539338353	20.4776899185769	12.5298383080544	21.1690841500302	18.1527276184354	13.1240636832647	16.465424189812	13.7137250882076	13.3005451295193	16.6567599702749	16.9408681457793	15.8162424193343	17.0842932200523	13.3476766600282	18.0406565124152	19.4395476617935	19.8247116342609	19.5342300761253	14.4881948024522	17.6421751106977	14.5608534733399	17.5472190686213	16.6755496868477	15.9237786830293	14.0634920217513	16.3170164826652	14.1892046177447
CZC3158	13.3063133747356	12.5495038033098	14.5837441291562	15.6252178584566	14.7050504226947	15.3569889013705	17.1650143016033	14.8612377853541	15.309070004522	18.0915295115028	13.8820893319947	16.1078743036145	20.5508012574998	15.8113233002375	17.8926498402413	18.0510970643546	14.6377405909876	14.4350230389747	11.7526853012066	16.2414410687328	15.5538866026353	16.9204073049461	14.9786633337055	14.9072507511144	15.8246494019145	16.6082635822841	13.6678288869903	16.3703231787925	16.0859025251263	16.7637256994994	14.7024373198878	14.6411264949383	15.7255475051845	17.6902733106243	14.6300851188158	18.9045852147555	19.9402915303117	12.9109576586573	16.8892839636831	15.1712512661602	18.8643035253871	16.7531915151595	15.5310333299358	17.9528467906166	14.1296919311815	17.567476316525	17.6969240856486	16.8613248085571	18.1563072956662	16.190574406087	17.4249566509862	15.1098786887839	16.4095142902412	16.4174918762796	15.1322994607113	13.7421711391977	14.3546053086203	16.7714551664781	19.6636392609365	13.7776285239801	13.3981843012279	17.310986763827	18.7304992021898	18.307874393069	14.0756253635259	16.5743202266939	22.56968715646	12.6347951950745	17.3548991676261	17.8505714093843	22.2939939904359	17.3099403878953	17.0784009291078	15.3172643381221	15.5197389046129	16.6120433169497	18.8492181679635	16.8941531263463	17.2821372710622	15.3758813755572	15.5187622205647	15.6847672096099	14.7609499427375	14.5073334585524	17.7911341070166	15.3252132327107	16.1014503678849	14.8804180955902	17.4147866435061	15.7995423474576	13.6092000854482	15.5568971830955	15.1205039961897	15.3119751626093	19.0861620733129	18.8145758428963	20.5219497477181	20.7160922818147	18.5183102211968	14.4216273248079	18.2194216269598	19.8638967921863	21.9994743184967	15.5550869600568	13.9069663783505	20.2764009818262	13.3446992738531	13.9178017979107	16.7787462128067	15.0345558326594	15.0068532434745	13.5908163626478	15.9737399587475	17.2266800118274	16.2767631653694	16.710526007217	13.7676740417131	17.5605256851526	13.263552664638	16.4254699159321	13.5320724184759	17.4489882537093	20.4914161927226	15.3924647620042	16.989070279918	18.2646663513075	18.5048096667428	21.1017618852734	15.4158653757072	14.5696807901334	17.0689940549464	15.1355622376232	17.0253172946909	16.2331511899306	16.4098808903952	14.2624861697559	14.7938888846584	14.424598872581	16.1498576912776	15.9236692770664	14.6525267973121	19.8012028491109	15.4608421207805	14.6517115892274	13.9484696734945	13.6535678216118	17.5476525592256	15.5613033541177	15.8160235444159	17.2105197820793	17.2065211769588	19.5034908136304	16.3461613772691	16.9897913376335	17.239539509681	17.4434975192938	17.3226834037647	17.7076720772401	19.5030834191523	17.1690484297764	20.7625800928398	12.6787348251969	15.5300965333297	20.401831867827	15.4246086754746	15.8242150454992	18.0898844141132	16.8835287436569	16.8567665691011	14.3640477638333	19.4984419923915	12.2378907896521	21.3446139741853	19.1498624913262	13.817804987746	16.499230898457	14.2081443091865	13.6448091973784	16.3888287061282	16.3495765839133	16.2500682340203	17.1351058189224	14.2689812527001	15.9798697729171	14.6523328427457	18.6830132971478	19.1807814389235	14.1294520040195	17.3119677036144	13.6917893509275	17.2795802518461	15.5588780353918	14.3291074853187	14.3873290006009	15.8211926117627	13.41634153336
CZC3160	13.3495802338558	12.9414519014989	14.1482094501816	14.6919267700722	14.439076220426	15.2512624402833	17.1637412915773	15.1962191931728	15.9220107183503	18.1207003778856	13.8757491231528	16.1630605844431	20.4978144610274	15.0068145776535	17.5103348723278	17.576127530407	14.7870341390793	14.461736752178	12.6384262144015	16.0784424635335	15.3256953112579	16.845622869118	14.8446541040796	14.9169630075543	14.9900022122277	16.9759293867171	12.9760267289587	15.9094997223572	16.0759219565324	16.8582500300058	15.4225642991194	14.3700076654932	15.8680441201865	17.4534249496061	14.6907934976422	18.7143177234483	18.7762192576988	13.8125737728292	15.6521351553014	14.8393995396606	18.6343672702381	17.476297139212	14.4499534716454	18.3000833088868	14.0400702732448	17.723632000585	17.9560607991954	16.970961963413	17.7205660414883	15.8677308138872	17.5088863633233	14.1754538599971	16.0893006945403	16.0853785301191	15.1719492577793	13.4183669566279	14.3791113625915	16.7373594269166	19.6708393402985	13.6446593153129	12.7749994343898	17.040526192367	18.1451426473595	17.5214031853055	15.1565456598142	17.6959459956311	22.3919010130529	12.9203945307751	17.419016368725	18.0319739157255	21.7048480937546	16.699564075529	16.7182230432137	15.5969725047301	15.6058493575189	16.577020908527	18.7266345246474	17.1912221435158	17.1847110942248	15.1879094603124	15.5684708822067	16.0071700036414	15.2987354991941	14.7551082228181	17.7115462124326	15.4832017868914	16.4032125002868	15.1068563856779	16.8613439716973	15.7197389969188	13.5201515869886	15.7688878988761	15.1450039328006	15.3367576876376	19.4028141021242	21.3508625044777	20.2576950439882	20.7934881375755	17.5357334069091	14.7302704066345	18.4805920168077	19.2658963651262	21.8189025058459	13.4700130794769	13.0779212426599	19.5986157414647	13.5178743110959	13.9818488806848	16.7876216393645	14.4663251463339	14.7295591769809	13.9109327951263	16.0154535122747	17.0054552390162	15.944401858733	16.5494186157482	13.7544051790839	17.4986266799394	13.3508417635481	15.8943167127036	13.7908933822235	17.9250469528783	20.1108045922213	14.0091105138333	16.4627454039366	17.4882028982989	17.8481996529188	20.556476652285	15.2035550736698	14.160059809643	16.0970605888603	12.3403999334085	16.8959666397247	15.4573879726405	16.2454700927761	14.1607800733765	14.7988217317111	13.9322403547148	16.0060225087271	15.8122942481588	14.8031466532717	18.5776413003763	15.2065592712196	14.7218489960473	13.9268064007678	12.4609898280356	18.1439807342258	15.4115291389783	15.0912085125416	16.5724921615153	16.2498928299533	18.8935433013158	15.4637911417182	15.796179019528	16.1726511635213	16.6066144841508	16.340384707696	17.2001774328801	18.8141901411896	16.3121233181043	19.2595901085097	12.6511136114126	14.4471237424773	19.4056183741383	15.2209353116577	15.5600804656997	17.2898908495182	15.8177867056244	15.8468322043006	13.8626715252367	19.8122266035346	14.0884996584285	20.7307366627025	18.0884307979831	14.1570986782512	16.5776857041444	13.9558537887499	12.7531229734123	16.1175118928047	16.2962854588213	15.6913239632755	16.5777602480101	13.5822418440072	16.9162761665083	18.4277672353549	19.0160778927384	18.9980733736513	14.437099395456	17.0334918968992	13.9012773441053	16.840742381519	15.91087156474	15.4067588024955	14.1647013857418	16.3292534172714	13.8264815449984
CZC3186	13.133090025657	12.6282177324339	14.8407592423938	15.3828734849628	14.8435889122463	15.2091922343062	17.4833850654507	15.2061127124546	15.9407030855435	18.1329420458974	13.9488187106726	16.4330783767378	20.5992883392638	15.0945882181688	17.9573968463336	18.1628332069864	14.8750370194482	14.9774167620069	13.2789518931791	16.7192905320682	15.7991360298115	17.1511795609192	14.8998721889705	14.9762462794154	16.1973413885201	16.8135229475768	13.8141188732201	16.4731104979984	16.8943056204596	16.732477693197	14.9206155112619	15.1321198612165	16.0285760550158	17.5003458692954	15.0990204345517	19.1021214488241	19.2661820308961	13.7231071113149	16.5213083543063	15.9184080817025	19.1395706757579	17.6760057716178	15.8130183477605	18.5135761222873	14.3873942617783	18.2158712033192	17.9386121481802	17.3640112082081	18.377031560447	16.6414042598578	17.4835943836095	15.1554083689461	16.9448582544246	16.9560180632884	15.2584679942086	13.3325960185329	14.6312424273265	17.7074168121765	19.7490105215119	14.1659245719209	14.007393594441	17.1234642379846	18.7989736597851	15.5600290197847	15.247582132205	17.986654808028	22.619423239999	13.6276305032243	17.6301131067594	18.1209458526891	22.1473634963443	17.1581012718081	16.9716173723072	14.4485143356221	15.7744216469321	18.0073963315092	19.1140282779402	17.0393179136207	17.0944176751579	15.5201082970821	15.7243904159393	16.5202709890355	15.6072893268394	14.5754970243093	18.3663326019498	15.6572770681271	16.5671714484402	15.7220154154956	17.5861545695941	16.0304002394158	13.5008387918169	16.75852441792	14.8636551394241	15.9060594011713	18.8974864713851	22.2829559123688	20.5277098765311	21.2746364650664	17.9302630345208	14.4667224015515	18.3931315417973	19.83656713249	21.8290763868571	15.2970458292167	13.9063312304498	19.8386578586266	13.956220408324	14.4077665814982	17.3240621621293	15.8152523253497	16.2705232477016	14.126754036116	16.0372530137097	17.1682099897083	16.1009979790455	17.0812323676427	13.8503625034726	17.9097995274745	14.001217360011	16.8640986923877	13.9998112874033	18.087727259794	21.2822733484907	15.2394403978113	17.9069298562708	17.8653319662415	18.516956449305	21.369691812539	15.8052219294015	11.7079927668861	16.3791266708963	14.8045480269606	17.2879696822997	16.1013892589926	16.8732580878365	14.4177615773404	14.7120756956231	14.4977033800239	15.7706632376534	16.4317485375332	14.9954931757034	19.4684036717285	15.0800249929924	14.9562178526096	14.8853486431294	13.6603765109733	17.8939168471959	15.8202801806176	15.5786130994364	17.5741288739118	17.3500037730091	19.8375170525089	15.4695873556346	17.0121342552545	17.5728114566986	17.5377677650203	16.8195666670775	17.5647324811521	19.2769083051919	17.1832264510912	19.8535968313072	12.5220975395924	15.7579513903225	20.2306350133209	15.8729186928736	12.8258940471743	18.336245604484	16.9916011411531	17.0996778523083	14.6956123896919	19.9553976097564	14.6100822359151	21.3239157576306	18.8505445164117	13.9258115805942	16.7833884548029	13.57053865918	13.9507747877339	16.8110672796099	17.1034859366287	16.5056233377915	17.6286764175749	14.6773960146788	16.9066528640644	18.6158949587723	19.2473979412034	19.3151581644272	13.1744576780407	17.9310101831826	14.3099648321139	17.7903669025958	16.4042289985046	15.9625459187969	14.5216480770364	17.0342882868212	14.706526428214
CZC3216	13.7772941333924	12.4625127881418	14.6829512860786	15.1988706648678	14.1867517251936	13.2337289032241	16.6808537395489	14.6263772814983	15.0047196321893	18.3555252261115	13.7808401682566	15.8769509415001	20.5224932468598	13.7291401587772	17.7762735177299	16.7127709970972	14.6898386996695	13.6816452394213	12.4650211347972	15.3610773894064	15.323778548812	17.1501632745493	14.6222806457223	15.0433872909756	14.9187475126935	16.5600498466485	13.547289722254	14.8838297098932	15.7325013741439	16.7208171133851	15.0231505321957	15.1093271757916	15.2763518585741	16.4578113212429	14.4331054832032	18.9018645143562	18.545299721228	13.6274545148679	16.778267770173	14.1525200473822	18.6051498439571	17.4210413417271	11.4533644624477	18.0479772213653	13.2517942007244	17.361446437224	17.4431867935632	16.9056783379983	17.4136326313877	15.111053172991	17.604363861414	13.956716274118	15.8154128210934	15.6129542031117	15.00159550466	11.5650223331059	13.6097614455329	16.45707493659	19.5593653875111	13.1945588153298	12.4607808780038	17.400801022175	18.3470835766233	17.3546051944068	14.7781295074267	17.8224661664691	22.4602932144916	12.9202374620231	17.508982549466	17.45775491275	21.8044418545078	16.824275431553	16.7182187882613	14.9606648188444	15.0306160454735	16.2258312760094	18.5660081157718	17.2557886429788	16.5080554181549	14.9728088127441	15.6401633082117	16.0419588448352	14.824411452967	14.7055309902241	17.4331614654739	15.964413174057	16.095323503107	15.1494198141515	16.8506485693803	15.9627224078884	12.8315633641564	15.5855569112444	15.3096375918918	15.0643533680982	18.935573110499	21.5665373564912	20.5951327610979	20.5988368347851	17.0470494013164	14.5020011671299	18.3003097782795	19.6912597585538	21.7146068994151	15.1118989523543	13.8295487143414	19.5909842989632	12.5780592328173	14.0002204296291	16.666899804957	12.1577588008026	14.8013169662391	13.7016464377056	16.0754439154617	17.1436894339936	15.666237984478	16.5186374085752	13.5962973056463	17.345797761898	12.8733931999619	15.6433371258111	13.6392413930791	17.5612066744583	20.2809325339906	11.9386400828607	17.1963628779593	17.8026903007139	17.3747352404963	20.6783302027922	15.377530672773	14.3329784388172	15.6474721457892	15.0622301017	15.3476605629593	14.0803338649684	16.5328336440033	14.2874618648789	14.844017722536	13.9257026086364	15.5766223426686	15.7532357251163	14.7057177606619	17.4349992187523	15.5647070955506	14.6096519878996	13.9578540921185	13.7898449310365	17.7230377949532	15.3056057285324	13.9729507405827	16.7199275295531	15.4719312777105	19.1946094753279	16.3398762891282	14.0979979971405	15.4029748915232	16.3606146308814	16.2872846477662	16.6529066884304	18.3472645819812	16.0455285320956	19.1852895656116	13.2866232511089	13.4681144341759	19.2374955775727	14.9665534961863	15.253133304956	17.0044522428365	14.9257512453095	15.3730053407031	13.205023157984	19.3473408491662	14.5179616550511	20.9543331013661	17.5231482471278	14.1340907821731	16.9401823688811	14.3842495896904	13.5731619130301	16.0131459612333	16.040502707602	15.2788659709598	16.5135424644505	11.6736701325959	17.2433386095552	18.5660029515363	19.5678895694739	19.5650959409681	14.7207776942587	17.0979697126701	13.7128278271716	16.9646202207191	15.6994080564976	15.0853055828517	13.3619890012266	15.9147239731586	12.9197251436965
CZC3228	13.7546448653801	12.9448325604289	14.4983590597149	15.362128431291	14.4885482732881	15.3704542595922	17.4513257161823	15.4797806552199	15.7015092406866	18.2290993025736	13.9677021262709	16.4917763942234	20.6130225025973	15.3824881132447	17.6190003473727	18.0973336650245	14.8423398664096	14.9455163967331	11.8168973394659	16.3345943250951	15.6553873857137	17.1578883713036	15.2176531695003	15.1376727969553	15.591514651025	16.8416327373267	13.3122820166499	16.7125984625276	16.8287870384431	16.884675128026	15.2208855031718	14.7805614973687	16.0223355010726	17.4774143328923	14.8924031498121	19.006216257469	19.2837928971964	13.8704219642837	15.7656119715294	15.9202693734345	18.934042557269	17.5912583433998	14.8526772367099	18.2968803401075	14.6324894175322	18.0689837285431	17.7157032495702	17.1260295436974	18.4999776936175	16.6327806905886	17.7044437994735	14.3292515885987	16.9542721601685	16.9502380404632	15.4112441379341	13.5369326011328	14.2617126048156	16.9607019108361	19.8075197035016	13.5075510807113	13.57012208827	17.0700292527465	18.4063839030313	17.865298948756	15.1334216989542	18.1565121036675	22.3664024767021	13.2247189068903	17.5042940337224	18.2076016510132	22.0321385508275	17.0060205250297	17.294813033492	15.4665379193421	14.7054022534347	17.1055675649403	18.7490693890636	13.6366513034384	17.2603903987941	15.1220522157928	15.6103218172404	16.0812952478423	15.6627666779203	14.6232594703064	18.2977189885325	15.6824634624344	16.4069094430238	15.2480976563251	17.758651983167	16.0761066415744	13.9313392878753	16.0400374034073	14.5128297630145	15.7096047437336	19.3104864798664	21.709223705473	19.5566681314955	21.3581124091399	18.3554509494871	14.7217768825377	18.6425512172465	19.6848530016999	21.9040736672004	14.3437081774334	12.7442014569293	20.2935635612133	13.8145200574806	14.1443422123937	16.9676925670619	14.6616432841319	15.5793045191931	14.0248115771798	15.9926381260249	16.3892871146603	16.4225399421685	17.111197440129	14.7294840543208	17.8883650619691	13.6605637277434	17.0109917115118	13.9175026539611	18.0011388188268	20.5121661576564	15.4544437838284	15.2674834954243	18.2707846707534	18.4778349650057	21.0364570339178	15.3226835588547	12.4694428869101	17.1102760713864	13.8476378984911	17.2975420334559	16.1611496672237	16.6295794382871	14.4811106418804	15.3488191328769	14.0470569090655	16.2327443744529	16.3396067208996	14.9275207666584	19.359201045518	15.0361015041967	14.6429520528	14.601342213271	12.5823063282032	18.1031562267683	15.917592837481	16.2365444569404	17.1923482803343	17.5733084176593	19.4798731862282	15.5077946686787	17.2679497921409	17.5559477745785	13.8749832139345	16.8976974774786	17.8417707262658	19.5254868966464	17.2223426182994	20.038296467353	13.2073729472476	15.9455069727032	20.0956961858804	15.6235614683979	15.620041224832	18.4299944959946	17.1044099329077	17.1088750148974	13.5369471979276	19.7903209086221	14.5171014176207	21.1518798828895	18.9003870979043	14.4067096306414	16.9300355399502	14.3618594757307	14.2873323084255	16.9454136784608	17.2618730354537	16.6728892594239	17.6111736677417	14.8330009167524	16.9390132882091	18.645731135291	19.0713343070461	19.1362297391299	14.6844337461245	17.4392147936252	14.5621552173115	17.3781096351841	16.1171402363951	16.1044934541021	14.7945838613234	16.2726232828731	13.7669198877746
CZC3247	12.8752945798364	12.8478979244513	14.5384762779049	14.9695278324859	14.046708575204	12.5455080437201	17.1719790746057	14.3259697115883	15.0753112290615	18.341906671604	13.9702903741295	15.9899153206288	20.6503348627664	13.541454346128	17.6251797207154	16.7177069391846	14.7748249928348	14.6976264216428	11.7175647466211	15.5283742683964	15.2610659624735	17.1572890888051	14.3041652515895	14.7829248449611	14.943402991606	16.3505938690204	13.0626996136534	14.6279220969246	15.3444028083145	16.3033470548888	15.0654643547146	14.5737290680067	15.5775228297422	16.6200775615179	14.6362460678937	19.1229971667318	18.4217204412797	12.9527863272842	16.2850132858511	14.0738154960419	18.4726790375196	17.4819169501182	11.9379412496834	17.8360791432238	13.1616905604664	17.0725982649791	17.1923674511747	16.7710196862978	17.1222028595756	15.2437390847527	17.209231177169	14.4038838935193	15.5286360775447	15.6858055060285	14.884659699959	13.1078742706255	14.0179085199333	16.9696516508735	19.6173527749714	13.2831070422919	13.1235960000129	16.7838849321671	18.7315869139368	17.7378910948925	14.3373689067814	17.406205879475	22.4530072325277	12.6381554785145	17.6917913611031	17.9290559326048	21.771225334482	16.8732221179504	16.8173915558095	15.5447837214861	15.5718986524074	16.4007971637384	18.5723135153642	16.5823155598173	16.3724810254976	14.9455872404946	15.1337273744506	15.6580856162635	15.3399317307963	14.7296172112743	17.2023349553836	15.4686882312953	16.0531303207774	14.8682340200098	16.7697683095649	15.5828910721938	13.6216761483601	15.9066861770414	15.6250785260321	15.2154378408188	18.9173809119524	22.0196642699382	20.482625997732	20.6626349537041	17.6699138225458	14.491165483691	18.5763036980232	19.6946095353805	21.8107520153636	14.3014339169344	12.0176468374458	19.6755452116079	12.668189599361	14.006049744857	16.606212985751	12.581560301225	14.6678609082864	12.516839915348	16.1125398059945	17.0697626814541	16.0580690126454	16.5530119257421	13.4377187356282	17.5617232793249	13.3932180685887	15.4534676652509	13.5914820944808	17.9484231351221	20.39379784249	12.1659223914876	17.6336960598679	17.4832288800572	17.8869089407435	21.4120017134961	15.4623230422117	13.9122283638707	16.4360678727153	14.2636670807774	15.3923148397434	14.1703613032639	16.1129400248284	13.9459627176132	14.8009427680962	13.8074314399029	16.0052333965995	15.6744567029338	14.7703864460682	17.5982332915101	14.8745141477157	14.3848015101851	14.1787866167251	12.9006896366392	18.0195207149785	15.5716596618431	13.8352790415403	16.8315881482966	15.3189658648383	19.2966767922534	15.5669504048995	14.4954791688859	15.3473256579319	16.8748661949642	16.6963365137634	16.7404176606098	18.1946086273238	16.4055453019023	18.8668434746869	12.4649550592306	13.4743447904392	19.2313410144033	13.4435468490615	15.117750951826	16.7594395808093	14.9360625841058	15.5495098889996	13.7117165301679	19.596282911921	12.570280640162	19.9933428446006	18.1293461194465	13.3023335263043	16.1988287208924	13.2779751351087	13.6734281681772	15.7123611625705	16.1332214067599	15.0849512044752	16.5104306850106	12.9545714439067	17.6160574218022	18.7221075137927	19.4153717655621	19.4004902625867	14.0356147767832	17.3005493029556	13.3511610522333	17.5825185110535	15.9218138422384	15.6495295054776	14.5155806060831	15.8403138142436	13.394620223152
CZC3268	13.5532374970376	13.0831938043834	14.6141278041812	14.8200968650924	14.495737993386	14.7486385593136	17.2392414871775	15.1016769660505	15.5806162846807	18.0822105379189	13.810512321968	15.6637244802823	20.4658734534892	15.0433692335523	17.5958591209967	17.5312107610182	14.707275909544	14.6526366928795	12.0827902633363	16.0838706612926	15.3235214151985	16.9561270949867	14.8912272244954	14.9538924241961	14.960368354639	16.6461163612213	13.2376423247135	15.8391635954758	16.2352043286198	16.8745495366256	14.8315365879851	15.018047321477	15.6101360128292	17.5331762409618	14.2933567382304	18.7823889681571	18.8096217391181	13.3837514909761	15.868877008968	14.8174571020318	18.572676075828	17.450438872959	16.4391316952163	18.129635770616	14.458562487249	17.9572445172315	17.5522937360947	17.0405899615859	17.7247407102061	15.6461809761878	17.4921335930966	14.5074636193476	16.0214259591162	16.0200381740769	15.0218718339195	12.4440643639882	14.2291426671438	16.2652280740502	19.689612790088	13.5039100042018	12.1063062574116	17.5111630159163	17.9660709520651	17.4857424576385	15.0526213326319	17.9090574768201	22.6008873422025	13.0282826912628	17.4089115798952	17.9222980174259	21.6704798234627	16.7292186313178	16.6620489763953	14.5385410876093	14.5006083897641	15.7575094481521	18.3993656622574	17.2102245514794	16.6739919014114	14.7791621621997	15.609299804134	15.9171427141143	14.9033959664862	14.6775604861258	17.8486116842877	15.6004229478545	16.2586591771967	15.1236507825827	16.7947775207112	15.6245884413192	13.6527306101689	15.6267468978408	15.220076049728	12.9454658294825	19.5738433665415	21.3822340461465	20.6765634051414	20.8344897230025	17.2736163758727	14.6659824687198	18.4269356134073	19.2619259605627	22.0855751610353	14.7231796105447	13.0810120244653	19.6044881383265	12.7126380793598	13.8148244133209	16.3805783976373	16.1218933465749	14.8842591353441	12.7073144206812	15.6119438111948	16.761034328006	15.2559110515184	16.2074410083454	13.4990961350176	17.1273626415242	13.2526720074287	16.0201053911158	13.7787532494248	17.7272958525414	19.9568227270828	15.2905258498911	17.4254324095692	17.7068978617341	17.8772874416097	20.6461005025278	15.5798514440388	13.8897760610665	15.7798821751396	14.5477260968029	17.7267122890389	16.2321147924884	16.2597570473584	13.827780442117	14.5998310519204	13.935755143741	16.0008644637306	15.5703309849405	14.9223105483996	19.1497437898787	15.2562827823453	14.5692976355181	13.8238960522278	13.4376529142816	18.1209981987326	15.3094742700792	15.7042631686582	16.5312860129706	17.224325325536	18.9961569203302	12.7991077120568	16.6095053308884	16.9894540708526	16.9259263388179	16.6676952819655	15.9587853655461	19.511880437763	16.941922003175	19.5700546040351	12.832248506764	15.1557233424399	19.7430699971528	15.6355020477064	16.392240297294	17.8245450830969	16.49051691256	16.4067583464421	14.0588539666879	19.8617311789501	14.3368015801114	20.8599439753691	18.3295596315206	13.3307621641862	16.8937741722818	14.5948867086801	13.8480325462131	16.7072714045188	16.7927290690688	16.1991207513107	16.9367881174757	14.3167304573255	17.631013963194	18.9844861574229	19.5168225391296	19.1737709696375	14.6754803425901	17.6410292347048	14.4036128647129	16.867057200006	16.2341457156654	15.8527002317795	13.9502698024701	16.1006127752168	14.1774582699968
CZC3293	13.630713317553	12.662794081626	14.6446000427519	15.1428812873104	13.6915256797903	13.6800396665273	16.9056780745861	14.862247274684	15.0131255494626	17.9444788787079	13.5600839497204	15.5359821162588	20.3229364484748	14.4061431216743	17.3638894108367	17.0667527341976	14.7519090697865	14.4030093058667	12.4504448347471	15.6798925366997	15.0200356155703	17.0279935127136	14.9262248872994	14.4594642837191	15.028015834298	16.3478826106859	12.7958095774247	15.4003917782304	15.7800315567839	16.7971681963975	15.1333054913695	14.7139007264712	15.4596288585888	16.8113023942444	14.5230434368931	18.5907506776753	18.8657616256287	13.9012502784914	15.5737400457862	14.4893055362615	18.4653873264017	17.4036170613235	12.5567336400222	17.9702601072182	13.3517141707491	13.3517141707491	17.8845032239288	16.9069420360972	17.5287919548672	15.4812399567875	17.5640798554783	14.0492478932693	15.72956910424	15.7555461584555	15.3041542390895	11.8676024219617	14.1269401223743	16.9169534663272	19.5051793870373	13.5182407312711	12.5102922290388	17.511175890835	17.242763889442	17.3208607887485	15.0063577565773	17.9996300532847	21.9416436236339	12.934766095534	17.2178785202295	17.501924721495	21.7118394607567	16.8591028994728	16.4967685504996	14.5736504730538	14.5447525924198	16.3017907215502	18.8496182362473	17.403327720805	16.96231459993	15.4687399093514	15.4866646782415	16.1634340360154	14.8816559005902	14.821080838248	17.4770290007389	15.8545824992626	16.4575354293544	15.1889969412469	16.863668360686	16.1166040173258	13.1922499422284	15.8709290671787	14.4239274155879	15.4533030289946	17.4686690326265	21.7791775614367	20.2260387321207	20.5785178088651	17.4745362756404	14.9621363788251	18.2583152918528	19.0630446142713	21.5767946859129	12.7965642299479	10.773309299359	19.2443217046348	12.4339968520803	14.3184871539466	16.49835824153	13.4359560687171	14.8571654435296	14.4025723279713	16.0615483244959	16.5570934413849	15.6410206173628	16.6555113807641	13.9246903045658	17.7794148686777	13.0706844343481	15.9851975435949	13.9942154901485	17.5752311000936	20.1627018629246	13.4290996387598	17.0180854479768	17.3902861685737	18.2509249858995	20.8152618755922	15.4705688853593	13.4989757244585	16.0153866633354	14.2217245036236	16.6108481635126	14.4989515833327	16.6234298536333	13.961923677358	14.8232751991031	14.3113616595224	16.479266971926	16.2113961663756	14.8281374878333	18.4008689944866	15.6135715211758	14.017066760522	14.0351318373554	12.9457525224287	18.2973006351145	15.3291105408787	15.0061560381223	17.0988483464146	16.55002650312	19.0298741046092	16.5738925977369	15.6618624934973	16.4460977045027	16.7268992045534	16.5120961926838	17.3435291416522	18.6403112300729	16.4058242265788	20.3042697960621	12.8420722929851	14.6476719131299	19.7143498558388	15.9130917125451	15.364761318653	17.8905483117717	15.93965043452	16.2278004260417	13.2905257578346	19.8344331430296	14.3501103631308	21.3824969962432	18.2968746543182	14.3118530640854	17.0613372164044	14.5269754349345	14.1771447492824	16.750494335686	16.8352787607344	16.1830494633505	17.2673536570646	13.4714677054311	17.1891838918206	18.7455167001844	19.8230321875946	19.8387175336016	14.7683941786684	17.6028930737514	14.2998353197519	17.1987407262871	16.4708751976793	15.8040636821364	14.3291618866631	16.5893353147485	13.6447182283164
CZC3324	13.173049006901	12.6404886018576	15.2942462264702	15.9355078914956	14.3510948054101	14.0415274468874	17.2521105011119	14.5986900132956	15.7358530512692	17.9751938440451	13.7975529881323	16.226687440224	20.4975896599916	14.440869068838	17.8059964275239	17.3248976821448	14.8167571309276	14.6006407165993	11.8134225988846	16.3794058462439	15.7187454854713	17.2594136024491	14.5461261056772	14.8655742736275	15.7930757494486	16.470403894925	13.6276000490734	15.6618209799194	15.9721363127505	16.6016694999852	14.6999385163724	14.7964830527164	15.7720922590598	16.9211901085347	14.827702364848	19.0289509562327	18.8637516215093	12.9512181267773	16.6271749419725	14.8423703874119	18.6945727677456	17.4905834481013	14.0667730622305	18.0449856097195	13.437892831608	17.5309081013741	17.8036735045552	16.690428122606	17.7351413538271	15.6332448443988	17.2565927078873	14.9165164739528	16.0396948099837	15.9718671906505	15.0591462005764	12.3002828833473	14.1436120560763	17.145625982161	19.5886916711062	14.110450993897	13.474870480649	16.9239220568647	17.616182715914	17.2013041135229	14.6959326704081	17.799962237185	22.5211597404987	12.5804538940544	17.6464840644913	18.0297769016132	21.900651228296	16.8148603782985	16.7833388293945	15.1348223398016	15.4168068326293	16.8740050531571	18.8738809544511	17.02239928256	17.0446921906942	15.462624153877	15.2245109866292	15.8341075570922	15.4022807760665	14.66988791774	17.7158481832995	15.3877322215236	16.1011243845602	14.8440308717096	17.1855363262072	15.6637291374561	13.7432205716417	16.3396347582403	14.3554735689754	15.3998691699689	18.7246109095576	21.7620924238271	19.9027469846405	20.9579464817181	17.6055046621673	14.8448751301752	18.4101200443501	19.46106486362	21.9132219933255	15.3037210826157	13.9414577572893	19.6983636491632	13.9939092336451	14.4423504064959	17.0028786031076	14.539921427397	15.1212282292008	14.1802832402411	16.0672812243164	16.4818676122866	16.7118873550233	16.5175724938084	13.6849790663908	17.5326587935229	13.414439277094	16.2381556151111	13.9590525833366	17.7976193626428	20.5845977645423	14.7670706489722	17.3703572755161	17.7947503632375	18.0819790322976	21.0285680081814	15.7277912384737	14.9017036348159	16.4276550030085	14.9607121424128	17.2980268922451	16.0540805276509	16.6918236222471	14.1861842537606	15.1587285478652	14.2933086878858	14.6447206793249	16.1721707111452	14.9704148538616	19.4422395108481	15.2476495429775	15.2442989867507	14.3005598945066	13.8170348316686	17.8463368242199	15.393929685761	15.8998397382795	17.2436858254936	17.5795354182147	19.7576476219478	15.6663207940505	16.6817188493448	17.3537942558492	17.3449899529615	16.9821826168282	18.1364915019268	20.0036776529312	17.4211553806527	20.9134961246191	12.2780808983153	15.5035720677957	19.9648211501192	16.2195267216495	16.5396751270757	18.6886903105968	16.6049028363474	16.5116481785267	14.2803267318488	20.1690830857022	14.2048131433495	21.6701961181067	18.2555624863028	13.5382788118751	16.2768920569548	13.7824285046494	13.6633471864644	17.286614994365	17.2385013969766	16.6748329715072	17.632575027734	13.7947384061971	17.785685002353	14.2741594226764	20.1717535744297	19.9927880357544	14.4911162233163	18.2272067078042	14.6668385161585	18.0821927705982	16.5465375818318	16.328856705813	11.843073451326	15.2947812806065	14.0337394890926
CZC3326	13.7259170207575	12.8674120395783	14.5112589738761	14.9681414020869	14.1477981339508	13.2506799450841	17.3425956494302	14.9191366826568	16.191079469345	18.5263373012855	13.8514864874964	16.0340263176563	20.8958790456987	13.3783447981808	17.8857533141105	16.5273663127528	14.8725913119063	14.826609091472	13.3334374699085	15.2335335134389	15.3538696748838	17.1895754399308	15.1794137402374	15.5284561198593	14.9548998932625	17.1603606814167	13.5491326578666	14.1346157088629	15.5947857618688	17.0842597349991	15.1106297774634	14.9584831576014	16.4539823833482	16.1239500633943	15.6009581545017	19.3667692700897	17.7460193047591	14.1294040436787	16.5702791143944	14.0457608921676	18.9332564108991	17.4718368307701	11.5478404525462	18.6906083571291	12.8086585314102	17.0933007052733	18.7565887578584	17.3799547046377	17.3930956422676	14.6050933520631	17.9028147246617	13.8277946980184	15.5835720484563	15.8740180211133	15.6934370008988	9.4438104843502	15.0823303459596	18.3068119831669	19.759984369023	13.9514074336265	14.4629634017322	17.0476876624852	17.1388953113929	17.0030053411046	15.3004990455137	12.0420224024052	22.3968311908489	13.8379736988358	18.202403275032	18.0173273291995	21.7560647630563	16.5793365386562	17.3017160454353	15.0473124917429	15.7210399118828	16.2372760334263	20.1394425897972	17.6803471920395	17.6349245166414	16.3095145395917	16.2023854166382	16.7540707551144	15.3260034438554	14.5600428951673	17.2981935971316	15.7895834867313	16.6864470299861	15.9101199362054	16.9506833844273	16.3086291629942	14.0970172733376	16.6208119974335	14.7408251104254	16.479833714945	19.1637593081953	22.0698609277428	20.455965501852	20.5154172459742	17.7469520890879	14.7264567596465	18.7480599533092	19.5668737526913	21.8376851372687	14.8358612269906	11.0794788459073	19.533383717988	14.5098026198974	15.6901094902969	17.5002189573111	11.6375690200206	14.4212144584597	15.7280565068068	16.282841314343	18.0784360934206	15.586327858105	17.9413042340154	14.6377340097541	18.7370537649852	13.4651775465347	15.5446813294242	13.9047794486014	18.2602089792292	20.2215444913474	11.6816222935904	17.721204757281	17.6220166263903	18.4316195128723	21.4194914647217	15.3323894389725	14.2517893505228	16.5722292002724	14.8245868385328	15.1110988010281	14.0755443597812	17.023871486158	15.1084425842974	15.9756221310474	14.8728933197765	16.7559005240877	16.5131287982149	14.9146632585835	17.3632367558496	15.7241168792841	14.6194244850454	14.7487126882241	12.9406381062368	18.0863368164736	15.9455822460789	13.9529150158292	17.0127734064508	15.4826157613606	19.058571407449	15.6096761596326	14.2486381627246	15.684136042826	16.8505108858586	17.1324087388142	16.5714756107379	18.2974194923093	16.2436254552133	18.9250946434754	13.2544367694374	13.7785308918202	19.3961403769485	14.3306921489148	14.582843174749	17.1429362111416	15.0064567839389	15.8961821058762	13.1363090570036	19.481903942408	14.1913327706752	20.8947865498952	17.9041938834161	14.0692042529884	17.1593632337293	14.102449557906	14.2490418072768	16.0052762491764	16.396337266694	15.0701337754089	16.724446843149	12.938404658792	17.2293559759227	18.5538558476135	19.4157740957705	19.3516914561716	14.5559770834739	17.0707373306068	14.1038866537761	16.7239844987648	16.2820878797675	15.2716840080311	14.2518795180215	16.063185274705	13.3165576581484
CZC3333	13.4535693721119	12.7924489738751	14.5839883011524	15.1155554204279	14.3294231654892	14.3894546026902	17.2398627613165	15.1464947237944	15.9803291666368	18.1761108321154	13.9826771385303	16.3398102065443	20.6265479454307	14.8960638087204	17.970184035227	17.491962908241	14.8424780254045	14.7596344603443	13.79701316577	16.0369624256615	15.7067099584284	17.0969202577588	15.2118668924674	15.2134626261941	15.4732997676131	16.9769757567191	13.5958597334722	15.6592427203113	16.220371560005	17.0471229662981	15.6127763684319	14.938783456109	16.1819763804859	17.2205813794963	15.0332177952804	18.956616107933	19.1368721524336	13.7297814113658	16.2815828919911	15.0805320730858	18.8391286779391	17.5423360287761	12.6080017747603	18.7826512364904	13.9399291870719	17.8499734107172	18.3817962058299	17.3094837782752	18.0591255067313	15.9261626857257	17.6500561617892	14.6672553177931	16.3226024689937	16.3243624557694	15.3895187043564	12.8247666800246	14.5280091611017	17.11753658892	19.7111566113983	13.939808025447	13.4469554801483	17.3457388706822	18.164518465081	17.6357567025184	15.4266717700642	18.121798993386	22.5154308889147	13.4714636677507	17.567964243516	17.6616972641851	22.0044170085137	16.9540658024226	17.0193278626912	15.035407424137	15.9132156929898	16.8138702573101	19.2532830589572	17.5603156708044	17.2008872431106	15.7148472792236	15.835965252341	16.5246241514643	15.1204072229533	14.6517267040568	17.8888067545503	15.8158326480551	16.6675251619103	15.4901003623856	17.3631443928862	16.1453148767764	13.8934202795164	16.4136944267051	15.1682337533423	15.918247632871	19.3689183920196	21.7556168545506	20.5374230521795	20.8878755815661	17.747281468407	14.3815573477501	18.3946880800989	19.4329638007351	22.0196175735288	14.785662519536	13.3690344559141	19.9122000259875	14.9006169786117	14.777730606445	17.2708087212809	13.8955488188587	15.4099969869533	14.5452439252236	16.3004469889755	17.4481398886764	16.2599082258704	17.0653929726401	14.0154062264433	17.4842848959169	13.5098729645765	16.3410831701001	13.4217906855865	17.9226583542062	20.6016434240297	13.7134749181092	16.3601835696043	17.9072701433441	18.3200611408324	21.1171472517175	15.5806258065783	12.3749431140305	16.3453615305896	14.6390453545325	16.7991631905425	15.0446477507963	16.8339986375139	14.6353778865107	15.4677326748449	14.5263568117638	16.2202531939714	16.3302441301953	14.50402257021	18.4005819839872	15.1804627245323	14.8308603867542	14.586986029733	13.6563032288248	18.2017335964066	15.7214726856818	15.3702562535813	17.3232784894975	16.5964591526416	19.6271144264323	15.2029294318326	15.7208025876975	16.3316710176402	17.3122506396686	16.9981672795696	17.4409342909011	19.1696767145303	16.453718113052	19.8482456015605	12.8670493283791	14.7257112893728	19.5096532932688	15.6927528502606	15.9869645144986	17.8427322320474	16.0460127147423	16.2067081320797	14.352899234006	19.6397489758375	14.4216023351109	21.2071508887586	18.380169968915	13.6732287461332	16.8322096216002	14.0092695241803	14.1910422103904	16.7647305938531	16.7615255866173	16.214156835052	17.2483782602341	13.6805099169227	16.2638711426036	18.7991677146971	19.4811943290057	19.5598808281983	14.8011078246612	17.4480150028849	14.4415157817872	17.2663943981945	15.5537040307694	15.8593662558617	14.4006554748541	16.1756361202502	14.2188882262184
CZC3378	13.8054453005853	13.2925671159422	14.8195852897781	15.5847153483338	14.1115064508866	14.825938547857	17.0145946224932	14.6191696022761	15.85753661772	18.0983082854665	13.8872671023202	15.8595120337691	20.7306344350234	14.6599685719449	17.7784434450867	17.6838090257749	14.8231892266034	14.3971394772502	12.4179793630371	15.9012096337512	15.0857344564184	16.9361873336603	14.5983133632407	14.8176990180848	15.301898279854	16.5677971572307	12.9029659677812	15.4948955602608	16.0218727669162	16.8179847491316	14.9986579211142	14.6406140315804	15.9335587989689	16.9976734648985	14.7533288458442	19.0333579601193	18.9709940750332	12.8346815236192	16.0683058688873	14.7345537291994	19.070419620145	17.5270686426017	13.1384441953918	18.0973763702531	13.5174954148785	17.414181948216	18.2161465276069	16.8231621824794	17.7063007303714	15.5296395127289	16.7607768201009	14.596335134424	16.0580057603477	16.0560073654336	15.1346139088056	12.7337798671839	14.624939694346	17.2592763452427	19.7461691991842	13.7842794629603	13.637043293872	16.8589265061348	17.951589002011	17.7869595746445	14.358970618675	17.7090208034316	22.4351442842208	12.7454434491611	17.8114020532657	17.9421700049215	21.988379136027	16.9473898784595	17.3087375259819	15.1329406963752	15.1954300728608	16.3515768513756	19.2383361504079	17.3586219596928	17.2352352563472	15.6131181975927	15.5416054174994	15.9269944543921	14.7965899475642	14.704690800268	17.2632361942728	15.6141888327942	16.2911044331669	15.0175181385023	17.2076722602154	15.7395629360874	13.9234013184511	16.1741370441629	15.0657356622334	15.5230895532311	19.2480241154844	21.912626584756	20.7391873493129	20.9696181883504	18.205855404562	14.7245534709399	18.5440385777277	19.746447590947	22.0094724413948	14.6102587323276	10.8688622943552	20.0125662887119	13.8384776641878	14.744121579624	17.0351468376134	14.1902570826847	14.8835236300341	14.4713186528791	16.0675106977432	17.3759608415244	15.9537616005366	17.0535531680239	14.081770250774	17.8805120996706	12.8346080641372	16.1020028282179	13.5028453009202	17.5930870108797	20.3796486483796	13.7389477416061	17.46961754782	17.995865692983	18.8190193635224	21.3295577639652	15.3228605577069	14.2652868577781	17.0452463252102	14.5862975427671	16.7365584343405	15.4639094527091	16.7887251743217	14.4450600743752	15.2642211197702	14.5531722197369	16.5906754328216	16.2054299413891	14.7065589329564	18.888210190556	15.765825554277	14.3744426745354	14.5715169676274	12.9893498253058	17.8061612661724	15.8556298784691	14.7298172088508	17.2386793385996	16.3817725819635	19.5884731763042	15.6965152230165	15.8399336548333	16.5224374537285	17.4417314515069	17.4007501275076	17.3210926546456	18.974456559252	16.8652009554166	19.7889032862575	13.0732705889688	14.5366406477566	19.9094725059509	15.6254409769676	14.8134669708549	17.7117398338648	15.8986850253493	16.1766126556623	14.1366065820592	19.5368603785684	14.1974083544767	21.2971266783302	18.3423513727876	13.9456121209419	16.9881129771678	13.1342918217874	13.8873371654262	16.5345803932585	16.4951237337712	16.0112368433103	17.0798467251027	13.3184659683647	17.1028988368041	18.7070226089772	19.531699318084	19.7989816392791	14.5133888596002	17.3842139455937	14.1548314497405	17.5290581758331	16.4335613456117	16.1442008448979	14.6145214020819	16.7610643465523	14.029846799336
CZC3401	13.6661099675614	13.4065524245904	14.6340998056635	15.6641190859832	14.0371281223525	14.7195365407484	17.0000346207238	14.8064702030924	16.48260827895	17.2929741715373	13.5518939759744	15.7665234647786	20.7402879757942	15.0531316718628	17.9332853962025	17.398644795488	14.8227954099337	14.3025228107437	12.7996876089664	16.5208344774691	15.1217794472829	16.4557683124954	15.0003630568215	15.0504017124518	15.52670934638	17.0139969001143	12.9055447053046	15.3465628387989	15.8077075078711	16.7924996519391	14.2950636202639	14.6858530916752	16.8162631889088	17.2637567408841	15.5611385832918	18.6484261632111	19.6139478092102	13.7411789464821	15.7337801437464	14.3117009750376	19.0086270855499	17.3723434308612	13.9448713563636	18.3570725173166	13.8875065380033	17.3711793017439	18.7087387654764	17.3286773449833	17.8607318418906	15.3203618385485	17.8907649456454	14.6685970900447	15.7081308218231	15.7836023889545	15.1041057529731	12.5752067473642	15.1491505593936	17.5594155726	19.7956109676704	13.6886453852123	13.8779920260682	17.9041479245839	18.6429224823555	17.7537160610648	14.6570573624003	18.4680251177561	22.510137922515	13.3131744999736	17.4830357935567	17.7700938687026	22.3443963323238	17.1127267578057	17.0518258463298	15.6864966284031	14.918701758397	16.6812827376367	19.0526537716689	18.1103425627678	17.1672510996781	15.4590439359182	16.0366962114402	16.3328275763335	14.7557612954061	14.6170412725043	17.4089650273841	16.3734098264639	17.0482109014974	15.5369692323536	17.0791894739411	16.0741228480589	13.9623950787952	16.4659263100574	15.7321677178582	15.3320491171749	19.7438847463079	21.5307663495585	19.6371116969755	20.838639519107	17.659320404208	14.568133559074	18.604233761354	19.4182967885489	22.1574870849572	14.4474294785549	13.1819527800839	20.5045791547695	13.9124774746219	14.928956304239	17.0555106497115	14.2037506360363	14.5715677116408	14.8282292116454	16.7336179479675	17.2685884225684	15.9505882754744	16.793004593367	14.041844795222	17.6238257479396	13.0107160057051	15.853336022997	13.3838138668142	17.6193136236977	20.4627032129596	13.6838167274165	17.8520164986458	17.5291034846949	17.9128074308254	20.6627636937042	14.7045057970626	14.160093498719	16.1139760008406	14.2231941740295	16.7757336479498	15.3056992363483	17.1771324623251	14.4060948298012	15.3747547007855	14.1461530553433	16.3260027232122	16.14676316583	14.4327134286417	19.0589196666421	15.4732969400828	14.2073832016557	13.8939577211257	12.5593800411877	18.1567900868501	15.7097219567617	14.7441794078636	17.4091622259294	16.2536482211267	19.3673840362313	15.34452421136	15.520651706037	16.3459010875793	16.8480096054548	16.5946092797248	17.411114257876	19.1656805037459	16.7306006088799	20.1750031854474	12.1445873396502	14.3484919212262	20.1570737603483	15.6935473591424	15.4610472299373	17.639981117506	16.0502536766494	16.2192703282053	14.2921412092868	19.6027593383193	14.415840131777	21.4559674321866	19.1328431281463	14.118320987814	16.8550684603692	13.8633390045935	13.8629186265271	16.77486400047	16.3404243055344	16.1208560066686	16.997078333004	12.7778084795048	17.5119781680631	19.0917893820598	19.904962159077	20.2169289289719	14.8891510727885	17.6211268462121	14.5023540952461	17.7931071999257	17.0420287339324	15.9956352154779	14.0924744375048	17.2693773102533	14.3287311846198
CZC3413	13.217201841059	12.6082039520254	14.1887748762466	14.2458926834009	13.9932040283355	13.4376809467408	17.0656621300858	14.6324193203384	14.9885329916273	17.9191358427435	14.0066735537903	16.0363926123229	20.4059640856068	12.4098436962385	17.6972207682817	16.8674987318821	14.7115987343576	14.6389141425983	13.5394650360101	15.1518474936052	15.0635319604099	17.2401881066073	14.2617875338214	15.175509202077	14.1567357677204	15.5112326360172	13.0284398974672	15.2202647798315	15.8084158856557	16.6069273801066	14.5952153887204	14.9963397723645	15.3890237975234	16.5802545512458	14.5064443938831	18.5245601338848	17.7488932965933	13.5542014987718	15.5115549367227	14.1191477921705	18.4842941269691	17.3473548015311	12.0437315572765	17.990851712767	13.4518690106414	17.2668429508296	17.5698187300761	16.906667150263	17.0156846998426	14.9297037701625	17.3151263517468	14.0367067063196	15.478541078068	15.5204043859464	15.1126901941538	13.2095451002676	13.8155949244053	16.4430078203028	19.447545094062	13.209919849486	12.3764539094885	16.3656242842631	17.8532535165342	16.6612458593408	14.7681991073684	17.0112493992237	22.3322951831287	13.1243398862232	17.1891337904109	17.757668858071	21.2938510165142	16.5483815683174	16.7473158572145	15.6108003155516	15.9100943619857	15.9159339136567	18.5079610559424	17.1610663380214	16.5602668304644	15.1379630983945	15.3654044732218	16.0637083320623	13.9973093189576	14.7395815922385	17.2883689781212	15.5652104214875	16.2615926770417	15.2638140563695	16.6000623736948	15.9988861029543	13.5877261945958	15.8442530126278	14.6695477801792	15.1723442361038	19.0186434018128	21.4510607071352	20.2433113414858	20.0662199997453	16.3936174738594	14.5219705312482	18.3507327337156	19.1227747356713	21.5901337883516	14.3950738299305	12.6063554510076	19.1447171466924	13.5917688107666	14.0056615876201	16.8568522687252	13.8357052456496	15.1638050215122	12.2335952951512	17.2910467101204	16.9683401161243	15.4747221492348	16.5411971044124	13.3591089779051	17.2964216334885	13.875865720421	15.4588817088854	13.7364395319468	17.7877487268981	20.288406109015	12.9433159633903	17.4403671107859	15.500658301505	17.6775183003958	20.5296682112132	15.7893218173248	12.7526745467049	15.2634039227423	14.1288036131267	15.8531719140439	14.7744459921371	16.5058749945145	14.6337008867791	15.1326212319824	13.992322706636	15.9889162128845	15.9951830913473	14.8276861593861	17.6781899761427	15.0229489623551	14.2064214074829	14.0939682442812	12.770684087808	18.3384785827782	15.4980765244606	14.6080822338221	16.7341385911096	15.8866390496685	19.202263282701	16.6798096846072	15.0057359582703	15.6745567457611	16.1451131355237	15.9852064748115	15.0801613302602	18.5805480700049	16.2578635263594	18.6811508240463	12.661548088652	13.7940862228245	19.0517307637611	15.4629579551183	15.7853336929926	17.0818854754514	15.232448963548	15.7129989701225	13.4871279873613	19.8945089125713	14.2640942163686	20.5738902960412	17.9014784335055	13.6820335589461	16.4578701569384	13.857768822315	13.5093643844463	16.2385382960493	16.6536467168246	15.3561101470397	16.6474121691338	13.2232822982274	16.4063793818773	18.8693695598372	19.4752676906346	19.0237930117872	14.5009271856499	17.5079978938386	14.1682277465112	18.119930236674	16.4358713442612	15.4211764633159	13.7957895594024	16.8327721490892	14.5608731071207
CZC3438	13.6783936906866	12.9914680487938	15.1393729134175	15.7127314897548	14.1239729281661	14.0091850868626	17.2787108412963	14.919411003319	14.9199664083865	18.1137056970533	13.7956370290126	15.969973315744	20.5301874302919	14.6982074690156	17.5820686500783	17.5258454391696	14.7972889756267	14.6950621993269	11.9767082385043	16.2524634056096	15.2950819741722	17.0357340623044	14.7125761702406	14.9969578960883	15.4302273501628	16.859252600306	13.126930146622	15.5462078485681	16.2134764519053	16.9223016989867	15.1064036885849	14.7960080314433	15.3297574840102	17.3879178147103	14.2665551959529	18.3834030965356	19.2210256282561	13.8321809929066	15.6366121048181	14.8771396698997	18.9355681961131	17.5690063608121	12.5164405172933	18.1664561565488	13.9218476724941	17.7092678456335	17.4843824165925	17.0520714296368	17.9760237248281	15.6698651381623	17.5917035389368	14.5047357756725	15.9613048418214	16.1002101682295	15.2460343740117	13.163501167368	13.9723528484411	16.4127334096888	19.7317471348009	13.3287424464559	12.3287584907497	17.54876834891	19.0179146797509	17.7437372481394	14.9861091527866	18.3286351117194	22.5461985932686	13.2154349732664	17.4309623849758	18.0600691585986	22.1042064022936	16.8902261463872	16.8442917652852	15.2576556657166	15.3334769612813	16.9501915624571	18.6215476273502	16.9806349387216	16.8443306320383	14.9800024122302	15.1945392426169	15.9959712449763	15.2709027267985	14.5407202698381	17.827754682588	15.5407497616514	16.1501988939458	15.1464572645062	17.2170162567585	15.9690641459681	13.7537958513337	15.699729488466	15.0637950286567	15.7255794299229	19.1990177944815	21.7896157284115	20.5556281485743	21.0505717328781	17.6129184358373	14.8243608888067	18.3414607497739	19.848996599345	21.7335719944287	14.8547477821897	13.0496432850228	19.7127290163721	13.4773610285536	12.4601110405539	16.9245073906621	13.7572584330875	15.4045580050473	13.9327560509483	14.4777537084093	17.1264464930596	16.3293638299314	16.5952783923495	13.6101623734422	17.5018881838643	13.1528032403299	16.2347156541101	14.0450766008556	17.7404179563656	20.6657878887431	13.5021466884204	17.545045614276	18.092190190639	18.177879140668	20.8479451999566	15.4362330349242	13.3016358865733	16.1613982076188	14.3784525724411	16.6755698060916	15.4868961527723	16.3424240832238	14.3044945635603	15.061400134155	14.0795606383376	16.154228715689	15.9755799603514	15.1077722114147	18.7785280557992	15.436453054556	14.4328968279432	14.2622345750517	13.251368995996	17.964804755173	15.5748966906491	15.1810994420318	17.5381820036107	16.7064325872112	19.3817929523056	15.8433607722965	15.7220547992118	16.6390153657385	17.0056850528805	16.6533182494718	17.7098602395877	18.5189224354018	17.0988272238245	19.9972619051305	13.0867659543444	14.7453680742254	19.9577196137651	15.9766654927145	16.2288818918122	17.9623389681087	16.128150413982	16.3880576104748	14.295822625346	20.3087563913441	14.4530604436214	21.4369562239375	18.5224394129414	14.3590637544222	16.9561534125293	14.4739561608786	14.0648162242553	16.9215827970126	16.927280201275	16.3309970193307	17.3342935202343	13.6538986531129	17.9477577790299	19.3203549374503	19.9668747679968	20.0069166397158	14.8588686765689	17.6570017935514	14.5956712789282	17.9054886069948	16.80965416776	16.1373677816837	14.1981857706505	16.8095673526872	14.3026415541372
CZC3441	13.4233992944077	12.347502475772	15.1640442910876	15.7402472876056	13.3818596964759	13.7693851619045	16.5613994086354	14.2752349735246	15.3317022369507	17.8657319625054	13.4250188182654	15.0786536297282	20.2329806069854	13.9178600688936	17.1445000404722	16.6511505042619	14.7195839823423	14.1728374404449	11.6428737997278	15.826912749884	14.2749052742955	16.6264036234985	14.2517129574416	14.8435208504842	14.8721831867846	16.1700650056656	11.3919388359339	14.361412966429	15.3864091190814	16.5073607967326	15.1051807050148	14.7044624464758	15.423743249211	16.8713212359498	14.4076287355283	18.5586261809584	17.8389737360457	11.9200689884177	15.6716056680636	13.6094785804006	18.3231301741175	17.4726392172453	13.9299590624682	17.7204622982233	13.2592535356302	17.3122050422626	17.3657930786665	16.4245744037348	17.2267594749292	13.8739062420141	17.2536290617073	14.5209779446469	14.9820788097823	14.9728896314241	14.7270766707823	12.1290190150278	13.6862323785629	16.5021806554886	19.6650668442527	13.5647419626323	12.5671895113606	16.9270195581041	17.3582520651433	17.2094664777492	13.9674221448929	17.5081070712463	22.4168045273835	12.0557651909593	17.3835712267556	17.0508338411723	21.5954848291773	16.4288684346169	16.3296151180193	14.3019988861173	14.9506146634507	16.53531264041	18.5053815675849	16.9658701237478	16.8556390167621	14.9061707601019	13.0151010965369	15.5155755367978	14.8420820556687	14.7143703197466	17.2755734489938	15.2843475764317	15.839043023116	14.3466065813686	16.6194418613181	15.4606632418371	13.5800490143586	15.592106551423	14.989092659057	14.610745842579	18.9257523283399	21.3179005084145	20.3704885896808	20.720636512701	16.6924541924747	14.5441967435578	17.9921024899593	19.1766994169293	21.6462409512754	14.2671024395796	10.8808996304623	19.1971855531438	13.1834291105757	13.8636158400364	16.806360099862	14.880740361253	14.846947092473	13.8294148299962	15.8218582681144	16.6734800649588	15.8729130575506	16.4667455387995	13.1008924591043	17.1965386167857	12.5415461053255	15.743695738358	13.5906409322153	17.2661317667986	20.3792079759471	13.4534349180572	16.7188034522699	18.0423961064162	17.411191662914	20.4606116561572	14.297208464944	13.8537895971125	15.2020193445934	14.3033644890025	17.6195841342772	15.9855649462786	16.8426615651505	13.742855010239	14.8684658189607	13.0634655923467	15.9501279540877	15.9378705847913	14.7579699271048	18.7938860588581	14.8724095206192	13.6207644291687	13.588948327495	12.4071040104887	18.2110735707084	15.1918814777045	15.1606589272908	17.0548915362406	16.5547039501611	19.1578379577525	15.3020219232116	15.5213907540403	16.5427533807392	16.1819623864985	15.9535545941031	16.4840385853852	19.5925403837604	17.3002077970805	19.984703283647	12.6351921100289	14.4003584065506	19.8876928501645	16.2735859234163	15.1533166881408	17.9814811286124	15.8262442043333	16.3024148053916	12.680958910909	20.7650073720796	14.2488590325453	21.6128154324875	18.527170760384	13.7835024071561	16.4067639674116	14.1054622773178	13.3490615963549	17.1032862688764	17.1622168806422	16.2388464163231	17.5203129124182	13.3841742210705	17.285537061396	20.0535104877178	20.6866776952381	20.3966047568802	15.018584869066	18.4312408749782	14.7687582564961	18.3261639673105	17.3503184301226	16.693958232934	14.3713043462122	17.3355918505787	14.5844728270111
CZC3452	13.5235779786267	12.7188205499303	14.4644324755959	15.009661068009	13.4333645141461	14.503010397771	16.5989021281306	14.6322300307165	14.7426275569474	17.7696564363952	13.6162786806067	15.4465192146345	20.3162868829516	14.5302552545337	17.2945576925314	17.1798863705707	14.7227507945837	14.0164132037966	11.2095536426625	15.8182349647954	14.8777300651085	16.8683027978458	14.5451104468806	14.9542465122578	15.0954372433553	16.3371564086017	12.226210812605	14.9918995503957	15.4747345386811	16.6386100507809	14.7964363258183	14.3630362636447	15.3856733923273	16.6616991714762	14.4612849216434	18.3866957421741	18.538610604385	13.5582694157168	14.9105245197457	14.0819125007957	18.4780456501935	17.4394344797369	13.5422109401106	17.708153323878	13.0285776207963	16.8726775966094	17.2480394312141	16.813833600576	17.2711067377085	15.2557268140846	17.4171546865594	14.2373820162031	15.4193671242232	15.6301754718792	15.1802830586483	12.2222489246844	13.7311980473925	16.1722827615679	19.5037694390472	13.198739027603	12.5212290847334	16.9757119564731	17.4144260253324	17.2952008599227	14.2002772835473	17.5983322507685	22.3379367200748	12.5763288387702	17.0895354031261	17.3484293634953	21.7038443463996	16.8599001482924	16.3705429941376	13.593680823215	14.3794018454829	16.2492069958782	18.3550540395981	16.793862906298	16.3588355025163	15.0007414560545	15.359488646058	15.7255019521569	14.7177550918579	14.7576054939429	17.1247377724979	15.6719053423952	15.908747008967	15.0392386508189	16.7445497525871	16.248114519888	13.4102144209797	14.5153139318373	14.6920177933923	14.6703701742183	18.8028642226484	21.5060665485973	20.406737651699	20.390259866039	17.5292829558205	14.6503427402002	18.3070588579542	19.5465582551615	21.5801629650154	13.3500774167475	12.4530993732467	19.6204416753816	12.3117612666055	13.3173623101134	16.2739368396414	14.6104517798666	14.3073587424448	13.5702136158432	15.7769609395345	16.401729087483	15.5744087301262	16.2509527330366	13.366854414185	17.4578036848876	13.145242639942	15.5138743754756	13.6544372136928	17.4378245271034	19.884750876494	13.6304967013014	16.8644394178959	17.525262093285	17.6210905059977	20.5444952949499	15.2963066662858	10.4504947755427	16.2455612482876	13.5441729475622	17.2236606639913	15.6835643408682	16.2049218313835	12.3102592449178	14.4859520084	14.0617529733065	15.9761692648339	15.655904187289	14.8342511096481	19.0750359150525	15.3000772589482	13.7006477206877	13.9343361513018	12.4659848496148	18.3720203890723	15.0247276860537	15.0913627154378	16.6784367363734	16.5839923369962	18.8699985989674	16.318929708258	15.5803435819421	16.3796024301981	16.4741499597429	16.4265313153078	16.9954426453659	19.4431536678159	16.7863874868377	20.4512439417188	12.6779323502641	14.4458799006072	19.814749958418	15.6989922423368	15.7629967916312	17.6949073031523	15.7719245683806	16.1443904223334	13.4063592375159	19.7819075885829	13.9062543074778	21.2832210135687	18.3435786724919	13.950573618736	16.7457131291895	14.3751914826354	13.8583865986067	16.567208652012	16.5963386407562	15.9629942627677	17.0932592345835	13.2581437640698	17.435695672544	18.9932907284482	19.6577185507843	19.7673313234781	14.3652128272375	17.5756171585462	14.2278459349687	17.0691425752121	16.6123279022406	14.1034002078704	14.4721954013516	16.5438251986652	13.9495661614163
CZC3459	12.8917600429666	12.5641122413079	14.8154799111289	15.0917956896025	14.0231679903293	14.2511938625163	17.1130477978835	15.0046359619292	15.8700768491014	17.9511424888033	13.7252805967395	15.9141179776899	20.3456979501563	14.3743653175339	17.5649893681637	17.0894370186237	14.9383442939329	14.5838458135139	13.0739486085053	17.0302729285679	15.2472447478568	17.0109872630395	14.9907090310988	15.2155117611484	16.1314269795936	16.6064808314606	13.0991602031847	15.5975411310857	16.0679568299099	16.8084430176949	14.5062666757105	14.9271196800353	16.1267896097382	17.1006356610403	15.099643804602	18.7530956995004	18.9408934629544	13.896251141143	15.7747351364502	14.5910185606777	18.6852297278737	17.4933133204088	12.3873594321341	18.3967593148336	14.0088492221125	17.7590632981862	18.406154872866	16.2665041042857	17.7549157612668	15.6055432687026	17.6278710503518	15.07718278829	15.8072860376223	15.7916725815137	15.341669563794	10.4925793021113	14.542894550244	16.7731262381603	19.6927274880768	13.8037137706792	13.4393880688774	17.8969920646663	18.1688936685343	17.114709424255	15.0668803052347	18.1099457026428	22.6641844972229	13.226652136316	17.5195234340126	17.7533016557885	21.904761245035	17.0294453958358	16.5893414302911	13.5148965961774	14.7212412139886	16.7765393080043	18.7321162869191	17.6374209266095	16.8762926519201	15.6827505800451	15.6801188461715	16.3732961305294	15.0870549826781	14.7164936912903	17.8463888478068	15.9902151382237	16.7269383387007	15.3219615929866	16.9413298339732	16.1378369871606	13.6523817542958	15.6116884162196	15.208494713428	15.3192252216275	19.3795531070696	21.68307163495	20.78203593832	20.6950578688804	17.2664705095862	14.4422586385161	18.3491776999024	18.9148474755007	21.7249028942476	14.4873706046532	13.1966816379887	19.421190061235	13.2817290756396	14.1517149079928	16.2874096357379	12.9308955542659	14.6378535264832	14.1272529089791	15.6988564840531	16.9251102631932	15.8899432483916	16.3692709432269	13.6770105266443	17.4334078369882	13.3497103574407	15.8767985795728	13.6773981736299	17.73701010242	19.7682381273201	13.3094627902111	17.4101564452931	17.9242036131144	18.123325030076	20.4025186105271	15.4317587056144	13.8704623175993	15.6061418914197	14.5118306076472	16.2591806229611	14.8312503540861	16.1432111107216	13.7336973185991	14.4035578000243	14.1777502001107	15.9336705021653	15.4860033601069	14.7501716028424	18.4372787537071	15.3472906058412	14.3400657961456	13.9207785870453	13.2462633381148	18.4846161632606	14.9223897256317	14.9942452705131	16.7654290450639	16.6044046423285	18.4477378944281	17.4990208365679	15.6236118468157	16.6598073966581	16.2597135716788	16.0896188922774	17.1205628889811	19.2080638447792	16.8646642880116	19.7986744936184	12.3144058756408	14.6630029180066	19.9904240126258	16.1606180095998	16.0597987736912	18.0013453262026	16.2131046645076	16.469389225467	13.5812718836561	20.3679108673153	13.8128504302598	21.4713071956483	18.5987697544796	13.9391815596997	16.5323628527298	14.2019022344884	13.4827583584968	16.8661595187323	17.1261176452179	16.2815005319851	17.6512644235973	13.6018432362736	18.546648920427	19.8761796195279	20.5450388970354	20.1877715491574	13.9880038249577	18.4431681219212	15.099796211503	16.9518410571546	17.6729260229538	16.3600670887809	14.5914851609703	17.5026925341774	14.1303911369713
CZC3497	13.2923923974328	12.6960572139922	15.1156931412429	15.6812615264086	14.738518639443	14.4511203953114	17.0865467415111	14.7299056670804	15.3889500659316	18.3654074874861	13.897898805323	15.7138936761613	20.9343339228117	13.624473483384	18.3648713420218	17.3907554692016	14.9561395192405	14.4447118811934	11.8110577203085	16.200887060564	15.1189094115439	17.183960084945	14.8849199225454	15.0705985483574	15.530270483755	16.9158160434839	13.9734641350314	14.6335573405779	15.5866012441015	17.3674169548576	15.6491539809942	14.7647233329522	15.7121381233316	16.9540468278041	14.685676336956	19.5180319537947	19.3452170673082	12.8433384776608	17.6814348474745	14.0875991406935	18.9972944515147	17.6673507411307	14.2656698837704	18.0683662515547	12.4161201718272	17.0506903207682	17.3386033779738	16.9736515025128	17.4742527097352	15.0850332655584	17.7130881923946	14.8421188369299	15.3634034321036	15.3634034321036	15.5629173967153	12.4126047235239	14.3957853906794	16.5524836853954	19.8260517985991	13.8866587361748	12.9383436198834	16.9387269031501	17.8224621833211	17.8349161617823	13.8077019199508	17.7708775321166	22.5600578666872	12.3775893365141	18.0707491903065	18.1849170098275	22.0866024641969	16.996778060598	17.1035222835569	14.0497785561322	14.7630234760448	16.6388709952803	18.9365875920052	12.5378814366013	17.5164777849441	15.3683795362635	15.5031905715525	15.7147427217789	15.4656699862068	14.6706481269438	16.6970278325914	15.4999107080348	16.4207274207376	14.7997437283204	16.9749338335456	16.0871527414571	14.0990499960429	16.0629344263957	14.0759488080871	14.5777197760858	17.0890155066691	21.91715066865	19.5150428095384	21.4231639029148	18.1008595838413	15.1863188698056	18.8516990574867	19.4481474317449	22.1025245042664	15.496398671749	14.4392726147593	20.1525612213337	12.9408680366399	14.1634322035225	16.7439319937263	14.2954042662481	14.485518120663	14.1603561259098	15.7083377363269	17.0179234672376	16.4856177586239	16.6595212438896	13.7339519144571	17.8538483523593	12.8819437702126	15.6781799182891	14.1552281932917	17.8148800511928	20.5425360625943	13.4209748331622	16.5437539682456	16.8375613635362	18.844038463627	21.3537115503514	15.4388594029513	15.4741774630304	16.9341958614708	15.5817652735297	16.981357162808	15.7436428343807	16.5484507141348	13.8646665875777	14.7600337503533	14.4730197271436	16.0513643283479	15.042077494708	15.1637114939429	19.5125450350105	13.3203971460288	14.5178777190732	13.9619465825009	13.2001718939613	17.8242914525778	14.975920572407	14.7853983600155	16.7650559812348	16.5421198769239	19.8343483598215	16.9508602512766	15.4733919590542	16.9187331971346	18.0364274951475	17.5596946109284	17.6655262028833	19.562174724986	17.5038954865706	20.2500268538231	12.6465119885725	14.562993649431	20.740341918239	16.0341375637137	15.5342496646332	17.7673928445408	15.900666712347	16.8177982730821	14.6509067625028	20.2432802344397	14.1605296190606	21.5243989328345	19.6268846872357	14.1672933314275	16.8404118811171	14.4613922154487	13.9693539360077	16.0834864057197	16.5712088573586	15.3349312384588	16.9914956866904	13.5769148860536	16.6778162945391	18.8702887576066	19.6050747620978	19.8988206588488	14.4809857195072	17.8113482745692	13.9598879466745	17.7754379906508	16.5064385673909	16.4240322360832	14.8700377300963	16.659835633318	13.6350614052871
CZC3506	13.572695692302	12.5244090323096	15.0516492863353	15.5649659757667	13.9569293365931	12.8876974768007	16.8470909561908	14.3681771313714	15.5277065075649	17.9964976846591	13.6738592310357	15.5963335682079	20.5046734442555	13.4991247750038	17.5726014110284	16.4613008984756	14.8833931190553	14.2877218485315	11.5429532979763	15.7904884734662	14.8167840621669	16.8769388478123	14.4729867609581	14.9113369546364	14.7666435836108	16.8094750253693	13.2958439509581	13.9776440629456	15.2573551048767	16.6604448350785	15.2930193185289	14.7056591926827	11.8956787995969	16.5107678361272	14.2962919905886	18.9846005420478	18.2112731505636	12.9111390984932	16.8819062527264	13.3806596112595	18.4373910478824	17.6449609121588	12.4682559936333	17.9033783836697	12.7781219773187	17.0258371411873	17.7791029339874	16.6086696366179	16.9982508343327	14.3720271930542	17.4017347419972	14.2080776058976	14.9741980909019	14.903269358372	14.98376659794	10.2730244428745	14.0703622443204	16.6630187822194	19.8342542983572	12.4708997769572	12.6460014299479	17.3242456589553	16.3781854623558	17.3736782608119	14.3548959519015	10.8289838617658	22.3146171794233	12.43328442278	17.6949781959626	17.628820652038	21.5347854172314	16.2097284410823	16.4060728571039	15.1488444728762	15.5252492234595	16.3475264830351	19.0316899251224	17.1229209523085	14.6646491207903	15.0807763412239	15.2636773547628	15.6797744466161	14.8921896013007	14.9039815716272	16.9993233805203	15.4808708460578	15.8886342047102	14.7152142361196	16.4742516135495	15.4621615738821	13.6302597680329	15.5056741473184	14.603556194491	12.5156049412719	17.0510936719594	21.5377284305209	20.3278758079001	20.624909030294	17.2646970026826	14.8345572835517	18.2721902083269	19.0783161858017	21.7787908217313	15.0326028553466	13.3736092993832	19.3137146281423	13.9176733973003	14.8926149671999	16.9199663466987	14.1423676014174	12.126473194229	14.8757917728859	16.003571659942	17.1973849323342	16.1236320259123	16.8190975234989	13.4230440216827	17.5469642916499	12.7681889554103	15.48653825077	13.6600532818451	17.455242873576	20.1964506395663	12.848364100166	17.3700682958016	17.6321021647214	17.6471599834033	20.982542921744	15.0398617461597	14.9202806255365	15.9855755019403	15.0832404455285	16.8812629344223	15.2840837572149	16.5573665204878	14.2319284724968	14.9579320597691	13.9150128042215	16.3688439560217	15.8935305448387	14.4103568262346	18.3370149490928	15.0573759293285	14.3872015068106	13.8742835889969	12.9665104629307	18.334846706245	15.0004381465555	15.1513352349103	16.5850114972803	16.3618284040594	19.2725293374573	15.5126735816191	14.9934100234259	16.237894474881	15.8794631560095	16.5109883154049	18.1810539277231	19.5732881733983	16.9619210650906	19.8465597678532	12.8122047957302	14.239517000888	19.7677672454164	16.2620608741154	16.461263849506	17.8419790323643	15.685196421361	16.0799756728059	13.4912426524439	20.8206105792604	14.1927547249954	21.4732626859671	18.6995243414051	13.6572321349145	17.0106976287575	13.7863999992006	13.9226819060749	17.0414324453286	17.1982205110571	16.0808664560555	17.1702087460287	13.6029550258447	18.9229337086535	19.8429332663093	20.4591457830824	20.1310749879075	14.66100567739	17.8372269667401	14.8209508442633	18.0676182068369	16.9998662108852	16.4880982165749	14.0858510865232	16.7656640267102	14.3626124810793
CZC3510	13.0876659748475	12.2764450267226	14.4097588156278	14.9060092159723	13.3735591648921	12.7333881605364	16.3928526815154	13.6965894332301	15.5109329903674	17.6993966770252	13.1427421144037	14.906007376103	20.1601549501125	13.3766789993503	17.5381606029039	16.4521484022698	14.8380464795368	13.8838275084014	13.7590477560361	14.8495165816891	14.3202538025081	16.7444782195447	13.6579498929906	14.0884823653012	14.4773605269193	15.7000556564838	12.5443939747398	13.7160976810961	14.624937433174	16.1060578111246	14.931560589269	14.2523662717378	15.4513712154948	16.5111489313608	14.8326530304293	18.552455746777	18.2312680055346	12.3631697134897	16.152809199009	12.9539095019637	18.2799877333076	17.7044393243172	13.0670338077853	17.4558164133318	12.297851984245	16.2592835917664	17.615698450918	16.2043394009811	16.5900867083348	13.5202301303215	16.8660692204952	14.6240216121441	14.4912284221065	14.4463998345346	14.3920358841234	13.2030995753271	13.4741523269894	16.3624256481206	19.6434041438537	14.2451516261965	12.534991796423	16.5023369006196	17.8915223316777	17.310403297823	13.0078024797314	12.4379568918285	22.2763753897737	11.5482402686347	17.2711324641089	17.3068308902016	21.5251763007782	16.5528138045368	16.7498211992984	15.5800257305318	15.6258740289075	15.5186320829683	18.0513273028897	17.1325996264844	14.9581748574291	14.7837399296858	14.5470156112685	15.3834343343201	14.4244049736085	15.027171045583	16.3958200552325	15.4419721350502	15.7200178281937	14.3989380331677	16.286292685513	15.2767785087686	13.3852517059109	15.7448744873538	15.1468128209693	12.5360631111442	18.6508277346337	21.3822578657459	20.1462433150289	20.2578747122872	16.9293171109813	14.2813467737177	17.9636454100094	19.6004803025711	21.6078452652132	14.8142151329472	13.2542097455972	19.4629992485275	12.9716953919505	13.4436153116438	16.5057814028562	14.3642601587153	14.1825867875954	13.7333523911841	16.7596966046197	16.3356237700033	15.2111976549062	15.9044331216267	13.0287016282114	16.5828014935563	12.9636018494357	15.0455068422495	13.254859525448	17.0158463875449	20.2628994405141	11.9068130056069	17.3995266411568	17.3660170938747	16.8124308260732	20.4291471353711	15.0468627597029	14.0024619106939	15.475456443622	14.5918993967106	15.8933020758533	15.7118628700648	16.3150651820996	13.3292089377782	14.6620367815735	13.3157819276795	15.5621786411515	15.3297107010923	14.4120976017991	18.1475820287387	14.8162040665202	13.6134870500861	13.1958699858894	12.4505753309786	18.5998028019712	15.2864075209279	14.0987036123341	17.0091724209432	15.453855668936	19.3337793070729	16.1431106623043	14.1257870408801	15.5454156670472	16.3101624309386	16.0411938437718	17.4217982473801	18.7544859307273	17.0514689045818	19.3737089081887	12.285945649728	13.1837127546868	19.6761328563142	15.9145103639979	15.4082544904952	17.1733067054059	14.8329446211413	15.8159113346708	13.6327065068286	20.222386663663	14.0907244291835	21.3270836551541	18.8860263834633	13.3105869494905	16.0697311089539	13.7525314769077	12.4082207705102	16.5471351076082	16.6551586399113	15.1536762359754	16.9844028862851	12.6651460800535	18.1671598838615	19.7584538980556	20.3786001418719	20.4393994028789	14.3173161724837	17.8866924840474	14.6437545076199	18.6672902772189	17.5964496894917	16.600861686879	14.4167843211307	17.6959864171004	14.876470026013
CZC3521	13.5030460108613	12.8079069558382	15.2503894811666	15.4512117355022	14.3581280854427	14.8872629904737	16.9509972025604	15.0555027672007	15.253988236184	17.8689468332278	13.5824357739308	15.9452504508085	20.3855952754607	15.2658238621394	17.5265848808288	17.8446791911475	14.9630774950513	14.2445076112025	12.7358982195333	16.6775107450418	15.4801493753117	16.6692403903742	15.1726757681768	14.8883689894044	15.6620151964986	16.7459189684805	13.1924175990599	16.1374726180662	16.1897505374705	16.7154445108926	14.546837498054	14.5559628238431	15.5127288902154	17.4561188454063	14.5749098908693	18.6566070443008	19.6094866499636	13.2486669609851	16.0530658168263	15.2407697026153	17.5390805622127	17.6789218513995	14.3061939291159	18.1993017525113	14.2602889345577	17.5305953526015	17.2178995686878	17.0407010810922	18.0907670594918	16.2362296534631	17.2295604823783	15.2515599645107	16.4150294811099	16.4351400548962	14.4229267191632	13.328638448845	14.2696514783071	16.5160673414087	19.8768552932107	13.7918745570007	12.7602857150305	17.6077611681468	18.3739756590885	18.1164593415969	14.5447419992065	18.3781690606283	22.596064533465	12.8591543625156	17.1727438590588	17.5143957678805	22.1415841840014	17.2201276769868	16.959611332293	14.5118815793605	15.365846787846	16.8828067221678	18.6006291203133	16.6896636396323	16.6975499904746	14.976584080765	15.583608101495	15.8765466922864	12.2445038326667	15.3635135294496	17.8319208617679	15.146871946729	15.9092276370536	15.0819313832917	17.2024474724498	15.5850647642273	13.4714281223971	15.7263351795487	15.8610610698527	13.625515480513	19.5584706265749	21.8526184532046	20.7007123806189	20.9694557778863	18.1514186665384	14.4046075945099	18.0515516386127	19.6870911676915	21.954831558836	14.9977701999116	13.7618926610438	19.9954280663294	13.6204867455384	13.9536390704972	16.8580366032694	14.8983980051549	15.1364405639729	13.6517452346285	15.612436257381	17.195937988123	16.3045476573552	16.5401678481561	13.5232497225581	17.4262324678877	13.1289885966913	16.402327237073	13.7022308690409	17.4124166429239	20.548987058804	14.4134515235654	17.562836981471	17.8270216680471	18.1835902925797	20.9005061921059	15.3245766597667	13.906852712833	16.5172084511453	14.6006719585247	16.2747650284875	15.894536672116	16.2825662643315	14.2612752073378	14.8288902651929	13.9380691414078	15.9427981483959	15.8183872179315	14.8649293153214	19.2389203277584	14.9393640661088	14.6134037036846	14.1342696584528	13.5099310108041	18.1704771145773	15.8756175365538	15.9182180504021	17.3758071876395	17.013951981329	19.320541325093	15.7587234757596	16.1568025234643	16.7507846693154	17.1324489923154	16.7377516280467	18.2509233518804	19.7733875545241	17.4168858668801	20.6210679557726	12.7617745023058	14.932574292867	20.079798121011	16.0118307867228	16.5364715029096	17.9877305715171	16.4468428058221	16.2258642360881	13.9261766517183	20.4853670410789	14.2692821799686	21.3535348888872	18.7539096616964	13.8772591474218	16.8199978145645	13.0603402449025	13.9128124847412	17.0356790118275	16.9091370910744	16.3781277364709	17.0077048975654	13.8885773374078	19.5248715639734	20.441296746558	20.5693571955921	20.0849197158264	14.5658419897526	17.8792654224012	14.8728729265373	18.3382081595514	17.4353048704416	16.893800532098	14.9423241994773	16.9406122956336	13.9943410154563
CZC3558	13.6265286578844	12.8889680396438	14.9966822631972	15.895306877453	14.2520658511356	16.0134978461404	17.2063069294993	15.1957597578605	15.0952460451262	17.7417564672577	13.8048259969921	16.1288684494328	20.3241179302879	16.0588846606002	17.4086256669314	18.2469279773513	14.9193736974214	14.4241447272909	11.7057272344824	17.0954436967183	15.3143772148293	16.9094240917331	14.7312179889515	15.1107122984106	16.2731108529786	16.3335727282159	12.8347289920822	16.2886795839088	16.4917430023674	16.7497292229827	14.9610684973991	14.3812425534258	15.3645258806221	17.6512888871577	14.5032076929697	18.6369395440628	19.7130688602898	13.526402801174	15.4493223908459	15.3151869819844	18.8636024979823	17.6843941323559	17.0477515848852	17.8126532074331	14.0762958187691	17.6506540862259	17.4507640976677	16.7282875545129	18.3941914855751	16.1627059449624	17.5147861608665	15.4205686843226	16.4412927059809	16.4355865652629	14.8434890205871	13.8033425882738	14.0209349399157	16.2136506726046	19.9046381769266	13.1892588397724	12.292637887308	17.0034913331659	18.9235631618216	18.616860924856	14.6763883487155	18.3081985999242	22.4431254341672	11.9121655846456	17.0408833028674	18.0771426440108	22.1831198773278	17.1787706806001	17.0516623250604	14.4223794049744	14.6764568071948	17.242248201641	18.5207007396861	16.9808817032393	16.7692679189976	14.8679443821543	15.1922013326657	15.3091788811477	15.3701290847567	12.8879907955964	17.7382313987549	15.4758255508709	16.0607961331637	14.67032536334	17.6030717492898	15.6687576887181	13.7411734858922	15.7433542306209	15.6063330969102	15.2287605836737	19.2618322165097	21.708204378754	20.3793651764565	20.8851480861563	18.5487336290474	14.1364844431887	18.1540782004656	19.7378404249595	21.9273374679888	14.4738740925729	12.4789847131284	20.4681296610539	12.2152477185229	13.6684464723915	16.3911213848299	16.4659433036478	15.1232938352924	13.660737263903	15.7679150741768	16.5552493370322	16.8643463436226	16.0324631715795	13.6312320405714	17.3097372480991	13.3780262598394	16.1679923198684	13.3983553932738	17.5685811606233	20.3628552963465	16.247147680323	16.3883250745803	17.5130849594751	18.217182863132	21.0104371764963	15.1718242597059	12.2259932786085	17.0043263637027	13.9336074696897	18.7312962156565	17.869585813531	16.4198326148097	12.2224539443983	14.4896091129573	14.2011857932549	14.9086411445191	15.7747624051499	14.5228677873482	20.5364156718273	15.4912149218042	14.4225597893233	14.2951827227933	12.6838841782969	18.0870959783115	15.5728896481385	16.7285088698756	17.1015267108332	18.3748159976673	19.5449831771039	15.1656655825898	17.592829394649	18.2138757484067	17.5273378067734	17.1106486602605	19.081730681334	20.1241701245274	18.6016479373435	21.3877867945425	12.8625081146979	16.4895232588399	20.4618167956244	16.3768174404302	17.2111615045535	19.251736940845	17.5767262091186	17.310475055277	14.3610776433828	20.862997811916	14.3811489342231	21.962449652941	19.0388823757661	13.9559484561776	16.6821013235208	14.0323785180835	13.8603387734939	17.4806215890743	17.7914496821903	17.1854485436914	18.1950234836673	14.9588405734838	18.9561868056005	19.9788893252164	20.2376126314586	19.7248883359987	14.6289898163881	18.0273117403528	15.1137517253191	18.1777960847621	17.2982347079985	16.7575668101638	15.1157332846709	17.1182432062792	14.9069116312051
CZC3563	13.6532169323778	12.6535036108182	14.9454756897525	15.5177587159694	13.7163780418813	13.4230368702224	16.824255807287	14.6067176352985	15.4964174153238	17.9816642501808	13.5581242929921	15.5250945490994	20.426604620636	13.2482355683362	17.3917055567305	16.6224292104042	14.888849532701	14.3319104436245	12.1550799364886	16.2602696081725	14.6811209608124	16.8247902943338	14.4672919941155	14.8938787986644	15.0044140643093	16.8546609597253	12.8833022139102	14.2758551125564	15.5644670276795	16.7270052960525	15.2538961686708	14.2323466717775	15.7129642618098	16.5265009823705	14.6206356932553	18.6900843089221	18.0460345172505	13.4338854613781	15.7804418119198	13.8243670779531	18.5237861356285	17.5633095789967	13.1944517011119	17.9525016161711	13.0473479558583	17.1855244995018	17.8632273947351	16.8151614008871	17.2220365742024	14.648404042951	17.4565958045293	14.4128021173438	15.2576091066652	15.2082130227606	15.0596178582975	12.0763953022215	14.2327869902754	16.6615719616748	19.8481890724411	12.9956577038949	12.6389069244634	15.951902462336	17.8236295478259	17.5071233052268	14.5412626776444	17.1301523718309	22.3085114478787	12.8440412764954	17.4064009106655	17.4723433344044	21.5562882443342	16.4724212675875	16.8208940012906	14.7714133183409	14.9816642415033	16.7434391974295	18.8083003670314	17.2030281758655	16.8595826752611	15.1560547193745	15.3260504760378	15.8666876131819	14.9004931255472	14.8692208712006	17.1078902596716	14.3015239978965	16.3322406880102	14.9750989138219	16.7566540181314	15.8837974471867	13.6763981996537	15.4921999167243	15.100489998128	15.176393462356	19.0182598526567	21.4626180173017	17.2598001734422	20.5012933874996	17.3212965162159	14.8950115822498	18.2002286947944	19.258882803249	21.7797144362853	14.3527863544675	10.9564938812963	19.5407716419288	13.4371574442587	14.1254241284103	16.7256872628707	14.2506006512371	14.4585544253018	14.2505319874048	15.7700983154338	17.1066113505313	16.1765894102165	16.6836997440083	11.423751011052	17.7146574294366	12.8363707091054	15.3272777873771	14.002121205942	17.4942053055812	19.9803130079574	13.5367805968582	17.3000726258756	17.560923045339	17.826714717662	20.9663314531297	14.1011947905624	13.6964380051003	15.8538745620588	14.1353126305708	16.8848886579348	15.910359146816	16.3018788789902	14.179996175817	14.607051236831	14.1092943584534	16.3893904721067	15.9171845546244	15.0622995362323	18.7937660763789	15.2781101185828	13.9967050832301	14.138510240208	12.1601920596546	18.1155914968474	15.314713679628	15.0178591735094	16.6981554621322	16.5804138471511	19.1211110838018	15.1203642288757	15.5537359884217	16.7266810313187	16.7292765129744	16.6507563675154	17.8562837914688	19.2754557227455	17.4634741108051	19.5758773153268	13.0031188236755	14.5562731639105	20.0834551296518	16.0835222272479	16.3564659313915	17.7244617823	16.0040121402503	16.5364194190039	13.5020948172583	20.5731560426663	13.9739162125336	21.4226508482243	19.036485678807	13.7343948857201	17.068010258253	13.623376924446	13.5657908792369	16.819290205372	17.153930344659	16.167916771129	17.2653353210237	13.899277927848	18.6280267135695	19.8704996073446	20.2640135146373	20.1007089176867	14.3007137051854	17.8215378122946	14.6454258146204	17.1497135448539	16.9626097479835	15.0938585694263	14.4313109161841	16.3446592440567	13.9706961866186
CZC3600	12.9070530684823	12.7854718199604	14.1245650293875	14.2044437966513	14.1231628877792	14.1895057122168	16.8839546486796	14.6267057310764	15.6461007933326	17.8690781498261	13.7182724837853	15.5885172396615	20.4007518396043	14.4685156352214	17.540307756479	17.2473910995086	14.9020244010285	14.3156200260861	12.5082265818254	16.1259291875369	14.8927289948097	16.4937433291037	14.6065178671711	14.9829207207086	15.0490046916937	16.7889247572665	12.8208086000139	14.3938213476802	15.6774360854043	16.6245412660758	14.9456392367259	14.6479611897214	16.0472010344429	17.2119245239803	14.8751484588185	18.6921445204606	18.8633959466147	13.4020218950572	15.8817582709932	14.1792646313341	18.676480057749	17.6558205542546	13.1180330452349	18.2470191110619	13.5181099921016	17.4521899999042	17.84808400642	17.1338566179588	17.4788073508183	14.9382307029203	17.5388227494165	14.5022581965671	15.5198053658485	15.5163559768521	14.6032418243315	12.3368347111058	14.2350928336242	16.6569873793692	19.8569468157026	13.7193703213681	13.1617171332455	17.6720925737232	18.418404371281	17.1161397214346	14.7944585955994	18.034555448264	22.5089184032772	13.1123354065533	17.4087709776332	17.7800561034778	21.8094133102465	16.7689377116695	16.8428224701056	15.0373734536196	15.0511280460142	16.8099841542162	18.4554258507354	17.3537983171277	16.8329021585899	15.1765419316485	15.7295874618684	16.1835367996051	15.1077330284083	14.7854068432934	17.540521596282	15.7617310117272	16.35717382278	15.2877010360066	16.9200101133527	15.6810915851191	13.7801752531625	16.0266095526651	14.7053762007369	14.9428113712631	19.2393289966853	21.5796137606913	20.6403912871485	20.8254959541156	17.3195222188739	14.3400765174725	18.3830152397625	19.3627358194689	22.0406764798183	14.6466787184773	10.8958670572681	19.7371131523829	13.7145645766731	14.4122725840916	16.9051588121512	13.4291814638385	14.8932244667786	13.8941637148129	15.5709397022263	17.0667735356916	16.1564734839879	16.6481989107073	13.8073239892678	17.1664627680469	12.9676388109023	16.0995596123439	13.4789295089832	17.7813694528339	20.4982272007176	12.5298171199506	17.7635333034306	17.9431654995931	17.9263651362139	20.8070616786392	15.2410060606517	13.9261080311905	16.0271708075749	14.4959944135032	16.2009474040285	14.4494670055102	16.5074445152617	14.1523822819227	15.2079052548915	13.9543120166139	16.0515033715289	15.8310996852148	14.6035388262817	17.624389405354	15.2134005068982	14.0555136176891	14.0186049240534	12.7752286782648	18.4578099088427	15.4417101085706	14.1640459124407	17.2705164027901	15.4825842194402	19.3480329056162	15.4169993843623	14.489124598833	15.4095610340937	15.5319897268997	16.4824621137819	16.7865302265155	18.3846089321373	16.0083414097875	18.981576484399	12.9434635962929	13.6546749151795	19.1120760904467	15.2714174637673	15.1254873496057	16.8706318305024	15.0355575319303	15.415140980207	14.1317417891585	19.3288638512828	13.9524667304546	20.6587697788006	17.8945346828222	12.1731975556554	16.0988370502808	13.7699556587118	13.2143322404948	15.8769585554299	16.146704015269	15.0959948318286	16.3718541549403	13.0101252153087	17.5645829110687	18.7706623735564	19.2973149739391	19.1821740310252	14.2574435320781	17.3297365331842	13.9517471605815	17.0290982472576	16.3859690254505	15.6346966737003	14.1534776881038	16.2100873278905	14.0297190357332
CZC3654	13.6427734578522	12.9015695009408	15.1523036165408	15.8350674813481	14.1195752492328	13.7686878149121	16.6502177967803	14.1250803529777	15.8613705579236	17.9075656267954	13.7742073219367	15.4991016383308	20.4169679050868	14.3217746782741	17.7719257513887	17.0437172002427	14.9289877905373	14.1194242657739	12.0572793244782	15.7014861484297	15.1107169183987	16.8302370335974	14.3970842824607	15.5294114793375	15.2924463892224	16.5378237992476	13.1593283180224	14.496550781193	15.3379818398985	16.6480106382966	14.5541193616229	14.6553336684547	15.9380447803641	16.9647783734727	15.1303240099075	18.9518478180586	18.8196871031745	12.4489535584814	16.534342064037	13.8921939235151	18.5972410188879	17.485475311913	14.744939584424	18.186922216471	13.2119951756726	16.9252042099363	17.9600673547977	16.8754207521785	17.0948270445764	14.7180583211661	17.4822141432859	15.3313254862786	15.2053884816968	15.2029873257658	14.9800551435131	12.8271214243964	14.1841776256895	17.3156011421255	19.6683645705601	14.1613465517406	13.3406751358253	17.478622663322	17.4687325661013	17.2475635740802	14.2409309157082	17.8327169661267	22.5377943192639	12.499640800833	17.6710621198167	18.0413357584718	21.8602945144241	16.8910498301838	16.7159665436896	13.3404425614717	15.0688010018914	16.0124858793499	18.7991993660212	17.3135515997153	16.8088370845282	15.4446669937658	15.5924730180995	15.8687070050676	12.8601547994371	14.7291388410651	17.148954801852	15.8708096008415	16.1839632225794	14.7793186374633	16.825028764363	15.6671244454978	13.6901279603985	16.1031448682115	14.8302201515892	14.7807033494616	19.1327745742897	21.7390624402062	20.8213148771914	20.7368109256412	17.4262567004514	14.7123452339115	18.4121668910436	19.8756246629005	22.149233405223	15.2485328106114	14.0494591511977	20.0427100342265	11.7385689991216	14.2992768760649	16.7161301024693	15.2736813166443	14.346182520424	14.2137674921613	16.1063882677073	17.3526074649267	15.3690305210759	16.6011771187678	13.8630885363047	17.139633069092	12.57829558211	15.0984999410273	13.5837763693121	17.3842560249435	20.2308943375374	14.2140811265961	17.3253860572519	18.3458046283597	17.6619491564135	21.1482340569122	15.1908210200709	13.6026796854611	16.1423432055007	14.9717818360894	16.9143402997147	15.5305834194959	16.434171577703	13.9393576217365	13.4635529377944	13.8297207472776	16.1014510763801	15.6530042220373	14.6701614673051	18.8135675680814	15.2947643209284	14.5748590849949	14.0723313596405	13.3374752334728	17.4953758228252	15.2152419531781	14.8999306619881	17.3691577254676	16.386717609003	19.7079078673563	16.9232478107557	15.9637926718008	16.1175908889874	17.6831199795382	16.9479615444863	17.4836533086387	19.250653909004	16.4623361527537	19.8336117550894	12.5609053033014	14.2972907486222	19.3722965172331	15.8811675839973	15.0508532908306	17.5225780309582	15.5763900139992	15.6808346582868	14.6310812177597	19.8672377573856	13.7073825271556	21.2618975348133	17.7286719000413	13.9287703953656	16.9489711849437	14.3958268853582	13.8303547606049	16.3743038054045	16.2250962507426	15.7433730130182	16.8520365318782	13.1498089409504	17.4003511745634	18.7752961020996	19.8107421122332	19.8466159770618	14.4670280329974	17.4397231301694	13.6284034939946	16.9379033710495	15.5255254522194	15.6395659506478	13.4112011457822	16.0997816521727	13.3941764017194
CZC3677	13.559913745867	12.7975355691493	14.2633438489472	14.8693031793475	14.6204147304394	14.5531927442389	17.2440099580875	15.0145129909343	15.1800186918237	18.0241182156712	13.8159173812005	16.101585131669	20.5666176206866	14.9155411943016	18.0470507494967	17.847025141148	14.8436662158008	14.7108622706935	12.2022137691345	15.9249017003926	15.5846649212888	17.132560022293	14.8131420563305	15.0151544975605	14.8695872492445	16.5761417322064	13.7117559001152	15.8755471058288	16.3399217820555	16.7602166977559	14.7406526725147	15.0981186008975	15.3990257338407	16.9862331436233	14.0845237805762	18.9679573176549	19.1450041248562	13.5818281182671	16.8161665834326	14.9419963272515	19.0517586461507	17.7466292255535	13.9163125781511	17.9693194807678	13.64892241656	17.4341981456555	17.3438068228258	16.8123199107601	17.7435825573585	15.6953398891918	17.3756204121023	14.209699733691	16.3260363470817	16.2343322701956	14.9801673631894	12.9394331289152	13.7909152095586	16.2159612819052	19.8390715028542	13.5060838195113	12.2080385947849	16.9481520256302	18.222102791187	17.6315072592322	14.6246468375937	17.8589919410053	22.4763151469997	12.4694523953717	17.4158734289249	17.7988696658481	21.9001365883154	16.9212549238991	17.0973280993809	15.1578015513898	15.1582902447408	16.6953485601481	18.0342197064377	12.4328795238608	16.7038779161706	14.6191734367152	15.247563267895	15.7270691802287	15.1836229897922	14.7364043952743	17.5982803778325	15.4423609148546	15.9556451426492	14.8334337856175	17.0271874191629	15.3907893650758	13.6621731149703	15.7525135699905	14.8398846014807	15.2756972992853	18.9250214047262	21.7427779621066	20.447667175282	20.9412507091264	17.5104725675242	14.3394967706223	18.2489471877659	19.4999965757584	21.8116018659257	15.2656350954986	13.5070909878732	19.6934375626361	13.3431121088652	14.1854467433603	16.8737460265342	14.3824209645012	15.3635434651745	13.9107240912803	15.5670971854685	16.6310312034584	15.9943498414725	16.1718318461824	13.3740658849505	17.1225183517244	13.4154563423385	16.0332268597552	13.6683303081957	17.6292384385289	20.9923482005205	13.8452019009365	17.334638951593	17.5915728507008	18.0456738055239	20.8704921997847	15.7216387674368	14.5284335615396	15.88602323168	15.1429794704252	16.7901224925913	15.2982918798465	16.5489769010658	14.5159767754093	14.9243633185589	13.8966484822844	16.2747537306296	15.8659996430379	14.7563206702542	18.8414126393426	15.1060147977013	14.7796819308027	13.9995067259805	13.6251861427128	18.2729876022569	15.5855081405304	15.1848067289554	17.4806217265534	16.4492053412237	19.9060632720146	15.4505467262335	15.9178342338193	16.4906908867507	16.8477161977254	16.5604078587088	17.2898853404567	19.078447064199	16.6950617957246	19.7343299446798	12.9076931389663	14.729830148415	19.8289045115714	15.3993202562944	15.7776412238308	17.6312421219683	16.1529604939532	16.2286567609522	14.0127289357569	19.4688233260089	14.6580069527422	21.0280933654219	18.8804398827655	13.7392140736254	17.026596147592	14.3000372402842	13.7547598222083	16.3511654908565	16.512838458101	15.8603240534024	16.8032086658674	13.8855042043756	17.2227355818362	18.2229333976493	19.065204799941	19.1036290094396	15.157206046966	17.5888423687123	13.7442460404206	17.6512169275666	15.7953772012288	15.6355239686026	14.3883044581795	15.8495540785403	13.6981315746552
CZC3705	12.7670872492379	12.5525784966651	15.6648245377423	15.9596590372238	13.8477007416848	13.5126749216262	16.7596281649699	14.2327228528997	15.0986041298152	18.0363185704625	13.4633496521225	15.352857224331	20.3308729174601	14.5976623947788	17.386959202914	17.1214380511771	14.8051821921409	14.4207474694703	11.647079226508	16.165654015822	14.558227115695	16.6529177432089	14.5311739283262	14.6846544233355	15.8747655068651	16.5422917149423	12.8968959680223	14.7489342862508	15.7242288306701	16.355815118	14.6331655935887	14.804634601014	15.2594593889513	17.261525212144	14.4613598796382	18.6673448800323	19.1397578649553	12.8275378430744	11.877895923586	14.4035902182724	18.5868764266016	17.508982410854	13.9483615888202	17.7594295520905	13.6641922030652	17.4520290078914	18.0534857355288	16.5601472949217	17.7027488602568	15.2704870167859	17.0879052920809	15.3205597350757	15.7598022521707	15.7717124402673	14.484051939053	12.8029191871931	14.1656837675614	16.8280845654772	19.6897230849022	13.2335021086543	12.7312072304748	18.1087332016484	17.2280490494327	17.5255139097396	14.2663139281661	18.3987543869017	22.496592318204	11.4407534137425	17.3697140169318	17.3063276707065	21.8853223278911	16.8471457758043	16.5581854001611	12.7798387422346	14.917500782976	17.2241232739506	19.0181429346255	17.0949100399286	16.9324942462768	15.2911952058478	15.1926873690103	15.6558543743099	14.8270368504952	14.7029140379365	17.4957188857889	15.1584319652989	16.0660156260215	14.4879011191523	17.0566133506076	15.1008368837334	13.2724062217306	15.7945267899653	14.706523229577	15.227251244391	18.8065911388311	22.1318045392553	20.6373869779071	20.7766009334366	17.6646416474561	14.455271604095	18.1306179607897	19.4856015971447	21.7555270426009	14.5416835257635	13.3069828619388	19.5625631375117	13.8859919188344	14.3702833983087	16.8358350176026	14.8580767146834	14.8605668060944	14.0805730512438	15.5840367878902	17.4195218517581	16.635744863996	16.746691686301	13.3811478258156	17.3826122585879	12.7219744758316	15.8838908105253	13.5238051420431	17.4036867575795	20.7200911206633	13.7393655647065	17.5480933533691	18.0179641321155	18.5277540677165	21.5454252561193	15.1382384613399	14.293960398581	16.2940884592376	15.007838271855	17.6786699429551	15.6919133851645	16.6215214468056	12.6792865787315	14.8772721816282	14.0231171615809	15.803669116412	15.7582689687922	13.7590625859713	18.920889422281	15.2255416522844	13.8008022181114	14.3800469285237	13.0191935861343	17.9398698794669	15.7024528617674	15.9767127109912	17.5917120056548	17.0528891578435	19.6332122643539	15.5374335288809	15.6549725375411	16.7470021428242	17.3867374410359	16.9529602107799	18.539007291435	20.2312234835271	17.0356381286717	20.7884588079474	12.128766188905	14.8692047537101	19.9576994458411	16.5152801095926	16.7644227059978	18.3862675590699	16.3636281441328	16.6610832572065	13.6929432095386	20.7147433672501	13.6987290767722	21.7216724291657	19.0526869606017	12.8817355309989	16.2956687056065	13.2062090411573	13.3424341118086	17.5817129481391	17.6239742900787	16.6349116010398	17.7674060148874	13.9383521720778	18.7541818991361	20.2804661001329	20.6345222348116	20.3971682953014	14.0660175084338	18.1463763325071	15.3067495661806	17.5491884604162	16.8748724636476	16.4295622023085	14.847882843239	15.6423468517031	15.2460864778451
CZC3745	13.4808839725406	12.8495675762941	14.650628418971	15.0151280269717	14.5842892119175	14.8657244275208	17.4289692207082	15.1240903346856	15.6612896191178	18.2602763807121	14.0464792266327	16.2701090687531	20.6238754307784	15.241329240711	17.9215050852157	18.163686388511	14.8745387096086	14.3095975721857	12.501315963703	16.3076984227521	15.5095480767893	17.2121586820949	15.0662281466673	15.1321603552026	15.6684248892693	16.7728676130736	13.6863682757726	16.2297760205033	16.6638307341103	17.1023680841658	15.0953148813119	15.0825012439038	15.7620981149556	17.6596676157596	14.7239777435548	19.1017384802816	19.3515639656625	14.0151960994124	16.4271780898176	15.5373162792114	19.2036329331767	17.5922341133609	14.2256410641586	18.2644830909042	14.2605898204073	18.0645447092046	18.2636275114584	17.0118132237229	18.1654025829661	16.2200820569047	17.3844779228449	14.9037032924578	16.6189834064855	16.632448472243	15.409250303612	13.9429957053312	14.4223142322774	17.0278975775968	19.6655654217673	14.0180065724267	13.372417241953	17.3473710151848	18.8916832023272	17.6926726763223	14.7289988338243	18.1849003481128	22.6258706232712	13.0564332450115	17.7374631179902	18.1288959390585	22.0603512919367	17.0395451701776	17.2093553853912	13.8357061658766	16.1035324938902	17.4406474340938	19.0814996884917	17.503588040585	17.4137885977912	15.6228754721912	15.658751573801	16.0613062466965	15.8689784021241	14.4875891207001	18.1928273902859	15.7497381925565	16.5029934213338	15.1542936679567	17.4462215043239	15.9420673810277	13.9580592528656	16.5244611062989	15.408234532283	15.3765123033746	19.2969116328783	21.9667726023776	20.5831129717059	21.1559109220754	17.7624858018634	14.7499853888083	18.5451194595722	19.8826048017978	22.0475122834584	15.3985885060192	13.5314558503959	19.9123150331432	13.5103412698128	14.2353244547266	17.1160615652937	14.1976843776685	16.0086658071375	14.4806588560799	16.6595966075882	17.4291370251067	16.8531627466231	16.6029631571702	13.9830656053554	17.7517890845698	13.7643128130117	16.7763564053577	14.1118933575723	18.1048656532458	21.0442758187976	14.2920973437317	17.9576990895531	18.317187841552	18.8823986052099	20.8911561398047	15.7483059097899	14.4639479321857	16.2580741916135	15.0294747882396	16.5784290330925	15.4984733331483	17.144965287742	14.4812915370907	15.3534457137833	14.257870278514	16.3717847307435	16.467258545171	15.1550417392682	18.7305558718491	14.9890802633345	14.6202408346587	14.737061478357	13.7446928757726	17.6136569803048	15.909982428204	15.118224147107	17.6107635516041	16.6457389774447	19.8852128521687	16.5818613094571	16.0658058648694	16.5704804390976	17.3978484909746	15.7031418215344	16.4469445507887	18.908043983217	16.6969190298071	19.5814711990613	13.0683440915074	14.8609952238752	19.6643206270841	15.3467327891784	15.9042808415588	17.5799607788974	16.0016930263211	16.1942277949504	14.3757419940638	19.4428500176056	14.7345669071908	20.8686801008989	18.1519023071124	14.2431118978063	16.7260986260966	14.4747429922787	13.873323957643	16.3247582349665	16.3813826495757	15.797213936159	16.8115210158214	13.6647435372504	16.8560338865664	16.9556362931349	18.9817972897586	19.0036155743848	14.9174549041578	17.2890041116039	13.8595841948807	17.7944790602509	15.4757963776758	15.7074341775492	13.8005949845991	15.9498516620671	13.8768284631689
CZC3774	13.2823682838728	12.8604415139631	14.6618554896019	14.9058436605586	14.0376136537924	14.4069279211198	17.0244838429253	14.9818086732415	15.435036298927	18.1019777891927	13.8849384003044	15.8159323449507	20.4359619721651	14.3970985367574	17.4863568434862	17.4482528492897	14.714219143808	14.5149352208381	12.7852067239834	15.8414932989499	15.0096295483371	16.949700754029	14.7860504647436	14.9862626400734	14.9085072100859	16.3778683201419	12.8707272572147	15.6976141047831	16.0870615772387	16.8981811205454	14.9018549315444	14.5879641114776	15.5956948391067	17.0362243914593	14.4424236596741	18.7223842226877	18.7470414148513	13.7076960744554	15.6054011023398	14.8149848825336	18.8492999796758	17.4202257357937	14.262418746399	18.3409843672827	13.5722054423637	17.3531004951762	18.2116216879508	16.9165830797707	17.5178385684843	15.7354689120274	17.4208095803861	14.7136845123945	16.0409548831563	16.0446022582658	15.2335878882646	12.7079050190762	14.2636282636959	17.0732821778209	19.604477504891	13.4286969317504	12.8896142062348	16.9756703736057	17.8026833056723	17.6252477074536	14.311164994244	17.6051662710697	22.4075309939244	12.8666771685443	17.3486500673716	17.6526793101633	21.6541758717533	16.7924637282526	16.7248983392025	14.3052219190724	14.1294319630473	16.2483561046399	19.1127034390154	17.4889838606781	17.0161949014394	15.3439667264349	15.4536452085481	16.1066887355688	15.2285627130845	14.6503212101071	17.4819833282981	15.6371192516586	16.5482918957928	14.9910029789399	16.8692545773336	15.8095255334055	13.893759988215	15.7885106246825	15.0082755452986	15.4938495536462	19.1058765403783	21.7254735991646	20.4222667742168	20.7288245476476	17.6801632836998	14.7442120045327	18.4286895834094	19.3399640958689	21.8041518161578	14.4944649512205	13.027291406686	19.4830734868158	13.8552764743903	14.5790998614055	16.7552238433451	14.3928136293095	14.8056984762355	14.6824690498524	16.0168321771729	17.1685147661226	15.6779184501196	16.7768419974633	13.7418740819003	17.7871773316233	11.7341173089421	16.0427222773988	13.6962447407179	17.8314015950098	20.0695694519149	13.3772654178352	17.4520082112719	17.5626131073603	18.0804374593994	20.9248071812838	12.7751449490599	13.6850025605566	16.2350607192817	14.2989947392705	16.7216213941918	15.3296751114362	16.337517508554	14.2102528496091	14.948001992057	14.2553569276911	16.2940966341111	15.8408997537563	14.8076580889311	18.3543312545078	15.3939972736594	14.0895861425791	14.3669725688825	12.8877361665491	18.0519843192667	15.3990553065697	14.6904399315544	16.3393222925745	15.2000244394706	18.9507049720411	15.5461159375555	15.2546287859728	16.070491377023	16.7495290886685	16.6969607831851	17.371044119676	18.8508577145469	16.7664134650732	19.2124506957133	12.7235434701603	14.1599942342736	19.640775420192	15.6022819163936	15.7421165421018	17.2887419833909	15.5409635941746	15.962153824936	13.4349436448739	20.0209626187109	14.1861074928859	20.9487602093143	18.5189897237671	13.3396500791303	16.5293075638397	13.7069875135577	13.6499801431991	16.2491285642311	16.5727237172317	15.588049400401	16.7480509909326	13.3289523346102	17.7510010130942	19.2334453313473	19.7784036790394	19.6099576862335	14.1655403386308	17.6736638231326	14.3639715625619	17.1634615904966	16.4965900219866	16.0341469357014	14.4160038714952	16.7197927571615	13.823791711367
CZC3818	13.5408389577361	13.0224155387453	15.1156459745798	15.472805562439	14.3131274336429	14.4109731661796	17.1761538133929	14.6991229629595	15.6053550138909	18.2841653507088	13.9212644860253	15.9568224097392	20.6726035947719	14.8096426518969	17.6177999215418	17.349446841855	14.815875867819	14.7283168325621	11.7432439515651	15.5673885033117	15.1547384734455	16.6093330404163	14.6284654604527	14.9958965770673	14.8503441718495	16.6127151496058	13.0655452762867	14.8129117030038	15.759086336782	16.8067277327836	14.8505149579221	15.2627573114133	15.7981224896151	17.6540096015023	14.5170121480573	18.941022667562	18.9295974392733	13.2454750448737	15.8649930600958	14.2389286858595	18.630707056827	17.5422128869317	13.7190704795248	17.9755376363995	13.6408803248821	17.610801522997	17.6494287366308	16.8131722435053	17.5828488799856	15.0920030730815	17.6691304979538	14.2304828855649	15.5802745136725	12.0085972978358	15.1211690588638	13.5642238533134	14.058338135032	16.6875908642629	19.7249460413575	13.3915387270639	12.6351790814648	18.1830865069811	18.2119830873193	17.7854873858444	14.3191645408798	18.3042098680752	22.4820597261682	12.6868073746976	17.8482730165367	18.2202301526211	21.8318234551351	16.7313213365398	16.8568529136301	15.0036850795044	14.0416506056955	16.291098396357	18.6952726573905	17.3104503902762	16.8324311864855	15.0137986761358	15.5954652871097	15.7360465689506	15.6727186407888	14.6897929343702	17.520380099007	15.6200699500395	16.3471021360383	14.8077715039713	16.9769002597723	15.5895086759439	13.8984399309	15.9455906175311	15.7892107418918	15.2062378386617	19.2305195652583	21.666694864581	20.9023683306117	20.914050250866	17.6198344313016	14.6979066978627	18.7958067095327	19.8619482485027	22.0891125227364	14.9944254359184	13.5012316565791	19.9625148410713	13.7998676875465	14.5634830828729	16.8232831540442	15.1000323327142	15.1779231712666	14.3182781048588	15.8814642442288	17.31892206318	16.0565222000522	16.4774848312227	13.0028507678219	17.4759166235595	13.3456391844524	16.138027009184	13.711686627155	17.9632038550913	20.4759744433557	13.8333712803949	17.1928517491126	18.3123334828521	17.9738272381354	21.2008987515416	14.8147394884216	14.4264589346866	16.3131031235118	14.8462605607926	17.7414547825949	16.1152269272022	16.7098850791042	14.4955172228785	14.8342449284636	14.0263891370686	16.5648425825692	16.0759773408548	14.7623066396906	18.8828252649015	15.494623647302	14.5892381417674	14.5674395320811	13.397046538192	18.1492989897288	15.566293111471	15.4531024519723	17.558435711459	16.6392105817819	19.626688338887	15.5101475881711	15.5201693222131	16.3228396601119	17.1230082679574	16.8622547443467	17.7057645377937	19.757477441259	17.1708023838708	20.3650996993022	12.9660500700831	14.3974291951745	19.6553599344149	16.1320792619435	16.1601442771782	17.7391222286702	15.6173167563693	15.9869125199224	14.2172784845787	20.6753250392881	14.6869631442858	21.3239847311551	18.1949796710912	14.5043105752872	17.0237663881886	14.4710864692501	13.8301774483425	16.8551378721917	16.9929510661019	15.9236034827812	17.3354989545084	13.0827695762624	18.8704994654671	19.1091045298264	20.2025866571228	20.034358220919	15.0770741893428	17.7187181687255	14.5706931129963	17.9143076585756	16.8357003779462	16.2004700108323	14.1025613772177	16.4347565686742	14.1327860286611
CZC3841	13.5923581078605	12.772965536719	14.2154137110375	14.6672475118378	14.0711830578187	14.0966580381476	16.978375413062	14.8216541882794	15.4066153221208	17.9822733518896	13.9756659036472	15.8752151778368	20.2976668291534	14.4205116234173	17.5621647629851	17.0498707787972	14.7359499048226	14.4587664266892	12.5381020835927	15.108145533519	15.1303617548661	17.0413277048191	14.7975540739602	15.0166761771303	14.4311216719326	16.6791046547748	12.8800017514647	15.4548759974681	15.786789734135	16.8421452535139	14.5538467606437	14.6729449471445	15.6199858154593	16.9283909701146	14.6415949260188	18.5728096625399	18.6153245564593	13.8198717401692	15.5132944853291	14.5576487210997	18.601046645532	17.4014848711857	11.9728436188562	18.1809355006356	13.7520160893741	17.2966523784717	17.8764127020583	17.0621499419676	17.5241248508023	15.3486816037234	17.5227260846065	13.8949653907194	15.7871104624371	15.7770348940811	15.1193965518808	12.6807331275981	14.1527234323884	16.685677935639	19.5288396334708	13.8565901768965	13.1949329964566	17.625147511406	17.3913999897784	17.5375993432662	15.1819273056016	18.0112132436477	22.3945913453563	12.9277188072109	17.2108652439403	17.7312573369338	21.7093323931866	16.8598764281936	16.8043635333133	15.1619277759679	15.3235299008298	15.9309043900586	18.7875045988279	17.3420357204975	17.0217862227769	15.4058061192759	15.6813532953981	16.1424592816352	14.9223643912789	14.8502219070854	17.5226026028969	15.83460860241	15.6177703673237	15.1529128061306	17.0272543583005	15.8808051322749	13.4808720041387	15.8107609240999	13.3531493497618	15.4187413105792	19.2675153766376	21.5298688058961	20.3105335591096	20.6416397797113	17.3554794455944	13.9303412218793	18.3188236496962	19.4920729556145	21.7692810915522	13.4507453545237	12.1545278353046	19.6801679664643	13.6527411703986	14.4658551657239	16.7444566353173	13.7610573196824	14.9298033487828	14.167638031515	16.0146352492734	17.1044801324507	15.209869167451	16.7049023997884	13.7808710493067	17.5282251093025	13.2322111148073	16.0342334254547	13.190129395254	17.7950673962266	20.0980359570144	12.8334255066345	17.2067998148726	18.0211882834714	17.7970004252215	20.7094599314988	15.6100632486812	13.8795496450304	15.9053742554328	14.4359688376278	16.5467690348014	14.6969665964386	16.4706005603761	14.1504770944449	14.2212282668328	14.0997857498333	16.4174511873807	16.01129297166	14.2833790807415	17.7682727542285	15.3113044701048	14.2078385926914	14.2510339008583	13.4492243167012	18.366937600291	15.5811395560954	14.7628664501566	17.0403589200709	15.8337195023136	19.1008380725114	16.4009377724708	14.967764605301	15.5671214459826	16.6643805683697	16.4069847576511	17.2245108373518	18.8131666460661	15.9150431656075	19.3200279576996	12.6615033235731	13.9110542177827	19.0953546942562	15.3732814931474	15.5742516448905	17.2196081692252	15.265814147124	15.51845471427	12.9291401258476	19.3994123833852	14.4342290233226	20.8604669423061	17.7209513698073	14.2588493929597	16.9696485496736	14.6876582956483	14.1252641993633	16.4733577444938	16.4800393201558	15.8574439111331	16.7480024546267	13.0450636324665	17.5307729947	18.7980856101164	19.7227581059877	19.635405508335	14.8655684422694	17.3427138673376	14.3182549404823	17.0436285263465	16.1824479516329	15.774477372713	14.2413948287618	16.1191042911098	13.6182653502253
CZC3867	13.5148729275244	12.7619733384667	14.6441270127427	14.8250553886288	14.0728306125382	13.3826923502241	17.2774052198228	14.9524843324222	15.2092833527608	17.6994618464692	13.7039781757943	15.8040694891354	20.3745235983092	13.6949955409429	17.5448216965174	16.9149862896931	14.7016545040604	14.48238726613	13.0335078580471	15.2911186263845	15.3646874934301	17.312655869964	14.848465183222	15.0280153137584	14.7926779860462	16.6640752958526	13.0482538521417	15.0779599557329	16.093388410591	16.8130778852767	14.9356790143357	14.486672816454	15.5989784261809	16.2845315478135	14.5197000343527	18.52509181473	17.9729746412694	13.4441628591429	15.3292369801398	14.1912237630281	18.6857174596235	17.4102936527706	11.8772608687203	18.1807625335831	13.1570520169784	17.2358763459123	17.9689824965135	16.9019213407683	17.2585584923593	15.2653033320749	15.927284137619	14.2981519365142	15.9112329828731	15.9276644687015	15.1025817883128	11.365351207015	14.0888933472237	17.0354825170578	19.5943222992045	13.4794492019001	13.0192154180154	16.5087679381479	16.9732192227188	16.8008281828463	15.1940799423852	17.3556328143669	22.1654767684989	13.0903581021767	16.8457580338885	17.6911009425032	21.3693027803441	16.4048723987274	16.7041425488987	12.3592973971039	14.8965900657646	16.3177716896407	18.9477278344243	17.3322427699621	16.9313336054083	15.3603516113458	15.3617589945166	16.0968600357833	15.0115031685767	14.7654732903959	17.4582569669891	15.4477174433457	16.4363912190243	15.0594114791168	16.8541132250361	15.5762185170114	13.2653846867889	15.9616996138855	14.619172981866	15.8789990459175	18.9487158946575	21.6032506879571	19.835396120231	20.4727118885559	16.9730957468278	14.2794608011322	17.8251213191867	19.3380190285515	21.6965209449031	14.0415869251665	12.8714960789745	19.3565878865698	13.8759589214246	14.6398513872536	16.9338408392359	13.4568740946465	15.0662066920281	14.6478683071817	15.9528856975485	17.2472298342563	15.6324804678004	16.8188135670422	13.8691666225107	17.8309859763396	13.2481371537074	16.0752414099066	13.7945880776927	17.5698668086789	20.2580731482256	12.9146592309586	17.4326681279893	17.6300310413411	18.3513150745921	21.1231569974311	15.4271938033506	13.1672445263669	15.7800519225705	14.0829428490314	16.2142499952646	14.6696673165239	16.5916907002028	14.4515969053937	15.0749551350004	14.3708470346944	16.3642325252536	16.1783702020954	14.9533662665791	17.6982338352043	15.324731414444	14.144653434614	14.7416264477093	13.5296494496172	18.0429463523295	15.5780452193784	14.7741895418089	17.0528098622864	16.076324736043	19.3618642611615	15.5095390954308	15.1290290455238	15.8863995674064	17.1408351629157	16.8328615259227	17.2143168251894	18.647312690136	16.3416565847563	18.9507157808625	12.7814748935828	13.9979947032067	19.1981352906659	15.4804017294323	15.8578933165251	17.2307926369487	15.2760862554237	15.8267459687742	13.7035209809953	19.8859489460189	14.5065958117134	20.7127137301764	18.0476232177676	14.0665632416597	16.7123528461992	14.0848430738311	13.944429533353	16.2176826149966	16.6050652820749	15.55064085475	16.746227172035	13.0992605649667	17.8772091771455	19.1095965393155	19.5551038347836	19.2500702729857	14.8224583789695	17.4543428238725	14.0733987636565	17.0976706807608	16.2880494454732	15.7513631239537	14.1065722283859	16.3397058136328	13.9219896750542
CZC3873	13.3540465128571	12.7677272231493	14.2314553577795	14.6938570717945	14.1907799118534	15.3502037254864	16.6298286942946	14.9880131358568	16.2153185503477	18.1546086856651	13.5705062929462	15.7156914280578	20.5545279381545	16.1464066060303	17.613953266818	18.4180352002857	14.8686337981301	13.8186769606161	12.4400649592346	16.4754187726844	14.724237254516	16.0992626264214	15.5192192991736	15.3233722984041	15.9584597686596	17.1096061402952	12.6044471012742	15.4912785138636	16.181288640399	17.0425978589913	14.5138520904893	14.6306809735934	16.2941322939927	18.0716507438199	15.4796080421313	18.6622410206835	20.1755245399802	13.3991772120362	16.2150845209735	14.6964834115076	19.3896674663158	17.6505691579146	13.915809516728	18.4097300315684	14.6049305730096	17.3878415032986	17.8685216031941	17.1280538009515	17.9479262742921	14.859384193984	17.829318196436	14.8765302725411	16.0177182587808	16.0242395727556	15.0156538791706	15.4355416757516	14.5212020012353	17.4558003482697	19.8205351297189	13.6126136997952	13.2544277852827	18.2125668014722	18.9671131940264	17.8623581424159	14.2504917534859	18.8630054286414	22.5785141112404	12.9731155480061	17.3980304778452	17.5363753601078	22.3058869760473	17.1284622120486	16.9088001101584	15.6717040977189	16.639530528638	17.995752135297	18.9409167332125	17.2783830247288	16.9949886385861	15.0904523918499	15.899682713998	16.01450560831	14.7473361600636	14.4945443282386	17.5884723342804	15.8784399208796	16.1866683002976	15.1286083508603	16.9712699378518	15.7463667505323	13.8908345663747	16.5786688348807	15.3959158541267	15.0940075038192	18.0312104827375	22.1308467284903	20.8729064941795	21.3127778747585	17.8203679710004	14.4633404720584	18.2098013701012	20.0269759994089	21.8312954583438	15.2698132181053	13.519943639387	20.1412699546917	14.3184377240767	14.7309127111693	17.4078369442334	14.8749827286312	15.4700160004412	14.4697665621077	16.5304366240347	17.5179695856419	17.4001205629352	16.8616606855197	13.9430331070939	17.5161247232448	12.7990136691507	16.1682039840565	13.6476667763362	17.5884260852588	21.2936272755936	14.1557773895664	16.709198834018	18.4549359068336	18.5167283926687	21.2072001594366	14.1432900274389	14.2180057843363	16.3224827482182	15.188312997054	17.2000022765023	15.6630192232549	17.0738747989963	14.3598538226616	14.795582918355	13.9933028857685	16.3677556157022	16.1663157641081	14.7127580211325	18.7883496702871	15.2165553237518	13.5407458658952	14.1965629895296	12.17160167901	18.1530321754107	16.285348016501	15.5474681638694	18.1972234595541	16.4056619164547	19.9115542436845	15.7170486014903	15.3005872100372	16.0016116825611	17.5130036811851	17.097300145765	17.8166015940027	19.3873353465937	16.7683303524153	19.83491657538	13.111037327163	14.2361061790268	19.7028764415552	15.2966976444938	15.9750106346539	17.2899053915967	15.396649510578	15.448801021553	15.2610439576586	19.5605789140885	14.6526761107401	20.7703165739511	18.18462893806	14.2534909725096	16.9315245730296	14.3158552525787	13.8409900072589	16.2763671897996	15.9956748981726	15.0604518415371	16.1762642361256	13.1839126244231	16.9616347553504	18.8180250897457	19.2673630277683	19.1429910028344	15.0433463387301	17.1332128166362	14.2699673394613	18.5763294528878	16.5587599731029	15.7477879155075	14.3302177435129	16.8607722680728	14.8250921259582
CZC3885	13.20068738576	12.5925787725726	14.4100160807044	14.8885293568907	14.3742451217357	14.7960106816939	17.3439066855107	15.2668144526373	15.5312404237334	18.0386893105633	13.6877480281496	16.1387490397837	20.4991410159696	15.3222889154156	17.5459505930563	17.7379259135704	14.7808753287592	14.6718249464441	13.394641481884	16.7533053438085	15.5618975148918	17.0306056741517	15.345857101725	15.3176859486287	16.1424428722007	16.8370195426029	13.0929844157285	16.2588272943258	16.403221866238	16.8675740110998	14.8874233964148	14.9404299432093	15.7870799517827	17.6020962962031	14.8802755521054	18.8937779201188	19.5026535795695	14.1398258416602	15.782817671508	15.3629971580546	18.7583338359465	17.5462011410037	14.3481654909773	18.3762600938021	14.3812969661172	17.9690029345691	18.1567712194653	17.295928296339	18.1748311023021	16.1410243956773	17.2110545352079	14.9208336451031	16.4479516549316	16.4734351062289	15.264002815126	10.8518213007653	14.310058519905	17.0199898129439	19.6975961471125	13.7138893482686	13.3715720137498	17.6318752606803	18.3100650548049	17.6030731645093	15.0288640300251	18.3477678071824	22.5110034073379	13.3394000226687	17.505265943838	18.0833614690355	21.9489700475719	16.8769134490928	16.62877325537	14.5890697132411	14.8310702284975	17.8015216793923	19.0546823255272	17.4054852945067	17.2186105565025	15.4312162058427	15.802762020933	16.258701086189	15.3783093644535	14.593719110531	17.7787662794351	15.752275259755	16.4959891331416	15.3776376918882	17.2022370921367	15.9958714131223	13.3997679588109	16.1045296522972	15.069171268226	15.706275048413	18.9465283990947	21.9284652207161	19.687291791938	21.193299505116	17.9779434878442	13.8948671644781	18.3218854917117	19.4933222805744	21.7223219060952	14.8915763788665	13.1399204138751	19.7660562527364	13.6688689773832	14.6521105352221	16.9461590186846	14.3438244258478	15.5206518952354	14.315715916225	16.2074174827072	16.5482545319814	16.8956388704492	16.8066532092968	13.9926456876333	17.865516785652	13.5664366256966	16.5177210048453	13.2446919533547	17.9153884460634	20.5576295815155	14.2787522203057	16.9218179766321	18.3928053679724	18.2129667226028	20.9486851503486	15.5001293366667	13.7665490418149	16.422761505758	14.488752298753	16.7924387303889	15.5252205510413	16.7784164192592	14.3180944076244	15.1944422170425	14.3086518304864	16.1995318930577	16.0656659034736	14.3096844377833	18.7383836332597	15.0826613475685	14.589237586835	14.336956422599	13.2980418361019	18.2103401650703	15.4819838591822	15.6066454126613	17.1713695678611	16.8309154121234	19.3584240596269	14.969686930203	16.0660196099888	16.6736416978635	17.007133252242	16.5626028165182	17.59091096064	19.353114597646	16.8243785228287	19.9162652177405	12.5912519095317	14.9009829081882	19.7015004590129	15.615158105506	16.0952695736741	17.8420726494402	16.2904934842535	16.2721696078425	14.1953399614105	19.7544063813546	14.3252942396971	21.0687358561241	18.0904776778317	14.1584311207986	16.8766046199283	14.244480226216	13.8429246016605	16.7202915792209	16.7500067494544	16.1998343166049	17.0822785740401	13.6901620771229	17.146138356497	18.8280821901473	19.3609675973379	19.3694053627957	14.5358727919621	17.5406031833098	14.6204320744916	17.7999619311715	16.603856948457	16.0787440317812	14.5765347505382	16.5449609461855	14.7608927300678
CZC3896	13.6361874184609	12.8718198228668	14.4180006463473	14.9074370376712	14.2102843955713	15.0946117827023	17.0399223084808	15.179856656007	15.1661360304675	18.030245699023	13.8838914922558	15.7862812110206	20.4414405189764	15.1236930198248	17.6734549377793	17.6313273465468	14.7250258027789	14.4221371761563	12.3631833762239	16.1318707205405	15.1344396515275	16.9489463973239	15.0855243502528	15.1143318572618	15.0951812712885	16.7815752415496	12.8608330660612	15.6931229668831	15.8665085728404	16.8628842883153	14.8687761522598	14.5648501776552	15.3248306124076	17.4150256633842	14.3022182640511	18.7180584440311	19.3135854860127	13.7224691867562	15.6186315788016	14.5990096198945	18.7445206721603	17.4497979997403	14.3470702151331	18.2599868010941	13.7239696292993	17.3141565329092	17.7493119207851	17.152463750991	17.7176663222912	15.6146666676437	17.4784653079184	14.364823474843	15.895508228101	15.8869758495183	15.3351206004134	13.0718320282417	13.9670171060112	16.36268646465	19.5917640825811	13.232424553785	12.5948222433292	17.404434784273	18.0300432144065	17.7499380869365	15.0275157953506	18.197822111295	22.4359159252882	13.0192441508472	17.2432810239966	17.6292085352165	21.8990132423394	16.9562585806233	16.7888816346026	15.1744646136403	15.1513510472829	16.470148172143	18.1969569578345	17.0648841607973	16.7463959833861	15.1816928747485	15.5654539512368	15.9799911820847	14.8930839428613	14.6842198306907	17.4741449674837	15.5813976555515	16.4435342668726	15.1652836483356	16.9126607049666	16.0833806930747	13.7041491318055	15.6389957298467	13.9826641658287	15.319207013525	19.1059779897371	21.5528336757427	20.3904795462724	20.7306387957626	17.818960947255	14.4735711240769	18.3630059195837	19.3870294458951	21.781701173704	14.6157804031352	13.0520624059418	19.7369179997214	12.9977275657467	13.8673306729075	16.7346359326464	14.295005725953	14.8722025130474	13.6633045459942	15.9645911989309	16.8689365582194	15.7539716584757	16.4924511091621	13.5581139125009	17.6592737762049	13.5573295536603	15.7859731135446	13.8019364216201	17.808376669185	20.2465784998044	13.4111445851855	17.2781196558381	17.8866160745222	17.8740935514752	20.6077862692695	15.5472744078769	13.6074895785958	16.4028291233083	14.1118144532029	16.7159127777165	15.1070299266165	16.2949196127986	14.1062933975649	14.8561023055028	14.0063908003294	16.0467142424724	15.9853515538211	14.2602798994558	18.3930996444499	14.4476225094201	14.0589229745355	14.0293920154079	12.8508148604097	17.8219268653563	15.4606434218908	14.6836455355885	17.0339412457737	16.0598067855752	19.1257478293321	15.5921492900339	15.1828952078847	15.8578881010192	16.7292239474521	16.5636726237442	17.2010112151031	18.8063731209975	16.3619100956538	19.4663406349626	12.8952305735927	13.8468362701453	19.4532726410773	14.850401827338	14.5944441834658	17.0855013009519	15.3674965668592	15.5752289336183	13.7695160329017	19.1113112242773	14.454348036719	20.7201526979539	17.7790992848983	14.1594071847524	16.7840230975573	14.4364290479526	14.082238613385	15.9884867445734	15.9538755614256	15.3590544720832	16.3731170857923	12.8209526200719	16.7850370411892	18.3190832476922	19.0267779365955	19.0893805319655	14.4536862954019	17.1580484550374	13.5750245765206	16.777796827789	15.6941910414466	15.5509232406585	13.9451671853725	15.4292302492857	13.3928528091169
CZC3903	13.1974983951518	12.4989517767218	14.5764082682908	15.0060693550256	13.9346115833571	14.3518996815249	16.9325601351741	14.5851841065	15.0279829294132	17.8745035921132	13.624314041322	15.6184797882276	20.4199208435381	14.5788637555858	17.5026015913067	17.3360502268698	14.7594505282754	14.2922794747083	12.3310157991412	15.5531430012264	13.797476982399	17.0870588836374	14.5153052557418	14.6585291144631	14.7956119559038	16.2805227700917	12.793233053819	15.5709014487	15.4761748278757	16.5618626951451	14.8130764377454	14.6159670041348	15.4962073988644	16.8931999920723	14.4109575127842	18.6087874478002	18.7198720031445	13.3858941375588	15.6435419060993	14.5872493481718	18.5463451130363	17.4062701324115	13.3939903435214	18.2744251816847	13.280705616361	17.0584635073172	17.7155691710424	16.7068543499489	17.3776988513494	15.4979291085641	17.1125532048707	14.302133047036	15.7937378114929	15.7639126353	14.9461531804715	12.6979123983737	14.1151715935393	16.6965068235171	19.5101204952275	13.6185880642316	12.8877936583553	16.8540698600537	17.8804100606509	17.5278588210043	15.5191755533195	17.8159071013195	22.2969654924077	12.7086389056637	17.2608235062985	17.5725594644153	21.5892474283105	16.8122754876453	16.6414392011345	15.2659186590775	15.2659186590775	16.1531633928365	18.511635868802	16.7968460128741	16.6828931039923	15.1809522020867	15.1467906206028	16.4583137011093	14.9248819529787	14.6982506825056	17.3881582271725	14.3952405666624	16.2309626243356	14.930705489456	16.7190956687472	15.8752549938253	13.3767090812792	15.6014718838999	14.2113412342912	15.4615990765389	18.3286765857114	21.597133575886	19.9488558095458	20.7140087219656	17.6261714014321	14.2390737185302	18.2066428762832	19.1065806241584	21.5439508815182	13.9582152245372	13.1905077934814	19.3671992701653	13.1354084214218	13.8674643649154	16.7050201137154	14.4045390464842	14.7692570486835	13.8165699036594	15.7237592389602	16.8190790445449	15.6065173791905	16.6086583657988	13.403085465761	17.3637127835314	13.1632817345136	15.8692235741218	13.5487163621439	17.6573628654687	20.1662015066728	13.5850538158394	16.6157115867028	17.6324984679689	18.3265483315576	20.5779627425152	15.5501153526395	13.6634639630637	16.1940460955026	13.3942764733992	16.9617172094497	15.8110123433937	16.031393162585	14.0123490243531	14.2436411568211	14.0962521078647	16.0538489696847	15.6997327984891	14.6868482158138	18.8674122841238	15.114940336956	14.1162415712092	13.8705680622161	12.9656700442387	18.3127044261764	15.2540666688923	15.1221231583448	16.8097121541291	16.5846822262191	19.0252192401426	16.5379383983427	15.6523695900981	16.3592756244718	16.9466931473938	16.5347954858521	17.7599762752052	19.3608733684656	17.1831743640323	19.9393868203733	12.3634661858826	14.664129255091	19.84802328777	15.8560514995992	15.8436184904966	17.6962923120468	15.9398522267063	16.0190060816403	13.4913313876295	20.10525867621	14.0885225444761	21.196429651293	18.2444995156566	13.7952109079888	16.4939377743586	14.0857078997757	13.7563511338026	16.5962655825054	16.6259234068053	16.0232399288025	16.9699563720741	13.4183987393847	16.7777346590106	18.2077563544323	19.5570872769276	19.5176036116856	14.2792273696459	17.6164904080788	14.2546992257307	17.6246231881321	16.3020723472529	16.0332519052485	14.5173230188059	16.2245953502999	14.0258588361961
CZC3929	13.2745074136684	12.5033639733488	14.6722045539412	14.9409773106558	13.7859890218623	13.9133588649061	17.0569119826091	14.898932720618	15.3319554775615	17.8083681260814	13.4381394008432	15.772848465458	20.3444306959838	14.2875317543021	17.3102096320726	17.0475866143597	14.7551135042638	14.3073976890382	12.2627732084057	15.1513389397455	14.8173163019657	16.8794164623192	14.8435236628592	15.0454211553215	14.4215812221403	16.3144826638117	11.6259245272075	15.124019287817	15.6967569111402	16.834651880205	14.9099874138386	14.4789158417519	15.3835227613875	16.9636523051827	14.4342715249726	18.4493491518522	18.4396912154191	13.7882480337831	15.1862442460896	14.6844228948538	18.3270415084627	17.4595085165263	12.48585382043	17.7234653833581	13.2595425856521	17.3771318645839	17.8428064104488	16.6171555490366	17.5142555851316	15.1080061368679	17.4524854996192	13.7309844917751	15.5881248891927	15.5820111340537	14.8905809974514	13.0157059295378	14.3220804989443	16.7431312963618	19.6669347079072	13.3035225438843	12.704782678635	16.8984776174669	17.2719519957338	17.6274956002321	14.5268835546794	17.6455862425442	22.2395301418792	12.5466707572253	17.1152170805142	17.6727103839689	21.5534562122167	16.4961948140551	16.4007326124632	14.4223370031686	15.2370107275138	16.206012337032	18.9303463970124	17.0782200131816	17.1976330970507	15.3729254894333	15.2761252667025	15.4842238051127	15.1389642504456	14.7494776723952	17.2703830529798	15.4029015707459	16.1748537542402	14.5164752117994	16.7919475572568	15.5950651121348	13.2694339239646	15.8201327294876	13.8703091221592	15.4011658528419	18.6915503040902	21.6601073667555	20.2175131412615	20.9274270331532	17.8492643588696	14.3259973441313	18.1366879254268	19.1348878429494	21.678243186678	13.8792835652334	12.5087194412492	18.308539774104	12.3671413630287	14.4456228410445	16.6917408719834	13.9445366304834	15.1906675183472	14.4320699400644	15.8587503048676	17.0304644412641	15.687144627352	16.6207520690415	14.736144523131	17.651797186353	13.0806609166374	15.9613398086903	13.6473337301153	17.6919963642918	20.2902880475732	13.2310027195508	17.340237422708	18.1387287513248	18.013638490454	21.0723314953638	15.1358848368304	13.2598614046216	16.6161155104045	13.6704695373585	16.7614320849818	15.2214949402856	16.3987960108761	13.9794592475678	14.6783397821533	13.8324514463497	16.0974246450265	15.8961974468772	14.7121400856775	18.2054241661587	15.327288197407	14.1019771017103	14.4295834630605	11.8507643936708	18.0669178119882	15.6469523326737	15.0906110094413	16.9714187019458	16.3540821131044	19.2465056635032	15.3544215064359	15.2671445632214	16.058578849295	17.2265397680789	16.6512578787878	17.0762180652063	19.1566258333076	16.3806903842504	18.5098085659414	12.2116734740667	14.2468490459981	19.2459410035555	15.5206335162953	16.0420730911508	17.4319881192432	15.2975630278715	15.688137490815	13.6189405052404	19.8697890424698	14.1201972218583	20.8311644049228	17.614280935225	13.8091078297768	16.6342295212219	14.0803534457977	13.726488832013	16.339618099395	16.5535783253154	15.5481042544255	16.6795283638569	12.7447960204257	17.8655904784255	18.6958766777538	19.4483448189116	19.2578048435535	14.2722567051182	17.230652294298	14.1497501333369	17.5922135886653	16.2120648647968	16.021288889414	14.4364018144241	15.849608056473	13.4693079716825
CZC3931	13.3612994839024	13.0690051925972	14.2518095650648	14.6033236039844	14.5792337805351	15.4767075617957	17.4442510652713	15.2761637904743	16.0419751357053	18.1797271743823	14.0814430671294	16.5157865393118	20.6740798324525	15.1846647734559	17.9123033716049	17.8617954736739	14.8006267537669	14.7477341088799	13.0322875643686	15.8243191610803	15.5475095512172	17.0656782482773	15.1717387183828	15.1228184590513	15.0571997276526	17.1299721308462	13.2995950118265	15.9903758407274	16.2221743609542	17.0080476312985	14.9227055473261	14.6823449640326	16.2497680751462	17.6922314181019	14.9754590069315	18.935079767115	18.946094447569	14.1424661128501	15.9595803354681	15.0225771855796	18.9328485631709	17.4918873363423	14.3855752206346	18.721251663211	14.3114130944953	17.7839647616975	18.1488427011982	17.372564564359	17.9251169713923	16.0465786308798	17.6567070550347	14.4269570784986	16.2200511019579	16.2021529649973	15.4857267818628	14.187991285391	14.4301118176895	16.9547758267013	19.7077842475942	14.1748003932926	13.3829146977891	17.2839130933867	18.4996644335257	17.6647493610973	15.5928174540796	17.9800509685841	22.5943294367055	13.4460894769115	17.4420716765037	18.300704329085	21.9905664271407	17.0976369854589	17.1752039097952	15.0669721898026	16.0055287319936	16.6762042779828	18.812127103642	17.4437573207136	17.1431996493199	15.5206780687799	15.5870836665099	16.5184481680171	15.1852171244265	14.593329141701	17.8913051684245	15.8511124934287	16.8387580645697	15.4728334896191	17.2896461335944	15.5484335406462	13.8293988259453	16.1717770961424	15.4234059032532	15.7408897497698	18.9586221042201	21.6040137818133	20.8279955397837	20.9810083745922	18.0067873396819	14.7698600493388	18.5051572563858	19.6433969653976	22.1330039162345	14.9939783312423	13.1774311647624	20.0315609589679	13.3373541386181	14.0917335011638	16.8784481403333	14.5044579206225	15.1023662540505	14.0090082237413	16.4134526975519	17.1591819891944	15.8885493287088	16.7201477276368	13.8799070165114	17.8313865703898	13.6066055995525	15.8850984698215	14.0270431129955	17.971592370175	20.2422982390967	13.7247251118357	16.6629871321011	17.9443277814035	18.1347091488664	20.8640630293522	15.532325143105	14.2323828823472	16.8153694771917	14.2957221995882	16.8764089041417	15.3766354551953	16.3951822207984	14.3562779193805	15.2300201859337	14.3068556464409	14.8151790975703	16.1676621299079	15.0858053056221	18.3635523891901	14.823442980229	14.6695102921135	14.3206342747109	12.6463560451463	18.1749986087738	15.8628470855986	15.0023187108122	16.9830679112859	16.0647605288269	19.1535815259439	15.8154095812509	15.4705063816046	15.8789741241887	17.0910294995074	16.7741839206257	17.2400691391251	18.7705556465271	16.4119457283477	19.1173308979306	12.7841556790602	14.0030773038381	19.2984759783288	15.2013812418456	15.571792539036	17.0963268493219	15.5080208762671	15.6514475021063	13.9635582756887	19.5156891905756	14.2527929322445	20.6089390444321	17.9023516611825	14.1648701102535	16.7330581954351	14.2062694998877	14.1190496479921	16.1165241037246	16.2532683283129	15.5429495004256	16.487909718617	13.3217982190409	17.0535870093547	18.5686900138684	19.1354358027346	19.0304861973867	14.548907980185	17.2972919214001	14.0982480063865	17.2908099244051	15.8704336324864	15.7713242213596	14.2924244264163	15.649356736184	13.6805730278202
CZC3948	13.2484569452612	12.2269639936802	14.6712216628347	15.1526508914119	14.1194676341346	14.1702441570119	17.0495792579992	14.9286826599216	15.6934848380351	18.5674310325937	13.7968298945052	15.8936416863025	20.5310502877131	14.6895694043889	17.469851657773	17.2430912529083	14.7708041569573	14.0838866573917	12.5478763289836	16.0468089128556	14.9644182243834	16.8832048548414	14.7205584359451	15.2848187285833	15.4003177249992	16.7343379537449	12.9188821038319	14.5409191272344	15.3560545621573	16.7423053209989	15.2520579094681	14.6942874921956	15.9074209293111	17.2774163991833	14.859006982191	19.0292312303735	19.3332724444377	13.4528090558922	16.2224031207579	13.9413362516772	18.5935438503001	17.567613225218	13.350855653791	18.4978920204437	13.6199503680946	17.045592910083	17.9152438836847	17.1290409295746	17.5075456483167	15.040034410626	17.536281045708	14.5142152180872	13.0774112119165	15.3148646595234	14.9811252963658	14.0516474387787	14.4473300778526	16.7234022209913	19.7470624451883	13.5565868078438	12.8411849087332	17.5500408136014	18.641970461979	17.8168914739009	14.9068336481901	18.2835457391384	22.4697556707899	12.8603426496014	17.529694939117	17.7879975313635	22.0735512460022	16.9084254762563	16.6109794794139	15.3518596252813	16.3281197274874	17.1160145972334	18.8597770382574	17.22491289374	16.9656572779846	14.976031540303	15.7035508696906	16.3525466569649	15.1011366998643	14.5769102335335	17.1270838335216	15.7134139148841	16.2543789289207	15.3527062036258	16.8014889820114	15.7300347743815	13.7296502106857	16.21852426737	15.3691424580511	15.3104339714762	19.1884392024864	21.7401928694465	19.8678189438001	20.9523344762073	17.8586968398419	14.47793870966	18.4459391876496	19.6595763494911	21.8750603587667	14.4692231436199	13.1002959799793	20.0102001735713	13.9243209403827	14.5239214865572	17.2264506604813	14.1099239841844	14.7937589408941	14.2889402527891	16.6110008905167	17.3907844131142	16.5567010604647	16.9570577459013	13.6838459033853	17.4446307008351	13.034053099681	15.0576685843152	13.5195988870698	17.6501986298872	20.7081242542789	12.8883244562758	15.6012894090614	18.1665781716077	18.0623077949329	20.4203205091303	14.6520051393672	13.9736764995423	16.4758164997478	14.5905723649103	16.8355550766562	15.2888360143794	16.7367189135634	14.5168860474493	14.6432061033572	14.0973871157299	16.4207790576293	16.1272703949832	14.5976280007281	18.6568440523897	15.0976658513217	13.7577200351738	13.9203592376564	12.3026330493877	17.9818247789314	15.828418819497	14.9099283155404	17.4069986027424	16.206550142324	19.6384645714156	12.8017901915776	15.1591673184941	15.8523599312172	17.1205705348325	17.1570917903806	17.6117729609386	19.3369260735959	16.6172338935825	19.879791983051	13.0038001666905	13.9269770068134	19.634969604424	15.5992684079517	15.7597736333381	17.3219312227683	15.3522789141821	15.6841016690617	14.3769667142397	19.9381029408105	14.2381837959285	21.1050341234164	18.3413764681209	13.9011352462788	16.5982676417423	13.7030308918505	13.7764998538376	16.2794681275801	16.2218077140645	15.2879017324671	16.5799174488708	13.052296920116	17.3808417729648	18.0446824881303	19.4180680848125	19.4943131996529	14.6018596839269	17.1976522704675	13.7573763031581	17.8842789172825	16.5630187415051	15.6665764264959	14.0340978500759	16.4053827109029	14.1488478271347
CZC3950	13.1844111133604	12.7570104611181	14.6468966377447	15.1178563317802	14.1204568548685	13.4570661837925	17.2006992827938	14.5072495379751	15.3626092225255	17.9847991778065	13.8319714047856	16.1848434978624	20.4420232170447	13.9228253388014	17.693159084732	16.8679063942174	14.730652851035	14.7014459891202	13.4649886405584	15.4294252189894	15.4959499042261	17.3638234917295	14.5424829833386	14.6651714510464	14.8272361742304	16.4765215932044	13.3775418288785	14.8336861724754	15.6014739702933	16.4774752846239	14.721343502503	14.8802583335811	15.7365071135933	16.6980214640525	14.6991163234778	18.8388521276814	18.388924031567	13.5151657546006	16.2520701286562	14.3643132314701	18.3628578377627	17.5862149315146	14.3662747971301	18.3185410626123	13.1651457368969	17.1959887261535	17.7868942309905	16.8472573396118	17.1807386060453	15.160227058761	17.2757997876588	14.4910264732344	11.553315397205	15.5169737183534	14.9902449513919	13.521357060002	13.9596402010759	16.8945395160313	19.5460591635785	13.9492557726022	12.8205279212132	16.7525900497842	17.924031870335	17.3804663745199	15.7323118651421	17.4909137634714	22.3515272963575	13.121694572204	17.4719608497844	17.7106694034492	21.560170664671	16.5521752832553	16.5007500804769	16.2751457286093	16.3453896094047	16.2432847476932	18.3365918640866	17.0550383908713	16.9960769541733	15.1430094032767	15.2416601496387	16.5192247842997	15.2228937668832	14.6374606771719	17.5346319442829	14.7486346980692	16.2582899346431	15.1013922882638	16.7538660761377	15.7028054757127	13.3303868635985	16.1700540557109	14.9126202122426	15.8484765371164	18.8149628837752	21.5383390245261	20.2332429286204	20.6670008753297	17.0725973086298	14.2212095520523	18.2591953864879	19.4091249747841	21.5906610269991	14.8293388678758	13.5600904952602	19.2373520392578	13.6956188433062	13.9577756483271	17.0705742295693	13.6994835766166	15.1118698939428	13.8073516016173	16.5865602696596	17.0583386086237	15.8528379834545	16.8825208194701	13.4070364413272	17.3406420249514	13.5062113414801	16.0753169347646	13.5424418028418	17.7433298731639	20.4476224320658	13.0628898963336	17.3311241735166	17.7900879632125	17.6326634652779	20.6983383668217	15.7453352389048	14.2899374650766	15.5317186504723	14.6109386751425	16.1074329326875	14.7057760571242	16.5335367060932	14.028331278928	14.5286531438062	14.0630977738107	15.9047901157744	16.023251934613	14.6330732196959	17.8781636190317	15.1341900684937	14.7765447407163	14.0547893453992	13.6496356911322	17.6294356332003	15.3883823289578	14.3861629521715	16.9391394036309	15.7525282320438	19.441279415921	16.4277839041863	14.8906252436335	15.5883529259522	16.796331746797	16.3863859937939	16.9715299567927	18.5765565748504	16.0118100364173	19.1608995638158	12.4146468222668	13.9001995723562	19.1070114998861	15.1811433896872	15.1474080778841	16.9697475336755	15.0675527656311	15.5581149231404	13.4973438148857	19.4316006707223	14.0851746567678	20.7509052303396	17.7247484417393	13.6789720863204	16.2676673443531	13.938640117235	13.4940420451423	15.9666522661984	16.0388571321216	15.2758479356283	16.5319179112532	12.8099843607395	16.697337209095	18.4316103763214	19.1628618323072	19.2369405963925	14.3879569225965	17.0392902328813	13.4433104764777	17.3460180508326	15.5886840758257	15.5289065965075	13.4639989922441	15.9887097434105	13.1765819011436
CZC3959	13.233596116142	12.7878675050879	14.9593885060732	15.6266290554594	13.779802891797	14.1212008700848	16.6382037219988	14.711699926365	15.024666921305	17.7355991340519	12.8600149660112	15.0174943365894	20.2472852870435	14.0186723506112	17.4527240082431	17.3645305905021	14.7197899172572	13.8497352173684	12.9363137677288	16.2207019158473	14.4957545725714	16.6517485830573	14.759370144515	14.7733441735116	15.4182925093532	16.2099806442301	12.4679491987782	15.3375395156215	15.4224755223814	16.6586166255068	14.6116660876059	14.2159623845501	15.3559012702928	17.0348235412648	14.4083998616783	18.506537732809	19.1487493029878	13.3257797514207	15.9610203297504	14.3367952447414	18.5841069340647	17.5122183110829	13.1375236871722	17.9116197052234	13.3210802445501	16.7662355345759	17.8231239019486	16.7284301042136	17.5745759064303	15.526541480913	17.2881829767897	14.6074546458051	15.6339219532203	15.6419615944235	14.9563424192852	12.3813713501416	13.9728160526971	16.1841408049918	19.6000279486625	13.7350534433027	12.2290441608087	17.2551457746157	17.7947068539122	17.3096578364561	14.4593502343075	18.2998890835701	22.4630881394579	12.0558259479046	16.8921708078412	17.1629013467415	22.1310817400739	16.9948739121781	16.6350335273912	14.8798060315054	14.9524592278538	16.8482265006033	18.5606894219727	11.6251803221444	17.1416700983553	15.3782327504908	15.2763521787906	15.841991841249	14.5038171999977	14.6159960162207	17.4718373511884	15.4333366216842	16.1988998329444	14.8861228173561	17.0052936306008	15.6583919880698	13.3034575824769	15.8926445137145	14.4900739746022	14.7916058917657	18.7919331712996	21.3586198949285	20.4844149933447	20.9722898118071	17.6258861567164	14.1767309157398	17.9964909717029	19.8164588295569	21.6257029668825	14.3984561593603	12.819692074429	19.8123975932738	13.6155443251767	14.0978762964725	16.6019780480009	13.864342707919	14.7535313008896	14.0480518193461	16.0348749504859	16.4465974442478	16.266976155203	16.0506317320275	13.6786718667091	17.1741296645118	12.828412434446	16.0364272606869	13.3903506119184	17.385103990066	20.6175173846064	13.2185971492934	17.2247545562647	18.5597072176759	17.7015512575501	20.2388108229993	15.0912698697	14.0925758758444	16.1827713698713	14.3309159260735	16.6685560640593	14.783879846267	16.5389155374365	13.6115553069282	14.7126681380975	13.8780804902016	15.5886651830874	15.8474860652341	14.5053465530954	18.599508190112	14.9207457781904	13.4383600395998	13.4325203009328	12.135451520944	17.4786856732467	15.3206835749961	14.4854452144123	17.6345575322224	16.0009384479653	19.354417629996	16.2223873450298	15.290676456839	15.8489706420441	16.9221816284944	16.5822230545834	17.0214507353365	18.9910625514757	16.0800094031598	19.8461465078752	12.1222437338488	14.1721602794849	19.7402011517503	15.4862558403598	15.1952605843128	17.3231052389383	15.6283096906776	15.8937199415991	13.7877221894776	19.2916318308229	13.7232153712969	21.1869945022208	18.5489431832395	13.9537854761363	16.2250896205037	14.4180613640124	13.2206033388404	16.3321247055567	16.1237554102614	15.6455148760436	16.8330012621405	13.2088925799332	16.6622215179703	18.3900767294888	19.2775596392886	19.5691232062687	14.2762982266535	17.4371601926441	13.8470980854165	17.3473055464485	16.3906468184459	15.8763897054608	13.5208122984688	16.3501475314205	13.9433864172915
CZC3978	13.7707610618343	12.9832457042432	14.3054498540629	14.8270406845921	14.2032750707582	14.3283529351153	17.1925753114322	14.9012527463847	15.3034072709076	18.0531269743039	13.7302696559585	14.9962612484963	20.5025674788342	14.5016366069649	17.5738397285289	17.0735580951699	14.6694242177526	14.5684900032145	11.5361076975107	15.0703786879087	15.0308896941444	16.9365688154777	14.6286413693163	14.8573725113994	14.2390315124256	16.5883285770385	12.7696875306919	14.7070538738164	15.851710928018	16.563639350291	15.4993201377386	14.980754079957	15.4183682320388	16.9581252568906	14.46581368383	18.5052757912173	18.3713519308126	13.4456349557452	15.2102145009692	14.1277728708393	18.4513927673864	17.4636471860386	14.6474960279415	17.9495280149043	13.6758341073146	17.5637188681645	17.1964855361966	16.9878235700532	17.5000232546559	15.161308475733	17.5763152731718	13.9713087718616	15.4977348586733	15.493433242398	14.9801841792662	12.7762043825444	13.8448455235058	16.2835189030752	19.6050416759752	12.7576224783636	12.4245417747363	16.8869488131744	17.9535216421597	17.1714469141149	14.9322130337028	17.6269383825806	22.2913587497836	13.1287220968291	17.3338928112332	17.8729207201064	21.6299294084662	16.2259371547184	16.4922330501449	15.3297410854905	15.3711024086816	15.8103831204349	18.2815545999096	16.8717237512453	16.2478523131184	14.5978593580971	15.5046785887286	15.7056660359254	14.8566401665768	14.7806689569092	17.3661693718115	15.6886745221356	15.9362834428643	15.159253954454	16.6715594978784	15.7776221231378	13.3887919826225	15.5319569618978	15.5733023226389	15.2647057544774	16.8412409037715	21.2794289168539	20.3516407899034	20.3765476007854	16.8504324057252	14.6635101278101	18.5356510426816	19.3265503326466	21.5579160585066	14.1626588111457	12.9060175143662	19.5364189509869	13.3073513941986	13.8068258082633	16.7590064778532	14.0934192448446	14.9940603536956	13.6833788274128	16.0239220248421	16.8871864965064	15.1514033120253	16.2110973118184	14.3096451482012	17.3064236589726	13.4285790879142	15.5546702646591	13.7718056935274	17.8953009454754	20.272767719333	13.3243068700073	16.3501600909566	17.3021426088209	17.4784305498163	20.4716592579079	15.438899098689	13.5229743548598	15.6160962722072	13.9165340140613	16.9022705049227	15.2180031524677	16.0339905001085	14.11458824036	14.9196682961654	13.678619321896	16.2555279418014	15.7944843464067	14.8630892041464	18.0005755837935	15.2132001273812	13.8704065767396	14.0517293157864	12.2889245219457	18.1796055591984	15.2563851278328	14.6567762434545	16.8844203812132	16.0043361172015	19.083108871415	15.5523881077011	15.171869676883	15.780572994179	16.0961633870851	16.1144222977499	17.3419867550078	18.7168673518561	16.3466744572763	19.5625056262603	13.1332066377941	12.6509325269628	19.0857296901071	14.7928028935765	15.7467339869142	17.1194947045606	15.1370207205704	15.3758941075215	13.9156666690725	19.6746037530547	14.8141250491959	20.7244098133558	17.4564210289348	14.2742661836812	16.8893672461359	14.2801560052578	13.8688811303152	16.1322207779825	16.1125438956446	15.5406284900437	16.4227576124383	12.9050398866326	17.7139700638016	18.8293764792935	19.4212466974548	19.428840617681	15.1837062688791	16.9099177963516	13.9012593769295	16.8126285050291	16.0810726133381	15.0951739392284	13.5531967038462	16.1635241711287	13.501193664596
CZC4003	13.5701867536958	13.1679499339746	15.0236780633176	15.1468775013677	14.2591848909208	13.8459590953421	17.2102179095345	14.8328582409121	16.1921032479318	18.0324047259726	14.026592108555	15.9508013003245	20.6406007637343	14.5875608888411	17.932226318427	17.2890612292009	14.7861641695448	14.5519143507961	11.6927443844449	16.1120156302351	15.2925436726418	17.1463369997536	14.987395058755	15.2278557345091	15.2441595802306	16.882037573195	13.3108140547058	15.2422812126567	15.9433002842502	16.9932052600834	14.7667940887139	14.8199084735125	16.3762350957377	17.3017746225905	14.919483062307	18.9434825789508	18.9964752151898	13.9314058689891	16.0052897163853	14.7333997380392	18.85326396108	17.4721278278878	12.9307137414425	18.5957635809839	13.7437385571653	17.5135718335948	18.1519035826368	17.3019071625173	17.4532643033842	15.4216531513938	17.6446599039035	14.6125636633776	15.8697372229007	16.0512457223354	15.4848484737893	12.7483984479823	14.4976532263772	17.4618875268971	19.5883268519357	14.0917437549405	13.7660971337236	17.8969345474239	17.2179562015566	17.4991121380723	15.1428808961794	18.0535730688341	22.5465591378287	13.3462437592722	17.5223274907715	18.0445155708932	21.7136499852112	16.7511471436978	16.9225890906163	15.7281038969108	15.750646099854	16.8120982310597	19.1883289413424	17.3648733551556	17.0468602536113	15.5672633588839	15.7392935107223	16.3552611054892	15.0204294148413	14.5699038053214	17.5423276726638	15.7743889822642	16.5256763482953	15.3869528564405	16.8546050447892	16.0530474869082	13.8829099204899	16.4113069249133	14.567532282082	15.7886082231455	19.1255834191359	21.8631941110612	20.3596688803454	20.8220809735707	17.4933123628604	14.6178852657458	18.4230762125252	19.5563210249278	21.8421176081292	14.8677975645436	13.3846217347254	19.3666706596704	14.0835625565617	14.845866755085	17.2167979225778	14.9464764210871	15.122455559635	14.8174196182863	16.3639672968018	17.2616430738181	16.1874699213035	16.900327797552	13.5553092359893	17.9550290332771	13.703752108775	16.1473343291501	13.938540554437	18.0070410094443	20.4838043884751	13.8049458533812	17.5950291833242	17.8468146504537	18.373484985712	21.0232757389878	15.7913292511456	14.2389035659229	15.9122684125177	13.9313846732354	17.475654539243	15.5073272453715	16.7169647822839	14.3865044287412	15.2190313113721	14.5156888914333	16.2474371872557	16.2769355600021	14.975316070999	18.691632540559	15.3867100085982	14.4272586706599	14.4511321314536	13.6507260274591	18.3137664308874	15.6535731270527	15.7882401919617	17.1494946319903	16.8601844594546	19.3347561678428	16.7463383933079	15.7320382479101	16.4168522849504	16.9523784725459	16.6992037493556	18.2236328212728	19.8289078872219	16.8230977598499	20.0749068329898	12.6978211213602	14.7038414116842	19.6721255466202	16.0847670901954	16.4799404731171	17.9296593246055	16.0269236460752	16.1445101110498	13.6517273837635	20.486008459519	14.4840314580463	21.2977184826232	18.4766381618854	14.2547514207693	17.0177975795311	14.1038638311105	14.5022980132745	17.032467159501	17.1862142717542	16.3104243587733	17.1843276715911	13.6319972759478	18.6798622264309	19.8690622751963	20.1577102461575	19.8855505613202	14.8131826075122	18.0597440373043	14.9432028342605	18.1693055036796	17.0266629336368	16.5405350551079	14.723662053539	16.7206989005824	14.5570912524348
CZC4006	12.7990436852514	12.4935738531269	14.4925340176555	15.0563056008246	14.5714919184095	16.2131375502332	17.2514727196466	15.1759194574509	15.5715681783676	18.2845003896963	14.0771964008174	16.218746299585	20.499632829243	16.4277208875336	17.7107881557821	18.8594316344559	14.9035981548556	14.756501658106	12.8113755246789	17.6703592706264	15.2801410964628	16.8643373491288	15.2225581111172	15.0685377401236	17.1012349024929	16.5744682781523	13.0467974773901	16.6318335682777	16.7055815284062	17.0140626898291	14.0846585844452	15.0559627164463	15.7974896730549	18.24493462288	14.8414044453982	19.0256959526179	20.3918709789948	13.6865536072938	16.0946136830444	15.7230296837156	19.3716690700829	17.5554089480704	15.4760004503519	18.3406184078445	13.9076049262212	17.8009240119877	17.8685365147017	17.2261199450804	18.3628573266466	16.3384986680367	17.6614010585108	15.7236873101885	16.6009220472536	16.6042407682357	15.3108436491598	14.5893637058847	14.2554557376843	16.9259755918112	19.6286533911308	13.8023444966086	12.988153456117	17.4122708928451	19.1962468958644	18.6064981290454	14.6459146027661	18.5063403169999	22.6716030701059	12.9655085668088	17.642205337763	18.4120004446246	22.377875253901	17.4537194413896	17.017255662332	14.2132521402875	16.0477045773708	18.6919144781253	18.8288593897514	17.064612308129	17.2179338072769	15.2988231055507	15.5508676734081	15.8783245554152	15.79584538288	14.3000422833709	17.6355657546177	15.7032320398105	16.544596174533	15.2434648848884	17.3567601517533	15.9136610949516	13.93002482858	16.6087753611001	15.4818110958306	14.7208057203216	19.1627478493101	22.1824607098724	20.1929677366285	21.6642714133589	18.4714969514521	14.2969689298038	18.8108627399921	20.0364785236883	21.8921266700586	15.0090294759302	13.0780231716472	20.2682045812714	13.145681311899	14.4370044124142	17.03816272985	15.4393636703575	15.6019050147156	13.8748449586268	16.5380698118518	17.1767828209178	17.7837363691622	16.9069949322975	13.7059596886917	17.6944659669139	13.8761307167119	15.996747974964	13.4225946707167	18.0892388712686	21.0949274016794	15.5746812374331	16.5793160080791	18.3955939737896	19.2195681418743	21.1821407138293	15.5158700083682	14.4222239470636	16.6710140188761	14.3380845699605	17.9270545640997	16.7422944417206	16.997847256226	14.3127130613795	15.7627976013796	14.4989773928018	16.1751314066094	16.4346739270555	14.4735627606884	19.9854137849136	15.2851109002535	14.3325781075156	14.3993038003137	12.7016777848645	17.9296366626197	16.0203495137574	16.2971903428526	17.7555589260502	17.5673700025407	19.8670474395826	16.7450511889948	17.0403311365175	17.2049582030334	17.5782819782793	17.1803007317593	17.2564252566952	20.1099624764678	17.5848088170952	20.9856335337157	12.7585661826302	15.4322868773045	20.1248275952999	15.6421870837517	16.4551358733879	18.2057923819811	16.4616153089236	16.2346061875533	14.8899405909294	19.9131088954261	14.6763756674479	21.3683758997013	18.111175945859	13.9275588292481	16.6301345258374	14.2541559810305	13.7591282891047	16.4114463896195	16.713080321836	15.9600204049525	16.9737640226635	13.4615305034042	16.718167417364	18.7760113099199	18.9541318141679	19.0436249978109	14.5845237372647	17.6511513870417	13.9371358949621	17.1406514907833	14.512504896712	15.9094310693787	14.3449720986845	15.9185763738374	14.1997892308355
CZC4007	13.501942440625	12.695267581982	14.8067816570306	15.1734593785504	14.5672257990675	14.0742352865796	17.251520713291	14.8224120614282	15.5715910252357	18.2534224669979	13.8933300684731	16.1102995221669	20.6623571115889	14.0837575880623	17.8571276909013	17.1340898065568	14.8458907139246	14.8204083622953	12.124695746469	15.2855232423986	15.4755883452739	17.3010899551785	14.6203209846319	15.0079888695986	14.57687682058	16.42638472417	13.6805660078744	15.4088685307421	15.8063992533372	16.7210799238504	15.3122270794028	14.9727560632307	15.8380593868113	16.9757265466101	14.6747966434227	19.0131320109957	18.6280886740142	13.5010641616061	16.5610179244935	14.575237724142	18.6345759197771	17.5178209010327	13.2686887910864	18.2375496349594	13.6258540915713	17.5870396408551	17.7507559622847	16.7374425362579	17.5800889179362	15.3927516993787	17.4065223403777	14.100987206255	15.8779441117056	15.8873003569606	15.1718701591044	12.9763680830336	14.1964732486438	17.0696592388271	19.6179557146857	13.6912261456467	13.2234599413871	16.8829667299539	17.8752664461169	17.567623517913	14.6069392839914	17.5756219554052	22.4714131127713	12.7668597845945	17.6042041343436	17.8615851056407	21.791875829194	16.9149287047949	17.0433219090446	15.1338514488397	15.4026992401766	16.1935459672649	18.7956822500644	17.1048353101821	16.8103033808727	15.297679049384	15.3070157570408	16.287245226853	15.5150741851499	14.6135412258221	17.6030301808553	15.5884498528512	15.6607582233863	15.0311413444746	17.0917677515495	15.8059859772476	13.9529606509433	16.2447621797319	14.7387972326632	15.2139641021904	18.8936958167469	21.7868362146659	20.3098817116259	20.7854228144589	17.625377777321	14.5808444455509	18.5066692571618	19.541891037767	21.9187301192431	15.3610043234122	13.6773272462658	19.6721570521982	13.8155299037771	14.4856393489525	16.9400519232983	13.8893366569669	15.3172049460739	14.1225922206213	16.1288596962007	17.1227025135606	15.9749562600747	16.8417547910116	13.6932048564931	17.6243953920527	13.7565747606431	16.0573921392427	13.8149756553294	17.93423972551	20.5172460034652	13.2202440696997	17.612965443776	17.8316635652386	18.4417846164186	21.1418804027452	15.5858743274198	14.5180713025716	16.2567138159912	14.8192601719827	16.1928453034055	14.9588574709042	16.7500284231244	14.476635367668	15.0354054488415	14.0229980779022	15.6132295605112	16.2306189834844	14.8622653099322	18.1023257211745	15.1417537084923	14.7200230790381	14.406137786864	13.724118191457	17.7713029785737	15.568790008244	14.5544898667779	16.9881279048793	16.0186970323765	19.5142292713948	15.4833434088821	15.421745449399	15.9488271422124	16.9399118494984	16.6744243251071	17.0870852872472	18.6771856783308	16.363089351572	19.1810049827411	12.5988668875294	14.1490418449437	19.4114251194004	15.5054084925841	15.5672930628599	17.3108401992885	15.5005183949359	16.0061942822622	13.6882655766144	19.7691954313827	14.6085646399245	20.9500373783386	18.2562204125647	13.9550520638712	16.7088425633345	14.3017828150247	13.8424081631366	16.1289953933539	16.5516016927761	15.5359532770541	16.8695979604534	13.3021307883096	16.1706902405439	18.6696193157868	19.271806601344	19.2017485940118	14.826173102605	17.5135911217412	13.8604172502563	17.7323826861698	14.6156464202001	15.9292141022704	14.2443698503785	16.5435361230768	13.3998420925985
CZC4101	13.3984299233669	12.8438813279926	14.8745095692358	15.8258204490189	14.4704388633636	14.2641816741727	17.3639867665496	14.7714302538767	15.6443591321014	18.3437972569568	13.9766571926461	16.2741396513226	20.74412294044	14.9870506689689	17.8553031730296	17.5806445852061	14.8690925589603	14.9887544257515	12.9343889063952	15.9482061791542	15.6741137349694	17.2323850825277	15.1308675320016	15.2689397801717	15.5542228667331	16.6367727244667	13.5902857217785	15.5844054694078	16.021251269318	16.898314979453	14.7795098025671	15.1266784724999	15.8904300481889	17.3033305277141	14.9322173453189	19.27670072609	19.5058342971235	14.0651349974627	16.5908810905045	14.8744288490177	18.9566270631072	17.5736014601756	13.5497578760488	18.1880648081729	14.0924791550372	17.5224232209549	18.3527481863839	17.2851597656636	18.1068817288402	15.608064776129	17.6408487719043	14.7034120477747	16.2565965272194	16.2789286724114	15.2394331776949	13.8453353510407	14.540714705616	17.2809694114519	19.6924086567726	13.9204600688712	14.0452738495704	17.6502152625666	18.4810715690287	17.7372288092389	14.550350459612	18.6019997683786	22.5316678561391	13.5981241463474	17.8585968622026	18.0062445545072	22.2669532834678	17.4280919017449	17.3412759278639	15.8634711106535	15.9389281713094	16.8214426401602	19.2563183151978	17.510725404283	17.3965395036821	15.9704667050342	16.0928833196676	16.1552705863962	15.5613215340486	14.6351382069533	17.8994363563706	15.9700946610329	16.5466020128165	15.621966083053	17.5389276867597	16.0776373263438	13.6759003876362	16.4280665920042	15.2766623614756	15.5001703752986	19.293764317814	22.0107948378701	20.8191601270342	21.0783902157802	18.6881716317243	14.6173535631501	18.6288955313308	20.142877906739	21.9726155807263	14.9086972349176	13.4992269617736	20.3418346729444	13.8241656771255	14.664874554279	17.2372785147856	14.7911080426115	15.437611610532	14.423657834983	16.5739913363873	17.3214374608491	16.3863603902586	16.99454856302	14.3349443507028	17.8977026516519	13.6171615066107	16.2736694573747	13.9214150439434	17.9555352103872	20.8767402538737	14.1622645740396	17.9749993929756	18.364692230042	19.1098387412907	21.2457815424695	15.6693315040811	14.1912827278151	17.4611364073386	14.7432911237613	16.9054492246469	15.4047283288472	16.4584271325333	15.1350774570292	15.5993709272858	14.5045578514614	16.4518021779567	16.4934238501535	14.9987938003558	18.9394146195011	15.1282187724097	14.6774099614956	14.4545751001629	13.5568715045342	17.898921436215	16.1049670620405	15.5161657369216	17.8779613789235	16.8299326972778	19.8641468700453	15.672418835192	16.1260647303293	16.6034603586544	17.1525095828486	17.3752217460156	17.6249728457508	19.4346948176119	13.2934416584553	20.4756454892831	13.0818306091791	14.9126026937853	19.8197396697767	15.8017539756414	16.101851855268	18.2027079950922	16.3809824734839	16.5112112751257	14.0390275243504	19.8652594312377	14.5431220139912	21.4782490158981	18.7713607068482	13.6873649963645	16.5648485394916	11.8369138863037	13.7286004899154	17.1743715646357	16.9741183291881	16.6277136370233	17.5703600236911	14.0058792470636	17.3035438476389	18.9721850528983	19.7727237667973	20.0852531975103	14.6968744815944	17.7152436385002	14.9005635724235	17.6843512371462	16.8714659073141	16.3242922886937	14.8942072667973	16.8911415118973	14.4541925463518
CZC4106	13.2674226986418	13.0996308636395	15.1494277058899	15.8622575553195	14.6930955274352	14.6986716229416	17.3972621917682	15.1264319241649	16.0915096558826	18.4007339717378	13.9265274185984	16.3887221604203	20.7233293059322	15.1106016527538	17.934321516948	17.7269409000022	14.8684794418682	14.9386987018378	12.8208135638549	16.9199276561331	15.8327064373622	16.9298849527216	15.0849060064133	15.2512458712071	15.9346898285208	16.9732391692387	13.6494832817619	15.8613792380388	16.5151592604399	16.8010678298135	15.3000972761833	14.9630096508939	16.1877839159365	17.5982199357074	14.987838692629	19.1117882087057	19.4298195620736	14.0704444206272	16.2572321342965	15.1492247412277	19.0463432479845	17.5667439079557	14.6994625150113	18.5074833705718	14.5351998733519	18.1627798798171	18.2530996948133	17.3073602891681	18.3463566021434	15.9772839849961	17.0341868081188	14.9599701470451	16.4203872871211	16.3917627828264	15.2112448313296	12.8485916833349	14.6418890785125	17.0988254288976	19.8930132904353	13.9898562494394	13.2379951466121	16.3216794612691	18.5663595333004	17.6605206969725	15.2792704602536	18.5304341545032	22.6432287025767	13.2374073764335	17.7851219870205	18.0056811034564	22.2114780673365	16.8005067848613	17.1327553858453	14.6656979353876	14.9597559276934	17.2302924157328	19.0851963371492	17.5910866603376	17.3777443991083	15.3963212960867	15.9418012884819	16.1812396742981	15.2745119743762	13.0727833196411	18.3000119075756	15.9883842251898	16.6798590214723	15.2448662959949	17.4166753592117	15.9639976961411	14.0726549239741	15.8340695822395	15.2739180060984	15.8439102452218	19.6122073540408	21.854424095482	20.2502023339381	21.3897740284286	17.9329857958646	14.8259780053329	18.6279881630177	20.044147121917	22.0142479012097	15.048465818962	13.5982184037861	20.1073388048773	13.4594197238288	14.345603385713	16.7542859953014	15.2554487176711	15.3989290514196	14.0847026649572	15.8714916894742	17.3368522220848	16.4928616987644	16.6171571481397	14.7488214382556	15.8067419741698	13.4112038631862	16.8111124125141	13.9491434201906	17.8438033467488	20.5322340969234	15.1429551664427	17.6736503568126	18.2094879296362	18.5174594939703	20.9007451648834	15.4894475697589	14.2489355324446	16.3386093961617	14.72464422746	17.9268568901791	16.1850375042781	16.6937174732852	14.5290560564987	14.9331485270855	14.5171211838177	16.4668657373732	15.9726501908513	14.975627794887	19.3737755986839	12.8235268408512	14.9475851777871	14.3557387750728	13.6296327467469	17.8520474096578	15.5604190114337	16.2024521687593	17.3142447069258	17.6513066297015	19.1211550861804	13.7054058968455	16.8706103920347	17.3521145725549	17.15229521111	16.7994961526376	18.3131633546919	20.0362166565329	17.3480776373044	20.8349379965076	12.919346432272	15.5134646074185	20.1139868920955	16.0897223731099	16.6091237079793	18.5064657291476	16.7918451006305	16.5916273405237	13.9641695172893	20.3072859954719	14.1439965017321	21.5505604606453	18.6204344097986	14.0338311872649	16.5082266610855	13.9104964615604	13.7000819614021	17.2334105468873	17.2247083865325	16.6815631310234	17.471219283028	14.2458299904648	18.1018736498335	19.5156487656721	20.0197552644653	19.9592687415185	14.3706426095318	17.7174155060539	14.9142643826157	17.6547969148522	16.9678696575921	16.2463639520326	14.3539586314215	16.8976395739504	14.3733321429942
CZC4144	13.5426586717346	13.166188172794	14.7744068088369	15.4127557242523	14.4823175326847	14.7803472821051	17.4196973802654	15.2413822962695	15.9096660729977	18.4297399293385	13.9599056619552	16.4151272503019	20.8272030656117	15.1672453925422	17.8339713789543	17.581451060482	15.0211228021739	14.9477205929972	12.4262750964456	16.2030700997342	15.6877592094889	17.0689702342621	15.1824997440681	15.3127424912609	15.2736010991939	16.8154140946911	13.4140846235996	15.6118580225604	16.2268941027355	17.085876673235	15.3688784899998	15.174857540224	16.4150391732273	17.4931779365149	15.0937832671308	19.1459536739842	19.4149297347608	14.0280691812631	16.1801490680311	14.9906135531044	18.9571672360807	17.541212016494	13.5343882585456	18.4026879625406	14.4167331655299	17.8839872498344	17.9889815665284	17.3142462223346	18.2084121113985	16.0219503445328	17.9416042034019	14.1906000667763	16.3041568100486	16.3091201222913	15.5311247844422	12.7128942921676	14.6864161206883	17.0858695313766	19.8240509270804	14.1060299820741	13.4034085531002	18.3730438237164	18.306517706078	17.7301904160316	15.5062437875674	18.7118413834184	22.5675997798512	13.4235151043809	17.7834170015629	18.144837292866	22.1622801808498	17.0537379233063	17.2974821833545	14.9687009177125	15.1559896738022	16.5178692826314	19.0010104575509	17.4077431952475	17.2838959593033	15.3938982949244	16.124332539074	16.3246081872287	15.6954453818304	14.6178207464861	18.2410953745412	15.9077260647922	16.7163787187113	15.5447057401493	17.5344678599321	16.1821122162131	13.9787301899627	16.1192789036387	15.6513924272974	15.6961681658494	19.5872706003276	21.7711450637411	20.1069600485131	21.2126531626118	18.0100044256944	14.681464078889	18.7985165205459	18.8357340850209	22.1996064714289	14.7644119225433	13.3020213692231	20.3506372302492	13.4938789933773	14.3802683454175	16.7753642372985	14.5414761719057	15.155387658027	14.5827798165785	15.806925637721	17.0274330439052	16.0648598611475	17.0333105719554	14.0458386298915	17.9401679589447	13.6259454008076	16.4285996300035	13.9448067378481	18.1528997847965	20.3171879919033	13.4458650821834	17.6496308044112	18.5725133496921	18.4265774243102	21.2389480348416	15.492308878889	14.1022156313078	16.9033346862475	14.5299387425808	16.9827231745615	15.0526670458302	16.5826783861719	14.6989323718475	15.2247851654363	14.6271832069536	16.3344299478296	16.1838395057019	14.9324055560397	18.3045833213393	15.655993545014	14.652483884303	14.4543087391693	13.0702858857197	17.977567889937	15.8513827332495	15.3267617595828	17.3391218837588	16.4682540088976	19.2821771475447	15.5122469905751	15.4887617761308	16.1347999264532	17.400658016883	17.0907695589867	17.1390496375804	19.320601457629	16.4498322241481	20.1365110193267	12.8263119191469	14.1917088861949	19.4388359268459	15.5749639062778	15.9324081734435	17.7248102248701	15.8408884144231	15.9416909152837	14.1205907242845	19.6659313330544	14.3497053695168	21.1174922528803	18.3118883147882	14.2345334538386	16.704674419425	14.1508430181442	14.0149829096083	16.7795367722946	16.5991128710909	16.1990280126185	16.9951852373597	13.7175514169882	17.745212440067	19.1544731326868	19.9440749992958	19.8413307592445	14.3652201087544	17.5559001461543	14.1160164098993	17.0675997142856	16.5628955714794	16.0891102437004	14.4016552444462	16.6737797020219	13.8797861407866
CZC4156	13.810293468187	12.9197564912675	14.4688065928901	15.0576934765951	14.8241685679159	14.844977945018	17.6282912309791	15.3028235313319	15.6104300336088	18.5446461360656	14.1899778393316	16.3974551721072	20.8525390197504	14.6954100197292	18.089067852506	17.1833833928307	14.8156475901197	15.1514020276439	12.8624886120209	15.5814725768476	15.8657019308229	17.412780119285	15.1524883376065	15.2604815841583	14.5947302218911	17.0073167685106	13.9815006087441	16.1181440947849	16.4600831846148	17.0319291182292	15.5866127892104	15.3230912762705	15.9747744948199	17.1218721010379	14.8464813844376	19.2949748120691	18.9166400560719	14.1992224178316	16.7900674421152	15.3394460336583	19.0011780548378	17.3501658745947	12.5156168884036	18.2763276829223	13.9961585709981	17.8957897750267	18.0796038434196	17.2457633242361	18.0924187440686	16.3244341555472	17.6528630955292	14.0898530082109	16.527940993816	16.551060160644	14.8385653745123	12.8252769688811	14.4012655047687	17.1597611158703	19.7214154487352	13.8039187255243	13.3114658215951	16.9827837184897	18.2488581289624	15.4799055924947	15.0662666729327	17.9046997423666	22.4582232415993	13.5036720527853	17.9010323669086	18.0724232785724	22.057224014796	17.0271692764599	17.2226635964422	14.5710419623914	15.63635154743	16.7073180075395	19.1690517562823	17.3033640330381	17.3360734111631	15.623909556347	15.7165819535839	16.2850753019283	15.8910518792882	14.7584916289608	17.8549188350005	15.6342404749274	16.7281934831354	15.5732374852137	17.3980703221153	16.2884569582652	14.1392174720154	16.4808257748365	15.0337582506317	15.9279184491837	18.982465039546	21.7664664902096	20.4900779760232	20.8304236222471	17.5965092617302	14.8947907177345	18.8991638989376	19.5799460113682	22.0011219229065	15.5214388700147	14.1678919354241	20.2108707997952	14.022662674744	14.5580234698802	17.4130143678772	14.9253031382653	15.6326013494228	14.2481950823032	16.2135007526211	16.7084832859587	16.4318273102602	17.05481146891	14.0029801425615	18.1133270115878	14.0887958198879	16.2939693339874	14.1869211944292	18.4248965768276	20.8281297496174	14.363497056796	17.5184116118792	17.5126367225444	18.4761841920917	21.202259800505	16.0143142614908	14.3593055597871	16.3966632926426	15.2609254460816	16.7125547246368	15.5177250271068	16.8803259313345	14.7458692346421	15.8212517626843	14.4839069395035	16.442968230936	16.7347239904773	15.1390998343078	18.7712090840663	15.0602660482939	14.8260419619232	14.5271649334827	13.580674400028	18.2213086757531	15.6448547268435	15.2616845914947	17.0410187952789	16.7655436016608	19.8780866440973	15.7832288657301	16.3554856578888	16.7809732323454	16.9798382278655	16.7940980139845	17.4026211653152	19.0902694787116	16.7493442371057	19.8049385722463	13.0605448382396	15.101790108263	19.7649861387594	15.6906975699964	16.0195327239229	17.9559112561776	16.465727830263	16.4447103967666	14.4244289893414	19.6287041829695	15.0223965460469	21.2223482254402	18.5721905371347	14.5799145069283	17.055719972901	13.969573377932	14.2817199989977	16.6799110328694	16.9015513913215	16.300303789654	17.2960744821364	14.1745607547552	17.0480778447416	18.690198306316	19.4115985921444	19.4422845348783	15.2529335338503	17.565816386993	14.4083220538978	17.13422118743	16.1666624692355	15.937557503025	14.6192252711588	16.7764244841966	14.3171307718566
