sample_id	M803T514	M827T500	M831T651	M805T608	M829T547	M748T457	M857T697	M855T632	M858T825	M833T781	M777T491	M851T478	M832T829	M825T442	M540T152	M829T527	M774T480	M798T540	M746T390	M860T875	M776T574	M856T765	M831T624	M568T240	M846T851	M858T839	M830T780	M813T578	M720T377	M853T549	M564T122	M827T450	M879T599	M783T471	M695T915	M779T595	M801T451	M566T170	M734T415	M811T553	M853T508	M804T753	M801T431	M804T736	M693T864	M839T586	M851T438	M818T812	M830T737	M801T465	M844T818	M855T560	M540T137	M827T478	M829T586	M787T574	M775T421	M801T432	M855T588	M775T422	M859T802	M844T806	M751T477	M841T743	M791T713	M802T604	M699T483	M881T643	M789T598	M588T119	M851T450	M861T450	M872T837	M778T625	M568T230	M881T696	M839T707	M789T465	M817T559	M825T420	M791T544	M883T750	M789T686	M819T690	M799T410	M837T565	M853T531	M857T749	M590T143	M877T488	M750T495	M765T698	M856T804	M803T498	M807T760	M564T113	M834T845	M573T167	M749T403	M841T562	M857T868	M815T735	M538T108	M763T671	M1069T431	M819T327	M923T873	M806T804	M841T541	M612T114	M874T892	M745T481	M813T603	M815T603	M748T444	M895T829	M764T425	M813T451	M815T636	M817T770	M722T395	M837T547	M819T663	M841T686	M718T329	M762T510	M863T556	M825T399	M815T491	M843T341	M586T96	M849T404	M566T154	M1017T816	M512T98	M849T391	M828T603	M842T680	M875T423	M777T506	M835T524	M876T805	M554T199	M841T644	M823T394	M816T689	M526T188	M524T181	M869T832	M588T112	M837T433	M921T836	M692T320	M783T830	M562T98	M722T405	M870T814	M767T451	M809T828	M526T120	M614T130	M706T346	M1069T430	M590T132
CZC2546	18.1051062959545	17.1255449836553	17.8233286961335	17.7478100736824	16.9274029776682	17.4497629397178	16.3013506652785	17.0948424622582	16.9017307369156	16.2951446698211	15.1685396401165	11.6672608988723	16.4935783300011	14.9847899154241	16.4546719243104	16.5332806310228	15.121234303696	16.2083497886782	15.7321595184424	16.1187574029522	15.9429075606648	16.113180582575	15.8379573406473	15.8346753835671	15.5909217861181	15.8105929562805	15.7133719320532	15.2345111058291	15.3003376422771	14.8712237937413	15.7580991160677	15.6087230345657	14.8618393871054	14.8836916992351	15.1455016120949	15.3010113592801	14.5050009711928	15.4733777900427	14.6301178901843	15.1674839734406	15.2721191756905	15.2843684024698	14.4334330991296	14.8894578176782	14.2355139433143	14.9676588656818	14.7175432517868	14.7226113788648	15.0866369446415	13.6960831109919	14.9274933369182	14.5088185180985	14.789002925611	13.5465919356655	14.2871112855442	14.9931358098395	14.5044703682133	14.4199794683124	14.6201802132574	14.5053934791218	14.116493704373	14.4719231385889	13.9124857254525	14.4102798861201	14.5033640139564	14.4044673074947	12.65431966818	14.081963483224	13.9835375010164	14.4863666786463	12.8291697632054	12.2980109131866	12.8592338184937	12.3042625227502	14.0970190958056	13.0717448519406	13.5244560280987	13.6021090059027	13.5231825395331	13.2111324725186	13.3581351052375	13.7210448827455	14.2573312446705	13.6900134928911	13.4607907005977	13.7525794086322	13.3393051208828	13.437648506164	13.7300803241995	13.2508680672256	14.0131713720018	13.5888017036288	13.0837659417173	13.1107325742802	13.7600524805797	13.863303214312	12.2052827226232	14.2126670388262	12.1601156932977	13.4296436244886	13.8876950688805	13.0571744658221	13.2085707532049	13.6535502323007	12.1238658853164	13.6027412027339	13.6247462277684	12.0495920532303	12.4828622230666	12.8426637943405	12.1635792190079	13.1660847349465	12.961359964108	12.9508555478177	12.9413362237091	13.0935423519026	12.3284038032261	12.4881068852079	12.9959881772457	12.8052755580534	12.2316890654255	12.4833381408279	12.1504471723713	13.0679029183151	12.8767167542986	12.8860997105534	12.2772476818294	12.5239528838695	12.1501891364184	12.6501561129771	11.9570026965914	11.8869519438487	12.9874645764745	12.1497650674503	13.0941353155569	11.4240140535123	12.7791251144435	12.2425671960767	12.5652869654728	11.9970661756125	12.3082156984515	12.5573012121453	12.483433450354	12.1860681435687	11.9351440669459	12.2910406365196	12.4784184623741	12.7475033136472	12.7683401251929	12.5733802814706	11.4347596958367	12.6780658520663	12.5030337178498	12.2957756087827	11.9368536702713	11.9950559180316	11.506757294459	12.2676542403607	12.0133816516723	12.2007515581214	12.0372837212207	11.4387860255214	12.1233262902096	11.623132607435
CZC2547	18.2565053059075	17.2280521790655	17.9492387476325	18.0669692305698	17.1645369187461	17.6393492940334	16.6149237979372	17.205289093716	17.283740933229	16.7586541716649	16.0054265949761	16.8010689749051	16.6579312597913	15.9020854590066	16.5800083403989	16.4148458801135	15.1767124169986	16.0197516560674	16.0295070795057	16.4365061760526	16.1311306983854	16.3387077592727	15.8072979744543	15.8563491772288	15.867538301992	15.9499449288808	15.6736699266087	15.6246181163048	15.4329512360761	15.3814654990341	15.7200046046534	15.614621635775	15.6860286912962	14.7413257514083	15.1282510998593	15.6882455799383	14.3570910018553	15.6051925203353	14.8273901151811	15.3532126446639	15.5097772381618	15.1645054306961	14.4167938604443	15.2534497222728	14.8158100653954	15.2134233203103	14.6374641344123	14.7900181415132	15.2099904802807	14.9987523009285	14.9195970325652	14.3981129549643	14.952917793519	14.2716142244004	14.9310600394831	15.0712641734421	14.7042595313238	14.4165909117097	14.6037783608182	14.7100638801613	14.7374061166106	14.8102947758106	14.494512385075	14.5690985674518	14.6292838598906	14.2714442241251	13.0312709342903	14.7789680230519	14.559654327224	14.6807265042077	13.2389377769988	12.7661757481371	13.6281085824301	13.1488502901043	14.1404448571302	13.6768341244012	14.0026691325033	13.9717151867078	13.8962217298581	13.653384578428	14.1309358009294	13.9577485974965	14.3792761668981	14.1967029002174	13.8308762802684	14.2285904373049	13.6861428311832	13.795482595174	14.0710921830192	13.5082364254535	13.9784347080991	13.7595739499567	13.7647132245677	13.2005513246573	14.2024749354209	13.7573062386264	13.3749784987283	14.1066567217675	13.1984655214606	13.5936987458666	13.9235261681371	13.4041518568551	13.5734320099885	13.9356490404875	12.3825274276571	13.8652009672676	13.8066455996771	13.1773453282661	12.8508351179248	13.5877245798682	12.5870438089205	13.3718377483732	13.2133227264198	13.2238044750284	13.054716937714	13.148312690942	12.66755951744	12.8634448937494	13.3265754827201	13.1208025164945	12.4786512250443	13.2864017609469	12.9133268797981	13.1700453937094	13.0430378657176	13.1087999299155	13.115582866005	12.4948649198547	12.1921933658911	13.2319472605771	12.6159132707531	12.5177983534469	12.9297057113215	12.230851788523	13.0906915647017	11.9282482098666	12.6204925187834	12.4198154919552	12.8413432689764	12.9785396352278	13.1728191808642	13.0544488666345	12.5200606948634	12.7254938673686	12.4862491788848	12.4221534273024	12.7362939387963	12.7067551412588	12.8481675237143	12.8409913456389	12.2856575034834	12.6501260639825	12.0040726015423	12.4367247001489	12.4482170832243	12.3863014248255	12.418791541245	12.3478309121842	12.5458523208267	12.4130398812928	12.5406146522414	11.6251984396394	12.3831610243532	11.9970832104324
CZC2549	18.2501642268367	17.1313410758652	17.8944715671031	17.7351396303872	17.0374607975725	17.6784181122029	16.3314873374277	17.1573501979783	17.1459974735609	16.3380129057705	14.8952916072661	16.4268948657644	16.7266901115528	14.9619576202759	16.6271421037378	16.6462908557389	15.3834646617191	16.1151568417858	16.1702908941178	16.3590084074882	16.1325279859743	16.4377743623911	15.807448540007	15.9470408650607	15.883903405243	16.0986682931837	16.0291970361825	15.5827821125291	15.5873639911697	14.8242633306337	16.0226760908622	15.9624228118843	15.1954457377827	14.8380445760996	15.0612484911514	15.3572494944674	14.0655947920888	15.6423266681954	15.1076383204416	15.4388400220512	15.3153830779576	15.4561256792064	14.9374688847054	15.0690937965176	14.7643621131527	15.3008216873579	14.9266829041681	15.0060900676987	15.3904740419705	13.8578101927163	15.1443320519854	14.4642970213541	14.9967930860882	12.9816234539816	13.9009127453191	15.0827549084038	14.6106575680973	14.9371982116949	14.4453984628032	14.6111005266017	14.3194107328732	14.8825918261296	13.4971499787945	14.613477859245	14.6688739108607	14.4730206914023	13.3029630325762	14.3156170034637	14.6757232141994	14.7137244429103	12.7953429043624	12.9276353194205	13.6624637541417	12.9248471943432	14.2372873279483	13.5716534188553	14.022774753813	14.1002309883305	14.0913529097195	13.5476469483696	13.5891140541574	13.7691724939085	14.2413962892979	13.9679076199593	13.5328524302084	14.0127728014298	13.7367396643007	12.8093532221804	13.9148516119596	13.4569810742864	14.1123137252213	13.7564874572405	13.5635742616492	12.8799032691376	14.079732111218	14.1785555980905	12.7986801426363	14.1455056941	11.7199941914029	13.7081575667558	13.954981566718	13.5692181432655	13.3013083601496	13.9753592475425	12.3559686556445	7.58979512081337	13.6671349653398	12.9510185053742	12.9918683762169	13.3244483022271	12.9781634402123	13.6231342871254	13.405696939324	13.3914202446684	13.4976548617122	13.218294291059	12.861892628584	12.8083235482723	13.1131177734248	13.2242626369203	11.2848833761378	13.0218481063455	12.5682046067291	13.4994928513398	13.2243133512707	13.214082917297	12.782233470656	13.1430476083267	12.2371472837485	7.96918471736321	11.8029680664299	12.3185153000349	13.0877345770716	12.5281738568613	12.8918707383262	11.4139719863454	13.0356782899401	12.7895244183493	12.8179844593356	11.7636019659299	12.65091467286	12.8048366316271	12.8134604803458	12.4294381198177	11.9935481512981	12.4193007537106	12.6508752465111	12.7768757288071	12.7420011176308	12.7982884835363	12.0255836513671	12.7365427243779	12.455635356728	12.601253435531	12.2776422628211	12.3597271169807	12.1096247442662	12.5314279719376	12.4141005898953	12.4018009201456	12.1780041424659	11.9024279523108	12.3559686556445	11.8031011208571
CZC2550	18.3342184038871	17.2629445675654	18.0865203841633	18.0511877363784	17.3246973304619	17.57888695709	16.9842053635323	17.2438541413297	16.953147952167	16.9082645240306	15.6976094276633	16.3580891436987	16.7794823462955	15.6212020225036	16.3972494127793	16.6360148852724	15.350766072152	16.0376361124145	16.0832380650827	16.6435240272507	16.0994551328896	16.2428371164895	15.9293491142744	15.7592768130919	16.0183009952359	16.1652399662231	16.0608249699578	15.1115884950504	15.5426411416165	15.4774312222808	15.643306844914	15.6680216520808	15.2314287029522	14.8253755878714	15.5275179867987	15.475078859874	14.3664654858359	15.3414198495666	14.9419886229865	14.8474027589859	15.670816717253	15.4402004369696	15.1199444878934	15.1228872179367	14.3302002804754	14.9483662170592	14.9049751181211	15.0451841707729	15.0604457670485	14.612384518262	15.3745230714911	14.9450120457041	14.7266356050328	14.6911198091956	14.8204296274091	14.9063547402012	14.8158425190362	14.68660216841	15.5065860083614	14.806136053473	15.3219177697238	14.6849518965742	14.0980918751541	14.2935846333748	14.6328838869006	14.4329936094939	12.4786186223055	15.0154399616524	13.9654239964934	14.407299091365	13.280713407946	12.7061489043302	13.1083273198113	12.6012603886487	14.0107461542705	14.2129278954632	13.5140565599957	14.0254010526098	14.2151184916002	13.8780207891368	13.9861092412625	14.7542503827415	14.1489192280827	14.2801161225896	13.6292452520446	13.700369312418	13.6045552648905	13.9107976620478	13.9660875772952	13.3421157740477	13.9816953081734	13.733445015673	13.7538563314868	13.5525785270879	14.0596779646896	13.713983012194	12.5443549194736	14.1589606213993	12.6974729941897	13.6929521297869	13.8984233964076	13.1315603683306	13.3629307826224	13.6481416196945	12.3542287973077	13.7552372454253	13.4789474120109	12.8277478829034	13.0397715934279	12.804870713188	12.5938859010072	12.9899228257107	12.9182913815615	12.9126673475088	13.2376306675806	12.6682284021858	12.5469811950048	12.699360380337	13.0870700302512	12.9331537370172	11.9135101371014	12.2200952521145	13.0230265857485	13.1450559293525	13.380805500784	13.1366383423446	12.1657274362881	12.7779486977617	12.5183073099162	12.9280255132583	12.0840144055722	12.4165037194222	12.8342565494234	12.1251230014224	12.8360132207588	12.0642500591858	12.7869331571355	12.6416876620484	12.8356801089151	12.8340521321315	12.0587347076859	12.895734409075	12.425257420419	12.5003706780488	12.0856860922862	12.7098044232619	12.0585589540056	12.1342977171736	12.5181815917303	12.6033239263298	11.6465037189967	12.7356952142987	12.5021584162867	12.4188016908506	11.8365349173962	12.2754416953865	12.0735539000055	12.519931428023	11.9355025511425	12.1980868275973	12.6001109274222	12.040747983054	12.3861882835734	12.0080988594143
CZC2552	18.1865504896156	17.1750186503648	17.9092745343457	17.8379307505186	17.1382246750559	17.3224245463763	16.6842117046014	17.1841529416299	16.7049676193197	16.6909366160067	15.4827921173569	16.4513883589456	16.5519408410001	15.7008750082137	16.441920954045	16.3891778642073	15.1330258220673	16.0990029115821	16.0256774929447	16.0408545128547	15.9153436485899	16.0708583880583	15.3829191767607	15.8082123965205	15.7516649534579	15.7405882524733	15.7760131644745	15.1259674089107	15.6290842970983	15.2922663348815	15.7450982939749	15.7818362614236	15.4012431075715	14.8212140993794	15.011853628354	15.3381771587726	14.9194622728251	15.3569845130405	15.0132566033018	14.9794666515669	15.3654525120641	15.5213503658824	14.4907000607715	14.8533402494843	14.6860072099627	14.9285402256172	14.9832977929205	15.0550438871386	15.2731871979623	14.4874821101132	14.9564161630276	14.5938028559677	14.7931465795349	14.3660006842791	14.6857558811789	14.5637133309842	14.8745085537968	14.5077558324292	14.807860724279	14.8743813775092	14.8153887326162	14.7211566521701	14.3027903315165	14.2838892095236	14.3650415777074	14.2554986609234	12.7960689593036	14.5065729859369	13.9808185412331	14.6400340543881	13.2858133448018	12.2983768911285	13.151154370004	13.0833735632078	14.1518113713219	13.6006037549361	13.499973687182	14.134985138021	14.0977066272812	13.7209371857506	13.9866410578227	13.8572727916012	13.8552951169343	14.1256403204181	13.9761906944179	13.8199924671872	13.7736729555973	13.7054238161629	14.0707838655313	13.2816634619747	13.9028456538846	13.4651534972473	13.4563436366274	13.0788943711793	14.0493753239145	13.8578778097992	13.3051442728528	14.1580691649987	12.774828466951	13.8238761535896	13.5853798722544	12.8727190237721	13.3784801929861	13.7635871624731	11.9802181009171	13.2611908688814	13.3274011947658	13.2715889741534	12.9962740802486	13.3142744260295	12.7856134709164	13.128145034368	12.8698634077326	12.8519576405915	13.3592848381469	12.7736693411289	12.1377852538838	13.002880387394	12.9638599952645	12.882270781601	12.4104667884864	12.6951957193073	12.8800310991635	13.2318571993704	13.3594281439369	13.1189072560916	12.5774385089744	13.006855116884	12.5887598084103	12.552382817721	12.624177810797	12.4477601778678	12.9649368335554	11.5188409469556	13.1332201935132	12.1426441400972	12.8659316460912	12.7452465745215	12.8004163029609	12.7848759458471	12.5276079433774	12.3211408620643	12.5840464506232	12.0862634508492	12.5375136484805	12.3550407797086	12.2041956480721	12.2801132884888	12.5328920910039	12.816551029616	12.2601175777626	12.701678718771	12.4805115712098	12.3274934196965	12.4126782790361	12.4766724694902	11.7928269343811	12.3869317409486	11.9142143019186	12.4775206937632	12.1571906269423	11.9958690223112	11.9796145070361	11.9220340369289
CZC2553	18.2213689627368	17.3721420760422	17.8638767017025	17.9889014938378	16.9209327205002	17.6490290444831	16.2155471474159	17.0958065296409	17.3144399278173	16.7119402406363	15.2856723420465	17.1225153279102	16.5044067424969	16.2130680400814	16.7007636064806	16.5259736497031	15.2973666124836	16.1271620110264	16.1674365129897	16.2149846192745	16.2226214002957	16.5469552462044	15.8955341939443	15.9319388253141	15.8878339034152	15.9168607343422	15.8175892495986	15.4658849292793	15.7406049396617	15.5984216809494	15.8726905263567	15.4836325136626	15.8499518687773	14.8253903777771	15.3193110739682	15.6003209377685	14.0931849118362	15.7731929638616	15.1764870967409	15.4880859293816	15.5494006865273	15.3935217209753	14.6946983929763	14.8325454804449	15.3771608687252	15.3092581919722	14.6917201778802	14.9910937216708	15.5555822335967	13.8854178781489	15.1296556688815	14.1732694581102	15.0740233308926	14.350761205156	14.2833136484245	15.1804663048788	14.3659488007707	14.694457310007	14.7739170233733	14.3645486069244	14.7962768057412	15.2404190603291	14.0320745948668	14.6503875221248	14.8034285464172	14.4324387492795	13.0246715676896	14.476658011027	13.989372494527	14.8390487997223	13.6802966208267	12.9975955788114	14.4593883283848	12.9964904509202	14.2375581036611	13.5131751743585	14.2667140939836	14.0079779957971	14.2824922024854	13.8151208802498	14.0276286055781	13.7143412047686	14.4728927757415	14.3851014577754	13.5748766454001	14.1052972943064	14.0200493091169	13.3260199067881	13.7044147834394	13.9582222689693	14.056755735398	13.9483566697125	13.9410315268909	13.1305077559326	14.1736519673168	13.8957446903918	12.6355128623803	14.1414476420932	12.1987161129769	13.9050226257022	13.9034773491504	13.3915275052327	13.5368466652161	14.0382313319207	12.6008511699676	9.0689413752184	13.9340258632236	13.0161935950452	13.5401734086898	13.8702153798188	12.9785394163003	13.4485914722356	12.9002204338152	12.8840429012521	13.4745161068472	13.4032302045406	12.8274326590145	13.060460131171	12.9872074565767	13.0777205406709	11.8503888538092	13.3507138227273	13.3400703992963	13.3224372743267	13.3685024012201	13.3440950306995	13.2352605015665	12.595615386526	12.1835163017045	7.94428991121095	13.0187613207508	13.1495990841245	13.2012155837893	12.5864149666362	12.9892313525647	12.3270179253513	13.1213715176741	13.0059291031602	13.288047988012	12.4658082496338	13.3787932987448	13.1627059039742	12.9147757060592	12.0512391006036	12.6704987366886	12.9472160222932	12.5261607893592	12.8897848301691	12.9408303748198	12.9696448185355	12.8190044934969	13.0331239435566	12.444237676964	12.8264227267133	12.0023433838639	12.5950613321612	12.7339201836972	12.2269244208075	12.7776451312645	12.4966485460696	12.444657146624	12.1880517812611	12.6187959619992	11.6217412171174
CZC2554	18.2620696836013	17.3281692559967	17.8682009348733	18.1442060611651	17.4674320137937	17.5221904476	16.8289229387439	17.0299333021698	17.0594458311548	16.9100767334425	15.9350444312651	16.6598902608298	16.6527988258765	16.5135668431702	16.5805993250953	16.2160706850641	15.0447267113925	15.9915445864867	15.9777920407176	16.3811618582371	15.9997284227822	16.1592682656042	15.8780773081057	15.7216141805169	15.8795497007303	15.7589900274529	15.7064671678157	15.3921188584038	15.6139326940845	15.7039390999499	15.5699834297774	15.4324482916991	15.3096068714834	14.7563080435971	15.5809840938028	15.5599309045777	14.6300654026044	15.5006350009872	14.809468939046	14.9970249889924	15.6465952816758	15.4531449141771	14.463990946609	14.913690287092	15.4154820274806	15.1319799302336	14.7543614817521	14.9749025303085	15.3478686136439	14.9004897701184	14.9599243004818	15.2384405338923	14.9431870268923	15.1409087222227	15.0963144333139	14.6395322448125	14.7456209284245	14.463990946609	15.1878927594639	14.7466608934385	15.0897172084495	14.7479526810461	14.2724670231776	14.3210679847172	14.582822872437	14.0786049481328	12.7147375718698	14.6068631449305	13.9677731785289	14.4378019797254	14.005681055243	12.6059501758265	13.1233182233938	12.9401876242205	13.994977115624	13.56264683207	13.5881920646956	13.8306520094275	13.7570233345773	13.8662126903	14.0388111073536	14.1120954323568	13.9738721033542	14.1475725250566	13.9429503183395	13.7750113758137	13.3743748326166	13.979206422652	14.1323926896763	13.3622173496372	13.6931546641234	13.8632963903423	13.4467025911151	13.3680072548137	14.0015107685402	13.6240892401652	12.9746132321838	14.0982843959664	12.9094565557787	13.3918667693952	13.5341692150647	12.6509989324287	13.6551368868123	13.9656667163029	12.0513919764501	13.6632931497127	13.2169419092559	13.121119931646	12.6567379686285	13.174885473246	12.1671085386507	13.1354973809298	12.8276874496633	12.8310239337166	12.7669504590619	12.5993790296925	12.5345817230497	12.7752877694882	13.2294195889569	12.8158798589471	12.3235770268105	12.907754294935	12.8163874035489	13.1768870031589	13.0381876436664	12.9254162583523	12.7444702092275	12.5412203707304	12.4298979180197	13.428196413318	13.0262422085573	12.750078420415	12.9610324156404	12.3112419711123	13.1508057601767	13.014182505389	12.6553019525871	12.4779947270414	13.1636127696652	13.4620052780431	12.5872616019161	12.6172190812898	12.3120024353207	12.7231680940022	12.7646796814177	12.5529540377143	12.4966823015492	12.3902417645295	12.3636909195831	12.7364849020907	12.155966411045	12.3359277854483	12.4291357268068	12.6120852287465	12.1506743582289	12.2332507871203	11.8509485334299	12.1788529824732	12.1465343416442	12.2279121773193	12.2153424314989	11.6723996230524	12.0513919764501	11.9230032542883
CZC2555	18.1304466879588	17.2297474491655	17.7787088156433	17.8669438174977	16.8829341430056	17.6165821676281	16.3569336740139	17.1511685508546	17.2015563285066	16.6450944281474	15.3175861319852	16.8299919089276	16.7679392160515	16.9222055035041	16.4367884247766	16.1191744588358	15.0880642800159	16.0749649702426	15.9818332469146	16.4251406010894	16.148294939307	16.2789524228872	15.497739719095	15.6531859535839	16.0568866066628	15.8891057258572	15.8286075201646	15.2941020293775	15.6632219843894	16.3201169800859	15.6955383243712	11.7557825368656	15.4635640828228	14.8093170618977	15.4797898463336	15.4890326207627	14.4122865728734	15.3852377804421	15.1517977459722	15.0033600083909	15.4990160883236	15.5435170182592	14.2697932444693	14.9516546915014	15.3269505001193	15.0741493982352	14.3251416902092	15.1486202716893	15.5306993247242	13.9227278648179	15.049438565275	14.1521142666569	14.7716822607428	14.740609869736	14.1949805148969	14.856600638392	14.7157335665767	14.1731557465634	14.807211709382	14.7154403062942	14.7738268898469	15.0879231809917	14.1697858631716	14.5784838652909	14.7310846935446	14.2983320796559	13.0371106999774	14.491018705958	14.0209079120638	14.5466619259524	14.5817271578543	12.9024517183954	14.2231248994815	13.285105292429	14.0364383258425	13.7902770954484	13.7625536481145	14.1830967260988	14.2440185159507	13.6847352026062	14.1056528907421	12.9647603321824	14.3446588379387	14.2266491188929	13.9654134862841	13.8676984993358	14.1135463422764	13.223802625311	13.5878367560431	13.3733912136217	14.1432213146689	13.9323613343131	13.6953732785996	12.841302349117	13.9503808033004	13.7152512445773	13.4245760943461	14.1819378310759	12.4880876136122	13.8685461973369	13.955315282033	13.1210109989527	13.2613727403148	14.1144290769371	12.4098824563556	13.5851198401376	13.3474950576399	13.4929919189155	13.4302117305812	13.5155148817124	13.3017984050118	13.4238863667133	12.9330833431842	12.9178790330185	13.3281501834799	12.9270363018961	12.7312195653299	13.1901785087742	13.1071630036501	13.0907672735886	12.173543081387	13.0522085687011	13.2854474615721	13.245618617999	13.1163551579477	13.3987574244414	12.8477649023255	12.24728181117	12.5638295052869	13.1096995258577	13.7157829104306	13.0528942943324	12.8110783236583	12.4694883724019	13.0572081041943	13.5999086114991	13.1207265321037	12.8399336493438	13.1467631765925	12.6489162777336	12.7030819717082	12.8877082509241	12.5939477034871	12.4900385564741	13.1223987305794	12.8964138713285	12.5019410807152	12.3074914555132	12.9737154887786	12.781821747422	12.9438079844238	12.4035866459143	12.4596223351409	12.761764426611	11.5294015064867	12.5958311888128	12.1920444514078	11.8869569501116	12.4801695092446	12.5356757449847	12.1734948965513	12.1456223609536	12.4113997996146	11.5216861211143
CZC2558	18.1278929333746	17.1497819339144	17.7519520904248	17.7821987848986	16.8749491189454	17.4174187495567	16.242967030177	17.0250498253099	16.8907514830708	16.4793276282304	14.9865671436696	16.2258010830494	16.3940026351168	15.3060733881011	16.6024402871242	16.4759022997774	15.1512258540478	16.0880903781616	15.8033857324196	16.0484043906189	15.9525668433775	16.0789101768161	15.813947513347	15.831369834881	15.6577528939638	15.660879144707	15.544248646526	15.4714639612685	15.2008470972693	14.8914308810957	15.9270694558476	15.6240845499396	14.8058680785156	14.820830724446	14.9967668931191	15.2232563185161	13.4799680802233	15.7058878590128	14.8069325275345	15.2174670269345	15.3965462744738	15.1275077913878	14.5268035150794	15.0944136163846	14.5986651745101	15.157763239645	14.9348355681639	14.75477784587	15.0347903268684	13.8891044086945	14.8720337938299	14.4487148492753	14.9645776835127	13.8912511073811	14.3702547377196	14.7001631386004	13.9280793930511	14.5277524976938	14.6642560437503	13.9306533432251	14.3328698974469	14.6153388054203	13.4172385211287	14.6301190964067	14.5121945471364	14.2613168615073	12.7576777946586	14.076854124004	14.5704550381323	14.7018705682475	13.0737953045408	12.5514806730732	13.7701654815893	12.8320276650291	14.1372406657125	13.230629028407	13.7836066048628	13.6854745124618	13.9873888616555	13.4919747421016	13.7128248174594	13.6783979348965	14.1578360820548	14.2167350620741	13.1398377185014	13.9667451183309	13.6176495899296	13.4305558480939	13.958704239962	13.2921233152197	13.7970584107872	13.7325900408582	13.1928848044015	12.9758197909349	14.0074274238528	14.0610214574137	12.5458233097301	14.0978892968192	11.5465483896997	13.8094134381483	13.774351024505	13.1302938378108	13.3299869766583	13.9561706516634	12.1812042785834	13.7828896932037	13.4576984312497	12.6109813828928	13.0803196779481	13.115226260671	12.881819033618	13.1234551539993	13.2844609159394	13.2789508469322	13.2383055013109	12.5330595590868	12.5409625173008	12.6936960139515	13.2289184240459	13.1201288525121	11.1533210765387	12.8830470296	12.756559881297	13.1141166970162	12.7599847463235	13.1133189830987	12.6168799861363	12.4192137374205	12.243071176079	13.0510681574747	12.2771269581865	12.0641661456846	13.1876951964229	11.9977383236329	12.6573841090515	11.7955346684019	12.529892738845	12.4881017042659	12.8351656201863	12.0524448623853	12.4937579277268	12.6979863966562	12.8077484512615	12.4619956096777	11.5281836653156	12.5350880892468	12.837142611052	12.75626621113	12.724809567983	12.8706665578498	11.7054555354569	12.5595894121227	11.8923693314179	12.3691614356016	11.9186899469282	12.0280736223128	11.9423412155176	12.3083909590802	12.0458712743008	12.2513668005367	12.2505308072544	11.4900254094041	12.1812042785834	11.8494933513026
CZC2560	18.295700489	17.0866736907648	17.858280712957	17.8396649861952	16.9863763771802	17.5029863333821	16.2555524724957	16.8863768263806	16.8025548596496	16.2372479585117	15.1764079838668	16.6659258118572	16.623668884843	15.1135120467846	16.6135609597915	16.509859264829	15.3871849419156	16.0898173651835	16.0959424521582	16.1334979866461	16.1338994494677	16.2998992144502	15.6900773551636	15.7553140412325	15.8459233330926	15.9602893060055	16.0619551779584	15.232116842028	15.5436971873678	14.6838482111352	15.8743380941071	15.3185838249932	15.2802867479122	14.8004348588106	15.0448373899511	15.3416395431658	13.8214866604391	15.4828570624842	14.9626422697103	14.8199201415515	15.1797535954545	15.5633267300129	15.06636752004	15.0961221231663	14.782960872527	15.0056063145113	14.6641253161465	15.1472197658909	15.3008348302836	13.922151852974	15.281084213124	14.4474761717052	14.9934512857384	13.5998119444472	13.960905651267	14.5551452512445	14.5960209116263	15.0665295700799	14.227969574908	14.6048919435584	14.1625019091951	14.7048795373508	13.4908463566241	14.3224701550703	14.695959186717	14.5616746384	13.1714230799117	14.1077211837723	14.1628797105246	14.4218090097612	12.734475407616	12.5717288246134	13.0728778139809	12.8173914005544	14.1552627610382	13.1360346733082	13.4100001889318	14.0239963813328	13.940530919549	13.4462504006949	13.6545420813048	13.3144081171431	13.8811205729722	13.9304300486977	13.2897058962971	13.3683062238702	13.3249529190485	12.609614256904	13.7195215441743	13.43499998897	13.8303159305405	13.7557110892778	13.6934899035835	13.2057508427342	13.8267826119861	13.9826240951678	12.6340998250661	14.1375882904501	11.9419506694924	13.3683062238702	13.8454466958019	12.9803213956638	13.3977474781423	13.3889590149725	12.1605044493428	14.0937071145672	13.1376871592376	12.6305604690391	12.5042108447849	13.3682832763185	12.3816077962572	13.5017608729394	13.282366872899	13.2753744848513	13.2246058725445	12.5740893292398	12.370317201353	12.6216046536047	13.1703364348806	13.3375295303599	11.1940306916069	13.1899892124426	12.3962995182289	13.192109023965	13.1208131828734	13.0774570493797	12.4604695307113	12.6083083985463	12.1745648100768	13.1879793578741	11.7339001355621	12.5441016679456	12.8893625468525	11.8971020867202	12.8702311829295	11.1326150537482	13.0973260894552	12.9688553517306	12.5810692220552	12.0245807198971	12.4432679363019	12.2963775507299	12.5217697993236	12.5033000454214	12.1566995815827	13.2552783197874	12.6691333411077	12.349129455168	12.5088705440696	12.4442825901844	12.1650836480032	12.3043924736143	12.3011559618757	12.5459706681542	11.8188616340102	12.0318720955147	11.9609560874242	12.4501205828638	12.1947584568055	12.3554459478404	11.9384949136781	11.8010470785596	12.1605044493428	11.5677108220035
CZC2561	18.1194915752017	17.5147978315843	17.8783746057782	17.725550389803	17.1319860339778	17.5525009777874	16.7082041034245	17.5853071884464	17.1464699754761	16.4188028780842	14.908765138043	16.497494674612	16.8445723448112	15.3917678372123	16.5422291767234	16.3659967813379	15.2955559174056	16.0829571927325	15.9436314392203	16.7168309018665	16.2513000648811	16.2354487266396	15.5324861275229	15.9951238405005	16.0421257710835	15.9333247833701	16.0437667783771	15.5346597635029	15.5446982535827	15.1643909497059	15.7026308284426	15.2094154789156	15.3610174240173	14.8384204202683	15.4241532022565	15.2989532355252	13.6547208059887	15.4095362712721	14.9461797715965	15.1363922068862	15.6737846877608	15.7100728879877	14.8926732333391	15.155801564576	14.5883055716297	15.2796696334975	15.0309353744613	15.2124987578727	15.2835900587641	13.8265299963262	15.0623316386421	14.4875522079681	14.9153813523817	14.0318146445718	14.2152550458148	14.4763856020785	14.4330389366418	14.5102073447641	14.9809543219401	14.4322740726349	14.7640524163648	14.9632639079604	12.2199380712	14.5483940422955	14.4670727728071	14.5400975298194	12.6464817529433	14.6468924095619	13.3422745275743	14.8439859406303	13.1538814890421	12.5064579545019	14.1348222605564	13.386646904447	14.230070148944	13.8636773135692	13.9646531864102	13.9765970039473	13.9198254515498	14.0450051665504	13.5871172015059	14.1571160561114	13.7461918089207	13.8869292007542	13.7012884224335	13.8652864142748	14.3297332429785	13.2309826305448	13.9810388861759	13.2879822009421	13.9264383849446	13.7509104713049	13.6578139063369	12.9481866965508	14.1007869879271	13.7871355364358	13.6774775512332	14.1591584819362	11.7194969786734	14.0980806135445	14.0274012122542	12.623251663455	13.3212573914478	13.5189601878808	12.336389718259	13.45359506746	13.2999422621543	13.8948555515227	13.4313002626615	13.1319664626282	13.4587694906966	13.2095039546972	12.9607775977985	12.9400723772635	13.4060249081995	12.57566370131	12.675051458894	13.2913432801504	13.1404153535969	12.9086397638345	11.1434845975535	12.7390190704909	12.6598067471013	13.3169444718624	12.9910618002068	13.3086739868379	12.4892436653414	12.1729091161042	12.2578581230757	13.405755193152	12.0902283965242	12.5426740098855	12.8188192019346	11.4643365254638	12.8257374667384	11.609052885288	13.0190788292119	12.437003234614	12.9436761957808	12.264640752286	12.4031698531834	12.9442866947705	12.7465529072366	12.3188611367443	12.1547799158793	12.9257760476674	12.6201950316972	12.4283665035573	12.2653172251734	12.9992044936603	12.1987471056622	12.2622115221242	12.2490669115993	12.6266209258576	11.5028175185684	12.4612187125321	12.2609010333555	12.2311102888345	12.1712691083948	12.2887387098082	12.3498134131758	11.8126484453567	12.336389718259	11.8356004044214
CZC2567	18.0982093309604	17.1379906928636	17.7724871588588	17.7263035412252	16.6820617943603	17.3690228508898	16.3053700413642	17.0087610830646	16.9702683070554	16.4504401960844	15.2515722704126	16.1648955711436	16.4495425940595	15.0275129404705	16.4631559621285	16.160158186729	15.2163074839184	16.1348786413836	15.8168487243327	16.2664930161651	16.0235376656348	16.2149210885432	15.4842447439979	15.7094939997376	15.3067769090507	15.7166182167497	15.7366415622818	15.2709794484037	15.0146555432034	14.8028192312465	15.7501756457889	15.2579912537888	15.2246209238983	14.9040463663294	14.95871845164	15.2473829835519	13.3430651817593	15.3455835470272	14.3923390407017	14.9256783518699	15.3411279101343	14.9277945801128	14.3026014099289	15.0313448277419	14.5799643712666	15.1183555157276	14.3793762075738	14.2174455438498	14.7717686407268	13.734741464845	14.5881921180978	13.9957438416663	14.7969013336676	13.1135179963113	14.0524643221832	14.6501994435731	13.9688563279385	14.3026014099289	14.7303203646098	13.9645038090905	14.5608798515761	14.2316655946429	13.5022144768104	14.4007231071158	14.650766828106	14.3116914776084	12.6452478190372	14.4714197870791	14.3000407883728	14.4321231994831	14.3804676380532	12.9145521056663	12.536512428794	13.0651342784074	13.9577088066553	13.7875327260203	13.7910448710268	13.2238227383638	13.2678396119821	13.1162064052918	13.2385328435128	14.140108022733	14.0192128050813	13.6182663363522	12.8911987372447	13.7325900696493	13.0198451151592	13.0075397287643	13.5422387196935	12.7988025872821	13.6608711062742	13.8988537600858	13.4207530651347	12.811110383265	13.7322608912987	13.8536660491624	12.9245896139797	14.1560910085922	11.8812408670287	13.2082765946372	14.0808300844171	13.0341016817101	13.2934258077824	13.6676653482115	12.3019195803467	8.22070730365908	13.4910284147031	12.9350229479929	12.1009472261239	12.9343427743322	11.9267241918159	13.2160784619021	13.2564573081246	13.2729028044432	12.6994147416564	12.7233380858943	12.3563919419729	12.0753547421874	12.9281523684369	12.9721924369651	10.9959287762906	12.5617866624264	11.9828358923728	13.0153261675467	12.6114210564962	12.8379144968168	12.5551125344749	11.9157257335454	11.1571419916963	7.95318575112681	11.7883054812268	11.5424184582503	12.8435605557375	12.3186653917969	12.5486148898233	11.0772496111886	12.5199301761011	12.4083607087567	12.3732498280011	12.461837974839	12.2557722612612	12.6740485506447	12.131400855538	12.1857938761363	11.2823015059137	12.2406583253202	12.4047324003604	12.3643488429806	12.360545282238	12.4776518848612	11.0244494910371	12.6437693936095	11.4478578116536	12.5702496380005	11.6333167574987	11.7422321133254	11.7113261797929	11.9102234769567	12.1954649073872	11.963964006573	12.1294370899579	10.8274015687997	12.3019195803467	11.3683858895049
CZC2665	18.2536846345904	17.4953535302828	17.8512953122051	17.8954122908366	17.2429846396518	17.7800833763598	16.5193322240671	17.3794175125506	17.2678502277631	16.3068346385903	14.9880925874231	17.159001605588	16.7985562105856	15.6103182634294	16.7655888316406	16.5192047889223	15.2093178762609	16.1524449777678	16.0832407674545	16.4530436429372	16.2613832127661	16.409069921175	15.8662089100664	15.9726903782363	16.0727511499924	16.0865989764186	15.8771685743314	15.8242685088482	15.6053732205582	15.4314809307433	15.8367563032324	15.302263388899	15.8327233001114	14.7969165387616	15.1941844428706	15.5406056524728	14.6216346369615	15.6260196934568	15.1289107489362	15.4057590454552	15.5469203237178	15.5784095877321	14.2994476090485	15.1035422131612	14.8117713449036	15.4506163294276	14.6946341070995	15.2248765029073	15.5875848177524	13.3135913461002	15.2527649742412	14.7598362745722	15.1167664614268	13.6433629749343	14.1827047211065	14.8260303032111	13.5783506763494	14.2864589407898	14.8945078696288	13.5770800861879	14.3357707191888	15.0545822544176	13.067237505539	14.7644676678811	14.5882084554979	14.4596519353064	13.090444186105	14.5325478277154	14.8295411084059	14.8904219413544	13.2093292103235	12.6804891007965	14.6765198829653	13.208602008853	14.2443210163905	13.9807513895234	14.0153595954125	13.8302621393948	14.1494304537043	13.5790569311641	13.5958864544965	13.8329858320149	14.2580913196288	14.0288531596994	12.7254234094037	13.9974234846136	13.9493571407861	13.1421259168382	14.0934782411565	14.2743112523947	14.3648018858975	13.2922314808463	13.4607969559079	13.1445496859834	14.0425909242433	13.8676518626894	13.1013408165477	14.2016297942876	11.0106142847337	13.9895276437261	14.2537152237612	13.0863137368575	13.3824599419675	13.8280773816246	12.6808910749999	8.96323313236673	13.4846844259737	12.8721686867546	13.3888806284266	13.910543383855	13.3302797357913	13.5335946967832	13.4392842805239	13.4462906437606	13.4978933445297	13.0661543481444	13.0061884032737	13.0230763315003	13.3496263735825	13.3512303111934	10.128661420961	13.6614947168792	12.7883416614433	13.3731325213781	12.8903206940139	13.2548011384568	13.3496154337215	12.1894270384074	12.506855947605	7.95833897970801	12.5773327828323	12.8276433831798	13.0564863226435	12.3948850200655	12.419935380996	11.6832906643762	13.0391698142618	12.8226467305534	13.1364076372766	11.8508830807266	13.2730165056943	13.2134539331036	12.9168511220163	12.7197637455948	11.7974633611763	12.7763755782361	12.9092246497655	12.7665210407519	12.8031523705999	12.9492044325816	12.7561071731489	12.5715950977338	12.093174949334	12.7538900355766	11.7989492712584	12.3689631585073	12.4963908601789	11.7786863658699	12.5305039035843	12.449087163374	12.4989083505499	11.6763562009961	12.6721553228809	11.9851470770475
CZC2667	18.3037636339117	17.3219200656751	17.8856983347067	18.0702511041541	17.2334870366058	17.6339411931281	16.4731630473846	17.1193285068942	16.9385120062591	16.6409415366427	15.6741407273101	16.4298134988668	16.6862119260205	15.9932441202482	16.6979858316418	16.5506747097203	15.0046823138931	16.1235332991164	15.8912387956063	16.4372359150864	15.9201355533376	15.994000319151	15.8879466768694	15.8444224449253	15.8167378788212	15.8479283359828	15.6377928235419	15.4599566573473	15.3821363314371	15.2836720945575	16.0876111020185	15.8496113304842	15.0174477432228	14.7904556368788	15.3629040619743	15.7621742400423	14.6728669225616	15.7881725017318	14.8714458545425	15.1844675044228	15.4687479633833	15.1924668865531	14.3875668692635	15.0623446993611	14.5171353845191	15.1407580151504	14.8640564053176	14.7493161728303	14.9288003373341	14.1557159327461	14.7999963099533	14.6719664809876	15.072952442099	14.3928878770097	14.8699239902599	14.8194940674886	14.4124059290258	14.387326100206	14.8782764390879	14.4122858521589	14.483783396297	14.5868745995846	14.5481403197909	14.4953530209913	14.4503314690651	14.0062590300273	12.7943419458895	14.5755266864816	13.8262640790451	14.8188344226581	13.4482706044804	12.6117153002093	13.4399691846279	12.7090344476409	14.1017665305188	13.2664324668637	13.8005815322494	13.791345283814	14.051064682539	12.372883227549	13.9492079996769	13.8559575285719	14.2350203764397	14.2669762617412	13.6171202642308	13.7146501130052	13.526127240816	13.9423371037552	14.2379293854868	13.3859182712528	13.9683456822563	13.5022872633081	13.3898317628865	13.1832021797648	14.3153050104695	14.1806666010924	12.8981694446326	14.0786658225856	12.7083484437804	13.7091594139072	14.0518722988209	13.245938014645	13.67213901161	13.6350533879607	12.1229728762184	8.50452593258658	13.6939674531119	12.464790091508	13.0835797654284	13.2541163773005	12.8770986012779	13.1822769540174	13.0284942230839	13.026158703039	13.0629099296582	13.1726494754399	12.4132110263056	12.7686765830678	13.1618482591236	12.9275988501427	12.3302206068911	12.8463934592526	12.8811546660082	13.099870195073	12.8199686168699	12.8983243530238	12.6996234392129	12.7156822865888	12.1965414117885	7.94903968380401	12.9401156736432	12.1575616784566	13.2883213383587	12.2841574873731	13.1910783035214	12.4944324452729	12.345107941353	12.3613515255573	13.1106509141133	12.6296180619931	12.4572631585783	12.761046492882	12.6877016444185	12.737304049659	11.9070684160084	12.2656538243257	12.3941024836252	12.4545181975737	12.6754676674245	12.9516923494263	11.5980422215496	12.8238874458855	11.8761234591815	12.5201443557858	12.4937335221323	12.133880036589	11.7875113380869	12.4960270127387	12.1051212631204	12.1735302733721	12.4944421856219	11.5535260170539	12.1229728762184	12.1395770863757
CZC2670	18.4137010468384	17.4362005704336	18.1119448087197	18.3068281966216	17.3676145170391	17.5253748033333	16.6723258517616	17.1951304114852	17.0664866622977	17.0410615812402	16.5167285036064	16.360844552856	16.6188796303482	16.0826412261646	16.7599397128719	16.8156335203213	14.7822592000698	16.1340679440384	15.7553726496225	16.3711964074712	15.816069646157	16.1167626796467	16.2296304550077	15.9964077041757	15.8120507401766	15.7896966412454	15.2864595599641	15.2465224905421	15.4188832076233	15.493746480021	16.0281178345803	16.155142369042	15.1534800419519	14.8311142749903	15.4383836066145	15.6287789295089	15.4776956531379	15.831883107553	14.6609491662988	15.2158363441006	15.3658073107576	15.2782637470954	15.0945878015628	14.7768784221813	14.6552246557524	14.9691394708665	14.8536354738344	14.8554173566871	15.3140823871005	15.105597138782	14.8086165429406	14.4969481834932	15.1236394843972	15.0931187242027	15.007987649352	14.6397654635629	14.7834904809085	15.0842073968441	15.1534001585997	14.7815147506859	14.6026403811773	14.6211710924317	14.6316858705812	13.9064055551789	14.3849073747276	13.7076515374188	12.8457396105538	14.7724484117254	13.8784265075067	14.6686383478113	13.3356261813932	12.4027983078903	13.0750088036417	12.8705799767445	14.2732945101374	13.7733936953599	13.4417588207545	13.8275171277638	13.7732492896445	13.8803208912201	14.3677139780521	14.1861861085121	14.0241931932216	14.0796119942132	13.9519162701467	13.9073647673218	13.1865569211065	13.6581469563103	14.195972099991	13.0656033910052	14.1697961287231	13.5665825149141	13.0367465123581	14.0738408337524	14.2412249733308	14.1737850263814	13.3677423499781	14.1060183981711	13.4700428115507	13.285362393672	14.2032021534899	12.7508595684469	13.9960969978131	13.6407352413436	12.0614394438129	13.4158172119947	13.3157296303717	12.828263081484	12.4665125249405	13.1149219652469	12.1790259752063	13.3528559935873	12.6984463496795	12.6984463496795	12.8724160201987	12.591563556945	12.3207934310587	12.4956016856616	13.0297243129729	12.6642960236582	12.920202316143	12.314962495554	12.5535127534797	13.021980102707	12.6277135140847	12.4140868882517	12.1852380580062	13.6599516963142	12.2103097687319	12.5569154709796	12.8267379311943	12.0578395325665	13.3535893532689	12.297160318998	13.3080054451947	12.4789245762775	12.2899794032145	12.0248343198295	12.8077597594291	12.7496993953456	12.339790784779	12.6185239369978	12.3768622922086	12.2804620374388	12.0872762862598	12.0271171163038	12.1445157331096	12.2424232906101	12.3985532065355	12.9702624850932	10.7073345715916	12.3738296836021	12.1187473689156	12.49197843783	13.1676718928054	12.2319077881113	11.9400256217717	12.7843567238073	12.2371450386082	12.0751834090492	12.5835483034128	11.3296881815466	12.0614394438129	12.0861447404726
CZC2672	18.1270720423447	16.9163621954013	17.7870916083356	17.6052798997291	15.7648285091461	17.402579984859	16.1631843254403	16.8022352321291	16.7006456741098	16.3574365225666	15.1589816799194	15.7832534802974	16.5501519526012	15.4150861714103	16.2739157670725	16.5082822711212	14.9888127146185	16.110132275584	15.7900913619931	16.0811777221049	15.7529872856216	15.9059303576921	15.722294532266	15.5608135268101	15.7644743039006	15.7202983078586	15.671314006064	15.4155897094932	15.4248132186523	14.9070922635675	15.8129899815283	15.9122873767101	14.430244627004	14.8441652828365	14.9911143169352	15.2667927780044	14.7684826666044	15.3732866148373	14.8250247969639	15.1623617053795	15.219491911964	15.273657276608	14.2838324845655	14.9964697760084	14.2188789348003	15.1522486115769	14.9400240625512	14.8372215018744	14.8780847427744	14.318566627159	14.953468726311	14.2805123796253	14.5792732825657	14.3821648528207	14.3132165355107	14.9734161160826	14.6430006194905	14.3317348178348	14.6822750551756	14.6451242648015	14.2485205634511	14.4903968237883	14.1553256460265	14.547299401849	14.4919990712223	14.1688508520331	12.6707893950739	14.1036389635446	14.8415956399488	14.3254145737801	13.1525647112365	12.2598267731075	13.3097944493648	12.4543765419821	13.804724681465	13.0620082946465	13.7112911726362	14.1782383182948	14.3005513644064	13.5507488769389	13.8908607458913	13.4841275095884	14.052491326294	13.9660183640052	13.7179781108721	13.8722042969151	13.7620114530909	13.0723174783798	13.7408808494991	12.8823538108699	13.9524884318932	13.5814980066158	13.300755010822	13.114946807113	13.8601879476881	13.9234914801561	11.9794479307414	14.1742238561468	12.4393132104045	13.4883551959418	13.8453328536437	13.2758117030958	13.1946571762976	13.670384491983	12.2185264213366	10.037906149416	13.4351140686253	12.4574583513263	13.0676742662784	12.5585421008852	12.6943297336738	13.0767923320975	13.6061463579588	13.6028541563852	13.2509225616884	13.0146449919327	12.3430934117037	12.9490080277687	13.2529262847077	13.3933410000149	12.1378855098866	12.5775474866483	12.9969418872416	13.1135337533506	12.9555562129084	13.0058655712865	12.3587123773073	13.1809309456419	12.7463972913043	7.94951165758083	12.3700097330164	11.8280688932589	12.906226617841	11.8219431435173	13.0819404880227	12.2553883553858	12.3439099508922	12.3201354086575	12.5823112880768	12.6592402194942	12.1814156043196	12.5639904703224	12.3860508542441	12.7171566504129	11.8459280493035	12.5922955916521	12.327827110832	12.2043054684922	12.6780724563915	12.5059236350853	11.7480703860808	12.4709276731624	12.1509212957771	12.6320749835969	12.5253365272971	12.3232848156071	11.8923985460647	12.5658449241716	11.8450073487956	12.4269149389805	11.9727780885227	11.7878476780622	12.2193346900664	11.5291328872549
CZC2674	17.9612828312229	17.3889132919554	17.4162640239585	17.7458825267879	16.8627246390111	17.3595673454122	16.0748660468248	17.2890768704287	16.8098805445266	15.9883412063914	14.9606390959875	16.503334979374	16.2236775807022	15.227381886615	16.4094597728385	16.2006611107382	15.0872289540871	16.2547171813105	15.811026822292	15.8358450502554	15.8518273139374	16.1405931878391	15.5876773817084	15.562895111502	15.59246821115	15.591287719643	15.5840016704679	15.0354505501537	15.1993967164405	14.9153347093634	15.4014046764331	14.8580520828513	15.1443686515288	14.903271900477	14.9435583752566	15.2960001323169	13.3093615374891	15.3209285557333	14.7611381004514	15.1929487308111	15.6631651428978	15.1178138037817	14.511396090813	14.7930358165427	14.2847505788603	15.191869006987	14.4805967031247	14.6771486196931	15.1483893344942	13.5421873221004	14.8538006739694	14.3515243965627	14.7665083950487	12.8711691448996	14.0068553179415	14.5328199495009	13.8327867199625	14.511596057434	14.7120400250708	13.8311717340229	13.7636169296229	14.5773591296016	13.2407071065094	14.3064572521951	14.3307096577267	14.2604400623531	12.4273518295913	14.3809837577201	13.0905011442836	14.7591840497113	12.9156005366743	12.6607408499999	13.3843001691338	12.1538345196667	13.7769037739899	13.348135360962	13.8342502322908	13.6037704476875	13.7962398815791	13.6796531200212	13.6236226524186	13.7276835880328	13.9160729859875	13.9812439233231	13.1218421321796	13.9614252014213	13.9776978234676	13.0047490488411	13.5135624855134	13.5728596519067	13.5023722970823	13.5445614452814	13.168672994607	13.1387126038642	13.7116402135607	13.4255269450823	11.8184603673039	14.2799930763887	11.304817992616	13.9633154972442	13.53299086799	12.9438063387122	13.1425715058072	13.8006162642184	12.2696784793501	13.0491198382592	13.487052926303	11.6188863225868	13.3389404243415	13.1854988558627	12.303548582933	12.8744990513844	12.4716007739284	12.4758158454903	13.1569695653789	12.9544368555512	12.3440492743114	13.032074348596	12.3974946498515	12.2866232074547	10.4576954794572	12.2791299770972	12.6834553755588	13.1132681753663	12.5450844098196	13.0287167868278	12.399100699769	11.4590948014457	12.1218741122384	12.7427997612388	11.8466288224956	12.3252997291583	12.8161346653255	12.1307182630066	12.3650775684324	11.0085688243079	12.729329372369	12.7291422257977	12.6845479225694	11.8495586700639	12.4249958219777	12.2974572749794	12.5099415171464	11.9548260167365	11.5568094228922	12.5810603745109	12.0585286122565	12.3946360683668	12.5084510982072	12.7859090574226	12.029254941115	12.5367315233489	11.4794996255049	12.0406216328511	11.2299801056261	11.4408642437305	12.0478241898592	11.5288547121705	11.8590110584192	12.3324800124987	12.2419818938502	11.2167014462846	12.2696784793501	11.4120067000051
CZC2675	18.2833576568455	17.0287072409911	17.9381667780763	17.8259883789157	16.7618854520376	17.5409242660832	16.0185371121227	16.9906047913559	16.9099658328347	16.3870455860601	14.6986864942442	16.4569774743351	16.5323620848516	15.2308115465752	16.613637737406	16.8420218564609	15.0886562440143	16.1977947392938	15.9507138595961	16.2058847390356	15.876931948231	16.1266300551077	15.8470588937935	15.8902408454691	15.7036030090593	15.8586512035233	15.7234407252122	15.3072757129861	15.3992451275923	14.994080876567	16.1320360090749	15.9982352689363	15.0665232069724	14.8525344098914	15.297429413123	15.3358101057006	14.6612015063883	15.7625445629711	15.0278853735308	14.8647491461888	15.3322813430715	15.2931150924734	14.6391062833655	14.8500067258712	14.5492392724561	15.2750956492974	14.7492455760802	14.8477843712598	15.1839866514235	13.5380053893759	14.9043629500788	14.3673627245451	14.9736085387027	13.3954708487194	13.8303480420574	14.7192514570859	13.6901131432374	14.6389798771225	14.3746561650963	13.6898483355308	14.0701125778555	14.6958013857466	13.0106568961885	14.6204031707007	14.831030957677	14.2509437023657	12.9603820817085	14.2702306301422	14.561039116559	14.4608796836993	12.9592507733637	12.7315228755148	13.5728788058742	12.6424082366743	14.1806221347228	13.2290964839082	13.5164846183238	13.7475802503635	14.0268401448024	13.2408832693377	13.4675885694706	13.4474281704162	14.0897463355732	13.9696335785519	12.3569335244632	13.4113719187072	13.3809982878524	12.7288532148136	13.6403493486666	13.7346201256404	14.0322387983055	13.8909259069854	13.2931497003012	12.9876084898722	13.8746326416531	14.362032313723	12.5823080268022	14.1471594416126	10.7985141055638	13.4045564661099	14.1308973282173	13.0804832737006	13.1726490804121	13.5593961159561	12.0586876852681	13.4679087991956	13.6294632341521	12.3756395903141	12.6846614266714	13.2350608142302	12.8700810428532	13.4388901266854	13.5390479415106	13.5363623173669	13.3855005787714	13.2903256689689	12.4483580011392	12.345525781099	13.124462142655	13.5040794628877	10.3184611493451	13.0942506632033	12.5335113985367	13.1628650699454	12.5630771983419	12.9687382548477	12.9789458628595	13.272343143394	12.0477230264833	12.3565087596067	12.3321082332347	12.1892954328683	13.2713325735861	12.3831252360856	12.2582879315528	11.9049581972971	12.7321075692804	12.5844120368157	12.8675474717	9.80225948432127	12.3553013550244	12.662216913167	12.7633731532717	12.4506350091744	11.1776254962744	12.4747233431366	12.6972578158231	12.4932881246442	12.7893854216666	12.5731848199355	11.7011841984644	12.7185056705343	11.5929796525779	12.6930670370412	12.2628423814002	11.9035167481353	11.6420915059216	12.6383518346476	12.3055351334677	12.1223906088585	12.2945359360664	11.4507360887765	12.0586876852681	11.4691621752249
CZC2676	18.2285819438299	17.1682854744974	17.8166577301191	17.9975353834911	16.959555192481	17.6756143917108	16.2355903028139	16.9348815637366	17.2445377840037	16.7534959691647	15.626132008298	16.4640522895369	16.6423209384957	15.3826554237864	16.5029068942104	16.5534506540636	15.252710712778	16.1150995886426	16.0090685441186	16.5644449698913	16.2114745014918	16.3816047967221	16.0013810209408	15.6905115183753	15.8384164535059	15.9895744460134	15.7992651592744	15.3937100887146	15.5148861367904	14.8781707073866	15.7703181584715	15.3904727379814	15.0813082202409	14.8595945589762	15.4059521261526	15.6870163691077	14.1672540509624	15.6490020201784	14.8169279605511	15.2195691152887	15.3769613118736	15.1989673763148	14.7210400104153	15.2481403972613	14.6568481901419	15.1167410889389	14.3992247237097	14.7064773460404	15.2008302625107	13.8519703739229	14.9444929656222	14.4428987299614	14.8671609085387	14.0668491851746	14.3225876049873	14.987732881574	14.3461398549082	14.7210400104153	14.7435232397543	14.3475925565292	14.7155813107153	14.7220292110254	14.2653569763065	14.3521005653298	14.9524517542325	14.3699635139605	12.8233669247402	14.0951546366252	14.1093935004716	14.4256485259979	12.80054553992	12.943091939784	13.5682905688725	13.2951256923848	14.0941035354528	13.4181069382164	13.8690579447756	13.8750489288473	14.2454068337574	13.4587275476151	13.9952655589699	13.6660256232337	14.4768930586626	14.1530639948777	13.2253536375647	14.017151298417	13.6842359266515	13.2239403860979	13.6864511587122	13.3052814177666	14.4253825168606	14.0453822922078	13.7415917459648	13.3281910251013	14.1922003074721	13.8657930395026	13.2319755597046	14.13972511525	12.494542756523	13.3961432214958	13.9108446456646	13.1106909818746	13.5169366588699	14.1732020265667	12.5979734858312	13.8909175727823	13.7736140238331	13.3329452894533	13.0163971283271	13.1523882209347	12.5448650798384	13.2141471682559	12.8776374378586	12.8789890984821	13.2597564035901	13.2596700930451	12.6957641724517	10.8348393947348	13.0817644267579	12.8233265486114	12.3129258633037	12.9131955577492	13.242323466803	13.4305095621464	13.1934777291731	13.1164041204517	12.7341733942653	12.1223419925302	12.1095461084632	13.0407822822193	12.0557612592577	12.3305710249308	13.1537133576352	12.3934858466252	12.8115235653484	11.4214286491326	12.9774920595526	12.6979500880989	12.6341869533779	12.7789851326691	12.7457843354957	13.0105991559413	12.4134913192704	12.1514727577516	11.7813578258597	12.6299156095669	12.4734706065859	12.5248145336729	12.7730828728034	12.5116744270084	11.9517397749036	12.9910134156142	12.1913387477925	12.4208640856655	11.708812219522	12.7045324769623	12.2284143852758	12.1317895260391	12.2109485872819	12.2306192318495	11.9839121683402	11.6784028239468	12.6087190494883	11.4334018238417
CZC2678	18.3270537784976	17.4139806622395	18.0769620791953	18.133927012592	17.3213391070745	17.7603646791693	16.8508783980311	17.3560824237609	17.2805012378419	16.8275638466973	16.11818036437	16.6224035898868	16.9757473317901	15.7031870058873	16.6039015693799	16.594547702492	15.4075660838673	16.1091386911917	16.1522553692395	16.5450500911806	16.3670096158754	16.4757765539505	15.8908691737094	15.8968345074274	16.2796070676855	16.1244093863173	15.9533737689769	15.8933622781724	15.9663497595748	15.5394553740121	15.7651224079772	15.7034652591618	15.508298127283	14.8280437160569	15.3482659162971	15.6943425937126	14.4831918416266	15.551596566675	15.3759088862864	15.4307212585474	15.130571877163	15.8529490131175	14.7056818375463	15.1427294331588	15.072399486397	15.3771045980136	14.7326716197914	15.5412996581608	15.7552506849496	14.6191549685961	15.4787425857049	14.6519156667265	14.9307147508863	14.3799500968834	14.8625246608579	15.0252709744057	14.8189725048533	14.7057801256341	15.1381511576313	14.8177465227317	14.5936339743098	15.1901279377276	14.472049518158	14.7698148030806	14.6679235419155	14.4839551684218	13.3163859732513	14.8031144818584	14.7857274706366	14.6098902480264	13.2371487645986	12.7546050866064	14.4460954675839	13.3248413054556	14.1679353054003	14.306363361048	13.9027355780473	14.2382714250401	14.2303026343587	13.7039745025198	14.2959603975699	14.2932754945668	14.1429724977904	14.2286039585255	13.7708527788235	14.1269929921422	14.0230051899567	13.8193950256414	14.0705977827342	13.2645805781209	14.2649246117013	13.9038541107136	13.7046380700373	13.7844533513013	14.1820307060424	13.8849157653624	13.9007100796182	14.1878819797098	13.068583446951	13.7443347929479	14.3464044014007	13.0141221529307	13.6968832953486	13.9226153192409	12.1118872065677	9.04857592284533	13.8349314192598	13.1806956463512	13.197213616624	13.2612288598184	13.9705493304633	13.7893685989736	13.2930488233178	13.3355285500336	13.9363953976045	13.2610679947475	12.6764587884832	13.073513783589	13.6060894690116	13.3061966930814	12.3114613774899	13.2852850312478	13.0494298221838	13.5181205665832	13.4540666142589	13.3821976336368	12.9470159327767	12.6481985484435	12.6441563046984	7.96617661668845	12.395496560759	12.3429306974328	13.049352419495	12.4171264393492	13.2705132582837	11.7471420513228	13.1790556561313	13.0887238016169	12.6123914048411	12.6367774984758	12.8871578606902	12.8225353639425	12.576734790296	12.620932873955	12.2519949250564	12.9609014641268	12.6241878477399	12.5239922551221	12.9256999418517	12.7861599661263	11.9955460014929	12.9780866352813	12.9237104709693	12.9709872381438	12.2158822580671	12.6619666945967	12.7434815783686	12.3441330781147	12.6114231474046	12.4676144799717	12.3578740655778	12.4826067071764	12.1118872065677	11.966277807825
CZC2679	18.2934367578117	17.0046928124821	17.9162847417979	18.0031874582293	17.3044344141784	17.4128512789696	16.6985277583928	16.9242823848521	16.9564574877488	16.4968258852963	15.6490967694245	16.4210458404839	16.6790985484124	14.9765701166904	16.6008458779307	16.6941546402766	15.0643892343551	16.1451210439142	15.8574643795705	16.3507388414805	16.0175934584024	16.1186880294675	15.6694277134216	15.8478147691048	15.8643971386061	15.8704536923978	15.7427568762484	15.0450836567639	15.4136618876762	14.9310503578124	15.7685285819765	15.7548126876425	15.1156736482329	14.8086714468447	15.4321047965044	15.2021648533001	14.5407787012586	15.5728768181212	14.8952572280064	14.7667657761722	15.2888136297994	15.483390290176	15.1789085577993	15.0902077055943	14.6874205709803	14.8589049501819	14.7204802771179	15.0104257253662	15.2094408336419	13.9510203737185	14.971305007857	15.075199666423	14.9548141321306	14.3644868864748	14.1494098989549	14.6670369230396	14.7023905510749	15.1789085577993	15.0083867244051	14.7023938680023	14.6683584395942	14.790157812992	13.7382354663475	14.4582065520958	14.4990604182255	14.2958050875381	12.7003086238393	14.4652921200671	13.9763825581682	14.2582750879322	12.8529799361925	12.7034908547544	13.4330419551132	12.5768656434345	14.1043384152538	13.7090188005826	13.1960059139454	14.1175051491672	13.9778701429174	13.3903669527185	13.9283341505549	13.9712066239242	13.876970781627	14.0849898283318	13.2675561948877	13.2641634353233	13.178083259331	13.0341912625099	14.2148858124986	13.4366474460227	13.9067271413332	13.6399916828546	13.3192992231903	13.8305476727315	13.9681199520492	13.8460650856659	12.7901338520217	14.1715988337469	12.1788645063541	13.2427928087092	14.0532647931044	12.7583045535979	13.5559091488545	13.5789540563686	12.1745883303278	13.7875363622374	13.4934603618366	12.5034275584818	12.387552579509	13.0697800308361	12.824110746534	13.1422129067378	12.8975426792152	12.8900241473879	13.2694727469459	12.9939138988668	12.3675367258451	12.4891735624949	13.1859848442386	13.0367234649816	11.4932855987178	12.3938151623336	12.6519694617668	13.0369981018642	12.9306232095404	12.9741073458177	12.3479197181617	13.0197106388514	12.6403485075531	12.713132172247	11.6773113448311	12.4354890838851	13.0679043168417	12.3021187095053	12.9838293856491	11.4159213027575	12.7795971298266	12.7613242798137	12.4552692907797	12.4760790844374	12.1179252067394	11.9424918101903	12.5986315851882	12.6687395391303	12.0098076293505	12.6115240255441	12.4187343561889	12.4172460905213	12.7631505116648	12.4653157658292	11.8907486119825	12.6248089622877	12.2736186811213	12.5432930382842	12.0795229287602	11.997032640621	11.915105675037	12.3699648846315	12.1036062711357	12.3807432390397	12.1883991116452	11.7483504964114	12.1745883303278	11.9883059038578
CZC2702	18.4851089146265	16.2447796292088	18.0907678798137	18.3353479605359	17.4681326574178	17.4672582007096	16.7393806999602	16.9681697547273	17.0738537232631	17.0723674687345	16.4679751099012	15.9437272591772	16.7395963324525	16.30890947367	16.7957174348355	15.6598817309212	15.1728559252916	15.9995141320615	15.8796058863133	16.4009639776545	16.1635986325439	16.0397437647735	16.0617680326533	15.9322389563614	15.8195206058488	15.8093530104065	15.571004998497	15.1788330354714	15.6860309996403	15.4927948646113	16.2821934984088	16.0732743569737	14.5987841316013	14.7745953609368	15.3020776333026	15.784702853035	15.3276968362706	16.0851665137482	14.8204425373006	15.1745953042998	15.6086943671717	15.588160765043	14.7013937519467	15.1009495262152	15.0341230400584	14.7135486093698	14.8577315196825	14.9828753981337	15.428699456446	14.9951984388508	14.7606989481356	14.8094379386262	15.1616903024382	15.1695622110249	15.0141621483097	15.0731283509908	15.0259950327712	14.7013937519467	15.2349492900959	15.0245328636727	14.9024469185022	14.7459491539572	14.9425855085257	14.1037802107569	14.4548874067057	13.986646863246	12.8516443824489	14.808584092128	13.8090420804992	14.849176781838	13.6631072984751	12.4510305698108	14.0794085802391	13.2156446979194	14.2007804906993	13.5296281168043	13.6767447933143	14.026607241074	14.3232290917215	13.9916026225331	14.2725119875265	14.2559335923435	14.3759157662255	14.279542410342	14.1767358255597	13.9572748629683	13.6622542049908	13.8917957744861	14.5187512616001	12.7120339000121	13.7138195134436	13.4899163974105	13.6994673909832	13.7560665099338	14.3417950420452	14.4621872483296	13.2027558595919	13.939953085455	13.7596428153556	13.3071425487881	13.839736822807	13.1754848513228	14.3282601571021	13.8253221128519	11.7659191927714	9.43020961177838	13.2583227494249	13.1583445865259	13.0506585749545	12.861677501734	12.9289266047613	13.2268016693045	12.9635128449851	12.9747568514821	13.1851063573973	12.6238362870208	12.3108518932345	12.7600148102901	13.2217439057256	12.8243398158763	13.081634513339	11.8074343014513	13.3145177380134	12.9414592619656	13.1040396758941	12.8308722629541	11.7217364873396	13.3864328510221	12.3640991352646	7.94750374513312	13.1413612806048	11.8510215645549	13.6797369477333	12.2984327805007	13.591066087071	12.7134659959793	12.3868767423973	12.2716438982169	12.6487231087139	13.3653752700908	11.9163980593407	12.7164077806263	12.4492595367356	12.6036445551468	11.9247614790242	12.1921518518362	12.1811037679446	12.5337562449708	12.3972623137131	13.2216933254674	10.6843784188197	12.208004749814	12.4205355149098	12.4746921012029	13.2232063622482	12.4704327373931	12.0066259343602	12.6677437851803	12.0544612828232	12.1850188404174	12.8012990961881	11.823556520774	11.7659191927714	12.3504869255023
CZC2703	18.2168896843248	17.4405637111183	17.9491899252284	18.1418283174592	17.3086548204824	17.6059779276458	16.7175090520917	17.3326460952785	17.165201762581	16.8828952996738	15.720104700168	16.5716691073602	16.4991774633494	15.8670615164486	16.655074738581	15.6104174814241	15.0907202664913	15.4194954076401	15.8437463327417	16.1507960452666	15.8948867002556	16.1983937014137	16.1421925895848	15.9520484044998	15.6958678643938	15.6558858791861	15.451586610101	16.1837997672134	15.3068827510407	15.4830315854148	16.0633304073771	15.6926942231095	15.2774943831272	14.9113815697639	15.2190827315692	15.3879703439507	14.3101315890453	15.9456842925687	14.7994516164085	15.6278018204451	15.6199177468521	15.0990127867488	14.8552013831805	14.8694523456855	14.8136391646809	15.7460004246645	14.8961238844539	14.7414637206385	15.260479537821	14.6077936128365	14.7420753069134	15.0836852474285	14.9979381558565	14.523221356341	14.8709090805639	15.2442265562137	14.2035275993417	14.8552013831805	15.1183247710512	14.204180370737	14.5643144018567	14.7864312340136	13.6274731202829	14.9428335343102	14.9086770940687	13.963518207386	13.141245821658	14.5281055357188	15.1763190082534	14.9605577377352	13.6645821194038	12.6841947009931	13.7726282229203	12.8972324370401	14.2320574331778	13.8142489986328	14.2626440869128	13.8209424972334	14.0858714700027	13.9135143784771	14.117543397558	14.1702527493395	14.3810381793821	14.3624813909429	13.4974275113837	14.3794933173561	13.723440295455	13.9066988462517	14.4550500379637	13.8172173385852	14.1306090418035	13.9065959951888	13.2167222657835	13.848348041587	14.0170665340862	14.1757485247914	12.6994514098128	14.1702369007123	12.0606506666767	13.9017458341989	14.072392773422	13.6092030295904	13.7803363771844	13.7440867348573	12.2949828298935	13.5329903594221	13.8124576212919	12.5496676233106	13.2169065866164	13.4885800141606	12.4648074371918	13.6304081060633	13.8532341663999	13.8650199148812	13.082348528929	13.396924245223	12.5058313674334	12.9601326402575	13.9645154161606	13.5499511960649	10.8786769540042	13.6175389408109	13.0961197085328	13.6084775183799	12.5811380381984	12.98077777413	13.5125958775124	12.7433860592495	12.6416993728547	12.954532527428	13.0165917817091	12.5400345070091	13.5291153137271	12.310034972778	12.7673087180952	12.1823568167686	12.6260667849059	12.4166573994505	13.0985851090538	12.5110481296073	13.0241528193264	12.9108016174667	12.8321332478104	13.5197198973203	11.9668513534831	12.0699604540789	13.1081011212285	12.8729987764597	12.9234766051823	13.1723428932527	11.8268142799681	12.9359279037266	11.7356112787386	12.5049569963811	12.7726794489844	12.1099446101732	11.7776562063519	12.501327232361	12.4970807086129	12.2828610328736	12.5179054604946	11.3543121642125	12.2949828298935	12.3601902089519
CZC2704	18.2051841462685	17.1929694319249	17.7518125882233	18.0128991778258	16.9489435989572	17.4679593684785	16.0204726220393	16.900881899103	17.0002901574505	16.5414718573726	15.8749402122571	16.6092321032798	16.4224016163792	15.935620126712	16.6413989232773	16.4542059085016	14.9147805116567	16.159460049391	15.7340819561807	16.1712330133069	15.8971606344098	16.0569786778569	15.8690984496606	15.6835448361658	15.6250180385106	15.7153445003835	15.4466213216565	15.1678574695448	15.2971627513895	15.2894513185918	15.8677826255633	15.6806414655049	15.0881111259734	14.8012642363162	14.9997473467694	15.0882509253171	14.5935306099984	15.6713843071023	14.6520755539574	15.1039898123183	15.4164535783561	15.0485838114458	14.7677780925836	14.8942997397065	14.39790315992	14.9698035815943	14.5958571754545	14.5595965008977	15.1064790120812	14.4077526443856	14.6895438989629	14.243429713155	14.9996781339266	14.4198289668911	14.6885729995927	14.968630621371	14.3552722530278	14.7864886961858	14.7577309441965	14.3540633899572	14.0822894512948	14.4826023149787	13.7313283449316	14.4201811340675	14.7876323843797	13.9332866869301	12.7067912006213	14.4669379843675	13.2784527279374	14.5252018203662	13.3815250368488	13.0338287721641	13.2502644014097	12.6454780147759	13.9838193310228	13.2420010074369	13.4911914271961	13.5054571822311	13.7273859578262	13.941526495421	13.808193594356	13.6917751184498	14.4279598144099	13.8700819973584	13.4077292071358	13.711917550898	13.2786043298888	13.5767819675194	13.7036422923172	13.4706704772254	14.0228101922907	14.0322549100073	13.3177639320015	13.7241665319734	13.8457162227898	13.9800429194468	12.4690702263336	14.1542571420098	12.4891821596279	13.1406973915218	13.9197856723872	13.1526940506089	13.7255161958223	13.8499333999112	12.1348039912343	13.1327629641586	13.7761490057496	12.4281477650744	12.5756369060812	13.3489121295558	12.567032841049	13.1307530562219	12.9934198485341	12.9881514824335	12.9811211066235	13.0417792776545	12.3909141853315	12.3876144471441	12.9708687144062	13.085463286116	11.4909927410161	12.7167548043056	12.7385094040799	12.9589131470864	12.7427770285754	12.7976187111329	12.6641715947415	13.0897308706332	11.8127297612251	12.2948307038085	12.8566693023257	12.6944104659915	13.1650330736639	13.6645893820044	12.8811913793744	12.2436374547772	12.4464629831126	12.1917598737433	12.8603829671754	12.6740532698807	12.6482728343319	12.7442152331161	12.3646795555984	12.3730139003668	12.2168459168828	12.072910072312	12.5873292948849	12.6767469620024	12.77238649812	12.6794146412246	11.6766054634165	12.9475629155747	11.9463518300208	12.3840888086536	12.6143913482616	12.1742918496682	11.8332955057032	12.2882082108792	12.2975535767477	12.1472338436876	12.3626996528689	11.3847705905338	12.1348039912343	11.58512302595
CZC2706	18.1931875254114	12.9114889553126	17.8118273322111	17.8013185794443	16.9034904542056	17.4673869922842	16.2346906700913	16.1161826524429	17.0568554715663	16.4167113948828	15.3758515428619	16.2484560377539	16.7582010620703	15.580431591674	16.5048205627106	16.3817164279909	15.2227651055619	16.169664322926	15.8833683245319	16.4099815452065	16.1984064937573	16.0983824121989	15.5545135302142	15.7326782702539	15.79049810339	15.7904011051245	15.7176289125115	15.7401639910773	15.290106033588	15.1768969704294	15.8198994265548	15.604458182493	15.251760027062	14.8295540132937	15.1607412591673	15.3079668525459	12.8991963608148	15.4234368933412	14.5750629737664	15.1293406281153	15.2966106359867	15.3284588213336	14.7094449696504	15.283887441075	14.4163416487555	15.3695972463715	14.8770824726246	14.7520588461877	15.1322760521916	14.0647496288467	14.7381090500244	14.0356840614497	14.8610469468036	13.2434858660754	14.4836386464327	14.6424806978265	14.2740141160231	14.7096473306789	14.6423168744267	14.2698111955621	14.1574802217189	14.514468339239	13.5896478240216	14.6815515303578	14.5122766379016	14.4009232650348	12.8040515762633	14.1889886818216	14.654440318693	14.719433502282	13.064779507612	12.3552389402086	13.4926635483772	13.8078202286387	14.0071700312263	13.4968320097388	13.8798908093904	13.2821757392201	13.3864843923432	13.6615739448064	13.3371467955058	13.8601380923037	13.8237042329392	13.6651648695836	13.5348586219598	13.8971896248408	13.3410365295975	13.5398706092189	13.6381240103165	13.1105208970228	14.1153991285651	13.6156153607034	13.175565011952	12.949615332912	13.8767754952056	13.9099436213963	13.6295762503178	14.19434056554	11.9966077305256	13.4329087577518	14.1082587024256	13.0900283417566	13.3730928730677	13.5016878868895	12.170456614457	13.2715472923933	13.207775696048	13.4426766075279	12.6260278450254	13.1702324239513	12.6952895921273	13.2061842785844	13.2980013159995	13.3001501659949	12.7756177462761	12.9200623086278	12.6530819011034	12.4791669295792	13.2523485493143	13.2454896304824	11.3538195855614	13.2846599763885	12.1412043927038	13.2069544004992	12.6755007648268	12.8980447617223	12.9966106772957	11.9311703849608	11.5991232463307	12.6482561360077	12.4114375926867	12.1554648077425	12.8893579224821	12.1111028186492	12.7144107669259	11.6901457951037	12.803504003824	12.2752282683057	12.820898168435	12.4455644650985	12.5755088894578	12.8972318516277	12.1669519566143	12.3823366490046	11.9159377807746	12.4301839787923	12.7251519624653	12.3576722824985	12.5525057907421	12.7998011051777	11.3791746951414	12.3656883745919	11.8411761492036	12.6896574565999	11.7458594721801	12.3338072573635	11.9118259516904	12.3646469078735	12.2364206775101	11.9230267108975	12.0185296935465	11.0938494393513	12.17145469161	11.4956471431803
CZC2707	18.2057773270377	17.4367462915955	17.8665022017939	17.9986146419607	17.2211540808754	17.4598020317415	16.6055972010073	17.4387186601968	16.8556489564825	16.7970970536071	15.1493534250317	16.7749564485641	16.7714800081698	15.9542752635197	16.6159924928443	16.6201779026033	15.1711114480794	16.0908640905585	15.9140573414216	16.3950757768196	16.1011754437053	16.0215007646719	16.2130324619783	15.8903986627173	15.9812568571933	15.9035127281795	15.835397032845	15.3658588281603	15.5297001491926	15.4352342309293	15.7572679611511	15.5852416644136	15.4722839579911	14.8660424198398	15.9348429465009	15.3385094004462	14.5813319636394	15.7333454096646	14.8030195542341	15.1388160808342	15.9003896422526	15.6404864630353	14.4381684586908	15.024085751132	15.0058807576243	15.1077991016543	15.1159748839445	15.1284305455888	15.1724975670314	14.0518563287879	15.0616871573003	14.8235809705769	14.9738064306744	14.4229206451085	14.5632591115311	14.869129920371	14.4899862990338	14.3405254086272	15.0217785938299	14.4934062115125	14.7646307554885	14.6245168441692	13.9010714383254	14.6722041293778	14.4547343426606	14.3079922549929	12.7894771868272	14.6229495143749	14.1526368563547	14.8548158548393	13.6996528566866	12.7278349057682	13.8094822993695	12.849576277229	14.2162217058892	13.7235252908664	14.0699322597778	13.8933977284435	14.1271108527559	14.0523829432822	13.8168785218748	13.9449053773796	14.1072637409384	14.271867459636	13.9748009647367	13.8714159742973	14.1319501005117	13.5252923065277	13.9817625946883	13.727627633724	13.6998054715876	13.4777002445375	13.3812914090882	13.0151149336201	14.082516294883	13.8586624109752	13.1113842473247	14.1350501458723	12.0697133507282	13.9537336917632	13.9407665930743	13.3687544475564	13.5020324656989	13.7261520789389	12.1988510736355	7.88617354001209	13.8323555549966	13.1024313658944	13.4591299172855	13.4526457955641	13.5971712663163	13.1267023251413	12.9231610940528	12.9269001036006	13.1402148785697	13.2431464930282	12.3069850571249	13.1489027784599	13.2012482739655	13.0164720528924	11.8496726837804	12.8156560448522	13.1659426202753	13.1966521931763	13.1286873256255	13.1287057261226	12.6174741380562	12.5764295974115	12.440134886014	7.93719267995649	12.7214591078421	12.868460507855	13.2373736432405	12.1121944192409	13.1070608835895	12.6278177179501	12.4750205868803	12.3384334937724	13.4232487517799	12.3749288360785	12.6535418150022	12.4975489010822	12.6874584247649	12.3445636027197	12.5743285947525	12.6535622357605	12.3971338377099	12.5151463920009	13.0638890400932	12.9938959562911	12.3373735234052	12.8109071268387	12.3341757887684	12.5895205248816	11.9849512551447	12.344811382	11.7920562373013	12.2929275559879	12.1237353688038	12.4050788073791	12.4704159933965	11.828744906119	12.1988510736355	11.8600854556722
CZC2708	18.0026898611944	16.966560166824	17.705456636332	17.8533158165405	16.8629240150421	17.4080864423505	16.2135435467339	16.9595803552178	16.8562161092069	16.5948748410365	15.1689297323261	15.689329858181	16.6613244994085	15.5185209704022	16.2555258691502	16.4546177256233	14.8328824266822	16.1662122530977	15.8055241724203	16.2098641609933	15.715926579648	15.982525361195	16.0484473146298	15.4947920126823	15.6225888182462	15.8020736262188	15.8076143187087	15.4668849429212	15.2706419834672	15.0676914602348	15.4460489181024	15.230119813041	14.987418230845	14.8860146595863	14.9998235848045	15.1107445899579	13.9500431082632	15.4354612078238	14.81554462138	15.0521912978896	15.4063055068642	15.4843883245841	14.4505885225004	14.9223286014819	14.5642250487299	15.1483179123735	14.4464376791426	14.8334033346451	15.1438067580199	13.8931880340662	14.7203192807408	14.5310649601335	14.5745229957207	14.0391628790332	14.2957949504693	14.4990666588126	14.2408539094639	14.4501915524522	14.3882059412644	14.2398576415942	14.476959145793	14.6253049556051	13.5113952183898	14.4820238079073	14.6307891086784	14.084528178917	12.6682275599767	13.6859521123238	14.3688182734943	14.3459131547449	13.3177638864347	12.4518964054196	13.5160844403178	12.7190780222077	13.8470648940167	13.2325835586362	13.6661181496032	13.6264897151813	13.9412793186713	13.3886562408115	13.8487809946288	13.4472773183954	14.0078969811312	14.2275240048259	13.381427645175	13.5343710725703	13.3510029712096	13.4133842631106	13.534808489706	13.3928067023504	13.918965089588	13.3540243252928	13.0906656546163	13.062951439839	13.9133457118822	13.5141076466476	13.1963357994716	14.2168477419045	11.9542584949803	13.5253681305199	13.5348903406144	12.9454676426595	13.0655320621324	13.3890739244717	12.1624006639647	13.4285023030338	13.09382609277	13.1135147876495	12.7807789993866	12.9070242802057	13.3287948891092	13.0205818588223	12.9813815652605	12.9775795941071	13.1372344472812	12.7235843680388	12.5004647851681	12.5566317577876	13.289373044081	12.9435378113871	11.017398920184	13.1016119675363	12.9544030574158	13.0275061151774	12.6303405423736	12.9842163192515	12.7226191490132	12.2174836595611	11.9900829809138	12.8425276039483	12.179362211369	12.2033078921193	13.0935364755403	12.0328063125659	12.5927030380844	11.7812229942965	12.4090310465156	12.2292210801497	12.5518376252003	12.1525877534511	12.3748003147768	12.5131862267898	12.3088252385621	12.6354402134898	11.9734546493236	12.222826806461	12.5080557631874	12.1402515021843	12.5098541679289	12.4840540815825	11.8499881943591	12.1326091698747	11.7473693882931	12.4208550391823	11.6448123016787	12.0117201989405	11.5602241698479	11.9663365429208	11.844792441498	12.1626001195779	11.8408287513497	11.4058774853456	12.1624006639647	11.3515424716996
CZC2709	18.2630418149184	17.1346354357541	17.9729689841692	17.9689883196401	16.9659591289252	17.4727979156945	16.3962696541399	17.1136830217428	16.944547701801	16.689208746818	15.4660609311452	16.4414767064877	16.7514635352822	15.7146847258209	16.544670304522	16.6336026965497	15.1037684985855	16.1706319078478	15.8410940142534	16.4548996254056	16.0361023796802	16.0351363770624	15.9559270757264	15.7907741680691	15.966833870274	15.9341692727671	15.7670768425979	15.2608347949101	15.3380816684845	15.3363455904031	15.8663348056196	15.7886488626808	15.3745257927036	14.8223546133564	15.556786948877	15.2762592379137	14.822717700981	15.5856536847688	14.782983830753	14.9155442083524	15.1729583641843	15.4393837097892	14.5660624875212	15.1201571737975	14.6216568333615	14.9293420553763	14.6621100401136	14.9981983531688	15.0889164946881	14.4421379936584	14.9668830995599	14.3039440203269	14.9033719007625	14.3529158131704	14.5530631374551	14.6601004048476	14.5352315220659	14.3686510520767	14.6793383053142	14.5354159523882	14.3711849958309	14.6709499420216	13.7742075198444	14.3379167983906	14.3992909584954	14.2840266676512	13.179835477784	14.3903394090612	14.0308209508413	14.4145101188349	13.1922436088576	12.4577828010007	13.3995354283634	12.9870210486529	14.0776861284763	13.6150876244288	13.480260249245	13.8627757561544	13.9606906469421	13.2515399192409	13.9128578478139	13.8104186366083	13.823458555783	14.0047410099499	13.5270930167216	13.3196684812661	13.3528369346258	13.4837187130018	13.6893129381102	13.1483624203404	14.0690590412183	13.536421715062	13.274638102328	13.1677872837945	13.8865447738227	13.9654166204211	13.2699314656065	14.1699999521281	12.1357068228698	13.3166319317713	14.1323815215305	12.9954244859551	13.343442537248	13.3289752525458	12.085351280459	13.7186690458889	13.2079023214297	12.9036935308833	12.6867006482133	13.1343257488841	13.0384896734934	13.6160805001817	12.9355993431637	12.9275326492667	13.1175657965956	12.8605728153581	12.4765907454074	12.3825184442343	12.9815423101744	12.8147378791207	11.4660026852177	12.8274408560504	12.6618979288222	13.0305852651987	12.9251260456201	12.9265862926958	12.6254036495755	13.4001520900146	12.1816369242904	12.7725902572758	12.5946654972683	12.144345578682	13.1034875147451	11.9201546854501	13.0376429600524	12.265696061366	12.4747434610646	12.4934365328664	12.6897812905436	12.3213309496212	12.3673971685584	12.6192901781247	12.4261586192144	12.1572819118606	12.1370050119629	12.1539453071088	12.4232224956504	12.2962354489301	12.5131350564944	12.5746689571462	11.7661981265491	12.5001117962493	12.1120023827609	12.7072671222374	12.7047180231569	12.0822103017699	11.9668187485632	12.3518388963483	12.2448997543083	12.2602296211408	12.0504724883847	11.563337240284	12.085351280459	11.5447199768291
CZC2710	18.289344930479	17.3336934182076	17.9125012000605	17.9035301392668	17.0210494143383	17.2072266209765	16.5341797653163	17.2200831312534	17.1374499725745	16.72603526414	15.6249922789352	16.7530411496046	16.7727589291332	15.8246383717907	16.5642142965186	16.4470781796093	15.0368351042072	16.086465931888	15.9123421280312	16.6038818642915	15.926681437408	16.1870867692437	15.6411459999409	15.7993374781021	15.9586464525407	15.8482907323529	15.8469604825323	15.7188430206859	15.5052712360828	15.3180368717664	15.7655918070174	15.3902593206487	15.6851807086354	14.8225410049631	15.3842703744826	15.4638565310271	13.2986017911775	15.375553132068	14.9222140021047	15.4094188100223	15.5361443469921	15.5261474245587	14.9549248815934	14.9952396842986	14.6360640751077	15.3590595197612	14.603210463805	15.084482570389	15.1810111634075	14.3676793986625	15.0195708218655	14.3478441781752	14.9236637976615	13.6753124633836	14.7308455072237	14.7107638162413	14.5191101606352	14.9616433381244	14.8759655472675	14.5162782837709	15.1055944496157	14.9406200274081	13.8930020991011	14.4055875602624	14.459268985136	14.2437490866467	12.8266433552816	14.8012788139956	14.5939853974391	14.5438728447426	13.1514952277382	12.7383014074442	13.5313765464933	13.0064877415788	14.1042569765487	13.6022216530989	14.1664473164618	13.7302616360288	13.5947549486208	13.8244734004211	13.6724702569139	14.1162940014246	13.9766868834725	13.8386686142129	13.6257493175061	14.0554027083626	13.2829725058525	13.7481051191962	13.7924413226088	13.3968249905274	13.8116491185941	13.7615685132591	13.6283432108701	8.51838004143104	14.1443881884328	13.8592532670422	13.3699347794723	14.1486789543393	12.6251616507889	13.5377492433871	14.1767148015218	13.0138225900391	13.5917922757739	13.7883012960519	12.1067243016049	13.132347881733	13.4466353998634	13.3877619921864	12.7064250140249	13.3957289880747	12.7312248843916	13.3391330124844	13.4059788716237	13.4079951474719	13.0739753241875	12.8076184119791	12.394159790995	12.6379497389672	13.355126650788	13.1875650100723	11.6412289756274	13.3057312872466	12.3525530838353	13.2402617244565	12.9354621389788	13.1205246628042	12.9925128261638	12.0533661200765	11.7967146840912	12.5148439598815	12.400954731729	12.6371949707668	12.8365328040032	12.2257353664713	12.7401970397202	11.8659398083787	12.7338553067391	12.3086257374593	12.7055984865422	12.7747869886481	12.9826469487034	12.7873205609951	12.3658893436873	12.5597329656532	12.3654961366229	12.6492479730445	12.7627166079633	12.4801003339785	12.5356294293613	12.6748402668577	11.9688724001821	12.4939842491377	12.2170979691636	12.5826281829903	11.5507260172877	12.1785415726452	11.8747869140085	12.1332410320994	12.2934612716024	12.105233063368	12.3759033829151	11.7307885849134	12.1104999772288	11.5739634121795
CZC2713	17.9898738712653	17.1098642601803	17.541365783918	17.9162711909464	16.7644686950736	17.3905238560797	15.9702339856074	16.851412656142	16.9186324583369	16.3655803970253	15.5866207691655	16.7048895115266	16.0940966337051	15.6266734252973	16.6099269329574	15.9740756725812	14.5154151785121	16.2024328554505	15.5067555696634	15.8360000131494	15.6475143672223	15.7413165846383	15.7254411586409	15.6770062986224	15.2491242254057	15.1514839612978	14.9111716427778	15.6681963115825	14.9807454405184	15.2202547685536	15.5593561132785	15.0222573664804	15.3532195130972	14.8348600827236	14.593370606924	15.456561226492	13.9362865839311	15.5984918972298	14.4043189668193	15.1092086795601	15.4123130506383	14.6441776653908	14.4105589437449	14.6954543083282	14.3845754399807	15.5048023391968	14.2066929817405	14.0219864239527	14.8115930518123	13.6554576800837	14.0843746297659	14.1520477574754	14.9551551614338	13.9472173822008	14.3311540539229	14.268136212342	14.0335610689386	14.4192770782711	14.7473403350899	14.0326346582799	13.978778987067	14.1281064570734	13.6920127853975	14.8778602326	14.8031330823691	13.5905987562163	12.7227534715941	14.4132623902432	13.8609482125577	14.5469206046269	13.2456483436882	12.5173148600574	13.3537003425222	13.0173852488495	13.9503939010418	13.4344881885477	13.6680797058528	13.3861334311331	13.5020724621412	13.4367082361839	13.8794937302367	13.8214331447712	13.8057934163934	13.9460836422314	13.1871708031338	13.6417871901728	13.1987517620114	13.3806385668343	13.6211756185886	13.6509854677063	14.0681522471557	14.1391080930111	12.6029980506151	13.7552717576841	13.9222386177073	13.6036283924227	12.5789530318029	14.1804273896435	12.1314084973546	13.2785795002206	13.9155339856718	12.622935768764	13.6787991269446	13.8454855667837	11.9540207357338	7.56674272281537	13.8190883689586	12.3114554020907	12.5359221311405	13.5205813067029	11.8776181224697	13.2444274402842	12.9673476324828	12.9625449922696	12.6220585227508	13.3563925786976	12.0226727715612	12.5057714523273	13.1726744035243	12.8224943125852	11.2479344355645	13.5905338903936	12.7410459592968	13.277012706314	12.1085784424824	12.6625244275226	13.5083534785269	11.7023808081942	11.9247972510857	7.95129242758192	12.5954357819019	12.671690484367	13.1137064654362	12.3798101924043	12.9786818425028	11.5040092304271	12.3259796581718	11.7247050972501	12.7084823948614	12.4207209756175	12.9681208179563	12.4098364834275	12.4653154216797	12.4578986808623	12.2786191997337	11.7053841651998	12.9057222760154	12.5533585234132	13.0888163450172	12.6590476029989	12.1556662898015	12.9911228100348	11.2909728870406	12.3472929066502	11.8032550633802	11.9566705746705	11.0670298369556	11.4776469373188	12.2323613500294	12.4240117604293	12.2614325203847	10.6759835256816	11.9540207357338	11.4388971894099
CZC2714	18.2404176408083	13.2853094271733	17.9412512642256	18.1324561809125	16.7260006367842	17.7404247917029	16.3987929732374	17.5828238660096	17.3929748973267	16.8286517810562	15.8781312861492	16.5431722589487	16.9335935691005	15.9843233163953	16.458844504802	16.6067495010879	15.5586593688608	16.1185029589971	16.2163938539898	16.7077965120618	16.4804503947519	16.5372416836496	15.999998015158	15.7460549818907	16.0540285453003	16.1732017002493	15.9264587560127	15.7956788646752	15.645765469227	15.5265622404027	15.6926553230227	15.3836407754448	15.4075260673077	14.8023757538416	15.3973880972306	15.489768380005	13.912008186109	15.6040947397989	14.7664322855651	15.4974800769834	15.7441444692408	15.4836857188339	14.9861544397691	15.49378437498	14.9264090185705	15.5497437318099	14.8826344151766	14.9857321858249	15.4896022862643	14.3895082250997	15.0717290942451	14.5673453905665	14.8073578510802	13.7250089402919	14.9436887977157	14.6758266161369	14.7087859536432	14.9861544397691	14.8550560673739	14.7056762367348	14.6354300920335	14.7840701206156	14.109526898266	14.8385511923312	14.6329663817915	14.3666794355605	13.1059361387212	14.7834043516231	13.6609577923947	14.91662696604	13.6295797910804	12.6876731339486	13.6605063966753	13.7608422186198	14.1114687377666	13.8091085317568	14.2994196472327	13.4789044313802	13.6589114569486	14.2070366538556	13.713403663425	14.2203141052894	14.2634002554313	14.011231600169	14.1648803869045	14.4965172723947	13.7251176385446	14.1153108878352	13.8153288912639	13.4633116892945	14.1580179910944	13.7439740798224	13.5608828899758	13.5950904872327	14.1366024852537	13.7800126689578	12.7695949610408	14.1486764947952	12.7548244087928	13.6441135571141	14.1532401352299	13.140083127802	13.5990260556377	13.7359106972362	12.3557660335178	9.64264649864417	13.7402883356182	13.3157408586081	12.9705195494804	13.1427048955512	12.7845141372287	13.5016481902742	12.7199611033276	12.6896130080675	12.9550032763229	13.3068002044359	12.643627130884	12.7707669741055	13.0355796364673	12.7344632838266	12.3069299510903	12.9249182521926	12.6216374631029	13.4124831971343	13.1818796928526	13.0010644078398	12.7830156049499	12.223707635	11.8878186595862	9.03081449087665	12.6665704916999	12.5802430628704	13.1483150267337	12.2531061524422	13.0004273193262	11.9975403030891	12.9702040240698	12.5493061982079	13.095671628046	12.557378093392	12.7317511840099	13.0107735021785	12.0806203279692	12.1571874236179	12.3841787183937	12.7695764308274	12.2657128516743	12.3421461404604	12.9792469993353	13.0304345219939	11.4483556493697	12.7913092300728	12.4980548307307	12.4836081581809	11.8638778499573	12.4967514911683	12.2629469188671	12.0887181757763	12.3433311913692	11.8598026052069	12.3365981697428	11.4867527987757	12.3557660335178	11.6617909355092
CZC2715	18.2236072506271	17.1983580817296	17.8609198814691	18.1438686448315	17.2275596265124	17.5894763742694	16.5555936748625	17.0253757414608	16.8844004162683	16.8823851810213	16.0065168314388	16.6375103313452	16.6826126119274	16.1629873249279	16.6606265559026	16.3137627543056	15.0306658028932	16.1603712460891	15.8758705969601	16.3226673725142	16.034136649382	15.9769307194991	15.8896615606402	15.8627804194982	16.0691821828523	15.9704733762285	15.701972002684	15.0913473594285	15.7384018586505	15.5515687152636	15.7930997195267	15.392592330648	15.3753225292046	14.814510840661	15.6410477829778	15.6687720341899	14.8854990887306	15.7524144570875	15.2430497849017	14.6981112502752	15.510679953156	15.6249488378773	14.2732826605258	14.9230951422693	14.5658364138811	14.784418131311	14.4784637881238	15.3884230857575	15.3841171856266	14.3067927737619	15.3485515535622	14.5653106345282	15.0389601979927	14.5008550087491	14.8675059555433	14.745021329166	14.8249449455142	14.2622483596526	15.0856084908503	14.8214268412613	14.5582875653164	14.8734381527554	15.0316510969448	14.4556948896269	14.6042517062388	14.1316615620226	12.870883996148	14.6996862173202	13.7074016344469	14.5097963305822	13.4753112750065	12.7598270272231	13.8635406514484	12.4469966078977	14.1703750412076	13.4605705229147	13.2461923798474	14.2839093501476	14.5672814299316	13.6730052971597	14.6443309949075	13.8451245382951	14.3463762531873	14.7220635334097	13.9077751300648	13.25417036109	14.0311439867737	14.0017176728574	13.9889121137413	13.4304786556488	14.0199992890796	13.6952437564887	13.7239583538059	13.6611909623382	14.1254481373829	13.8136198458942	12.5447694498933	14.1756034174691	13.5219513513432	13.856752493417	14.0615270465806	12.9024011044538	13.7241711042027	13.2053500915427	12.4799170373658	13.7296535088454	13.333494339207	12.5454957415801	13.4713730489026	13.3331988671294	13.8285084955882	13.2962090237746	12.7937240196142	12.8195704014873	13.8123225123429	12.9344092152304	12.6527504119995	13.1951830162415	13.1715035317486	13.0169804939408	13.7736879869926	12.7342935786793	13.7359351287158	13.0670117659135	13.241457274928	13.3122163403254	12.5165019974431	12.3614977750442	12.9412290424635	12.8937346741115	12.9287157147022	12.5650514038494	13.1892685389005	12.4045030466331	13.6503242611443	12.2556480741559	12.5212591899293	12.6396650003014	12.8396603714691	12.9787154111194	12.3161367664228	12.697886737961	13.0437541300022	12.2726777523079	12.7557312494061	12.9754720329607	12.4799887133307	12.4843497469418	12.7341906898344	12.6860117877594	12.5189377262843	11.9690809624219	12.8772661384867	12.4930211542399	12.2629256389841	12.5194234047886	12.5250757311804	12.0140733125646	11.8444755282617	12.7887303869065	12.5425064939146	12.4078855699912	12.4736689053626	11.8780750350096
CZC2733	18.3140213664719	17.219988034894	18.049403812579	17.8591791702902	16.8519404827882	17.757580111715	16.161767427071	17.2112373542235	17.2319955831699	16.5062824463656	14.8551391695419	16.8226118931206	16.7974910770914	15.7213433316303	16.472056415743	16.8440659481418	15.3907046109697	16.2148926930167	16.1241046656129	16.4946863061912	16.2452075288943	16.4112106612399	16.0098223654132	15.8039308252968	16.0565473871284	16.090047832911	15.9101711368519	15.775355275818	15.4990918352401	15.2396007266761	15.9709265247207	16.0960019035878	15.577189465538	14.8686417416825	15.4719851917088	15.4878727785199	13.8159090705476	15.5801157710629	15.1485981681003	15.3574072802121	15.3489767507303	15.3503659334412	14.7371131831199	15.1541850840124	14.8726597775705	15.5120311166816	14.93498780488	14.9909386136365	15.3432675086692	13.7691355862481	15.1855484076306	14.2153377930917	14.7984687736259	13.6156226201785	14.0726821229042	15.0261028475757	14.2533139482566	14.7475587566901	14.4057974125635	14.2518669917606	14.3203396387504	14.946513423961	13.4315170825582	14.7350462329113	14.8826794673806	14.4799153163138	13.2128420352723	14.3818649010392	14.96174655393	14.5776803255697	13.1985850567614	12.7617271430473	13.9812082169441	13.5337472581688	14.0942086962087	13.0517341297124	13.9324621236008	13.9518342153366	14.0764350556957	13.3790752930962	13.5924437885773	13.4709508221878	14.2888597396034	14.0873717626286	13.1341172197644	14.1713284841682	13.7311945441266	13.0196886564355	13.6176669034646	13.6445878466966	14.500316477229	13.9315378505388	13.621845269362	12.937715507481	14.325177026169	14.1030463739711	13.4196616383058	14.2442469620789	11.1735559017089	13.6383741512152	14.1331237846852	13.2684163289501	13.1316930012033	13.897934406317	12.413010586806	8.95775765191031	13.6546452723259	13.1244808569613	12.9503913045834	13.5386413045138	13.1026573748718	13.6435277003215	13.902292017775	13.899033580464	13.4680095871554	13.2230888590489	12.7840670004904	12.6228585215811	13.3515242395366	13.5245439347432	10.5370247732891	13.6502894732843	12.6074879114199	13.4024278464474	12.939096665532	13.2261876901665	13.6118239380483	12.7042710792341	12.118229986212	7.9452193898648	12.7200439376894	12.4180146183633	13.085632795172	12.4213298749944	12.5321185405516	12.2562858533592	12.7777919579697	12.8746886017447	13.0917621146756	11.924911573729	13.2242070978005	13.0066293302366	12.5709992505278	12.4309188473121	12.008818716933	12.6680207991907	12.6400168680487	12.4024822600588	12.8854544812088	12.6570132787101	12.187002171994	12.8343924069589	11.9328920939131	12.6561245378759	11.8613920205776	12.4070519903098	12.4307906044141	12.7310436894347	12.5800521873252	12.1474210488003	12.2126673222705	11.6827711304664	12.413010586806	11.467021770875
CZC2734	18.2297022525552	17.1862175127541	17.9384863569351	17.9879491832539	17.1674150238486	17.7216717615522	16.6694236936417	17.228913399032	17.4469367463325	16.6041647436562	15.4781537567937	16.3737604354802	16.887723861171	15.4318903685714	16.6314617643461	16.4446931813239	15.3041356802425	16.081964543566	16.066683748695	16.6989608264104	16.220202705948	16.5385329194657	15.8667742958963	16.0053677391188	15.9862116700913	16.0851808247227	15.8700967203642	15.8478415394936	15.4311679252303	15.1597884208033	15.8474664055585	15.5065609965849	15.1866599213915	14.8550950654371	14.9567096461678	15.52438435522	13.8471770791524	15.6653570933124	14.744156245678	15.2996200291567	15.6160234763918	15.413800115579	14.9869103493023	15.2712081225068	15.1060622092522	15.5202077261788	14.9275047360831	14.8730190075366	15.4329520933873	14.2801768671492	14.9654676569763	14.9479043775503	14.9989569908644	14.245137850531	14.3808437475083	14.9609378557524	14.5418005479111	14.6165182083909	14.7048251159355	14.5444898944004	14.7165568556577	14.8233411655158	13.7258280911155	14.8602112217934	14.9201594602287	14.4295423527132	13.0676039171141	14.5748178572864	14.7582026115097	14.727870050232	13.1272287343367	13.1434452492554	13.398095570709	13.4102643229017	14.2700756063833	13.7260926111799	13.8225405604897	13.6096447374339	13.4793197674334	13.7488352071648	13.6518061294519	14.0865431040882	14.1732283817148	14.0050023462651	13.539596109698	14.1408567151036	13.1165977677748	13.4137517059461	14.2121486207511	13.5757884649199	14.2291661714529	14.082301585228	13.5098891226525	13.2376341984014	14.2090967448973	13.9514479578306	13.7615032953576	14.1289783343887	12.2107362629417	13.5298706306473	13.9384841367477	13.1388147938963	13.5936845052425	14.0893124845876	12.3994575224857	13.5810164083974	13.6543331569206	13.4855583190083	12.2457775452924	13.2509306862523	12.5530381186456	13.3963858009891	13.5234349355915	13.5053047119096	12.7142670947905	13.0711204815362	12.8228326875704	12.3552943852079	13.4803180345807	13.1901681555745	11.510799572862	13.1730569843053	12.0318513324013	13.5428827247491	12.9364155528417	13.0497564282133	12.9993983962548	12.4532247015351	11.8665033914976	12.888593621173	12.3114073730555	12.4802646472601	13.1658196082674	12.7633288724612	12.8757036971838	11.5965669900482	13.3423173239733	12.6987397208534	12.7132012570604	12.5728102700007	12.6180927536065	13.2255804288031	12.5537213425421	13.0774932487761	11.9487147425459	12.4870171045298	13.0782183895188	12.716389496093	12.7250672625289	12.8845410104825	11.4130682686772	12.8443640977104	12.130277829609	12.7688690610455	12.0980302952999	12.4777821252082	12.0080244866553	12.4451693821838	12.5491228941565	12.1708337624391	12.5930797363888	11.3635782403248	12.3994591794675	12.1719011995053
CZC2735	18.2725787362356	16.578956228351	18.0136066370496	17.8888413728403	17.1626796471355	17.6156314151694	16.486324937645	17.1043162799737	17.134345816632	16.5233832433115	14.9275559527714	16.6231670331859	16.8299166440015	15.6471029112641	16.4576058917396	16.9118957362433	15.2410376937032	16.1720669299421	15.971400882515	16.4193229573739	16.1657189641457	16.2270643704125	15.8179188151835	15.8265601399396	16.1111395935907	15.9746816641396	15.8186139594749	15.2143140138535	15.7389491020434	15.2361177087816	15.9030292705449	15.9576253467705	15.3958726550699	14.8611259981606	15.0995852109226	15.4831232484319	15.3412812676378	15.6098603316219	15.253742997179	15.0751080523603	15.4148844993004	15.7692998626448	14.5375297977302	15.1258677391033	14.4388921281944	15.2139440823978	14.8204949234073	15.3951183724055	15.5043486346389	13.953427354757	15.2116135371738	15.0554303725285	14.7896166196396	14.3739639008078	14.1452265582484	14.8138979112786	14.5117872639471	14.5168395306918	14.4609138685231	14.5131353072352	14.3838558299839	15.0744642486204	13.6727078226157	14.4600617064099	14.7156791989389	14.55406901544	12.6229291835631	14.4724755929252	14.0606957786363	14.5492395158746	13.4911441810174	12.5663824460165	14.0545994345846	12.6869736375602	14.1305401490371	13.3769825031082	13.6164871621254	14.3591365889489	14.5073722055807	13.6166539503826	13.9021622730333	13.540517032345	14.16558556878	14.2256906669651	13.4128009351671	13.9124139942248	14.278677662589	13.1632710318717	13.8901678010982	13.7194644711268	14.2704176799639	13.6824493836841	13.4774903286604	13.1563577694102	13.9668199184928	14.0337649238663	12.9152480040571	14.2210353016275	11.5507660560006	13.9120746512903	13.785018258798	12.9956996506841	13.2325535505878	13.5864862858068	12.220452208283	8.0208206905867	13.4927174051346	12.6348089346848	13.2991659073489	13.3162378852849	13.1754556111498	13.1137499428549	13.1253944426812	13.1197758997694	13.6994216355374	13.2187599837427	12.59208739011	13.1019161644835	12.9397337558033	13.0190432840018	11.0656160853072	12.6789001853471	13.1196415259251	13.1397100833538	13.2524063500107	13.2971734187707	12.7530660857528	13.6865283911599	12.7624904906357	7.95284578289872	12.5621262710406	12.6167126938412	13.1002636817375	12.5099314019101	12.8960488526136	12.3179313683823	12.8853160530528	12.8542596247407	12.9172178282353	11.910298641531	12.5352752469102	12.9424984435996	12.827495513684	12.41589162572	12.2434227655029	12.8983551433597	12.1181370366607	12.2918533831771	12.8866776665038	12.7103187320346	12.4384158733538	12.5963592237059	12.6223342481762	12.4004632392788	12.4851232772932	12.4478832741575	12.4577142864379	12.5205235213568	12.0438921958005	12.5098760614835	12.23317095528	12.2771957717458	12.220452208283	11.7571954939627
CZC2737	18.2699723866122	17.5614298068971	18.0242945587654	18.1091512773125	17.328668503768	17.7889954056538	16.7210400968323	17.4847911695915	17.3774279111859	16.7575624608561	15.742454339201	16.7615107688267	16.82355491332	15.6511028556398	16.7433313847236	16.5824655655931	15.2213472262255	16.1968767745538	16.06323244834	16.4942047908994	16.2359005512646	16.5085783241549	15.9272532277124	16.0897478631667	16.2223834564683	16.0132645645725	15.7620093567313	15.8018979593802	15.7888365939141	15.5210710989859	15.9110365875573	15.6552366783998	15.4860168659209	14.8756326144263	15.358558465442	15.7079156483333	14.2576906881149	15.7656333722721	15.2676579550091	15.5923696525961	15.5863543242572	15.506499765735	14.9106849244109	15.159960452017	15.1184599252356	15.4271835930497	14.8918630572846	15.2774550861224	15.7424029904718	14.2095047674886	15.1601692832309	14.7580726099555	15.0842469442872	14.1758918989197	14.8329249758759	15.1350961088387	14.3147236984808	14.910616579188	15.2057796371662	14.3130195707364	14.4521609933215	15.2930897541846	13.9194163070622	14.9207930297508	14.7925617480757	14.2883894316054	13.2119098313526	14.7150651458169	14.1366512381816	14.9813301714682	13.2910558100269	12.9624249475516	14.3184678339115	13.2472833888631	14.3758544185048	14.1881999238836	14.18306955581	14.034078530867	14.2918799203695	13.9389881912446	14.1330632265206	14.2544589961056	14.2857462484067	14.2503151089814	13.4902649908937	14.0446038408705	14.2596194756694	13.8503915971854	14.2191153627808	13.632711540244	14.2762737209246	14.0791189796855	13.6544299507614	13.7917768844224	14.2199475076987	14.0237990548857	13.5137024719223	14.2082835184526	12.3020942953615	14.0456462837517	14.0723714620706	13.4138828143462	13.6870968487729	13.9424541191503	12.391862559364	8.52469745169038	13.9520312461894	12.9607398344578	13.5461474139789	13.4998113590113	13.7609272063216	13.6994463532213	13.0714648076291	13.0864321456658	13.7370805924228	13.5416460781667	12.6637134012211	13.2223712204359	13.2054614999249	13.3244974920007	11.501834751546	13.0378440878564	13.1528188536301	13.5429076448428	13.1217474943873	13.1989431914382	12.7416505193277	12.5037376334528	12.6543642469279	7.9402747006539	12.535507378698	12.6537670521616	13.2459587886972	12.6702747279884	12.8593658144857	11.7544092273201	13.1110587732649	12.7548104960813	12.9168956755045	12.6402099014293	12.9395687679386	13.003669585135	12.8570077640506	12.633935960808	11.9852375152607	12.5716195321894	12.6619513520235	12.9178717273393	13.3425243364089	13.1131338726576	12.2508972061249	12.9702883196158	12.5557863524329	12.5964300714789	12.0153122567429	12.5640339465568	12.5871316584646	12.2312979757135	12.5772460558656	12.4556809078039	12.5810234783144	12.101234412348	12.391862559364	12.0955161345947
CZC2738	18.2025229937248	17.3195626285211	17.9344893003379	17.9068363275468	16.8319293019335	17.6025588159842	16.1295930982708	17.1829784769357	15.5989431136423	16.5305968787513	15.1803543426855	16.5917065698544	16.4437907602601	15.4710720817118	16.6048010170826	16.6419640325578	15.0923813888835	16.250218368616	15.8347350551942	16.1067328274019	15.9972367985738	16.187813040452	16.0090489773158	15.9374360213181	15.6699943434988	15.6414205275833	15.4591893047045	15.6030223616206	15.3210435945604	15.1681282041136	15.9875805260783	15.7298815389732	15.3222247309443	14.8876051823562	14.9963363100484	15.4706554747018	13.916901287337	15.7320621435304	14.8420558570253	15.3385256041296	15.5838588225355	15.0580632695943	14.7767285913227	14.8920482125023	14.5844729062685	15.5599977882163	14.8244218580599	14.6194646271303	15.2195374623419	13.9698167417002	14.694377873603	14.5346319899524	14.9724609297222	13.6513034923662	14.213228292526	14.8724946647304	14.028392239134	14.7677088138989	14.5683702932398	14.033744367397	14.2359725347752	14.7088736430392	13.5073012255335	14.8932061137109	14.8717759059448	14.1190193916269	12.973428793233	14.5561545895818	14.5302188844061	14.7857638032691	13.277560679674	13.0729912994559	13.8938527384068	13.2498662451839	14.231936376749	13.330152318283	14.0109373522694	13.7383216908778	13.8830713652032	13.6632720555599	13.7263842079223	13.7979559581498	14.2505256896347	14.086333830849	13.132619146359	14.1973304134591	13.6625103646236	13.2065153675076	13.7355911519388	13.7705861093541	14.2662471886641	14.0370779558009	13.1695660518928	13.499662716327	14.0946108150008	14.1596012347191	13.0962390828613	14.1957044409348	11.5846628318154	13.7934173615325	14.2493209212603	13.2767905661423	13.4541919061127	13.8750278874293	12.3619543924815	13.7933607773496	14.2154835231615	12.7433888031935	12.8844367019285	13.3899204921181	12.6217941729552	13.4820181521142	13.6654381606096	13.6585504420647	13.0968955230867	13.6986274527365	12.5161295369286	12.7474230238846	13.1247094761612	13.3060232367718	10.8474095509246	13.2029099465491	12.5530000190904	13.2995735481263	12.6131954585527	12.9648793341558	13.2071381237327	12.5500952962564	11.8954291572185	13.0127429217393	12.5284408335194	12.5228057965721	13.2619360375189	12.8375753555453	12.6128844960402	11.9221705260463	12.8362175272919	12.378575412894	13.0538459347403	8.87628142867873	12.7181985786274	12.903123331241	12.7603158946183	12.5736535285336	11.7293639982065	12.2184564111975	12.8734991361906	12.7774035295422	13.3757775789731	12.8934496641791	11.8340926096322	13.3348514669446	11.8716592151123	12.6327033957253	12.1632552391033	12.2917846567513	11.8186362149935	12.4324209178361	12.5278180466085	12.2384054950858	12.5277764150024	11.3766330322945	12.3641371853482	11.5956793129486
CZC2739	18.3292923736699	17.2809462754004	18.0130736133512	17.9436747591795	17.1249641869536	17.5774156190789	16.5371805189597	17.2119467638627	17.129891165155	16.7642520962551	15.2107914527132	16.5328487623784	16.8960887096318	15.5812369925543	16.3940577437192	16.7673935123965	15.2186002876857	16.0423172684457	16.0101433144327	16.5134570547855	16.3373401934068	16.0959996471795	16.1250045017909	15.6966693135501	16.1503270156145	15.814383633909	15.8293412572422	15.2153376857406	15.8391818380513	15.0440496093358	15.6706925422329	15.5914174485817	15.2986932268529	14.7908236702573	16.1209994927258	15.2905625125084	13.6037758841978	15.4576498607952	15.3291051194035	15.024701609127	15.5398401903158	15.7071864377658	15.015945034184	15.1185029200196	15.3007738927859	15.0416901261563	14.9651087057999	15.2629264444824	15.4364427835487	13.9256532295654	14.8319382662585	14.5601855362387	14.7147735817702	14.1363800328228	14.2966164650847	14.8335631440344	14.7386034549685	15.0157686033087	14.7623626561407	14.7386034549685	14.8469400752111	15.08091756633	13.7270265399345	14.412860235047	14.8195768383746	14.216725113928	13.2838585407623	14.4283623774365	13.9954815075779	14.4457267773694	13.1919365829715	13.0971307225124	13.0202146269469	13.4579340006944	13.9769143338093	13.4794636561754	13.6830030483069	14.3252178690517	14.4649187243652	13.7147878505839	13.9984211845559	13.7349098233727	14.1029861435991	14.2565952458701	13.6741372715062	13.6863994231898	14.056933828519	13.2661356803924	13.6466768051672	13.2580613575821	14.1479774682503	13.8456531887739	13.6826295140458	13.1779335298023	13.9253689618397	13.7575033239666	13.4341525368647	14.1287035827093	11.8712361885916	13.7400862162685	14.0672975567884	12.8912881541309	13.1551634366265	13.7716040494472	12.4394300034798	9.35868965304184	13.6631227865338	13.6234683184904	13.3363774101564	13.0273115415863	13.8621054972469	13.7267528105207	12.895970768113	12.8850337589686	13.7053578466125	13.0057239304011	12.1045220971651	13.0130463715959	13.047991781982	13.1501705833896	11.4340070776533	12.5880112592678	13.2602122815229	13.4392709114487	13.0874710252548	13.4161189486662	12.4280069584102	12.2337990972268	12.4840198804597	7.94752529903989	12.1546074626864	12.5459713056093	12.976192472483	12.2366520903311	12.77799077044	11.9099637153039	12.8158095175545	12.6170019036099	12.838837220626	12.3536023026822	12.4175540916772	12.7414595576541	12.4397593523383	12.3325275026856	12.2245586441963	12.6182690111402	12.0392862911604	12.0909924935405	12.8670600492298	12.3234625496983	12.2064726500177	12.5999333586717	12.3911202603326	13.1442306041045	11.3297624978899	12.6784583531855	12.0577889311039	12.2442308145757	12.7568894153974	12.2720783571609	11.9867321347314	12.229941284113	12.4628477373237	11.4788760384995
CZC2740	18.4451442434691	17.7528558064069	18.1959346800505	18.3249955824012	17.5353968229733	18.1451971195162	17.0120037334117	17.8713458364405	17.6760925650445	17.208987752859	15.9345725605318	16.8609983971568	17.0927529420375	15.8083477892462	17.0751552281643	16.8017651564108	15.9241339304768	16.0416697848705	16.5712817391639	16.9420453153684	16.7584430503175	16.8391108381799	16.2368914882246	16.5141711382261	16.4170303133814	16.3166277433291	16.073337084337	16.2251108426843	15.9189020889971	15.6373187970824	15.9404465775722	15.5879611345891	15.5957576203401	14.6938740568669	16.1385987701077	15.5943481064577	14.3939738527878	16.0129038309595	15.2164536141301	15.9417222245502	15.2090402111172	15.4710955257741	15.1020279963955	15.7071314121087	15.8728723952621	15.6846877792979	15.2720996062746	15.2010501227971	15.7279367787183	14.63170085699	15.2780153232388	15.0221567511995	15.4303651347484	14.4993139656226	14.9348548465032	14.8709517552127	14.4625364420569	15.1110612699146	15.281273494052	14.4631861325444	15.1328089733068	15.2435118738316	13.7082098199585	15.0518191291744	14.7026294208006	14.5785467189856	13.685844936409	14.8194609666696	14.7710410747329	15.1296472648619	13.4007121972915	13.223048206597	13.7853881437583	14.1204495923126	14.7731050504028	14.4815851908587	14.5841911578524	13.6637829237229	13.9652086735375	14.401133472535	13.9455027022066	14.7492045012294	14.5078003740923	14.3152000147573	13.9011095886456	14.4734085531636	14.0304481660322	13.9837190269924	14.3337189896125	13.599563139268	14.1216693577717	13.7392317652837	13.8353869413639	13.559434660617	14.4730309816064	14.096143720622	13.8964137436281	14.0093280846541	12.3733128474109	14.0235537383855	14.1721893773955	13.3931730918354	14.0081443801052	14.0275634902958	12.6748721538632	13.6044224116158	13.7253880438936	13.7281166518197	13.3332996485342	13.3803172726294	12.5505573230711	14.0440607549929	13.3073557503913	13.2683231405041	13.144241994616	13.2255831751798	13.1490597906056	13.054514000307	13.770827579115	13.5080366777098	10.9924748384528	13.3912556652705	12.8067304164952	13.8569966148263	13.2478921184604	13.3999461340152	12.9559318467142	12.9122353050686	12.0332174997468	13.7231972515356	12.5238031137026	12.7979746455348	13.5195256337707	12.3711074083886	12.948881388577	11.9248397636045	13.1957093020593	12.875319305843	13.578303253432	12.6938945310169	13.0168212612581	13.5352310453669	12.9539970463041	12.5778260622139	11.9921375961454	12.7038243117507	13.3036873087354	13.0869489329868	13.2356844726825	13.3730366360688	11.7304107584935	12.6683151566251	12.2522152322432	12.7088677232024	12.4447946198371	12.5388471686705	12.4278378838072	12.6915785511562	12.9407965184743	12.0041333974063	12.5265577625321	11.6355864887627	12.6721505937383	12.2609399705794
CZC2759	18.3407219664149	17.3381341176401	18.0822305262156	18.2121701966048	17.3431310461399	17.8428116290295	16.8469592570137	17.3253220068406	17.3315351967517	17.2025492808733	16.0626206334467	16.5211965191191	16.993693780774	16.2146937773669	16.7429747733621	16.5625774783375	15.802219078998	16.0945774656557	16.3938612770003	16.6407458044067	16.5676584928896	16.4865453844722	16.1517044254456	16.1281325800419	16.4857971488895	16.1915543001332	16.1945674761515	15.6887448631881	16.0453646745261	15.6853490479402	15.7560238531667	15.6457395303734	15.4406516133381	14.788545054012	15.8038926177592	15.7314445096708	15.1416546328778	15.7663050390825	15.5015867498229	15.297447844886	15.6194975429936	15.8128024008855	14.3395666099497	15.4686579370836	15.4324101717348	15.245359977301	14.7831590224098	15.6494066952305	15.6251287683262	14.9535192174339	15.5927667675306	14.7067028785029	15.1130805116954	15.0231938280901	15.1656944796111	14.9882700870627	15.087416434228	14.3395666099497	15.1615546134624	15.0865654327992	15.4432359437617	15.3697315076397	14.9298684077685	14.5255722703632	14.6766962067536	14.7858208831535	13.3157895889922	14.8179818069929	14.8652741235984	14.6099961695832	13.6540081168436	12.8433006887063	14.9942241627423	13.9100166982518	14.403201049353	13.7908716476819	14.0737414912061	14.3016434589549	14.411320837407	13.9076591980919	14.5276534256258	14.1130433922035	14.3914473563705	14.5455274459974	14.3022367782666	14.0391940242981	14.0899049083631	14.1510265332276	14.0999653929828	13.3063952394587	14.4000076080117	13.7755278093037	14.0265875555564	13.0472177352419	14.3899172781831	13.814977807678	13.8673375728977	14.1247878001476	13.5500706131074	13.8391231201931	13.705064630938	13.3191455308042	13.7515679019305	13.8599692596415	12.6099464698843	13.8678333398477	13.5074052889911	13.93934218131	13.5052067388949	13.221323343356	13.3206910858876	13.6811250874619	13.4635377519131	13.4427196260245	13.9433732468044	12.7296572923749	12.8689804624792	13.2650330794502	13.7108597656155	13.2587019090249	13.5320924286393	13.0741589891147	13.493429572242	13.3951202015078	13.8538619327755	13.7718237720742	12.7220172961925	12.7931385076608	12.6129395686364	13.226590492186	12.8590687762278	12.4289125623521	13.2316518115202	12.348150986026	13.5288650294485	12.5039768065839	12.7200774803449	13.4113505614773	12.9367951033232	13.2960462957071	12.7760040591181	13.1307211925604	12.9264348646874	12.7714354451415	12.8173395002593	13.4981307411683	12.8815935647406	12.703942946232	12.2952868242363	12.9085748062424	12.3251983181127	12.456995522387	13.1802847842133	12.6111473681145	12.6094742764663	13.0624915345787	12.8529381135112	12.6001070847553	12.294167850799	12.6071747013533	12.5739697584207	12.7083254105266	12.6153558995667	11.9239735591677
CZC2761	18.2789222056705	17.2860142415001	17.8030200864794	18.0642386884644	17.2916213382419	17.6230747273216	16.6242318073398	17.1512323470412	17.2809985200292	16.5051783334863	15.6291708548304	16.8725811237878	16.9335007227242	15.6195844662886	16.5614968519355	16.1894390156039	15.1947374472369	16.139895638085	15.9342956219628	16.5817217752068	16.3706158457883	16.2784515468347	15.7142933161261	15.6694013751306	16.1773741615263	15.9053676449168	15.8570892536418	15.3162478726494	15.7761132296345	15.1238399349058	15.4916918485513	15.180143442157	15.5298819133536	14.8615798432627	15.627043101274	15.6053632916937	14.5468987271926	15.3610714010667	15.1735456327809	15.0576875530943	15.6198062082209	15.8571156074848	14.5871210543841	14.9975411947232	15.1416662122857	15.0420687611424	14.6096957226386	15.3790722085191	15.5864100319697	14.0607871977628	15.026722919542	14.5858448869665	14.9149685112905	14.1100333023273	14.2051235322911	14.7404418556009	14.7629683534738	14.5871210543841	15.0243825515401	14.7641229483799	14.5319393268196	15.2008724539737	14.1235230235664	14.4450857480121	14.6207857957764	14.3084461574862	12.808900590801	14.5746353383786	13.9269340348709	14.4187847069039	12.9801160842319	12.9078974169076	14.2832665237309	13.5718894175509	13.9371450366164	13.6675122925453	13.7345886534271	14.1875777516881	14.2113325819608	13.6892017304509	14.1248346488182	13.9981797876463	14.1780337211834	14.2555352155534	13.6917841663686	13.8116501662312	13.8581988348557	13.0979238953737	13.8188389656647	13.5131482924319	13.9155570120747	13.8805172969707	13.6492392261792	13.1948380001546	13.9572042993007	13.4821611218222	13.6039485984763	14.2399156822109	12.6320519130296	13.7530818992076	13.8188214299736	12.6762017934606	13.3861217802246	14.1392276366083	12.2639630593927	13.7233918713533	13.4398709742426	13.7162777644103	13.1864889928081	13.2860439356901	13.3460375818173	13.1880588061911	12.5795730044596	12.5795730044596	13.5223670665433	13.0729485817433	12.7487350271615	13.0765332235886	13.1942194069662	12.76773182489	11.7765633626379	12.9228095836863	13.1198467357165	13.3094874226013	12.9687293428929	13.4451364557156	12.6369645620069	12.1490894527499	12.5732746071251	13.2519741969411	12.0478058681006	12.7345058899151	12.7741586536536	12.3719608370347	13.0225324195243	11.5797353234171	13.0175250102921	12.9033164432339	12.6973356285209	12.991150252776	12.5818896075324	13.0368434423529	12.5421524262221	12.2604368880011	12.5766965647798	12.8642303888297	12.5237716038794	12.5100954148533	12.4077900728864	12.5078568240931	12.3410851515146	12.479800543648	12.379251939317	12.680002060971	11.3950679502028	12.5322731354247	12.2604921996713	11.8956109367649	12.2410526396277	12.5175616039201	12.2511373583391	12.0700556612376	12.2639630593927	11.7390591326276
CZC2763	18.4063748554595	17.2096799312631	18.1003520141845	17.9806426733572	17.161144922934	17.4441147412941	16.7013261656868	17.1489996487838	16.9962128330842	16.8347642658641	15.1413767941485	16.8650777599159	16.7100904863002	15.4003776332081	16.829484273151	16.8979649469675	15.0045555143268	16.0196280200274	15.8940148322963	16.4812531052508	15.8858119971298	16.143214713094	16.0700109325285	16.1995924483155	15.8406010942984	15.9514223173912	15.9061991265522	15.5331309452214	15.5142407957297	15.1128681249407	16.1836084585746	16.201977271031	15.7258719485073	14.7706918685033	15.6026985304727	15.3220554054122	14.0405649855909	15.8663311165377	15.0079532345087	15.2542455569214	15.461348179798	15.5673301036025	14.9731408332465	14.9197709424004	14.4782950171062	15.2825025311841	15.0785953368206	15.0829200130916	15.1287411614333	14.1193506558297	15.0697446070327	14.6393095678079	15.1988542714518	14.1013435058385	14.3779251894803	15.0092106432265	14.6985225727128	14.9731408332465	14.8314158923091	14.6990284516845	15.0962751660509	14.8336505894657	13.6912521187624	14.5913890633944	14.7632890149775	14.2288413827222	12.7108900621131	14.5189443049231	14.6717808412226	14.611907900802	13.0412405528812	12.930372926423	13.9249986553244	12.3524110567551	14.4406683976177	13.5538557186452	14.0824848476102	14.126159928678	14.3218541642794	13.5437509451426	13.7576476363346	13.8560974787769	14.25651255805	14.2354891494292	13.5209110919503	14.0466870665114	13.7685234919259	13.3144756275576	14.1549426926193	13.8874806576391	13.4484762809424	13.8380516831304	13.6671707872711	13.1788686854504	14.2287743987489	14.3053164033541	12.8189666532703	14.0286099269414	11.7927571843762	13.6476568590312	14.1971182182515	13.4126547888183	13.5700900093011	13.9575265545711	12.1667945596111	8.57596329090397	13.7952632843476	12.8389371331219	13.1294218494755	13.5782951186698	13.1518371533128	13.1640803137447	13.4765213487835	13.4535259541257	13.3783677945405	13.2089903824158	12.3317445950496	12.6796429083324	13.5131733467043	13.4338311408296	11.1630528727735	13.3595660619989	13.0285074200258	13.2387261929365	12.9719258661926	13.0743687278692	13.1212472904109	13.1906393930248	12.2966229290717	7.96002448947211	12.3661366739977	12.7540451097112	13.1292444784323	12.4847883361047	13.1218278192186	12.0867382765533	12.6699414882074	12.5316524949024	13.2132819198887	12.2818542339779	13.035536118373	12.7558270408002	13.0437613681762	12.657763219716	12.5703350206742	12.6355548779753	12.7496656744808	12.7822199714799	12.7373819557953	12.7682946175585	12.3613657234293	12.8414677358828	12.1118660518506	12.7497230514436	12.2348291031638	12.039358510214	11.9456987163307	12.8762192256645	12.1780046993802	12.3837195560875	12.391033511282	11.8943620669205	12.1667945596111	12.0919909333296
CZC2767	18.1501898752645	17.2009356534831	17.812414199916	17.8282130390578	16.7308926589989	17.5264486262996	16.2292777661742	17.0455916751989	17.0157822314291	16.4986310972822	15.4885079782088	16.6287157394034	16.528429295155	15.3395887048928	16.5333458907965	16.3119545575024	15.1649125198831	16.1205461340706	15.9725511357136	16.4398918791589	16.0182281509175	16.3085908539749	15.2144994302379	15.7606422215069	15.7002137925787	15.9994328770457	15.9720318744719	15.2980269982092	15.3838709040558	14.8806747569549	15.7192027022207	15.3222993775093	15.4804798942743	14.8502557782422	15.4700533577933	15.4766669962522	14.3227928240466	15.4855604483702	14.7902969311244	15.1123659125122	15.2006695928452	15.3592473678048	14.1678666238612	14.9337966368713	15.2003952001472	15.0708620940829	14.4657370417056	14.829414209755	15.1462855386771	13.9960162938195	15.1275060951809	14.0142633897738	14.924360028749	13.6802534294567	14.1911405565816	14.8059158331706	14.9448335518456	14.1681767714691	14.4522570461879	14.9448335518456	14.727012202846	14.7288753971862	14.5139409243879	14.4490184652487	14.695901141056	14.4180660848953	12.7407869727894	14.1063244511419	14.0227087738256	14.4187279193858	12.6419709996561	12.6558284659949	13.3995936769224	12.5766482413316	14.0455039752877	13.4285220202391	13.9173460117856	13.7649276524539	13.9275454540082	13.426309797169	13.7135620279686	13.5491776737828	14.2253136832554	14.0333708099994	13.8419287521016	13.9283904425753	13.5646387642348	13.2458842046724	13.4297823483746	13.2930480328393	13.9863002931576	13.9428575202364	13.6989764754162	12.9443235458081	14.0510561996363	13.7952980474354	12.5592398804445	14.1327602947543	13.1375405825369	13.5682219183253	13.870490853203	12.9968915647634	13.3852547450824	13.8392908022781	12.4344297721114	11.0575791748165	13.3069325640515	12.7194845491893	12.8880784189722	13.2840046916204	12.5352925823263	13.2865088104078	13.2412291301776	13.1790677035287	13.0657638019969	12.6365686394144	12.6665486359415	12.6414158498839	12.9871435347786	13.0973315599055	13.4415542127947	12.9791912100663	12.7407443077413	13.2059270540161	13.0511532055227	13.0900641730084	12.8168813166835	12.1674524336399	11.6483935506185	11.0118447144838	11.9252218056542	12.3496857755964	12.9517194172965	11.8486451828059	13.2455534514905	11.3319399984101	12.7047447785135	12.2885493289876	12.6794254621687	12.5576248612736	12.9039437612183	12.6179068514719	12.5862675253768	12.1227803537979	12.6951292636266	12.8300751036101	12.4529421581828	12.6668964056003	12.3973387821172	12.487289600953	12.2461732772108	12.1854251985143	12.3956765035521	12.2607675371952	11.7572886015743	12.1039674616368	12.0908789876023	12.0271525862785	12.1071376717909	12.2446206079182	11.8548675922829	11.6179002642491	12.5139283617371	11.286311995447
CZC2775	18.3493419395582	17.3239375307739	18.0181205159417	17.8180765534556	16.8941480321929	17.7452664488774	16.1084767391998	17.288369596203	17.0823716818515	16.279940365074	14.7464236055976	16.6808350724099	16.8367969377944	14.8467743805837	16.4392430070097	16.8547034560305	15.4519739486185	16.1875233169751	16.1430352866945	16.4373154725546	16.2420368956398	16.4952625709103	15.9438943579609	15.7627620471634	16.1120041228162	16.2724191881306	16.1953014621358	15.3111711136374	15.4678577769344	14.98336603812	15.8691737717907	16.0470827629325	15.3092850168399	14.8441917565846	15.4381333926327	15.5491040577033	13.6619135901935	15.3971950211081	15.0800010966061	15.2248636910983	15.3345564729635	15.5708234024952	14.977186879684	15.2209974720876	14.6868950402586	15.3270603235908	15.0071751791137	15.224427524101	15.1592769924242	13.372970286875	15.5651798347517	14.3149634343001	14.7973127697481	13.3939799555195	13.7662460561845	15.2252567651689	14.0520489500989	14.977186879684	14.66850203207	14.0515708589279	14.3096431623281	14.8105836014542	13.3227617399509	14.5640085417033	14.813723423269	14.8072368346632	12.9757997670705	14.2425769082241	14.3284644124398	14.5102214158434	12.8807200414458	12.6984498859256	13.5723295244576	12.3724317559855	14.0729710501081	13.5925370126982	13.9476175681376	14.1229381943194	14.3504719187088	13.4903315626427	13.5115835379621	13.644940577796	14.3512751864026	14.007323811577	12.8500964916881	13.8639382192946	13.8298697988385	12.6359120511816	13.4040576237029	13.833525441139	14.196363024101	13.9101939450114	13.4498031126723	13.3182337775166	14.0357204158049	14.0048450142941	12.3205883033387	14.2359376295705	11.0638498610521	13.8648619950668	14.0381563085963	13.5504018164827	12.9133440312281	13.7400642509629	12.4059688077552	13.9414294105919	13.2755649163684	12.1458690584412	13.2160551457416	13.2124418662938	12.8825973116656	13.4631183579714	13.4145755942397	13.4145755942397	13.5114031869039	12.9948312157535	12.8959519742236	12.8088500797221	12.7112130681222	13.2734983476327	10.686335494489	12.8153812850561	12.6530111960803	13.2604473851821	13.1082570576628	13.1423104428963	12.7008425639204	12.6992780177308	12.0691182932578	12.9669223530405	11.4737911649712	12.4470849302746	12.9106154669299	12.4831317640473	12.0759887525865	11.2563256479551	13.1459785748646	12.9552758630915	12.9656676469481	11.2660557244	12.6320342966553	13.0770312855847	12.6554956784653	12.3588047088824	11.3935939895871	13.1501636584311	12.2947196689123	12.4903482678632	12.7329266194313	12.5747072896421	12.0041808279129	12.765698674556	12.3266920225204	12.6382738440594	11.4042978101319	12.1545251719997	12.5537711278162	12.5820815484769	12.2916013986844	12.1213254976018	12.0007900239114	11.7839349553942	12.4059688077552	11.2711873780981
CZC2781	18.0246228112944	17.2657688027092	17.741543486109	17.6596141353446	16.8747005351893	17.3748548749203	16.3532292534613	17.169155091216	16.9498748605643	16.5008573609598	14.5765708457422	16.2511933267913	16.4196684391557	15.2142334923977	16.5263217573338	16.2984806120942	15.0890617466111	16.1341386264753	15.7439657623957	16.2968736149703	15.9320300995954	16.1234320768757	15.2695420705513	15.8802678185052	15.621096145554	15.7716356184269	15.7105960588904	15.6039638579998	15.2081235320379	14.8740791366701	15.8406660630466	15.5556204991857	14.9678611226482	14.9097504633477	15.0984921531328	15.1877089305523	13.3322973134518	15.539221977435	14.7850683142787	15.3383589862903	12.8685073829357	15.1702877106189	14.2490140437985	14.8647733425616	14.7856517324139	15.3153682833251	14.889817244827	14.6844674273867	14.9872970737438	13.456869642913	14.9005071046901	14.3832544165962	14.9000662746353	13.8197343661142	14.1577212935741	14.936599685558	13.8451459737758	13.9084455501515	14.7078159836279	13.8447287293822	14.7471895166175	14.6103380883713	13.3163070561036	14.7786703584563	14.6564820563422	14.2891735398547	12.3538751496891	14.2044034489782	14.3867598613827	14.699424961728	13.0062179488622	12.7227890427704	13.4860143133912	12.6031848907402	14.167109789642	13.3868256449082	14.4838806156255	13.444063496716	13.8964862361316	13.3363591517392	13.3395837730955	13.7196558792273	14.185913369959	13.9538276788265	13.099854058433	14.145299984268	13.7120046563351	13.2642463720612	13.7192178861927	13.1860595137104	13.7849391022212	13.8357496008017	13.5459811163652	12.6354871024343	14.0541023673089	13.9696482351356	12.4464754662717	14.1516886384687	11.270984521609	13.740997282871	13.8785050987148	13.3648020826444	13.1059200488406	13.867920291202	12.3875798962836	8.91200086656279	13.5041197601063	12.7406347462028	13.1797320479832	13.0239802539212	12.6902740175165	12.9593844004539	13.1334026636452	13.1176726374653	13.1826153607644	12.3167272569005	12.5127856277278	12.5397840835803	13.131990905073	13.1711357528441	10.9121539208327	12.9617462836816	12.7156041757182	13.5371285288029	12.5891496890778	13.1827183272861	12.6894519212693	12.2047211676953	11.8516039916569	7.96464249151618	12.1569555599027	11.9968070496161	12.9674027618677	12.111183225544	12.5119718482329	11.6868498792393	12.7191236197661	11.961866808383	12.9016234398448	11.9832392317433	12.7790331155141	12.8425221474483	12.7201796522655	12.4449026616097	11.6829936929207	12.5188754606189	12.6887828112281	12.7989352181329	12.9133008098302	12.8277027817362	11.5981096761252	12.5373851959779	11.7876423317024	12.3492499086175	11.4784378224734	11.8955661442954	11.7539019559994	12.1118675291683	12.0310085302828	12.10934368338	12.1133982540817	11.3524342424022	12.420826603215	11.705983772681
CZC2785	18.2259964035361	17.3337655993724	17.9193071151747	18.1548911365703	17.157793823207	17.5783062221861	16.6697600202723	17.3484695976524	17.1424654206781	16.8771992511812	16.126285404191	17.2388241059464	16.8059883066503	16.8118514152936	16.7015713101474	16.2236546958079	15.3802917334763	16.1221443339692	16.0684640242886	16.4685212979538	16.4501569379146	16.2621688820104	15.8244529972178	16.012738559628	16.1120864673256	16.0180129559589	15.8250166298098	15.2681105610686	15.7050008805585	16.2725093664744	15.6213589671597	15.0620237112734	16.1514681175598	14.7475631855399	15.5959959072986	15.5319098250694	14.8440154149682	15.6306624360222	15.0270382781094	14.8495194017873	15.7020782034382	15.6682025407425	14.5614375771572	15.3684020906861	15.0672510430445	15.0149082111291	14.2890050327377	15.2741274490341	15.5088699191897	14.5914349072261	15.2171343873424	14.4174190986903	15.0628074483511	14.6932170480143	14.7022481051931	14.4039688456107	14.6919770386567	14.6782466806046	14.85776063856	14.6946535270541	14.6291781282062	15.0286974673442	14.1074450629947	14.1093318778621	14.3724621933376	14.4841173990022	12.7372670360111	14.9673293017603	13.389634326842	14.6819029004342	14.2569809100129	12.5660306546079	14.1100590877483	13.3505914373092	14.302836480603	13.5086878156661	13.5471812822383	13.856803080169	14.1108399472582	13.8497686932565	14.1781109414601	13.766237476414	13.8772567999413	14.2844606236568	13.8434791829516	13.6130367238465	13.9539498939071	13.6113265005454	13.9158089468506	13.910093924613	13.9336143759423	13.2924578562122	13.5915198505396	13.7837912915779	14.2266462591594	13.5865327619946	13.1632273212527	14.175079230828	12.7547363113271	13.6432472802563	13.8587333051702	12.7867820990019	13.7424552988214	13.5109664699605	12.0143712105	7.58278888173836	13.4607352056584	13.1071975908234	13.1984942377394	13.9453620413957	13.2476917839957	13.1192250146918	12.6029419799349	12.6029419799349	13.312949178234	12.7756327266768	12.5209837153735	12.925808541161	12.845231577257	12.4884394924146	11.9707831455383	13.1796137309399	13.2434063608522	12.6585835512529	13.3442515713271	13.3137181096095	13.1643006843883	12.5164393980977	12.5465494442501	7.95354155117391	13.658615136628	13.3383016631047	13.0749582895037	12.1188671293331	13.1882044118405	12.7285547614518	12.7594966401014	13.0279972144159	12.9733812310663	12.8753676921986	13.0218287189878	12.5528508658063	12.6724146194033	12.1378867212309	13.2260953771897	12.9601066859897	12.276832776161	12.40330047435	12.3723937712599	12.8819534146029	12.7528937775438	12.2706372169534	12.6957205712173	12.2927190906069	12.3191728417891	12.4325071584848	12.5581958609019	11.5589346028111	11.9078712195092	12.4516997331727	12.7163602082673	12.0564454499706	12.0143712105	11.7950884012208
CZC2786	18.3368269014634	17.2688300989105	18.0178817335451	18.0017471933994	17.3548237141873	17.5936059670324	16.6993775881376	17.2232906009603	16.8110597902672	16.8825882279139	15.8747214691051	16.4501397370623	16.7197407071086	15.6943818834532	16.4043652095319	16.5737211770251	15.2408231355345	16.0274641820265	16.0060182165583	16.2372505904575	16.2439278044866	16.0441454099951	15.8043800811786	15.6635038713235	16.1560470935438	15.8847874625615	15.7944290691869	15.3361113460732	16.0581102920011	15.3165784649879	15.6234952865338	15.6525030108204	15.2366100642962	14.7661360812922	15.4136697567613	15.7075947208561	15.1115208039792	15.2261501740358	15.4732088845608	15.1452322861117	15.4409300609404	15.9360751907103	14.5000451025232	14.88805020272	14.5914194891708	15.0702094547692	14.8575405797291	15.6914679525944	15.6180004840311	14.6190118246301	15.3619531172178	14.7365151537042	14.7451477206777	14.544159998233	14.8670338376277	15.0223684049495	15.2393329745388	14.4998075201204	15.1025097710051	15.2393329745388	14.680503292703	15.1116738103335	15.1828181841623	14.6077034679217	14.6056195726871	14.3610232748874	12.9456315406561	14.4101437942929	14.1569803367573	14.4551892654129	13.1330229426319	12.5092585359025	13.8820320517114	12.6744405833868	14.0132286795032	13.9134123031239	13.6855879404992	14.7042682299946	14.6828481939964	13.8707492797072	14.5336396673074	13.8360790007724	14.2995831714126	14.5694972125524	14.4551086095487	14.0576968934572	14.365848476408	13.7520352868427	13.9237559021002	13.2752591475331	13.8494876376543	13.7491067787406	13.7021563992128	13.3283441561138	14.2408229191703	13.7422230088946	12.3234929385145	14.1777692157178	13.7048539658184	14.0543237101204	13.6747762015978	13.181923964725	13.3503093128701	13.8957556940709	12.3771069089931	8.97342952384375	13.5158933546156	12.6471165481777	13.6670078555587	12.9990812432835	13.2467823854998	13.2803069774069	12.8948125621043	12.8910179777002	13.9880364510185	12.9188528497887	12.7346657423643	13.6215240086419	13.1613834767822	12.9942884790019	13.885114211819	12.6536387583562	13.4295287344031	13.2791210899667	13.5169840094973	13.5091979616666	12.4960337444023	12.6636626121639	12.9844390913939	7.95568760513624	12.18663117238	12.49068671171	12.81850960397	11.7237989297173	13.5160974421688	12.0554465986301	12.8717492551376	12.9170154291403	12.865625958368	12.8880989236978	12.5000436533573	12.2796732067585	12.7394430255767	12.3476104531663	12.9117486754972	13.2283989300334	12.0555197478328	12.1216805642794	12.8284677082149	12.6425887736841	12.6212015447631	12.5530333288025	13.2352587922561	12.4126273793088	12.0431833127357	12.7692454722669	12.4294531303734	12.3771568798733	11.9505419443927	12.7167928199366	12.0318505259599	12.8123622274578	12.3798072405026	11.7764592752523
CZC2803	18.3320360988517	17.4157134290386	17.9746084684032	17.7227297262207	17.0553523018698	17.5440459716038	16.4038773100179	17.3434269871212	17.0204968677626	16.3225966046976	15.1431018102287	16.462692593304	16.781140832392	15.5479871827586	16.4775025475138	16.5664670950371	15.0965886349689	16.0853215908044	16.0665529588422	16.4861986278659	16.0019705630717	16.3946762223972	15.3436244349416	15.7878729668985	16.0097090717182	16.0395170421688	16.1141574415817	15.1214283196541	15.8147742661748	15.0929309571071	15.8500765742246	15.8882670910575	15.245368775583	14.8304460107848	15.7207385452818	15.4699329621742	14.2607083129089	15.2111821964171	15.0529799800812	15.0079316235316	15.56468854123	15.7936514363439	14.8335530348694	14.8050612957704	14.7487804903078	15.1177692291612	15.1547890364085	15.3421117636253	15.4923282960795	14.1969377429595	15.2356378412382	14.2665187158133	14.8309038925803	13.9738367439341	14.0883302260189	14.730285746783	15.1916341080445	15.1148076358134	14.9932151591312	15.1923511418703	14.7339030280385	14.9288600223728	14.3616931645121	14.1393222962009	14.6098784900707	14.4233505240789	12.7519450355632	14.5527809202052	13.9112840776828	13.8085452289839	13.186284456026	12.7871500471878	13.9300759015085	12.7022163782701	14.0466497666451	13.5631552097427	13.9060220552135	14.4769214669711	14.2642227241477	13.983687124409	13.7877640253736	13.9951801405478	13.9294567588193	13.9033968222117	14.199240198283	13.7795734367495	14.3099612824683	12.7359961909927	13.6816048169944	13.4283579203611	13.8696919774505	13.8426065844305	13.7392146090573	12.9932087044965	14.0792916689997	13.9913164236712	13.0833383633887	14.1627714450962	12.4712224337447	14.0011270662719	14.0226631868683	12.8918947317237	13.2247613150584	13.686252374733	12.4377315845996	13.5939080138134	13.8235251898277	13.2355122204693	13.3570463974902	13.0998679008419	13.1861426442563	13.246717204009	12.9552290124461	12.8717818295295	13.4394430411427	12.5332987816163	12.638792321941	13.3363720140624	12.5093306082856	12.9555802455756	12.3938347241428	12.482555743529	12.7455912319524	13.2937859095224	13.4519284775855	13.1345130910094	12.4400885045265	11.841047721622	12.3628596973585	12.9219075922695	12.1323138170341	12.4721536198512	12.7709654961033	12.0227743622942	13.1141081588582	12.0630592559499	13.4572991509848	12.9233824028705	13.0162872461992	12.2788142361811	12.3591677883313	12.7551244167829	12.6272564701047	12.1077964914194	12.5959238986932	12.991775611713	12.1077937117333	12.3262473770228	12.5683552510041	12.7974661975096	12.2711782728639	13.160353893021	12.8822825231136	12.5515368196632	11.9072080874943	12.5720161694679	12.3756019137821	12.5953408074342	12.1220983560994	12.3894696767108	12.2805442795509	12.2719994644113	12.4910617035716	11.4426855716675
CZC2823	18.1158806264786	17.0716975081136	17.8800498773425	17.6183477680056	16.8203215400448	17.4272175143667	16.4964179740036	17.0838012215664	16.8072492377275	16.4003467020764	14.963158420369	12.1426589507382	16.5406423091564	14.9917857114943	16.3354984291217	16.3852720898579	15.3775362009758	16.1939145512109	15.9624459663179	16.1693065988555	16.1325540507268	16.1354327059335	15.5459488081834	15.7062188009443	15.6064703391938	15.780271381913	15.8686843980896	15.3226584771912	15.3936282348096	14.7515395527103	15.6547912464329	15.5318790429715	14.887425996925	14.9630976886684	14.952019270481	15.2292071770236	13.5378993593311	15.2157084504857	14.854381049907	15.0292076239283	15.2171345190577	15.4037303989977	14.4575497359165	15.0844103780165	14.0511337109071	15.072679627325	14.6543156679659	14.8410095725768	14.9981109762672	13.9787899862595	14.9764889159544	14.4420365851462	14.6151518713952	13.0739860772648	14.226058397746	14.7367754242944	14.0874197169559	14.4575497359165	14.6339939229763	14.0871711039501	14.6514302203267	14.5357297595392	13.3852651875221	14.6981066610286	14.5466769623898	14.5667721818889	12.9738689843833	14.0892440144658	14.5371648175103	14.3932867274089	12.6862351188516	12.7127949954707	13.188989542022	12.8040252830496	13.9518209261568	13.4853639641722	13.7417396888619	13.486150425228	13.663601111862	13.2478968330782	13.2326698651122	13.8788633345095	14.0349080254599	13.6521645063777	13.0006234485614	13.7209040262715	13.5270849793136	13.2147528099761	13.6003139454191	12.8595009427107	13.768375017914	13.8522786119604	13.8899146003563	12.6234801913376	13.8669383405579	13.7325149159435	12.5953204162822	14.2720538399566	11.6314175967141	13.517002406289	14.2115021368979	13.0253826541189	12.9865301600127	13.8640806598265	12.3758764098185	7.94163224065878	13.4464824357353	12.7095059094079	12.4084624577367	12.1847991309194	12.5036462421555	13.4149703132835	13.1962398851437	13.1997871788578	13.2085309506584	12.9379850934764	12.4532802396335	12.3175698958549	13.0755457734182	13.2435502449133	11.0754203709661	12.2427510152423	12.140362585609	13.2585083451889	12.8689410579953	13.1666129113544	12.0762238005675	12.4222772583982	11.8721700158395	7.96047622553334	11.7136608607938	11.4624320679479	12.7133801366185	11.9372348216685	12.4141213300257	11.3254084798009	12.8828209464669	12.6569887649098	12.3387401338468	12.2975449313958	11.9843983262408	12.6453230521013	12.2052436925436	12.0818567990158	11.1746456448138	12.8309193116544	12.3498953284488	12.36803502018	12.8574063576699	12.442943992797	10.9531102148435	12.5528921837062	11.98291851291	12.8845273817991	11.742411043846	11.8989423552118	11.5849797859681	12.1712142515717	12.2420566603569	12.0801100905648	11.8723336111065	11.4219216645994	12.3756670027748	11.459480140099
CZC2830	18.2351201424321	17.1010993633687	17.9546582275501	17.8854601061258	16.9472144448809	17.546372378067	16.2641379747347	16.9463915868813	16.825502068657	16.6027996662405	15.0139706609354	16.3422245510569	16.710510368772	15.0427007881079	16.5835792226179	16.737194963789	15.1861377501853	16.1682045861193	15.8021881084611	16.2853365406339	16.0782273756699	16.0299434520242	16.0080609063153	15.8791920821635	15.756144707953	15.9811244458709	15.9109094351849	15.4026143998697	15.3258835003637	14.980709021458	15.999052945914	16.0391751337102	15.0706310165377	14.8313824491023	15.2727735722284	15.4024545766432	13.9427788394409	15.766036592837	14.7433565388539	15.3160393039429	15.3765622705244	15.610652643689	14.710500431202	15.2007531303983	14.4112241581998	15.1848387069266	15.0576213238064	14.9977218094817	15.0184726922352	13.6513779785276	15.0057782896513	14.6931883893056	14.9319297432594	13.2029098996804	14.2567148545921	15.1216856706273	14.279875483936	14.7103550394375	14.5752139412102	14.2797665762944	14.3395688262301	14.4957658283106	13.4589241911025	14.6222693061377	14.8159497060976	14.4907360679692	12.5937800969238	14.371244740493	14.5183980839657	14.5927772295813	13.1259386614526	12.4851454584306	12.7899456456384	12.433638282595	14.1871097192801	13.5000637725872	13.9304866043766	13.607045995327	13.6390473458699	12.7880433418161	13.439279116674	13.790995089148	14.3656057352293	13.9689275427031	13.1444187127024	13.9829944946893	13.1267900095953	13.4202488641265	13.8122144766515	13.6646240648117	14.0899314156582	13.8182829313832	13.1836348828405	13.1863807975424	13.9782857073349	14.1502796021192	12.4902909302395	14.1343011683326	11.6751980007656	13.4014633218699	13.7730787682103	13.4469939075257	13.3101061050616	13.8766045594872	12.1340637120833	13.6885339880451	13.5472104570252	12.267284783196	12.3744211646284	13.1707102155098	12.3215423760026	13.0390030251959	13.4123186188487	13.4123186188487	13.1803048479642	13.2517824615671	12.5324726485112	12.274326687283	13.1627524988566	13.2750043496249	11.4480022470197	12.8678948772069	12.2405904872102	13.2688515192275	12.5154267453898	12.8633215850287	12.6775551051421	12.8915889780856	11.9121002188853	12.7288567646149	11.9594928579136	12.2451679666876	13.3047653587975	11.9174191340509	12.6945901758814	11.7595602909719	12.5457145160503	12.0390175212756	12.8682452659887	11.9724348309271	12.5489949098558	12.6441498193732	12.6272942908543	12.505038328929	11.6637495039442	12.3027074757794	12.6147963971544	12.7766505188006	12.9708036374251	12.7000877218892	11.4813156232856	12.740662593404	11.9135378737557	12.4331939873354	11.9919059024636	12.0401699221598	11.1700815629534	12.7728004671771	11.8222321032445	12.1058553441745	12.1671873000149	11.1472618635337	12.1340637120833	11.6751906362241
CZC2835	18.4818216418871	17.672747815377	17.7682293150644	18.4525227532258	17.8823251846871	17.7013908899668	16.6103905930782	17.2003258333525	17.1861153400839	16.9200229318761	16.6840126445333	16.9451795825365	17.1164699945054	16.3990846834055	16.5636852764861	16.4821252909931	15.3855844724843	15.9419275606162	16.1353263540833	15.8263611932066	16.4463402373882	16.3673480298983	16.3116574802003	15.37928382896	16.5328148403334	16.2163422652159	16.1782066171116	15.7365000493182	15.8850075222131	15.5609531943906	15.5822548761379	15.3071061084822	15.1076652236207	14.7437121518513	15.5023306608017	15.9571942455041	15.412591230839	15.6276539293064	15.1369404122857	15.3708403087234	15.7876776805855	16.0585573747735	14.9671455760846	15.1680838852521	14.9034390590122	14.9817549670285	14.8159787741446	15.83358452002	15.643161103412	14.8878325200932	15.680924483833	15.3533321772481	14.9320060280685	15.3013363704084	15.1014726218326	14.9973570910071	15.2783414502213	14.9671455760846	15.3528039929574	15.2832406260835	14.7642042784959	15.1746561546396	14.9469125301005	14.7881042312439	14.6152803332751	14.2980623431432	12.9355042071965	14.5268403670758	14.2275426706858	14.8650419567563	13.7169887351613	12.8329893683013	13.548577876382	12.9491381788535	13.6429822952186	14.0730888247171	13.8808335294652	14.0729973801019	14.0923427158938	14.0065818687717	14.3095276387349	14.2449956049889	14.3832419462904	14.3394473895659	14.5555439794768	13.7325966929855	13.5364130018213	13.8189408577528	14.5930809111674	13.487126154249	13.6718227267724	13.9085253262352	13.6994192823121	13.9720110203175	13.9678029737164	13.6624640105251	13.1656517720816	14.1337708085485	13.7779244206357	13.5334436116763	13.9165196987072	12.9943040910594	13.8631711901669	14.0556614223412	11.9358534175039	9.89338433498138	13.559261050258	12.8404428794264	13.2372634064325	13.4642188265022	12.9508028437538	13.2981029572679	12.7188432477986	12.7034300120287	13.4348393173688	12.9055452153185	12.5222208854086	13.1974629055182	13.8139784778286	13.0756860919937	12.6983665889127	12.8312614743923	13.3606305673058	13.3736980963683	13.3814205267746	13.1739901722444	12.5435140002618	12.4330076968157	12.7087251406891	8.24739632408303	12.7062884754601	12.9427689353703	13.1437158039254	12.0727429862704	13.3490678669656	11.9851057049293	12.8715763828344	12.9405931773853	12.8356168980821	13.1577975767154	12.6814207373467	12.7047974483919	12.0051704512742	12.9732582758451	13.0471507974267	13.2001829883824	12.1580910319956	12.0554434044863	12.9492393980375	13.1239933872162	12.0414593655873	12.6629627844483	12.7043577442815	12.6740093319957	12.176212638386	12.2911299781597	12.5522956156464	12.3140101185295	12.1495864963168	12.1149144171342	12.5431049420743	12.1464495189562	11.9358534175039	12.4930459483641
CZC2836	18.3206747700039	17.2341516312648	17.9863830649263	18.1175406703772	17.2589460922013	17.7776602465937	16.6748796015961	17.1801440007342	17.2891017253541	16.8834375554006	15.9808175368163	16.2989305390411	17.0327241500888	15.5268037345138	16.4544788750466	16.6315879980548	15.5700139534971	16.1149711038411	16.2480630332865	15.7815583815425	16.3826364527413	16.4502596604822	16.1849982697885	15.7118629587829	16.3050717079074	16.2768415915266	16.0013055971572	15.4333609004763	15.7386848780217	15.0982924971486	15.745513492627	15.4537606116279	15.0573373856984	14.8089994487858	15.4173687132817	15.7018920863565	14.5215543663628	15.6379433028378	15.1306987119686	15.1623236238623	15.3200468369935	15.6715224775718	14.7160220604191	15.2436604424494	14.6609375694044	15.2163801475029	14.563887269209	15.3167352870838	15.5891583245469	14.2301089576293	15.3073609265822	14.8433622718925	14.801051352089	14.0332127663872	14.8567030123898	14.956828661169	14.6684962681076	15.0347250141331	14.8333209262743	14.6671632219862	14.8411349086984	14.991740190873	14.205412673172	14.4935721277326	14.9041575381404	14.4162814775179	13.1918457868613	14.3515278221758	14.2583022030729	14.5376054006596	13.1549060762108	12.8823560770177	13.6261668342062	13.6899423288539	14.0434629394982	13.4819239066544	13.5965001976111	14.0155805666866	14.0409738158775	13.6475050151993	14.1389746869586	13.9109344222154	14.4186047300964	14.117800542187	13.4886173632572	13.9737791731597	13.4575913685588	13.9413517733282	14.0540885802521	13.1631650087093	14.3515143080495	13.8779022030868	13.4357891602398	13.6184952476229	14.0050624271055	13.8428026056792	13.6789009139817	14.148764919202	12.6913281334799	13.3558599524998	14.0009066767781	13.0776615180164	13.6216884643441	13.869391363755	12.4781820194897	13.77265464247	13.5863937336228	13.2397856454141	12.7620700759556	13.0035075304667	13.3119562792764	13.5809055967856	13.3062227812717	13.3148061068928	13.4294591066601	13.1886271123169	12.9676413318788	12.6395774375552	13.362982931679	13.1714098525328	11.7673157399808	12.6402430668426	12.942065870838	13.2920274476285	13.4180449633593	13.3054880174739	12.5940352532609	12.4242954739209	12.3034598817586	12.8831323358133	12.2365926531415	12.1677197185815	13.1859268701061	12.4082206406113	12.8782100071763	11.5703730689351	13.2138181900953	12.9502188235141	12.3953253273185	12.6829070890522	12.3873635835023	13.1144833320385	12.2468356840726	12.6055812116129	11.8499623699934	12.6035542601918	12.3949124022109	12.3838748219586	12.7785983676392	12.6841342528302	11.5407650542895	12.6380156331544	12.4297007870116	12.5462498947507	12.1381314597565	12.5691921455359	12.1949044932334	12.158357755746	12.3568145357444	12.1873426644433	12.0627783602963	11.9599102230605	12.4804800151975	11.9561009931078
CZC2841	18.4755625563006	17.5649933579036	17.9995382406249	18.2203173544891	17.4344188346167	17.5571148896239	16.6190307370115	17.3096790277056	17.0059950012821	16.7787224486931	16.3351140715001	17.1878466417455	16.9112114258596	16.9199713989167	16.5307260185065	16.5349402905679	14.9933404093521	16.0291085666346	16.0885318760624	16.7805986605371	15.9146346534327	16.2220114252798	15.920193313067	15.6210804022752	16.0188753544014	16.2447747448661	16.0214020994264	15.3442150310913	15.5941305806696	16.0714629357064	15.7204956580823	15.5183756103955	15.8172833116693	14.7405006551941	15.3947388128044	15.8606036368685	14.8180888361925	15.3948793783551	14.8494915741713	15.4073917609715	15.5486337676998	15.719212599312	14.8541675851402	15.0284693911259	14.2442038657953	14.8355569030891	14.7231248598449	15.1472581415396	15.3517232449091	14.7093622511418	15.157521907774	14.5734178918183	14.8979304779628	14.8504252120284	14.8435545043857	15.1687471865516	14.7898107197725	14.8541216815306	15.0566650312744	14.7893115887818	15.0234293305073	14.7007688917196	14.636704039563	14.1570010406713	14.3508497825917	14.3029766304937	12.5156206670033	14.5281923078372	14.2702504029763	14.6399531626082	14.1977689614738	12.6788671158161	13.5584918860044	12.8933689339542	13.797432377852	13.8262029441194	13.5610248743215	13.8849758183913	13.9191917411323	14.0973905201815	13.9624469216514	13.8468845496163	14.276062824083	13.9639091533706	14.2578930317616	13.9693613636909	13.6166787187802	13.4195455934991	14.4325577600272	13.6260259083678	13.7110578156	13.5570221820172	13.5667828537119	13.4675862364073	14.1490321700569	13.7540460347169	13.3662729659823	14.1607098874891	13.499847257807	13.5498913513153	13.7454240629748	13.0782292438023	13.8117939044564	13.842886091229	12.0811646970446	10.262351332275	13.5996582725244	13.220816166218	13.0679236465943	13.673140449118	13.2188851621915	12.8843085622173	13.0296996561174	13.0197963270533	13.0835977236238	13.0585308367639	12.2669276215189	13.0031682033246	13.1531379781274	12.8860984369519	12.5636876352374	13.157598928993	12.7581987128294	12.8238671005908	13.4384409352215	12.6865905811566	12.9234434487219	12.5570323719824	12.0143276793535	10.2365986962935	13.2405559053851	13.2091887431283	12.8505741575932	12.1383473094878	13.0000108929	12.8436970537414	12.7495790673052	12.4997988294845	13.1053411653129	13.4750702186468	13.373533144489	12.9283952410132	12.0754561889201	12.387393694066	13.1048559696035	12.6778955373513	11.9246294692952	12.2479951042375	12.3859946586371	12.8690894060437	12.3598680325341	13.0253929862315	12.2216845175909	12.2352691957586	12.0885540664646	12.3270108384388	12.0664611539367	12.2273430407161	11.6951014695053	11.9668014176962	12.1136049535269	11.8884616703181	12.0811646970446	11.9068176261154
CZC2843	18.1791366669205	17.1003348969626	17.7770397010964	17.8277922578042	16.7630407239596	17.4162384992898	16.0241721357601	16.9548279601074	16.8392354662119	16.2571480346998	15.0863036266145	16.304381712043	16.5911939885256	15.1890667180949	16.5274588502939	16.4047254935103	15.0652942218788	16.2481935982997	15.7993252057162	16.200258270031	15.8256376832529	16.0696232508415	15.7793608412881	15.710681054532	15.6435812543611	15.8176565009799	15.7930438725579	15.2198783266511	14.9992956234321	14.8889808300335	15.734213160758	15.3168800516782	15.1012317571289	14.8835158694674	14.8778689413757	15.3280534079107	13.9457098953283	15.4753117485749	14.4684065571008	15.0219188853945	15.2913290252116	15.1488612090359	14.5540058948228	14.9763455282825	14.3642325184764	15.0568422606491	14.6070982695717	14.5734345576728	14.8671383947827	13.9115069931506	14.851071430051	14.0633268488909	14.8998927547597	13.1277224188559	13.9605771042783	14.7041206774496	14.0095722019525	14.5225623793919	14.4144835436946	14.0087564274077	13.9473145448572	14.3136006810159	13.1977252360851	14.3075873885998	14.5770959354077	14.3385277334281	12.7290821148883	14.3486128314018	14.2993009231563	14.4486701836126	12.8444317494271	12.4111658759701	12.8748821970606	12.872340477998	13.9896583352528	13.2157214403405	13.3721662998245	13.5303930226742	13.5666165218695	13.2606539479296	13.4095175710026	13.5416657730126	13.8389630975917	13.7575794616115	12.8743525268679	13.7749707887189	13.1583159969215	12.7587400803307	13.3575220575767	13.3111493376796	14.0694542285342	13.7316658738877	13.0221969623539	12.9994609741182	13.6343979530934	13.8350978865952	13.2016067568386	14.212456077892	11.4737716597066	11.8732816855877	13.9437354744904	12.9041545020247	13.3513786860811	13.3994385301992	11.9933657647076	13.1105503580275	13.2772012303883	12.6816823127895	12.280924712491	13.0560851294192	12.1244276956602	13.248855368049	13.3435989443935	13.3313672895143	12.673993055443	12.6295888262893	12.3203992497148	12.2899586274318	12.7939357344563	12.9401133431726	10.9494521767381	12.7570018552948	12.1301425090892	12.9803540605238	12.6014561779029	12.6666783583107	12.6033412203162	12.276090220296	11.866236909381	12.2231402954969	12.0166494496849	11.9687508271859	12.989206235425	12.1702514262642	12.5935926110688	11.3174846143092	12.7420250653713	12.1435798129442	12.3979275890074	11.9963926585595	12.2589118204285	12.8091290686716	12.3908288320399	12.4572708956738	11.3890944247999	12.0911714020815	12.5155488858441	12.513187507779	12.4796346396008	12.5054433313295	11.3917220733096	12.6766187919618	11.8363778615542	12.5577513874616	11.9396925222348	11.8294462098012	11.3034212695526	11.8821655373064	11.8911707303638	12.2064346859856	12.2092696167674	10.9068307071409	11.9961108074359	11.2439778114439
CZC2847	18.2599934466975	17.4318070167483	17.9771703712325	18.1131220435304	17.2479343393272	17.6399899520639	16.9177597964308	17.3937138612092	17.2307251012528	16.8420384491707	15.6815691141182	16.604464669337	16.6398719500166	15.9978184001569	16.7619467576731	16.6591474394727	15.3755713507643	16.1235388020964	16.2022551487034	16.4135434953461	16.1317300210612	16.5340598719845	16.0299428191205	16.1265947381776	15.777470707192	16.1237160488899	15.8432866699702	15.9187666131598	15.3766032388318	15.5378036009174	15.8696966130511	15.6138010783717	15.4464967832945	14.851694735235	15.1990610902263	15.5700659300082	14.2591137164347	15.7966248055745	14.6226327394778	15.5671941452331	15.761267806188	15.0947114761081	14.9151875752743	15.1991037464499	14.8110443485241	15.4213973277484	15.0102090373835	14.6578792296943	15.2335920617301	14.63136686947	15.0795895543098	15.0984329028281	15.1170446237806	14.6857432884109	14.9232480384721	15.2676494609116	14.4300676714656	14.9158130877031	14.7192335427099	14.4282369794399	14.890268299184	14.6612997494541	13.8177291770079	14.817803979207	14.5941253910007	14.3692195470611	13.0121332251777	14.757045807467	14.7528672008164	14.9132854581205	13.7121283109088	12.4983331093846	12.7952259278518	12.8661035352406	14.4163078837308	13.8919144059342	14.2688224101229	13.1633305929955	13.3644248689514	14.0097736367913	13.4763451917429	14.3702047455259	14.4407764873513	13.996459625826	13.7395636614096	14.3347821491207	13.2696588610025	14.1066070912544	14.4055545188114	13.6634534147591	13.9810486537891	13.5484627135995	13.53027298808	13.4334659033024	14.2815786380859	13.9911431215739	12.9739967931311	14.1693917926288	12.2145035994472	13.4825904830997	14.1180745074191	13.6125069297517	13.7438017514482	13.8400642135835	12.326215100012	10.6865730628148	13.9107389416961	12.648280141227	12.4791031829038	13.5006960845943	12.0676001887859	13.3829826457898	13.4492634387268	13.4185407684843	12.607716852283	12.9476937533572	12.7650530453636	12.2781505288043	13.6993865106629	13.1866681535382	11.0863687246188	13.1324216141186	12.2013252107737	13.3462308638942	13.0231187793371	12.8146354449257	12.9037480302811	12.954801895346	11.7779182142505	10.5714397616696	12.8810514799437	12.7547366666256	13.2955499108	12.1229132254923	12.912085423471	12.2658847048365	12.5943711096834	12.5640789550084	13.2816838074721	12.3695991967566	12.9368988998451	13.066790652354	12.4864280411902	12.8340627619609	12.1380866302077	12.3386196777059	12.8400512144793	12.8699115717263	12.7764827661819	13.1843251547121	11.147377080244	12.5129285479942	11.800749667821	12.5825451351345	12.5558898139871	12.0178934216537	12.2108017412092	12.3883482225171	12.3854323658303	11.8912039854828	12.6311180192859	11.211382096563	12.326215100012	12.3057828903802
CZC2859	18.254272518232	17.3360764886549	17.9076247791572	17.9546624597786	16.9176541837539	17.663740582937	16.3518734576119	17.2676515552001	17.1087615947031	16.6010112526235	15.145969315063	16.8993534163242	16.7633008095495	16.6869460845682	16.538371891383	16.553859270827	15.2954513160236	16.0823192035221	16.0861189663988	16.5422944466226	16.0755316392777	16.4117166599625	16.0105693674954	15.7987260842028	15.8776676732394	16.1590343471487	16.2257983956549	15.5405974499538	15.3875234722554	15.8953487445951	15.8046090018132	15.5472448253337	15.5609098159944	14.7985268530301	15.3852542636447	15.424208213676	13.7806303019275	15.6247141335332	14.9654887960138	15.2109243199096	15.5928326500066	15.4600570605433	14.8210838699259	15.103522685124	14.5275205723921	15.1969207253051	14.6020806103008	14.995220725417	15.0702089734161	13.9152901740325	15.297138339982	14.4514064166037	14.906050098171	13.580142352745	14.2157453015323	15.0362788060684	14.4343344888153	14.8208259900653	14.5021189426175	14.4359075709826	14.8689531963357	14.7780922379485	13.7663937733652	14.6190698484178	15.1076714489104	14.5714339278231	12.6598392651031	14.266592463292	14.2778946987445	14.6147328372068	14.5638172107554	13.1296443121522	13.4970903820953	12.5609076705056	14.056259622726	13.4174988950931	14.2244909834313	13.947321771679	14.0798149238327	13.8018259908304	13.8116790496019	13.4866509098641	14.58562241345	14.1836155985506	13.5994530280202	14.0366141034809	13.9345996452527	13.2598871287236	13.6411460277812	13.9794058150885	14.0791080271068	14.0204794029516	13.7215629135768	13.2912958933564	13.9387117510822	13.8694298418713	12.4349815217736	14.1375737402603	12.0340976587001	13.8136987690655	13.8598469387485	13.4137380035307	13.3677540918186	13.8402843779889	12.5457519952904	13.358520619403	14.1163399824752	12.9067761562327	13.1791491664394	13.5088002770446	12.7415576856282	13.1284226373553	13.3198139951219	13.2848696370318	13.0490607008208	13.3570258870084	12.7304742210217	12.9024279074399	13.149563537906	13.2621171597462	11.0709197018146	13.3030268446606	12.9373460804457	13.1743203501287	13.2175048153362	13.2262434265723	13.1296505807247	12.3915306954662	11.9230619020788	12.6430525646242	13.3377145003773	13.152385421459	13.0798266231068	12.6814264781291	12.5308571809333	13.5311821091585	12.9934109185861	12.5796010311107	13.1370424266605	12.2937216419057	12.9544899771028	12.9697170529669	12.6344991026026	12.4437897307406	12.597922425965	13.0049704596421	12.5472868028818	12.5582468372617	12.7682148567974	12.7212732996785	12.503182279418	13.2340281795824	12.0616322633775	12.4920491466968	11.5215722138562	12.1640055204273	12.1079606358638	12.1684260976883	12.1411437964912	12.260956883057	12.108860605135	11.801463527458	12.5649361497228	11.5172013164741
CZC2870	18.418490923144	17.697169358199	18.0051850967644	18.3918836658083	17.2742431535054	17.8521280737055	16.3372999495947	17.3389182602296	17.4074065540243	16.9580693431309	16.4035161001171	16.9768539394757	16.6970261880931	16.6153720327103	16.84545096371	16.805224244605	15.2826180243099	16.1600121886476	16.1091010095824	16.4758888091624	16.3921745146322	16.381725398979	16.4431273246247	15.9803188263125	16.0678279227085	15.8717695772372	15.4724446461067	15.5327862857539	15.838098626996	15.7620979810463	15.9750545101892	15.5174758581898	15.2191715626621	14.8319191863929	15.3518418255798	15.9569647499385	15.2264674548808	15.9708182056779	15.1928004984443	15.32870895984	15.6197303956927	15.3188255395092	15.0229257345224	15.155829558336	15.0819219980234	15.1996498150147	14.8615095480892	15.0436592274384	15.6185508848782	14.4402130633573	14.993605989471	14.9177176827927	15.2498103649665	15.1010181730548	15.2115773757028	15.1031116793303	14.5655539048692	15.0231091328328	15.1923556035918	14.5676503252957	14.8678627217626	15.070473468811	14.3240226960849	14.7321408697746	14.7267566244839	13.9107239912706	13.1399156445384	14.5758687260652	14.3692949465779	14.9320841100503	14.3126077457094	12.5686384690164	14.0521464457575	13.5261182958381	14.2531996268902	13.4402463022985	13.9190687618335	13.721670587033	14.2119403704468	14.1049019754031	14.3033783296274	14.0359122674632	14.4648838591841	14.4016570384991	13.8753424797947	14.016232945454	13.6700281491858	13.9709823801271	14.1971924270432	13.6455918012707	14.541283678887	13.9004049457961	13.5112693655945	14.1914228579929	14.4094796372971	14.0790905554365	13.3838298512861	14.1138105571893	12.6482100701419	13.5983140010474	14.2393872001031	13.1931211556201	14.0122108920536	14.0040772424564	12.1869479176982	13.5839279587171	13.9389754868275	12.9979568822135	13.239478162809	13.5715959273806	12.7946696861558	13.5851694335291	12.9014496529274	12.8929491509376	13.3924614919458	13.4290296120069	12.5975523535787	12.8144618437532	13.3725312571162	13.1248106615601	11.722605234581	13.080430899025	13.252171562837	13.4245050618694	13.0468496065631	13.0203781386408	12.7339920624824	12.8859705297718	12.3009512262999	12.9163506239916	13.4962643867605	12.8304192807502	13.4940269368363	12.2563450263878	13.0618050680642	12.9907444919144	12.770955569433	12.6913013158929	13.260283791119	12.7096416899953	12.8800712066492	13.0687502899552	12.5560761812307	12.4968601678273	12.3190011856112	12.2243637521327	12.4278774843686	12.6599868272621	13.1031937662591	13.1677027257804	11.6508212410528	12.9469808616026	12.39896223881	12.4260722052784	12.5461141991965	11.9651291821836	12.1286225305569	12.4747905898646	12.4533896198499	12.1568232835206	12.5757933591083	11.9048853615308	12.1869479176982	12.1082992475433
CZC2872	18.2766376697057	17.2097964539061	17.991283961041	17.9210773138263	16.9442775962186	17.4569372410622	16.4513009548183	17.2531361631766	17.1022087741614	16.6917075507642	15.238161437711	17.1638602901353	16.6120731534656	16.5901279803746	16.6138862626557	16.4872972429062	15.0736298440298	16.0582908019488	16.1210066817937	16.2503864020553	15.9864053383911	16.2685243519507	15.4384492915866	15.9269566812217	15.7139103893471	15.9790064229401	15.8568105891021	15.153032377297	15.550103114728	15.8977953835537	16.0662361783221	15.5909736895917	14.6747298867071	14.7614360363806	15.153999978048	15.4734474464624	14.4568770796044	15.690777903306	14.8528274948644	15.033048985734	15.6427595588102	15.4569310724741	14.5854675987887	15.0982539715588	14.7229370050956	15.1129346996988	14.6137100024774	14.898191077967	15.2696255383185	14.2576160607578	15.072939483361	14.2335875666559	14.969904017935	14.1747797956111	14.2062216759334	14.6920980571873	14.5389825793221	14.5957910834921	14.6267583384184	14.5389825793221	14.6885075722927	14.7409186172068	13.8615998599917	14.3440409111532	14.4890368292763	14.3431315204873	12.5910214614439	14.9183768813822	13.7094619085967	14.7677743446692	13.735257928117	12.6615523757895	13.1051417528531	12.3480296825734	14.2088739521601	13.448244226924	13.6815864209115	13.9733567355918	13.980603163415	13.2101629640917	13.8176347023713	13.6487061740687	14.1244524689934	14.1634483150071	13.6529105845943	13.8718948186138	13.7455590612858	13.0752395823504	13.9725802234048	13.7256359219398	13.6933075516131	13.5763987867837	13.6020648007918	12.8513806627385	14.0225092833269	14.1789916438817	12.4671634117506	14.1165318634381	12.2082496501351	13.8757213991265	13.6658868148961	12.8799870329476	13.3801864479336	13.6604483378604	12.187952329245	8.26805098526591	13.3370335217881	12.4410065929466	12.9085645617263	14.1991759917646	12.1189506478768	12.9412550066425	12.7991111467546	12.7991111467546	12.6302416625318	12.9573323630265	12.5328826142077	12.8921577421733	12.5227263211568	12.6023561904609	11.6066714730046	13.1134554283744	12.6473157548254	12.7086188659308	13.0637659914934	12.9404391663781	13.1888852601917	12.8548614139347	12.1689081370584	7.95318521889442	13.3841494921601	12.9589207932336	13.1674087213361	12.6933615477737	12.9642511731909	12.6404978572782	12.5769307304175	12.4964558584901	13.2401166718184	12.3323280103221	12.9174608442681	12.7819649268826	12.733474309106	11.9286078339791	12.821430302257	12.7434319895195	12.2642602390275	12.5062402448844	12.4181794878161	12.9933967608329	12.6694787010708	12.137883006901	12.0010970460845	12.3546659938133	12.471244684507	11.9871129453171	12.2681294962758	12.2401956359032	12.0522293291286	12.2524051000993	12.8376832420938	11.5862341025269	12.187952329245	11.8540427082536
CZC2875	18.608477658579	17.5788400087349	18.2080168182911	18.5335816851113	17.5809206550508	17.742071676636	17.101677870827	17.4189464390777	17.3994407607285	17.4490489018531	16.8419444853105	16.9647880440872	17.0199677866737	16.7556035432813	16.6628138467797	16.8554596696704	15.3548512549194	16.0094137771364	16.3273022842419	16.9181306937383	16.3548540044054	16.5277629455008	16.5555921704973	15.80420780361	16.4409264599523	16.3513618184817	15.9901215571612	15.3414069765045	15.9803887187177	16.0137803110251	15.8665115400449	16.0686902902493	15.6743506944927	14.7542746538148	15.5020576424144	16.1190964110309	16.1133542379037	15.8598061627922	15.1008448511279	15.1560411546811	15.4815463589956	15.7124992352297	15.06132920207	15.274692208472	14.9305635315425	14.9093416448818	15.3801452270472	15.4080118961097	15.5978466679802	15.4369317899625	15.492998072907	15.1810370245274	15.026043700934	15.6133465107483	15.5875900830403	15.103129308741	15.4645635838426	15.0610063624726	15.4376677591962	15.495452976603	15.3870218375619	15.1234565952562	15.3696872871836	14.3086074184228	14.8342500864336	14.2697905131118	13.2036671384158	14.6831539642071	14.0239804631858	14.737547177762	14.2132453896604	12.9317157379836	13.3492296942998	13.0262348437798	14.12703987969	14.1358133980629	13.5406090058822	14.5059303084661	14.5016996722288	14.3612572108222	14.7556951800228	14.322179245631	14.450843419449	14.6165551295908	14.6855989609929	13.8537514527908	14.1127423575234	14.6094830944739	14.3734600120506	13.4332804166945	13.9503532344802	13.8778210989964	13.9158368134723	14.1738753715686	14.3798834204857	13.9535045349309	13.430980489261	14.1242945360785	14.3669316684876	13.6921531204092	14.0884305960147	13.0109683560196	14.1235352662931	14.0459955325632	12.1996462272673	14.2832762661817	13.8235384282123	13.0069482473204	13.3946273764717	13.5177920923227	12.6451181519387	13.5441213474484	12.7762553145238	12.8445347400224	13.2573082811511	13.1944582936915	12.4644673992117	13.3023513030647	13.2441790776831	12.8768984660631	13.7829653272762	12.8050005567266	13.648861497913	13.2107888196989	13.6609106924516	12.9849476968629	12.7927250435058	13.7580579341076	12.7499189138971	13.5792195776044	13.176871531239	13.0170943615603	13.3700971087458	12.6474609934691	13.5904268126904	13.021303098461	12.2957236331803	12.7653137932967	13.1776366071119	13.5630119989772	12.7143094472863	12.9710749253589	12.3751615726503	12.4580936788847	13.2028658198144	12.6345051240572	12.1218912309623	12.1416821955629	12.575270542893	13.0358727790405	12.2322938891685	12.3740983459449	12.8829496570652	12.8635594512638	13.0996631094916	12.6574193182795	12.7101261309435	12.8682112532989	12.5464470217494	12.3307729059294	12.4561156844936	12.2008317349189	12.1996462272673	12.24785032292
CZC2885	18.3343504614016	17.5507632767071	17.7677694232253	18.0336665156766	17.4770624677209	17.6034855889002	16.5923360953388	17.2965901630384	17.2702727691401	16.4278491170203	15.5548969056152	16.824425217807	16.6688318039382	15.6128470183269	16.4079969897658	16.2341343795286	15.2733236564178	16.0522602780719	16.1511365912809	16.2765569754498	16.1543587977052	16.4956122130396	15.8416990521153	15.4601030576703	16.0057441236929	15.9250753314003	15.8539472608047	15.3901953425795	15.633353657235	14.9886977902142	15.4786781781489	14.9472495188443	15.4992661726572	14.8178485030715	15.0030137163795	15.5467362769553	14.5778939975234	15.2422119194262	15.223070639508	15.3575428078429	15.3189085635622	15.4864907578074	14.8146300507051	14.9851335063481	14.9639529121392	15.0016222824464	14.5457534974837	15.2372003339987	15.6291588192531	14.0039357065536	15.2535225393078	14.6860098003068	14.742202771581	14.3276715379452	14.4618774263485	14.9623718723493	14.4048346176913	14.7644443003366	14.7958290852028	14.4037521110557	14.5030213433507	15.2928322864078	13.6923199580009	14.5193741214291	14.5367327604109	14.3787511648697	12.8239308334215	13.8672751474748	14.0948488186822	14.7594332100385	12.9724530316399	12.7366798957836	14.2212427170778	13.1183061128265	13.6202089515905	13.5996296324468	13.9031078424432	14.3118428680277	14.3359368603731	14.0768743020782	14.1132508435685	13.5500944716722	14.2147677011376	14.2219791051257	13.6375390342026	13.7357497611835	14.0645637714026	13.173720559581	14.1767772382278	13.6373901057597	13.8227240411235	13.6243963074866	13.6448711263739	13.2861750748374	13.696694532933	13.5090133632167	13.0129742848053	14.2232663604277	12.0925412691227	14.1093967174563	13.5816035983127	13.1835871834387	13.302478998243	13.753024563299	12.2968728314931	9.86105253174653	13.444027942456	12.9418129235213	13.6388305015797	13.4869253753413	12.9999212413511	13.165461499835	12.8618803005733	12.8255246294636	13.6329291948636	12.9839142769949	12.6844760851958	13.5706327931192	13.35017137183	13.1333027746136	11.1263674588834	13.062565582897	13.1728404615429	13.296447999435	13.4603380860347	13.2947671984756	12.8285951645827	11.8611412221626	12.8373478194407	9.99833998167951	11.9496147515648	12.8825262657326	12.7037214240321	11.8593566038364	12.5234864237214	11.2731799034137	13.2815896649713	13.5965226638084	12.8568811971653	12.4159874138632	13.0510826386725	12.6809775432869	12.3892350836843	12.7585760923387	12.2184805604838	12.997542996594	12.0215955065373	12.2094955412331	12.3786218442454	12.9000908004318	12.6542978531392	12.6391210719151	12.5162489083731	12.2814113069679	11.1358787010187	12.39672007626	12.7535559906941	11.8700555156322	12.1950358065758	12.4098433879231	11.2728351712282	12.2053187334098	12.2988782428483	12.1008205084436
CZC2893	18.1528722549721	17.1153775786412	17.8393147726901	18.0028121562456	17.1635005534809	17.5044396933441	16.5922667056611	17.0931515685451	17.1238709184758	16.7190578000469	15.9535251292072	16.3208455199858	16.5698280183066	15.6677138397226	16.3966184676995	16.2527006950128	15.2010863534777	16.064108465724	15.9131501526767	16.1711993280637	16.1871219525531	16.2135642845718	15.8858634258666	15.5548901828986	15.7658748958045	15.7276538608027	15.5096308942308	15.2791012778376	15.5387038216348	15.1947970230407	15.4260277937193	14.9145638347162	15.1737316102433	14.8211948112344	15.0004867698746	15.5272013779601	14.1772475208395	15.3214602624336	14.8406916345531	15.1226233228394	15.4565322315116	15.2713014246262	14.5107044361091	15.0098895631171	14.9175279045039	14.9575922498317	14.2507315168598	14.884504621162	15.560527681336	14.0413303337929	14.8754191000955	14.5680423947245	14.7193224183872	14.1356695100032	14.5185895231658	14.4940069316625	14.2791388522558	14.6737736433605	14.9968132758417	14.2786021125162	14.6908864835113	14.8321413842045	13.9580399560944	14.384192886042	14.2531382593249	13.992583036587	12.8593082940564	14.7822816336112	13.7531681328683	14.4632893869458	13.0744297036922	12.5775334111626	13.2119497706421	13.7641539453616	13.8639026600604	13.8015872091441	13.9292183392625	13.268593013	13.4360475656971	13.4891962231667	13.6049109890249	14.3354619109107	13.8289538052385	13.8354575669938	13.1981829028148	13.7295607218861	13.0496358488306	13.4679534254461	13.8994372804619	12.8615101328111	14.0560225386703	13.2977668080524	13.1804412976686	13.4774021906108	13.9424168463454	13.4264450079811	13.2119388879253	14.1639151726146	12.4997813876958	13.0474703629702	13.4733815902048	12.9935314904984	13.4926340070567	13.3649341875336	12.2183447147054	9.32816813552115	13.0245092918739	13.0233290277401	12.2090121160505	12.9894215362173	12.2783399824323	13.222576009799	12.5118310409984	12.5021282935383	13.0154498037093	12.4382330727581	12.6080597206209	12.062315478287	13.2093890035924	12.6362710418242	11.4479743862091	12.6656654714997	12.3126094974831	13.2277327212032	12.7407213241259	13.0251207454966	12.4586350801715	11.6225584339872	11.6233150764996	7.952204406852	12.2654971300581	12.0019285375266	12.8406264556039	11.9373349884252	12.7055818623127	11.2253298210501	13.0349238233054	12.615247593	12.247921722181	12.7758281907895	12.5577180526768	12.5412194123185	11.8101507510082	12.4173688704003	11.5732657047069	12.2388835713563	12.0150020736762	12.0240271798196	12.3170180676739	12.6111267982077	10.997921191462	11.9254040973839	11.9705218162887	12.0988051605393	11.5962851043079	12.2599305081496	11.9342336356868	11.6295540932214	11.959658345345	11.9589622380288	12.3317541385293	11.3400158748107	12.2183447147054	11.7842830488076
CZC2918	18.3739546381681	17.3874404591348	18.0856312822667	18.040754581462	17.2715135344424	17.0884086091958	16.5955381654617	17.3342140198972	17.2820241938762	16.6956406132126	15.1224811466856	16.5694397705748	16.8537816068866	15.3744265483214	16.5307175599625	16.8706567381265	15.8243806976206	16.1758135742992	16.3766969219305	16.3395562236582	16.5338820897376	16.79122543101	16.1420633403676	15.8978677772969	16.2027393685031	16.188496533266	16.1474268845896	15.6579782565711	15.9294213605341	15.133849954143	15.9007443501258	15.976209719244	15.2103852101286	14.8438416134209	15.4457267165257	15.6657229314383	14.2191263317741	15.6124023825954	15.3956552962346	15.4806973390962	15.4193565452874	15.7795092866231	15.0774973215967	15.2923680969546	15.122070411433	15.401441575362	15.1046466018505	15.521189076313	15.7602720269678	13.8804337966511	15.5987133644791	14.828407355075	14.8772653338535	14.1589793600105	14.3708980294415	15.192574011549	14.3104786561368	15.0770465487153	14.8690833082643	14.3058378766464	14.5136227957029	15.3171232255673	13.6426251639806	14.8462572209936	14.8938638765077	14.9274956432056	13.2645742017753	14.3916678660432	14.7160447993515	14.593301358672	13.2622793157476	12.9342699290865	14.0828467227948	13.1790791936902	14.1544983436515	13.6051113500431	14.0005789138492	13.9271583993013	14.2108316766753	13.8142685018318	13.8141892391069	13.7066404445333	14.4699829168651	14.1140886458992	13.2836997977336	14.2937485844383	13.8886430155298	13.1986275874767	13.9637303818407	13.6087396019792	14.4383527110012	13.9118359213862	13.8123348924721	13.680217678604	14.0925225654489	14.0339159257951	12.8634907621687	14.2083333247149	11.9281589487649	13.746521841433	13.9571665185974	13.321658636897	13.4748540166374	14.0070242060752	12.5297609074654	7.56391857857335	13.9485436234444	12.6528100995352	12.9991264569188	13.0852043869275	13.163441038823	13.7361541834103	13.5105750891882	13.5130767004661	13.8562349678833	13.5440644715328	12.8938035683622	12.8161229363973	13.0510955750089	13.5102774467593	11.0297486414265	13.0439131595788	12.7957670545308	13.3484416508459	13.7388466674785	13.4847577063147	12.8693760698981	12.8104004349912	12.4194468707969	7.96847383990226	12.1051997730996	12.5757621684376	13.1110254228245	12.5578457959849	12.5286905261674	11.8203244147182	13.5983458621197	13.5123449141078	12.9071857859154	12.2091190280913	12.8280731809147	13.066084171677	12.5498044976182	12.68943428577	11.7961779196351	13.34630303734	12.504780900963	12.5891388868672	13.3871521921192	12.7394766910959	11.834804319288	13.1784562831476	12.9559821697268	12.5855065811846	11.8443001310274	12.5440378403488	12.782793457994	12.6400372782149	12.4747726651075	12.1328293173871	12.146551240259	12.4227835138312	12.5375433144241	11.8634435635746
CZC2922	18.1435966765279	17.0901853794612	17.8717256906864	17.6782295333165	17.0152636358213	17.3901766453159	16.6233660968562	17.14676925886	16.8894528058385	16.5120535962257	15.2109557395725	15.9355153817012	16.6602004374618	15.5697604395484	16.4799853558654	16.5186069130077	14.8058382708152	16.1201648955942	15.6745289417333	16.2848843907283	15.7300088373544	15.9927181980282	15.6284386772636	15.8705241562539	15.8359947649364	15.7043047575889	15.6057875839161	15.4033301182631	15.2141801317909	15.3715256676903	15.8894134188056	15.880223214457	15.0419187619741	14.8168623687659	15.1816212470447	15.1626910383441	13.711162629245	15.4934692947553	14.6137797945028	15.371459187012	15.5705451628556	15.3748550123403	14.6765814592136	15.0303897738733	14.313415557811	15.1570928552856	15.0099578671686	14.9124271560948	15.0601716898934	14.4122642811365	14.8452253959499	14.6708324431584	14.8290135402862	14.4333209903498	14.5454560204395	14.8743324552433	14.3479110705839	14.6764200664009	14.9208235506879	14.3641905046821	14.4903276497209	14.6109035583492	13.7479181295419	14.4249413855211	14.2283471842155	14.1195050954992	12.4779562614731	14.710592832434	14.3369835032923	14.6058676858088	13.2265963473614	12.3850348250965	13.173065851562	12.6809654420454	14.1611315624058	13.5516166367782	13.7538296788357	13.8862057345075	13.2347846500655	13.6446177302185	13.6991975651902	14.1547556317169	13.7514768710831	13.9237228859371	13.5346073711273	13.6776971001994	13.3266714932791	13.5501376308269	13.9985432918119	13.3759663621632	13.9055699793599	13.2528709562084	13.1240968107403	13.0076059563563	13.9071524186146	14.0372439546777	13.3712997288562	14.1460567689002	12.1327068318318	13.6741517835011	13.7765593974464	12.9509700473457	13.435822788991	13.3874768741901	12.0750281329117	8.07492329151321	13.1855653087035	12.9302156446009	12.2732307696972	12.7841278614394	12.7047337865719	12.9142006289155	13.1278892661198	13.1310709081825	12.7869139636414	12.6112381004135	12.4461674553987	12.8630595029823	13.0284011139325	12.8629435938151	11.8986312436448	12.592494201112	11.8417394720659	13.1139665606031	12.7365905031463	12.8920092517691	12.3729309653403	12.5180776141869	12.3793610774714	7.95741067123177	12.6163225687975	11.9777064888733	12.9985819085655	11.9293341807658	12.9305187294965	12.4942845588415	12.6764218869202	12.3897465474931	13.0223236960786	12.1428651619024	12.4022175867443	12.6381232337866	12.7164163831077	12.6562753932845	11.8114857515197	12.5195521657488	12.3919468869766	12.477267671488	12.4034675727901	12.8000932454084	11.4299125403414	12.5790190402285	12.1818684131878	12.4152362187374	12.4251943496485	12.0450400544134	11.8540861927055	12.5943715637448	12.0626857067374	12.3534436691942	12.4125640270652	11.4691940431054	12.0750281329117	11.9314791599294
CZC2944	18.2687857323749	17.2006750510084	17.9332248501858	17.7653179794108	17.1602913251735	17.3964274284203	16.5494433664216	17.1340727936812	16.773014769324	16.2428242701088	15.3602312260908	16.2434329187517	16.4911836840958	15.1464880731637	16.6352229374743	16.542693213481	15.0048925826898	16.1334053550761	15.8223607504131	16.1032843261273	15.7394318378258	16.0836029024568	15.6737444451469	15.9148865272003	15.6574596540379	15.7670034541609	15.7377889818534	15.2769983317556	15.3055020230646	14.8549545282869	15.9889071552049	15.8247596031358	15.0850551806423	14.8131132530816	15.230105035338	15.3583090197999	13.8265346003017	15.5661659328162	14.8628067067207	15.0100371202989	15.4234462041613	15.1733310554788	15.141305329404	14.8584392951187	14.4657127237613	15.1310534419779	14.963169023742	14.7629764654328	14.8043735167961	14.2866581332791	14.9001069904727	14.7331102276055	14.9918204226329	13.7706734435231	14.2370252634756	14.8400144771965	14.5466482000359	15.141305329404	14.8916302020618	14.5466189790671	14.2092303565151	14.5818582106315	13.5816137619453	14.3686758374599	14.4823898511523	14.2003761589519	12.4611562532988	14.5257029259082	14.4000973219733	14.6232029282325	13.0661332791344	12.5657128654892	12.9130207578647	12.0448809695475	14.1963869139717	13.2715610850336	13.5038607300364	14.3757091074897	14.3514027870108	13.7482828742948	13.8587102559858	13.8602736108619	13.9858690779623	14.1129335715269	13.3944113518078	13.954551141092	13.9822373586913	12.9735964893931	14.1095662988688	13.4960698382452	13.6935111048751	13.5743900610474	13.2475463521617	13.3247121470576	13.8603700815632	14.1368959272655	12.0895360663491	14.1672963948731	12.0382918833099	13.9503179030901	13.6907717037204	13.1433608439291	13.6288884472303	13.5080289442596	12.1447999218661	7.56449430551366	13.5009333803685	11.8172425191987	13.1659435228708	13.0638239034927	12.2518931680086	12.9197784812507	13.5631731023264	13.5557312682488	12.9904503656947	12.9492388782007	12.446914860989	13.1603253748611	13.1141133838001	13.2187984657163	11.4966995279726	12.3857792918404	12.7997313860008	13.085358921801	12.979962166502	12.9421278383218	12.4557594405455	12.7777662653535	12.8725365603952	7.93533601231601	12.1724970769231	12.4370022657872	13.0165294310292	12.1417423240509	12.9696483722362	11.6609371419063	12.7481275396064	12.6830944512237	12.7226020954082	12.2741939757353	12.0994322545145	12.7275644784018	13.0575309355296	12.5074313164804	11.8349466759676	12.2787708558293	12.5043848715399	12.638714385813	12.4796818396628	12.7603069831155	12.0467301604927	12.7622052106539	12.0867062482681	12.2664464250648	12.2393503115964	11.8571098393176	11.8304370105532	12.370510360057	11.8628781344659	12.6258651015919	12.4235059346857	11.7713626477673	12.1447999218661	12.0047018316534
CZC2971	18.2858850526676	16.862530863417	17.9660596191664	17.6113193661652	16.7285206567351	17.5739015685582	15.676002691695	16.816617339939	16.657473558946	16.3660662752861	14.8064054917355	16.0206035576911	17.0584218390551	14.7422869633108	16.4223065336399	16.9815564625451	15.0340601950527	16.1461790031226	16.1016074825178	16.6776327580842	15.7452224221643	16.007176422689	16.0511050427109	15.7030471379674	16.0688555137162	16.4014246937089	16.3013796894182	15.3892639452041	15.7886062217319	14.4170367786218	16.1411068185169	16.1954785290347	14.4664250364029	14.8624228341076	15.378619281374	15.2496462044009	14.4561195227013	15.6169320359566	15.2029684693969	15.4848430396266	15.0115352594381	15.8636694089892	14.4145280130095	14.6701362754763	13.6697339506974	15.2922066950869	14.9732189515285	15.318141170653	14.9991108829092	13.6809813134797	15.2775736112287	14.1103160668905	14.7739598433097	13.6981203408321	13.7550449272831	15.5847569552475	15.0163215153162	14.398637871595	14.2513938478089	15.0160867936763	14.3335837966041	14.4276106069191	13.8955485908577	14.7929469549941	14.9251213546885	14.2556441527783	12.738688327108	13.6891397991557	15.1163657507992	14.2246423967249	12.8420838368811	12.640392985131	12.5804591388966	12.4637153718277	14.0669951964253	12.8365392986128	14.5123645388432	14.3155685656625	14.5017171608415	13.0171873916087	13.5035106472721	13.0863150184343	14.540280001143	13.9192496796731	13.4971723708078	14.1933078291884	13.6945173678461	12.1101707452438	13.3047260145211	13.3662911327773	14.3978061846722	13.9298079631963	13.3627320787408	12.9600913837683	13.9614100184876	14.3237364026313	13.4436197942003	14.1615212803875	12.169106889489	13.4066073428337	13.9147227975488	14.3286549149893	12.7939564718231	13.9911195055231	12.517654431921	8.31005521845857	13.276405965447	12.9098144589896	12.9630288307265	12.6847795328743	13.3047494561167	13.1151075482268	13.8633947061108	13.863966172845	13.6375635400276	13.0262288346062	12.8075223427074	12.5594903349705	13.1508340799189	13.9278228277889	12.3661980821829	13.0944381942981	12.6434648063177	13.5025845953432	13.2659765471436	13.0579271390357	12.6742486613324	12.9407539180488	12.1229035824799	7.940484986335	11.4985103312712	11.7370643727528	13.1439090852408	12.4316656824037	13.0667383563048	11.5624623131589	12.8349970447015	12.5569301744751	12.6519254881213	11.7313969905491	12.6650316588049	12.9383256631742	12.650086377208	12.2025225308235	11.8483099773767	12.3935722625842	12.5646959786254	12.7091723752879	12.8676313407472	12.2759908346454	11.7117814999315	12.7495123692614	12.7915549655233	12.8409519340656	11.9601501682338	12.7791115343387	11.3748034502883	12.8362270363607	11.4936058200873	12.261627768063	11.6350888289653	12.107216173759	12.517654431921	11.1400344898773
CZC3011	18.215583124171	17.3760449636613	17.8839655896546	17.9775668323613	16.8586147213644	17.4973492310992	16.1894483186016	17.1815758142088	16.9908368966696	16.7605651807412	15.3978318264013	16.7461035166069	16.4476132342292	16.1077567281141	16.5327356395007	16.4838114737102	15.257247988047	16.1025099446857	15.9397072763324	16.1806864590337	16.0440425149011	16.2031456556309	15.9256036449157	15.7559246819334	15.5600307323032	15.7460824917096	15.7203172857001	15.7310210177931	15.4341401363103	15.4086072914476	15.763321108113	15.4546456764597	15.4011983355363	14.8416168337846	15.4094699345491	15.4568205256854	14.1197317367454	15.5729178954	14.824899472981	15.3505898916454	15.4272618642382	15.2666872252615	14.6420222854808	14.9442783306945	14.8067510638061	15.5174612064576	14.7118375617182	14.7399166502418	15.1209950625814	14.231140226782	14.9061739456616	14.0573608547468	14.90132084559	14.0866801354736	14.383136662053	14.8764534472494	14.4613633620065	14.6319361880293	14.6010953437066	14.4593748098913	14.876184258805	14.7069696012174	13.7636852907358	14.7172814176436	14.7939829012701	14.3296948355327	12.6609775530983	14.1428182531689	14.5693222687208	14.6438817225324	13.6039307745698	12.6461596703777	14.0225049873164	12.6949814326777	14.049782807762	13.3132688122429	14.1755568577909	13.45394433879	13.835046247675	13.806087267396	13.5887287926184	13.530110715643	14.27490840988	14.086478453289	13.8197261050469	14.1327358504974	13.7054023870054	13.1041135130675	13.521601603326	13.4793380179895	13.718271330854	13.9234511400863	13.5829593233421	13.0707374127408	14.2437058757099	13.8351105235495	12.3577945575731	14.1472022538447	12.3138747741237	13.664033148497	13.9596992452218	13.1885169618747	13.3973191938895	13.8173495220329	12.3777176274946	7.96003038825217	13.9158931078842	12.7642390061245	13.0568307811111	13.391575488528	12.9054989065886	13.0922985488431	13.5104359927793	13.530232562735	13.1696862145282	13.3641300055597	12.4058044869977	12.5049775430787	13.235792315543	13.3288527409721	11.8459798445095	13.4762727634307	12.8633045870131	13.2243978251056	12.9546236632965	13.0960519520483	13.3479219996856	12.5152290002253	11.4440475941919	7.96709880131576	12.8456164436605	12.7975645450645	13.08648436453	12.1852165931966	12.860030889332	12.4675754886962	12.6703055897927	12.4877684802855	13.1039406698448	12.5964076625626	13.0859429921982	12.6377489946425	12.4373226081282	12.3434781419269	12.5589833401638	12.5516025746224	12.5946493642229	12.5330027515553	12.7577661529075	12.7201857432273	11.8949672176902	12.8422705848426	12.1253783410302	12.4714238174373	11.8829259273039	12.1295622074572	12.009804388267	12.2218720746316	12.3223543463027	11.9942708730167	12.0009232342432	11.6374123819821	12.3777176274946	11.3369036207724
CZC3013	18.3347290799231	17.0941754722536	18.0232612524943	18.1225021142196	17.1755236353827	17.4585050101604	16.4761156369223	17.0001031928249	17.2416233634901	16.9946435607961	15.7191319368633	16.8235742861359	16.5621828725819	16.0852465907708	16.4430785168118	16.597920625635	15.4182443855564	16.0547901471557	16.1166191210243	16.1442478485677	16.2017807018542	16.4953215892536	16.2155048317725	15.6964793429993	15.9590281698834	15.9477101245275	15.8253755215836	15.2663765496736	15.649284475417	15.3990670041014	15.7359294237696	15.9011070903912	15.4948136244296	14.7761595757274	15.1531788476508	15.3648117559858	14.8975567074138	15.5906964155095	15.0541116936975	15.0751238731648	15.5106607682667	15.4514083481626	15.0984411577516	15.1793959557932	15.0051747741478	15.0404744460334	14.761142945787	15.1220865593666	15.5729568144165	14.2700468377397	15.3099319465169	14.7367494518676	14.7955746857173	14.8546182852099	14.5820601185564	15.1174909791923	14.5612926440989	15.0984411577516	14.8847876354058	14.563786748266	14.8936290357238	15.1089043361681	13.9137962474548	14.2702082618784	14.8010329640097	14.5173930572916	12.4672532385811	14.6332833798442	14.0511228433203	14.3501509882836	13.8216187956388	12.447199470905	13.9227192992005	12.8671754838191	14.1076517943005	13.1670055727287	13.7469446358572	14.1352311401063	14.4001071109771	13.7778783141094	14.2303729879387	13.4604392535081	14.5422645955484	14.5087743897202	13.3878232047463	14.0059637953443	13.7250818185101	13.5170630859811	13.8681627349525	13.8639807061722	14.0921116257271	13.671125291498	13.7513651095368	13.6999821644161	14.0104852377955	13.7669045698484	12.741071262908	14.1530310142969	12.3525363214735	13.6084421601226	13.2184457537154	13.4127385943846	13.4867373078213	13.8838028243514	12.2290897537834	7.5713079152418	13.425573196533	12.789238757656	13.1367084668467	13.430453725622	12.6428634738957	12.7940221471737	13.2426396809502	13.2289079969943	13.3455726280003	12.5375453169127	12.5805847146169	12.7380124290986	13.1181785365599	13.0847480553848	11.9278372728403	13.1034172706417	13.3718749068171	13.0609243163473	13.5230775149703	13.2379524475442	13.0686221359746	13.2650974391754	12.5574899990304	7.95154888074853	12.7399086829048	13.103980507871	13.0694227873911	12.1238243224409	12.6888472769487	12.5614094975231	12.910151269307	13.0620956355986	13.0120737393357	12.3920729661173	12.952788706367	12.9000273656922	12.6031612810769	12.773043007307	12.3642243556928	13.1056392100881	12.107564532885	12.2479304012246	12.4324796703173	12.6602650256714	12.3245629483475	12.1062446140858	12.5907812504872	11.9385258790178	12.1638661404131	12.4623023632372	12.7008093219146	12.6125869786759	11.8890205152102	12.3712085170213	12.2739995379299	12.1575011904172	12.2290897537834	11.7109628494923
CZC3059	18.2431239637995	17.2504262564267	17.909243440315	17.9384323179964	17.1021448984689	17.4979883971452	16.2959777437318	17.1495365660616	16.859411069951	16.6297023066395	15.4993037934869	16.7674967472615	16.5181875947725	16.1618886357131	16.4198922829539	16.6456082551944	15.2400310190237	16.0995296966947	15.9421651471281	15.9873244575908	16.0867188393047	16.1174932696631	16.0547100367015	15.6221208077718	15.8959720177258	15.7820355381424	15.7318467121841	15.1652846702328	15.6758399688793	15.5602811238531	15.6709527828921	15.7236349879297	15.3121062260558	14.7847265562949	15.1917507193343	15.5166310557035	14.376115554757	15.3539734721526	15.2280053139116	15.0092791658129	15.5249342546901	15.4840601391489	14.7389530687917	14.9996083633113	14.448156916763	14.9241679891624	14.7107814516175	15.2328638538165	15.3332372941243	14.0891237735358	15.2659307393693	14.430802859474	14.7830659548562	14.3622983128132	14.4912934465408	14.9494831931493	14.7608720324157	14.7389530687917	14.7598495797916	14.7579837236061	14.4396366303886	14.943570467289	14.4798418326568	14.4901507492964	14.7338740645559	14.3548327971384	12.7299676401897	14.373414973766	14.3981635067557	14.4487051727338	13.8145846066036	12.6160548820349	13.8384514987364	12.8078973716547	13.9793611452122	13.325201804728	13.7239626674854	14.392604912192	14.6290563829361	13.9434137256783	14.2576772910369	13.3902982634161	14.502869488882	14.3521029475529	13.8828303639907	13.9263440722052	14.36755295777	13.3898011368261	13.5904873982925	13.7094663061677	14.1972617445077	13.6984910209561	13.8239067580192	13.6377444458783	13.9964001883741	13.7154504859917	12.5392284058614	14.1744410138225	12.550528743996	13.9263440722052	13.7684661493165	13.4007713222205	13.3709614160818	13.8931150216893	12.1680322070187	13.5629992149523	13.2929948000647	12.6518120343508	13.5994509278279	13.2485788310146	12.932590438851	13.1266857004927	13.1672318130679	13.174328890812	13.6699626657023	12.6772878636306	12.5882264417211	13.3472214960875	13.1579839647978	13.3105851806263	12.204987732725	12.8372815007117	13.4290102205131	12.8943704546219	13.3506334902176	13.3611799713581	12.7282736284724	12.7028974958806	12.6309568011681	12.8939842485919	12.7475726999637	13.0206531050504	12.9296114814132	12.2336242229927	13.092363374366	12.4565205299704	12.7256875285447	12.9858253688652	12.8747992170409	12.4665551879764	12.611239587858	12.6651582845257	12.6641325291817	12.554087487802	12.7662513147325	13.0722240436848	12.2954220593054	12.3350855947846	12.631788074169	12.5221165517152	12.7782118956709	12.4198945255514	12.667223472855	12.4333108343626	11.8231485464849	12.6674808134755	12.4998433642486	12.366033515607	12.0036413799513	12.593464483921	12.1170590140936	12.4187791522893	12.1680322070187	11.4731226751552
CZC3066	18.4375102195355	17.4582320246651	18.0681876761964	18.1547080478993	17.3551001312778	17.8668063673763	16.7101508255746	17.3331867141409	17.3520352927147	16.8666086301666	15.831723883948	16.9646325773372	17.011106993911	15.9425994198256	16.6623050725286	16.7586183715228	15.2856189637794	16.0418765448363	16.3112030772346	16.8744077276336	16.0812464950867	16.5844731487287	16.0715921207875	15.8874543214235	16.4041361437552	16.3904885646134	16.2280014097307	15.7206802167671	15.9678431363196	15.5259415555006	15.913186450779	15.7988106286755	15.7539761741208	14.7595209580258	15.7309659295692	15.9324648549472	15.1165337502355	15.6700296947639	15.3459668473088	15.6601367586366	15.499124047024	15.769210465488	14.7080826894142	15.0476894650948	14.9331712467603	15.3266749359927	14.9597819987397	15.52503138366	15.5707540655785	14.466587692595	15.6024984305435	13.8238389672828	15.042017704172	14.6429090093492	14.7340737342796	15.3603762970679	15.0497981384202	14.7077478575788	15.1739590716325	15.0481376425654	15.338035031449	15.2119213287197	14.7528835944688	14.3789086388602	14.8609041015081	14.4440505835647	12.7455542042699	14.6441104298343	14.667099220821	14.6892308146998	13.4062164448137	12.8529045130736	13.5721977569361	13.0768541685797	14.1608974521147	14.0542014619966	14.2987765421028	14.3004545828457	14.1349006091438	13.8744974922081	14.1406386690445	14.1706276777248	14.7311257000791	14.2659513701446	14.1357884707966	14.3164405902669	13.9113171663457	13.571347538706	14.0994246984176	13.682528852634	14.3914873871385	13.96975252991	14.0045814624151	8.60599645160716	14.3500323388042	14.0174371269416	13.5304499795923	14.0954280272538	13.1881699597124	13.818480612981	14.0912742432649	13.8116744607428	13.60705362436	14.1434387954984	12.5142744866002	8.97524609498378	13.5697451290698	13.455386889864	13.1268971722068	13.5693646788201	13.0658954276568	13.2134766981577	13.3679229334613	13.3789937611674	13.718180367762	12.9562424588789	13.1651590544831	11.9367821981895	13.4771680391151	13.2797668208554	12.5196710116911	13.5077500077571	12.9807214920432	13.3348926347594	13.6501807695838	13.2914453625789	13.2163197727103	12.829234758879	12.3501188321933	7.93252218891329	12.5643742182906	12.8845198793479	13.1373384206456	12.6633726009097	13.2981595095159	12.1257460982863	13.2554930256154	12.7505884277599	13.0813815699063	12.8951610556639	13.3679627495739	13.3597067684174	12.6832144246447	12.5991348158855	12.9642843714308	13.0088418213069	12.4889638567362	12.754711507421	12.5867163297855	12.8865077886761	12.5793473350701	12.6148010542762	12.6693695549243	12.6245235957642	12.2353211520622	12.7951363313605	12.2262164783346	12.5266086218162	12.2426812394917	12.360331149687	12.3830905984644	12.4258299094394	12.5387724346966	11.9619316821737
CZC3068	18.3099687314331	17.2568051294592	17.9700336017127	18.0966255746926	17.2222666115438	17.5743663434433	16.4659813271991	17.2117165952332	16.9865879322525	16.7903309431995	15.9732886660707	16.6653857839965	16.5079910131941	15.6848999402628	16.476138451155	16.7865678517474	15.2122511415667	16.0887239128922	16.0391903679803	16.1960011764842	16.0304301100501	16.2292445801794	16.1990489513011	15.6899365760435	15.8441137504375	15.8678737603978	15.659869869441	15.3595718259736	15.639201334661	15.4313236455163	15.891353729017	15.7767767087921	15.189582177791	14.7590698582917	15.1904583288093	15.6797202516961	14.4522705337555	15.7354865569011	15.0192752248311	15.2157285158537	15.51015828206	15.2459613337615	15.3838804972945	14.9737995473135	14.504970767994	15.0793703845234	14.96894937808	14.9132633813979	15.2860361883197	14.3344101886356	15.0576018689101	14.4835584533288	14.8178238988247	14.4864389789097	14.6058482829707	15.1805381509567	14.8668737668821	15.3840116505359	15.0286890557718	14.866529575201	14.4772533948483	14.8116028558243	14.3273059949094	14.5768274736607	14.9086265258301	14.141331101907	12.9835256446259	14.2920923554163	14.0140513719292	14.6415629313766	13.5800012650396	12.7211071737182	13.7490734641577	12.674451855496	14.0097992710121	13.9914300325936	13.8042191915427	14.2945983484921	14.7213462931309	14.1471464260437	14.3596730779781	13.9307611871177	14.5394425297108	14.425597035698	13.7641621587953	13.7703470890133	14.1356814052674	13.590796183428	14.0196352992453	13.7262727136165	13.8953387349354	13.8365830237722	13.5729790321435	14.1009720572674	13.9882248886296	14.0190905992635	12.4371876049804	14.1100910889914	12.8270746155743	13.7625262507253	14.0251407983838	13.4711284182392	13.7273736930871	13.9786365089872	12.1437448730194	13.9729414932946	14.0099212911381	12.3891337854318	13.6041324536629	13.3225572753439	12.8813262506743	13.355390744726	13.0160811795724	13.0130288602968	13.4751622254598	13.4058198591596	12.5138359435984	13.1524592588881	13.2176298249797	13.0611397036046	12.0088091021831	12.8199330720491	13.6425380079773	13.2831705268422	13.3071962380667	13.0963744357474	12.7226152989943	12.7971148279798	12.7289974024923	13.0751611765435	12.4243845351435	13.0935706185606	13.2592830403274	12.4938276015759	12.9709504012774	12.1539191765617	12.7419762213898	12.6787051680808	13.0926908566891	12.5995310049199	12.6425769084844	12.7348969218786	12.611570094782	12.6363348251629	12.3883740654547	12.5614798758094	12.2532989370117	12.501247188939	12.94170915232	12.7988820489469	12.3604388112815	13.0610275770103	12.4430713174398	12.4447034836929	12.1603441342397	12.4062353049639	12.4172811454237	12.4817970689079	12.2403893411217	12.3547094331839	12.2106741792164	12.0709395485761	12.1437448730194	11.8298556870471
CZC3079	18.3521956631964	17.5798366649775	17.8206382656454	18.0045678363933	17.2361887546891	17.5929367746349	16.2237779196481	17.2208255180864	17.1522479771808	16.3723855755008	15.480135545493	16.6540922396177	16.6685499477276	15.0645302075468	16.3349148794353	16.7091557152159	15.3216384479306	16.1773277139676	15.9298707959361	16.3370155295115	16.0702221506142	16.3821744132956	16.2173886397478	15.2956897456004	15.9766163774388	15.9889595631	15.8039774544997	15.9012321781061	15.4143930132552	14.7095681368463	15.6423063484567	15.3962612415164	15.0352449219306	14.8664159803339	14.726582255541	15.594491295039	14.3797448641061	15.3141136040105	14.9984676819466	15.5405802983992	15.2448026305349	15.4257386729061	14.9544429840434	15.0557888163559	14.2147353202197	15.5872054242835	14.7727941736923	15.1310315039949	15.3770060093771	13.6120275499557	15.2155697077135	14.7234423978384	14.6588554341657	13.9393143541897	14.0741159528787	15.1327758167623	14.3485244710704	14.9653429446911	14.6621223949484	14.3476986042661	14.1489864299653	14.999898722399	13.8358217177006	14.7125690429004	14.8663267156482	14.4106212752841	12.7875151833917	13.8584645907149	14.7362011159921	14.6216722794037	12.8460690940486	12.591168380392	13.5749408747504	12.9895590118601	13.5434153604369	13.2552627548493	14.028237316793	14.0748401995409	14.2006450301642	13.8273820896534	13.8179151416343	13.5340640407661	14.3938377376788	13.9850670552872	13.3396048678525	14.2197982191538	13.8324495792477	12.7948910851918	13.7364907384456	13.6620014138256	14.1696045490077	13.7969896362644	13.3815873816425	13.6295155696949	13.7775173426312	13.7367657619389	12.8249787467319	14.2470147499747	12.0783250572726	13.9070590524024	13.9591600617967	13.3300940066553	13.1347478372218	13.7692676995749	12.3098223606952	9.36817960415103	13.3594242468803	12.4736499258961	13.3018202330239	13.0710642983685	12.4686396086837	13.2752388363687	13.527994838875	13.5235983545776	13.2121301861694	13.0666118846337	12.5702095452496	13.1158284950967	13.5106113388748	13.1583563722672	11.0921206831525	13.281134263906	12.8186404378043	13.3218481591123	12.9293665202951	13.0149911729902	13.1234994642132	12.6990278238139	12.5208392938872	7.95748347476965	11.3566654318874	12.4317119634264	12.8396025573013	12.1241577875597	12.5369357445967	11.3335745361287	13.1069364901307	12.94434609878	12.592308940979	12.0405268786019	12.9149765909409	12.8429799631061	12.231602655698	12.7332175541461	11.7612681745101	12.7723616104952	12.252333221559	12.2036674583851	12.8064246032287	12.6939671057781	11.9376020282812	12.6088339700409	12.0057144372944	12.4718346599482	11.5205146193498	12.054869370086	12.19098889103	11.9931476384779	12.0758413706648	12.2043413802549	11.2912802679374	11.6889462174885	12.3116933982234	11.603229838424
CZC3114	18.205239111692	17.2311655784762	17.5615784234682	17.915901165298	17.1898603936424	17.4070656275498	16.2994219234545	16.888386722603	16.9811511565362	16.2685822407704	15.511507099213	17.0187430754322	16.7232357912022	16.4791912768681	16.5048596020891	16.3433094482338	14.9901005356091	16.0555954556092	15.7477541145551	16.1933802200075	16.1556001364658	16.0919372325293	15.8957871287852	15.5318150560632	15.9978243687325	15.7654132795127	15.8590892421581	15.0816577364082	15.3965404727951	15.4633606848816	15.6138289308136	15.094815609606	15.2896889758655	14.8109072693191	14.9324500572783	15.3876219587202	14.6519076686176	15.4861120556538	14.8259695458959	14.7771251745393	15.4142081674814	15.805228799212	15.0325188167764	15.114650760629	14.7404143487241	14.9956797467224	14.2798372557587	15.2918238887293	15.3324352292918	13.8974882124203	15.1458075071383	15.0317378984025	14.8870942060938	14.6545283056371	13.9666530227893	14.8393011048827	14.8457524096072	15.0592744537084	14.6507910665059	14.8455594943174	14.5091612357482	14.8507754867139	13.9455494187936	14.4974884430304	14.7133061291392	14.4753313875958	12.7296614568906	13.8656368595806	13.8708969051211	14.561148336208	14.0471196345909	12.5532700640736	13.8231870571056	12.8198307366991	13.7448565933757	13.0099453005356	13.5544174260254	14.0387406103372	14.0767179334937	13.8285269529422	13.7913426764585	13.1500426342123	14.3127503372646	13.9759025865611	13.822124715122	13.6325250694164	13.4706789216569	12.7617165353399	14.0111928512841	13.9196042531438	13.6839233813264	13.6640959621597	13.3149811106855	8.38024544374795	13.7637257352175	13.6706382065144	12.6708196039091	14.1674173713141	12.3709169391719	13.5664242030121	13.6462902339616	13.0948164035981	13.5577848405641	13.8947075826102	12.2558916459803	7.93914834374864	13.5539468329995	13.0743359396651	13.0041663840043	13.7322761319976	12.798317541347	13.0890610479522	13.0106659415901	13.0103834510409	13.1573643491895	13.1415051883703	12.4567310580687	12.9225389590598	13.0595451708767	12.9556577571113	11.5800214925858	12.7412052347538	13.014777984319	12.9739069326381	12.9650645561091	13.1414087392238	12.8477788107924	12.6302187763542	12.6724255866156	7.94323277868617	13.073800254809	13.337337788448	12.9501808417792	12.0907824281564	12.9477968949373	12.5346681098853	12.7771049164322	12.6589827757319	12.7492961069804	12.6726571289656	12.6185971424157	12.6953440234495	12.4127036114201	12.6336776076218	12.9485528331318	12.9960632659866	12.1291187502685	12.2919604020363	12.7023768542602	12.7889142481857	12.4408587422233	12.2181625680021	12.2832944591437	12.6322782037863	11.9004695613927	12.1271310785869	11.8899166959261	11.6027919757668	12.0488273219787	12.4807126530332	11.9557163580143	11.7645147449204	12.2558916459803	12.0076582183349
CZC3135	18.2837581490673	17.2229645849372	18.0636255448687	17.8614753379238	16.9281492982114	17.5142522095923	16.5442884642285	17.1949217312735	17.2292429902479	16.8453867149292	15.316210513156	16.6817189956146	16.7009625949662	16.297662495347	16.3747000097414	16.4842066949424	15.1521590795289	16.092315915071	15.9568778714212	16.4715454482984	16.1706228665019	16.3070822767503	15.7620164421056	15.7379283945878	15.7865833274665	15.8647266453782	15.8274624736102	14.7447003362802	15.6058219884568	15.7679160706835	15.8034944884704	15.5343317485265	15.7310568178196	14.8382125908279	15.5450065150139	15.3173944195893	14.6538086430201	15.3665103937862	14.8627600652693	14.9374676967647	15.3852451534666	15.6661954155407	14.4843751447771	14.978298891771	14.9291617131905	14.9217116923632	14.4767862295719	15.0509326606891	15.5967437801313	14.159735596657	14.9217917962552	14.3157848785954	14.6676964900968	14.3473035528019	14.2933992091813	14.6271819723143	14.5831826415359	14.4624619591762	14.6003279895454	14.5828603137744	15.0289340770689	14.97640710821	14.0511241469629	13.9490366359497	14.3333747676646	14.3343677642498	12.6624136003067	14.5591522318802	14.3279335053294	14.4369270718009	13.811740482151	12.3165047263331	13.856749657804	13.4235499814541	13.9803394352273	13.3360528275263	13.8112747750889	13.547590541136	13.6337345610455	13.4760227404059	13.364438103626	13.7353652537112	13.8808768108124	13.84710301423	13.6141591037607	13.8471603260104	13.2125593745871	13.12802000985	13.699878898126	13.4873171860549	14.0824345456908	13.3262234857684	13.6056397250041	12.7936724451963	13.9820218020084	13.8866973127284	13.4527599394374	14.1825067806792	12.3528840752569	13.2489827704525	13.9902246285749	12.8453665305889	13.0666816692623	13.3530027184012	12.2318882575645	7.89164564039226	13.0184076916219	13.6932747848325	12.4893662582631	13.4051077615124	12.7932344271779	13.1461530544711	13.1357497576786	13.1272870438406	12.9978483382257	12.3397460892525	12.5341412395376	12.254548975697	13.0798574510747	13.0002867322849	12.0031833793033	13.1869858803278	12.3874481749813	12.8034006258569	12.8678437914891	13.014671924778	12.8509060327881	12.8677412649626	11.6942006762022	7.9535710727947	13.0489222335789	12.3318017121427	12.8875005425097	11.9720695080279	12.838219086816	12.6319000236517	12.968961940258	12.5646689636967	12.8497366461407	12.5479507984627	12.7706931199611	12.8021280913087	12.0642229486865	12.4794910849322	12.4387692266057	12.5951716424708	11.919226673449	11.9258605366329	12.1680443450103	12.6273349847402	11.8036415690895	11.5913734537553	12.0823027404694	12.753082980668	12.0222366191058	12.4116510065861	12.1584355590611	12.15291853089	12.1993654550325	11.8824725476163	12.145740855678	11.441419562142	12.2318882575645	11.5443999515047
CZC3137	18.259598303974	17.2787445235276	17.8895544274562	18.0037065026752	16.8566941541451	17.7155205708685	16.2636097371188	17.2631777834573	17.3603255483433	16.6504655714921	15.1389102647236	16.7058641379174	16.7507062466077	15.1971882187543	16.6660437461842	16.6646750277955	15.6242116598612	16.1148194245849	16.13657922928	16.4102512492556	16.5685213872157	16.4507188731897	16.1375106933493	15.9373810997989	15.9211554296724	15.9144093590969	15.9025542318236	15.6892271359993	15.4928072481908	14.8205342298543	16.0123636320795	15.3477793379167	15.4316972006032	14.8413039319536	14.9353034450052	15.4199797645989	14.0588473089188	15.8342355911687	14.9987557248741	15.6303306046726	15.5619080522615	15.4240909824607	14.7580225492575	15.4225644184034	15.0180171186802	15.4202093836449	14.8611467965035	14.923290105288	15.4277309138099	13.6010390375338	14.9554431057982	14.3706997010339	15.0370584422086	12.7784729622873	14.0948157193635	14.9778912528701	13.9763355299258	14.7580225492575	14.4745248557832	13.9743321108315	14.665277931307	14.9653114161365	13.0719172503849	14.7593241837428	14.7722903759588	14.559237305519	13.1031180816221	14.3019196278022	14.009897738155	14.824159753612	12.8823865824325	13.2141418748811	13.6907350908409	13.7415783424414	14.1891238873485	13.4699322095898	14.3565054067521	13.5479512777596	13.8119515915497	13.6032036287895	13.605674777908	13.7902069589047	14.3777323860824	14.1721244260379	12.9734815588506	14.289604537186	13.4356426467477	13.1294204690527	13.8796563463674	13.5956609050555	14.0666748734233	13.9353445503037	13.6664810591424	13.2090002041921	13.979526058341	14.1254942444071	13.3217991224472	14.1188974931844	11.3972517826256	13.6323204146582	13.8951090928538	13.2663450118216	13.5326558778156	14.1257673149501	12.3884582123588	7.61458166119032	13.6765881239833	13.5338696991124	12.8055426148915	13.5927144759006	12.8773152660853	13.4391039016034	13.1001996671482	13.1075044681634	13.2575393678362	13.3067970221693	12.9077262340476	12.4974301879094	13.1790681479971	13.0335539752631	10.2583376081285	13.2690163030189	12.5168524468602	13.6198357227845	12.7431271056805	13.3300111279849	12.8249904629919	12.4806058867457	11.6170681945275	7.96684872851516	12.1017089478842	12.4646017551839	13.3414581344416	12.6874618023454	12.4267122557989	11.2420651511099	13.0323514713263	12.7180753665453	12.9037486594256	11.9753186436877	13.0896631888374	13.1829601545037	12.6115155577253	12.3906340939761	11.5791257187276	12.7617851346395	12.76075055332	12.888707731117	13.0239674212455	12.976117428177	11.7837740616396	12.6754089681138	11.6561134786115	12.6011957099224	12.0747706037696	12.0944997177385	11.833911644188	12.0630571878594	12.5363293208665	12.1122558709909	12.4390805671714	11.2133614253699	12.3884582123588	11.7981275430265
CZC3140	18.1949645404546	17.1437443481116	17.8193452918368	17.7919588123024	17.035777938969	17.4675193100246	16.3103067025966	17.0352650790658	17.132226999833	16.286478740411	15.4285795891002	16.6004173064717	16.5578394806713	15.4621852942517	16.6257746051483	16.2027066370635	15.0676965320304	16.0974635103251	15.9565018588008	16.1651722077409	15.9118797396662	16.3700545437496	15.6220995183982	15.7782878077417	15.7889882817583	15.7945679062525	15.8072712296395	15.5178087472761	15.6530192886907	14.8994776030004	15.8613341359863	15.2278200331253	15.1277171933409	14.8503490488416	14.9831122301577	15.3272231586894	13.8821370290664	15.4187747086903	15.0438309429737	15.3460175045941	15.5400009699763	15.4405043258518	14.542705292491	14.9072546451084	14.88371295855	15.1931375593065	14.5079526835314	15.0213681833984	15.5316448681283	14.0098377626925	14.9923719076061	14.324146732234	14.9979657051928	13.8162293415774	14.2167204541526	14.9781222187052	14.7058391610933	14.8081183881323	14.788615593746	14.7053557964097	14.487360309258	15.0395629700473	14.0150116118441	14.3360663933095	14.4553789638482	14.2520514155494	12.9080107715018	14.5344809439487	14.6652850147676	14.7351250699563	12.8854638038663	12.6022538378147	13.7550514198047	12.8143312814784	14.1839537116898	13.2645875123549	13.8639269761089	14.3711820505267	14.1889339872088	13.6425844502239	14.0360058032096	13.6914460415258	14.1732739297505	14.1699543325949	13.6126591698638	14.0249336876999	14.0897041773689	13.0455852012114	13.9303394192301	13.3274982398833	13.785316951287	13.5980327356773	13.6764921697892	13.1470773729856	13.7514106105059	13.9245692846021	12.9830018444346	14.1642395929165	12.4755289614588	13.8049936922926	13.3304994427564	13.2813430676271	13.5721365013697	13.8506877677421	12.2470011764552	8.6860778186597	13.3547041272467	12.8146353643941	13.1092911205475	13.4268987490686	12.690099369036	13.234596748967	13.4161505281827	13.4142601507132	13.346480739371	13.057995411748	12.4815815805787	13.2698141295003	13.2451399326633	13.1618121722373	11.7683417278801	12.9798147633338	12.765419034038	13.2329919028801	13.2589581930285	13.1179205699348	12.7393690782395	11.8424904535259	12.6183109781434	7.97473255715253	12.3325304252273	12.4914025932792	12.9488698749765	11.8430500707996	13.1379403338217	11.2999145598194	13.0840605573063	13.0070310072128	12.4654710345957	12.3231459120267	12.6943403032882	12.495250495374	12.8486957699735	12.435970062064	12.3400232626428	12.4681535140756	12.6783465021086	12.8402405092356	12.5792564896218	12.8622704150961	12.5196905906968	12.5734679357643	12.5944268766496	12.1153333760303	11.8826511376665	12.3642925101267	12.4622842693394	11.8903125571714	12.205029040664	12.7832021594712	12.6846523108521	12.1200445981862	12.2470011764552	11.848387678118
CZC3158	18.3720390316434	17.3114276314907	18.0227154479144	18.2785708285647	17.47120445643	17.6140196755925	16.8318146124497	17.2295135078987	17.1726125242079	17.0666668686105	16.3085882420743	16.7133664508352	16.6631963085269	16.019897870776	16.7092856988877	16.56473126373	15.1959903655342	16.0694207527355	16.0883896007073	16.2342833204724	16.2184674554634	16.2242086397372	16.2107712478403	15.9142846705252	15.8912549650317	15.8139516720553	15.564550553388	15.4284194904325	15.9181300966368	15.4439290528494	15.8296283713788	15.5577574054132	15.3933202747585	14.8219745856898	15.4309371635252	15.550941742876	15.2074414424982	15.8267059399681	15.1242193285577	15.1944097387692	15.6589312918372	15.5163253698966	14.7355880892546	14.8898039481189	15.3392033403251	15.0518744470148	14.7775742236954	15.1288419135521	15.6930488362432	14.9099693153181	14.9000070069645	15.1794234399662	15.0890684064083	14.9331029543795	15.1982468072553	14.7767710202929	15.0812963817764	14.7356156359621	15.3020658613424	15.0813754140837	14.8451588265149	15.0495252498661	14.6276450056916	14.4654647823695	14.6301716064074	13.944669280009	13.1187774994218	14.677734666168	14.0483910462757	14.754486581791	13.4871228668592	12.6310010861256	14.2651606662248	13.7170516065176	14.19986338195	13.9138786956278	13.72585830008	14.1065292053539	14.3822774499823	14.0103498417471	14.401470275013	14.3015283360008	14.2262265241564	14.4737675193123	14.170415872432	13.9069186016011	13.8509622561418	14.149703334303	14.3477062922354	13.476142291213	14.0482470313182	13.6594534733516	13.7575053289599	13.8279933141733	14.1806847763244	13.9283508865445	13.1052251035841	14.1301372925552	13.5108201259315	13.5921716226889	13.8107706480185	12.8779991219631	13.9773311308178	13.8221443824136	12.122717015058	8.10850544407985	13.513956970838	13.4847535256652	13.2637392271648	13.4851436014739	13.1415025218994	13.4629560863505	12.7382213971042	12.7382213971042	13.5705802959716	12.7839761368129	12.5551371835035	12.9245735525356	13.3762048842863	12.9140467058903	12.8369594959037	12.7771263656362	13.4786550848773	13.2345320989634	13.4049819742229	13.1404645888975	12.5929262497529	12.7900787793327	12.5416033490482	7.94714919614186	12.7527309104677	12.7027280994782	13.3259206764148	12.275093172768	13.5028682885179	12.1475837431592	12.8545940208293	12.7292197984175	12.8341383896007	12.9665321585287	12.6460817624609	12.4805965152852	12.5908169175575	12.5760324376544	12.7408331327208	12.5715171743574	12.3728842761884	12.437877542858	12.6899045161616	12.9948459016759	12.1492132549195	12.4478319726599	12.8317659049007	12.4921344866157	12.678691171701	12.9566067706344	12.5195500413876	12.1535937096	12.3581934863417	12.5193708259704	12.6394480418399	12.2026283668063	12.1237699619505	12.2142250273779
CZC3160	18.2797794664914	17.0974992708629	17.9152607288557	17.9315761607257	17.1372644014428	17.6392171205565	16.3142790017869	16.909698200027	16.9106169926071	16.4777884855805	15.5991292116567	16.4123417790322	16.8837113203104	15.5765228768815	16.5228779026398	16.5673947773654	15.2014744469843	16.2004234099125	16.020257288612	16.4885515900712	16.0959668718937	16.1482751605212	15.7757281843253	15.733544496512	16.1542307700973	16.1661101991774	15.9897748685239	15.3476953637673	15.7631802794921	15.0770551296378	15.9560262212439	15.9433015513569	14.9703261662928	14.8410932596328	15.2655952560267	15.5070734100753	14.8941057839866	15.6100584672107	15.1548003916162	15.1904915073507	15.1086402335352	15.748339561398	14.6047915722144	15.0231533254297	14.3645219633728	14.9631095657693	14.7037353802539	15.3893117121912	15.3529699643369	14.0869638388196	15.3980985212851	14.4856391826686	14.890259094842	14.3234609329613	14.3642436926262	15.221046770057	14.8968975463138	14.605499755376	14.7124712530618	14.8944220106353	14.1815149418255	14.7693351972884	14.3486052648221	14.4871468595967	14.7664429377486	14.4729222809257	12.8005927642093	14.1258408419591	14.2614766599575	14.3122180727854	13.0340623236845	12.4095830428108	13.84618645544	12.7482613041928	14.0192651679065	12.56389983408	13.5889059347949	14.3202248988233	14.405619256525	13.4636763727674	14.087583101906	13.3827377974439	14.4787186369981	14.0749075189534	13.710220594262	13.7806390342246	13.7320028198756	13.0997997972551	13.8964495349454	13.1795396044301	14.2640795038471	13.9771748815404	13.4417855847075	13.54735619463	13.9618849671046	14.1190835256783	12.7750982689139	14.1851220102807	12.7011742938975	13.3986042570578	13.9656219611723	13.2782015951097	13.4324990534428	14.0380212146429	12.3125199314392	7.5737151096683	13.4746267105022	12.8070723072221	13.1110016608548	13.0714446536985	13.2815409465399	13.2948693763378	13.3101716151318	13.3235596198152	13.6695146284114	13.0557368609609	12.690047211716	12.8809927124303	13.4759970823002	13.337744099455	12.66514392759	12.8631970367833	13.1607586565191	13.1539923309373	13.4118819191137	13.1069683030404	12.6669012249397	12.7213991530055	12.7125776219278	7.96525712458827	12.3685313675155	12.2953500588274	13.0914616565611	12.1227262854264	13.3269539004218	12.0751035183552	12.2624620625734	12.6717125704645	12.7308642076856	12.3256481005095	12.6959472517583	12.7472259265725	12.6367733426927	12.808561184364	12.3159486280057	12.6260873470953	12.4578761342571	12.5727783565424	12.8516365809508	12.5109816136482	12.1814433707089	12.6499910355326	12.9589475554658	12.5364298713821	12.2532022517361	12.6157729518453	12.4224065352383	12.6165249929934	11.8190044624757	12.5464799645489	12.0026791153491	12.2853120794349	12.3125199314392	11.7943274745425
CZC3186	18.4186528082801	17.6277828844687	17.8492867132169	18.1486554771343	17.3969209597407	17.643111288148	16.3928244584351	17.3689733603261	17.106882599234	16.7057482413173	15.5521382496312	17.2509055552375	16.7625900578853	16.2029862219613	16.5472849731543	16.4606996704298	15.2032187057167	16.0228253231499	16.080843152056	16.3353798795186	16.2327868522615	16.2175754530657	15.372184226906	15.5142832237576	16.2893177940312	15.9669826992761	15.8332720107604	15.4999476553896	15.9484647170053	15.63596946676	15.7275197917476	15.3117713895028	15.6634924595364	14.7325665173771	15.2355751060319	15.804308505223	15.1083273757004	15.4764387332564	15.3594980793404	15.2552442239931	15.4467154470964	15.7583890534842	14.5736094063362	15.0318778472291	14.6371373704029	14.9840444774888	14.7039828629368	15.5607243878165	15.6473373821638	13.7483893940607	15.464821373714	14.5032660228133	14.9430040811891	14.5606558507693	14.5097225384235	15.1705095239477	14.8221523622984	14.5728585187275	15.0967820533606	14.8216996667638	14.6611710571784	15.1905313995879	14.435342815055	14.810300474832	14.6502496763055	14.3259811283063	12.978159315288	14.0469778569721	14.2613153061985	14.854482752676	13.5316184098678	12.53395889137	14.4370905898199	13.2904638686546	13.8719248142654	14.0964657551382	14.1039661651609	14.8782235010395	14.8582530021126	13.6106342819994	14.5175111942674	13.7206514155873	14.6510766172463	14.6853032080201	14.2329362930774	14.3484938525567	14.6004035603635	13.3517819505635	14.0028151031909	13.6505495728391	14.153730934983	13.6701560851926	13.8221457950105	13.0407783649233	14.0513333169225	13.7773803707154	13.2454832854336	14.1897219609274	12.7020685576727	14.3484938525567	13.8430195792862	13.6263661651495	13.2595083527673	13.8907894832847	12.4377965405847	8.7475749822359	13.6904294245474	13.24456455371	14.2073946400148	13.8644839243988	13.4623664796052	13.3130299860261	12.8788303273486	12.8896260180826	13.8401663357299	13.2236919271611	12.6006713687458	13.9749707675441	13.0803781221836	13.3254373269911	12.6513910650566	13.3128123760505	13.7620366649566	13.3014995532549	13.5777966311448	13.395360601524	12.9582450222128	12.3817216209179	13.014107464794	8.38185560952779	12.6424751569525	13.1363406003245	12.8935983966708	11.8750023935813	13.2351622311254	12.0122029250318	12.8673341029042	12.9395307370694	13.0369137441851	12.5042176273453	13.1010129531402	12.7818475854209	12.7647756758863	12.2759808594967	13.0700250379895	13.1147143718057	12.1616699792995	12.2712015576652	12.9496143464012	13.0516972617534	13.34169253773	12.6421216480926	13.0695497765679	12.4990050186255	11.6504902144143	13.0244679522712	12.9139500038663	11.9718513121597	12.0169456811915	12.7114900934409	11.9834727326678	12.6307558104333	12.4377965405847	11.9095123883711
CZC3216	18.2451915912367	17.0948317008573	17.8328675957396	17.9558974146398	16.8951112032291	17.6328397388821	16.0951657910936	17.0439983602129	17.2414175254061	16.5454467942989	15.1469843472138	16.633437328386	16.5778981564675	15.4794479931182	16.4147260554003	16.7112949068814	15.5648846800229	16.0881014043316	16.2766733911626	16.1603923428577	16.3231789346178	16.4978164533073	16.1553350391214	15.6465459679872	15.8361184114919	15.8164331934161	15.8110707650478	15.219747150495	15.6615042687771	14.9127960197868	15.6570416735188	15.5285853609075	15.4941033141538	14.8247451699809	15.1299140687599	15.4645793565346	14.6696246394735	15.5414723216147	15.2483334157058	15.1043326737747	15.4592159105554	15.332738045825	14.6829363292918	15.0528727341542	15.1159631462045	14.2268262407017	14.5566593494863	14.9488314693164	15.5111618804971	13.9033960895194	14.9913740876318	14.5734507485268	14.7720574010129	13.9672400187191	14.0623662366674	14.9668214780211	14.002984002631	14.6592012322714	14.4904727941532	14.0022022144475	14.3580244773206	15.1034949729765	13.3901632672875	14.4211405938375	15.0036102036299	14.5003728554626	12.9923459689848	13.9266969278299	14.093649361437	14.413149224903	13.1295452705588	13.0641977268011	14.5785237158766	13.7302862175641	13.8513191969923	13.1795133835645	13.7940229992521	13.9815195969882	14.3339463075275	13.43402014461	13.8337181638899	13.4127425272708	14.507915979489	14.1918701542992	12.7615640754102	14.2054739983354	13.7357986055269	12.9713794191175	13.4551919315841	13.656556769205	14.1565795333749	13.9426010688215	13.6187024282368	13.3579856912836	13.8635872162203	13.7152721925572	13.1960128303542	14.145212961604	11.4453648753135	13.6658910639748	13.8588387354628	13.2265455626835	13.2244712562296	14.0827153925613	12.4885855174057	7.57711203579444	13.9434424350223	13.3248248185058	13.0023039943089	13.2558601787056	12.9652126453172	13.3324207012869	13.2811358127893	13.270215676753	13.6113904487201	13.5339861062602	13.0029525622835	12.6072000453699	12.8994150385349	13.046553512067	10.6212045813219	12.7330918686433	13.1243960523202	13.1575606880949	13.2915500328289	13.3489443283255	12.9399495162705	12.9574554574812	11.9750777472727	7.94695550790403	12.0822109905065	12.4794610274258	13.0661137315214	12.6454589852093	12.2449826613836	11.6073651141545	13.4317035932935	13.2013059235066	12.711691454633	12.1543497867878	12.5548506581222	12.9889374603599	12.4039678092197	12.6854768868015	11.4267580012038	13.02767161588	12.1888629444933	12.3376107783692	12.8209179096724	12.5164006162613	12.0953764643815	12.815608964516	12.2926369289634	12.6223515165772	12.0115089453538	12.4891368521581	12.4763630297701	12.1097368416032	12.582822126951	12.3373303267935	11.9792122967239	11.8710969039016	12.4895699610881	11.3652475049884
CZC3228	18.2974822562321	17.4104306214473	18.0039969375695	18.1559648967904	17.4948730465837	17.7124991797006	16.8015829593229	17.2381196047332	16.7919435012369	16.9587121818902	15.920483155277	16.7133884018033	16.8613711889552	15.991513801763	16.8201701050683	16.5896463066913	15.3877170049154	16.1390754880123	16.1284617379472	16.4630855285489	16.2450715751253	16.053535770126	16.1347046949759	16.1707147790897	16.1283492912541	16.205270469174	15.9674723957141	15.304982560229	15.9315609385957	15.4396862896515	16.0927143498815	15.7876377815568	15.4248878093585	14.8393284843515	15.5606856344694	15.5895171953892	15.075321454222	16.0359800342259	15.3241401201182	15.0953098764828	15.4675991548535	15.7842411116759	14.4718546075427	14.9985490098346	14.5266977874109	15.1424040204006	14.8919513566151	15.424704590262	15.2465158573704	14.3779885601394	15.4696011863593	13.9198116859691	15.1629755192778	14.8759242174533	15.0150222650766	15.095716469102	14.7755507863999	14.4718546075427	15.241024000265	14.7751314281108	14.5556282323831	14.7566502129434	14.7538927158354	14.6947703223691	14.6705330626025	14.4516078106818	12.9016550570069	14.562122017693	13.487389881933	14.8733280177154	13.4971122510473	12.8268668098308	13.6837360331433	12.664682267661	14.4416244985617	13.6215965925699	13.8034592920899	14.5683275003716	14.7864040757526	13.8391543797902	14.6455117574199	13.7578839761626	14.3266116921738	14.706866576464	13.8735247100558	14.0309788126034	14.3534914852601	14.0116486363475	14.5928875301146	13.5872081117808	14.2464896849561	13.6196042657089	13.4164872586316	13.9425822807734	14.3491825714898	14.1895982949364	12.5261646445003	14.1319476519454	12.9776662898285	14.0264765476352	14.1009292812226	13.3129952619052	13.9182993169891	13.7645421872044	12.2398733130839	8.0557908630958	13.7832645317704	12.5599091883169	13.7589500597607	13.637300554459	13.2518530531088	13.399623642743	13.1368932611291	13.1525806152567	13.9541763502211	13.4007302301022	12.7924304570518	13.5229382769764	13.3214529901045	13.3768253443398	12.7131233092919	12.7872884380684	13.8830447370098	13.1025103350693	13.5810001772	13.4108233761929	12.7083520786186	12.7129551280228	13.3641903785967	7.96914508744571	13.1229222336151	12.6881578672208	13.5244653060927	12.4330655736777	13.6233703186043	12.3335259627086	12.6113800645394	12.5775409508747	13.0768913247691	12.777593542452	12.769241837498	12.4791984890039	13.3006097358456	12.7437424769595	12.5315557807593	12.9948417447988	12.5285801504483	12.8269744271157	13.1359690297196	13.1284832618517	12.6574476627415	12.8928388863768	13.1147118806202	12.6477980268309	11.7978272146542	12.7697101270325	12.3419304981593	12.5091250474364	11.8351366733755	12.941505590057	12.7513344307726	12.6368177263819	12.2398733130839	12.5525506184711
CZC3247	18.2348776725535	17.4184583823153	17.8721647913574	17.9074097861259	17.0185290403193	17.7024295967476	16.3680934876906	16.0475554741545	17.031961584183	16.5904328322274	14.9810979169716	16.6497279448596	16.8067393786799	16.2540400758773	16.5359626441196	16.5904001181203	15.6694649353068	16.088269764739	16.263566437265	16.3788750216834	16.4858887079835	16.3348912848096	16.0177172639721	15.8131107140063	16.0577239666193	16.1129419302248	16.0655570796405	15.1487892622817	15.7501692108121	15.665391600721	15.6784937760653	15.4074659766775	15.3367433566066	14.8077459164521	15.0522443445038	15.158232662203	14.7170397439454	15.5100316284014	15.2342578494395	15.0787353115049	15.7146420159311	15.6894916035604	14.4823883209801	15.2793004585543	14.6437067092319	14.9973313667524	14.7411999703427	15.2395951892088	15.3841307342024	14.2225306331509	15.3872777697069	14.3411859828305	14.8953253688641	14.4292569266665	14.5278635465828	14.6949931403038	14.1372048183463	14.4939796347894	14.789226557292	14.1358584525674	14.5202639654462	14.8497682161414	13.3414150313537	14.5823392983128	14.5556660308645	14.6921192265996	13.0755282028168	14.5374722488007	13.4936379414618	14.7752478675889	13.7811738768059	12.2747031501035	13.5905190079017	13.0864449971586	14.0978259017552	13.6519159171553	13.7926438429803	13.6435937118269	13.9259759578005	13.82179149452	13.4346968522315	13.7459893249904	14.2787746606597	14.0860230605746	13.5090146648099	13.8160398708535	13.8598125233161	13.5512255286785	13.6401573801239	13.3601277660928	13.9012281731549	13.4797282574024	13.7052290784224	12.8085814487525	13.959427917232	13.7473174601088	12.6007744175326	14.1715999473994	11.3263647892344	13.9627896581877	13.885126214547	12.8630914425534	13.1265402124712	13.7588497087303	12.6599433273544	7.58783367629166	13.1545053694625	12.911120726118	13.2208607057597	13.2089169628067	12.9764006215507	13.3917942674317	12.5999742118498	12.5999742118498	13.4091731081267	12.5830670783652	12.8829638733964	12.8471731880105	12.6155461831398	12.9121411930019	10.6880791869644	12.5616093119768	12.7589258782752	12.9934391288316	13.3841667895466	13.3603917054611	12.4371741271554	13.2195150027067	12.0761845628418	7.94073534321499	12.9452201334159	12.5021043364477	12.9824022982328	11.8493631481373	12.485330362914	12.3277271263513	12.8672693892341	13.0282861029997	12.986452604527	11.9505654952758	12.4102311564409	12.7946360314842	12.506519679711	11.8075553771878	11.9627082878826	12.7882495163081	12.1125248491654	12.3661453737908	12.5993453055712	12.954727174143	11.9981400931613	12.2707871910183	12.4759929449752	12.5680467073106	12.2093349314841	12.3603630803055	12.482693754571	11.9891587824755	12.162411608072	12.14363790669	12.3970430583259	11.9340631776774	12.6599433273544	11.5389245798123
CZC3268	18.4210736497548	16.9974585043078	18.0647711581952	17.8744032860643	17.1536293758767	17.5691889073624	16.4365749119328	16.9535303103007	17.0288664331033	16.5198901787213	15.6543101859157	16.3292352664554	16.7096529491903	15.2377888265929	16.3653983348316	16.7451378409078	15.3138060387443	16.1147222985977	16.0355641836986	16.2969211996645	16.1770958472863	16.28580246916	15.7697494564933	15.6058068823177	15.9527581868859	16.0357080111291	15.9235585937298	15.0388163075383	15.7631767469928	14.9102853920128	15.9754364049145	16.102040498692	15.064845279588	14.8196965564492	15.4030237185599	15.5579936549929	14.8559908015556	15.3867898492816	15.2160194603543	14.8425456447098	15.0689500715514	15.6657135373681	15.0218393571535	15.1544878330397	14.4125864441457	14.9254166979899	14.816195469219	15.2303053310885	15.4116308703201	14.0066029367329	15.1777386242971	14.5474793898514	14.6724258742888	14.209464236405	14.1154306504326	15.0471389705288	14.9597440648335	15.0221017697674	14.7311081280573	14.95969185352	14.4538544407494	14.9835664077435	14.2765947299802	14.217172758845	14.7668126228922	14.1085908196893	12.9159965163727	14.2802491656518	13.5372174732315	14.1346030951846	12.9307223720179	12.8661129594307	13.9681650058517	12.8999619828736	13.8835560502959	13.5178084063056	13.2999560042469	14.5408564792733	14.6038762677651	13.4823338662647	14.0560792388399	13.7550127572557	14.4687506399423	14.0036016099994	13.4088801593688	13.8542934243151	13.7423893741747	13.006354013936	13.8110585713621	13.1099489636629	14.1709882772155	13.9247071823395	13.681393462192	13.5273334032462	13.8122079488496	14.1800374884143	12.41646470342	14.1890230918368	12.7017391801994	13.2654153167559	14.0690622074651	13.27787104388	13.4039101473696	13.8105769872938	12.2698465047008	8.88391104817972	13.8151101939293	12.8805355727356	12.816419491385	12.9421483663641	13.0938234458997	13.2959692561143	13.2573621781837	13.3001013131054	13.7559697549228	13.2745008687554	12.536826375831	12.725335215362	13.085649148202	13.1083143815958	12.2173015655704	12.5110011737005	12.9857027337769	13.0728747964887	13.5557267904089	13.1884113857551	12.6060381334124	12.9202814627072	12.6321290786542	7.95377770676772	11.8978355486024	12.3829771134396	12.8800742154612	12.5423134346552	13.0633561427244	11.7740449134372	13.0456191217685	12.9969489850765	12.5759403496452	12.5879067594484	12.2382856799459	12.7488618387368	12.3226715661768	12.3984288357293	12.0326317365934	12.5831250832134	11.86245537081	12.084254705773	12.5972920531057	12.3342370962273	12.0312221926068	12.8260816755074	12.9786168064805	12.7514745424661	12.0262516142149	12.7736917133261	12.6141919039299	12.7525159398571	12.3387914549108	12.3958805938171	11.9747717596962	12.4376421807282	12.2705580416629	11.6857893292865
CZC3293	18.2028417863704	17.2944153006534	17.7340690822874	17.9258081034749	17.0114713658325	17.5297556449689	16.281418651854	17.1000710379075	16.9598252984389	16.3949946009522	15.4417249222645	16.5825860835512	16.5767856498866	15.4675447987849	16.3662778825843	16.4707971084453	15.1922938524453	16.111426749485	16.0120615899642	16.3126366132973	16.0292248865242	16.245563727276	15.3606653553619	15.5213371100921	15.7494244263735	15.9483998187599	15.9128493687801	15.5328701242002	15.503093075291	15.021645059638	15.5938361503823	15.1977676364653	15.1520075247537	14.8736903876916	15.1470561633026	15.3609336815291	13.876693104112	15.3919470606458	15.0376467915409	15.0843661035522	15.5906982725317	15.3789609975279	14.9151152034168	14.9373704609186	14.1939755521808	15.4078606807653	14.6284132799558	14.9356533361968	15.1592907232861	14.0558540757266	15.0654623487998	14.6399968837419	14.6861131054312	13.9596888036655	14.3697298641926	14.8939684541341	14.4199317400473	14.9252810872727	14.7900734911645	14.4198182876252	14.4488402467032	14.7720049747167	13.8310618680668	14.8003805174399	15.0065762795151	14.2808860620668	13.0513139898084	14.1144949788122	13.9739190854222	14.4876896164127	13.1681191928763	13.0410874499611	13.4039867130217	12.6254171983086	13.766226758557	13.5065595924699	14.0387131515355	14.0470895300663	14.3041785026593	13.7936228082906	13.9669068330421	13.6716922237195	14.4574045459642	14.2083189648806	13.3981923718572	13.8026555049906	13.9250627910865	13.2802483883867	13.5927877583716	13.7155598444594	13.7178202960002	14.020176813806	13.4231720443064	13.373791722552	13.7512548521907	13.6379586002471	12.5438045320307	14.2058833776115	12.2575747761349	13.8420508732319	14.1119467634365	13.3822016941965	13.3868294334059	13.9695399732964	12.3446359363312	8.6056974578084	14.0908227944797	12.5918281811724	13.302566849473	13.1427353766952	12.6233378155879	13.4612082298595	13.4594227484855	13.4350471012744	13.3337099019043	13.9869828664248	12.5347977223977	12.9489126831859	13.2425816394441	13.452609463284	11.5373642365652	13.1025015623846	13.2092567318129	13.5819301413057	13.0917904176769	13.2181178546757	13.0453160559622	12.1669389323523	12.3525853229411	7.97049352119553	12.0052451955049	12.6961933293503	12.9113806725959	12.3628442648358	12.6865978601302	11.5668985583369	12.3733604411885	12.7028620795614	12.8300085821009	12.5583397882705	12.5477858805232	12.8076673223197	12.4061876962413	12.9302416815763	11.9921719700551	12.695643892229	12.3788633817517	12.192597850378	13.1446293094491	12.5889132958407	12.2299803145232	13.1033096489414	12.3014504430484	12.7053550648201	11.4700702612344	12.121602984007	11.8912433765435	11.9884007393011	12.3471239936556	12.3091197818382	12.0015089319302	11.8652747908982	12.3448200812936	11.5242004606417
CZC3324	18.3427172997781	17.2523892651202	17.9843194888947	18.0279010396562	17.2527349258871	17.6450659618387	16.7550141708533	17.2035479029543	17.1875438014248	16.7507560647931	15.4861216199577	16.8645201646985	16.9157505048594	15.6389083158026	16.579599277947	16.4049176328883	15.2871889454067	16.0879352213093	16.0736725869257	16.6011546733529	16.302420363429	16.216590710916	15.8571047118777	15.8592133179755	16.3424391204826	15.9914757367748	15.9452339355987	15.4169789463355	15.7397884077684	15.2240647993696	15.6263127017453	15.3125940733584	15.7582892572875	14.8387024125515	16.0245385892041	15.2455139396513	14.0615166862283	15.4233804032234	15.2895728449643	15.167557357209	15.4959891878035	15.7358250753909	14.4897574923297	15.2255923621322	15.5187411552075	13.9303398685555	14.5847431487223	15.4345410703428	15.4575223516496	13.8785108760489	15.2714669764496	14.6729267157198	14.9402034915576	14.5164802814989	14.4349246095695	14.8093852620979	14.4468628991139	14.4897574923297	15.0060595988835	14.4464691400211	15.0160492903088	15.1375545686881	13.9211751489865	14.4095130495273	14.5071780438158	14.4409654248737	12.9629949919618	14.5464535104885	14.2549852318033	14.442228271742	13.0516418681837	12.9673608757132	14.8565683404759	13.5281357805592	14.1306393348164	13.8516575732984	13.719879303401	14.2194721550326	14.3741171270954	13.5830612497157	14.058568646391	14.007837401197	14.1089182830381	14.3172158333044	13.3168408285319	13.7284074197829	13.8965870790685	13.6087664499241	13.8407204074963	13.7205882109131	14.1233178343553	13.698078008193	13.8001480909247	13.1862590892968	14.0320870347697	13.6653877613631	13.7347849198969	14.1884852933876	12.2295494642206	13.7267443150432	14.0171187314929	12.9545773244632	13.3658765981963	13.9274123927684	12.2826469994124	8.32544090846801	13.3944355946866	13.7920607017073	13.2522962527249	13.4032125154898	14.1427114114023	13.3612228399703	12.9811111226852	12.9744843085137	13.9356673012574	12.7686809460017	12.7690132521253	12.8792995324615	13.2034618787315	12.9889684547816	11.6081755356953	13.2612709597875	13.2380138148221	13.2485543311563	13.0955214448397	13.4675155246581	12.9463450292666	12.1048099102681	12.5298563930228	7.96775041255915	12.1299980653314	12.6892477830399	12.8299794922012	12.2467354016127	12.8506222318779	11.6317462704017	12.8187459231736	12.7756386005281	12.7814104351177	12.5946609684885	12.9592657047023	12.8329963384601	12.7265012171456	12.5433274772725	12.224840930726	12.9413002154593	12.4330928317759	12.4466275422055	12.7513680513584	12.5769165358237	12.4177542696088	12.3923349834861	12.4956062825279	12.7117649906365	11.4769158813695	12.6108690534415	12.4565392986624	11.8736065504971	12.3211152153156	12.4740530900777	12.1346611450883	12.1499239395284	12.2826469994124	11.70483665391
CZC3326	18.2655896887774	17.6449879972635	17.9282579088517	17.961118216993	16.891185139075	17.9138572805147	15.8389843522677	17.5079752713484	17.3918292856153	16.5077521386952	14.9404089258907	16.5962955420178	17.0158350076418	15.4117463330347	16.6372435733291	16.702330759321	15.6568098656826	16.1835561151008	16.3793428933273	16.8092930664611	16.3766014009238	16.6906322846545	15.9199387233992	15.9843132775836	16.4489409560523	16.4336100402593	16.1583789071051	16.4162140707916	15.7076181046949	15.1324245256453	16.0417408394119	15.7562514222592	15.0494166699298	14.8599303972621	15.0375431004607	15.58973191295	14.0116326198785	15.8178189687314	15.3267104240729	16.0681916746003	15.677399897096	15.5863360132496	14.2709882751325	15.4243908885785	14.5933251007481	15.8723463466093	15.2116563819312	15.397158495485	15.6144949362341	13.5329850053827	15.5664714567033	14.4023036360892	15.0022490079079	12.9223826215458	14.2965612425548	15.3114804701715	13.5991602129866	14.2817791719666	14.7860061603715	13.5980573513858	14.3905420532336	15.2049510241515	13.2948154542116	15.3603973467281	14.9918784260517	14.7583865991235	13.1388424975719	14.369204620183	14.9021815600849	15.1464159226956	13.1907103511709	12.7251725870177	14.0282884736222	13.3957837833302	14.2493096065028	13.5523788364069	14.8893799376355	13.6571043657915	13.8732898368054	13.551251258702	13.6145240371234	13.8771612668204	14.7183567853566	14.1112078793141	12.9748858285626	14.7107585408051	13.8450203172557	13.3643999955096	13.900812377159	13.5902823839582	14.417628882261	14.145028127569	13.6826659159868	13.0338958405101	14.329559982496	14.2014505848968	13.3121176844117	14.1646912497148	11.0589761489782	14.113773468151	14.1644390805043	13.8323688294056	13.2016049908722	14.0794078767033	12.5640064897214	7.99853257375679	13.9053485709184	12.8969041818042	13.318115350872	13.442920486	13.9113829833153	13.6092959276774	13.7567928864431	13.7488988765142	13.5960347113905	13.4729841017445	13.1127882908242	12.9786821071179	13.6895627531103	13.7400688955794	10.494131398196	13.7690880085318	12.5325830730431	13.7893533736997	12.9976965138033	13.4359171233248	13.2441593812556	12.2678109613121	11.801122994801	7.96086734378743	12.4540673619378	11.9651699111772	13.3340596745177	12.1436562513542	12.2370264757239	11.6639668906441	13.2749067281128	13.1533582280346	13.2981653736401	11.4490908486735	13.3392131879774	13.4568375407774	12.8062719242089	12.7623044476673	11.124905573383	12.9789913195269	13.1266104828702	13.0760110927304	13.3344530669559	13.336234161349	11.5791481390008	12.998694682939	12.1399894338389	12.6701616936996	11.9691343660844	12.4251012275594	12.6858474054772	12.416273287997	12.341701296308	11.9833462928015	12.5982943415	11.736471835142	12.5505558265376	11.74346361433
CZC3333	18.3303210891133	17.2272634368344	18.0083104933774	18.0770744898943	17.119482390406	17.6737211118545	16.4777303642551	17.2252777701726	17.0569921494248	16.7259640953665	15.7732494127912	16.806441704531	16.6493314932819	15.7326657808845	16.5305663346182	16.5971637565515	15.282765297569	16.0894415768478	16.1252182528984	16.2883888141382	16.1612803500127	16.2887967257228	15.9448124960297	15.7957024597716	16.1174139380449	15.9780860396858	15.8203106370943	15.7108381592399	15.6459392047842	15.398303443998	15.8612218017088	15.7783248635752	15.5215596535307	14.788807879687	15.3902202023972	15.6768185642463	14.3507947263435	15.6254650428751	15.2573878131945	15.4458652215339	15.4714450846776	15.3641659688196	15.0668966982093	15.121216437524	14.7139057866325	15.2526852803641	14.9041398852768	15.2063901911385	15.3422320312718	14.1150510698696	15.3197138905881	14.6342622373017	14.8953802459694	14.1769201103346	14.3876694263907	15.5109771878362	14.6374530008688	15.0669194421011	14.9342443975768	14.6375404253901	14.6231181590701	15.0683722630136	14.0467039827327	14.794809792845	14.8173256413201	14.3310813643225	12.6619963848248	14.46040445231	14.766799849927	14.5467206042269	13.2660330054298	12.8504496191965	14.5576801019238	13.1437251487995	14.1017732360523	13.8324574271484	14.015140902995	14.3764052557458	14.4832637937954	13.7736680204713	14.3101525654029	13.9686246939083	14.6525457971965	14.4723003207455	13.5806868413256	14.1035597267779	14.0320738089122	13.4335480745941	13.8547225893491	13.7319897068315	14.3995928629672	13.9991054870089	13.7012351557502	13.6967438738593	14.1187039307729	13.954380350318	12.9216833067427	14.1552007571001	12.5594996268443	13.8712557615818	13.5351848312631	13.7262287232897	13.5762236558726	14.0811263328455	12.5199039807275	8.36482585475354	13.7468997840759	12.8729225383157	13.3747494777728	13.4242716070635	13.47230934399	13.0364121683471	13.4982237869204	13.4804587322417	13.710647415929	13.2473096946769	12.8144796417161	13.1373736587523	13.4579118454827	13.2371328066626	11.8136895650828	13.3737549390437	13.3400108752884	13.3683849313729	13.4473881411586	13.3371911914978	13.0185283476011	12.7348548357289	12.5536627069608	7.96728697025363	12.4427803298437	12.8106690094074	13.0994372700993	12.3893307935856	12.9801311955985	12.0928467979752	12.9244367999596	13.0271692394469	13.0118886276503	12.4370415185929	13.0900030846201	12.9073674930216	12.7618839306568	12.4989332807995	12.3583327263008	12.962079163187	12.5510784563426	12.6505274516481	13.1056577256011	12.690944187548	12.592509039574	12.8684135101744	12.5528590835	12.0498354849317	11.9744496753412	12.5578313092432	12.7638091518644	12.5340111226264	11.8565867185736	12.5098790718052	12.2829348493746	12.2827949067718	12.5218163183011	11.7183550853106
CZC3378	18.2513024020311	17.3450499120969	17.9721598196072	18.0308360417434	17.2018034995608	17.7418689361778	16.7025301162902	17.3905787623957	17.2080438361114	16.7877764081505	15.4842726236308	16.5793447111739	16.8659512832616	15.4927838527865	16.6102028630499	16.5280839453518	15.2386817972163	16.0729158735171	16.0469528313454	16.5579526050616	16.229781809485	16.2822906337437	15.8102709405413	16.0242929951684	15.9295535146958	16.1268321305405	15.9130504425066	15.681091760205	15.5787067415863	15.2184302602759	15.8602459430676	15.7177111734611	15.4487782488056	14.7856788906477	15.466233656253	15.6841044788349	14.5686301910186	15.7100270343612	15.0024672525773	15.3257124995906	15.6215810569896	15.5229470503055	14.3303777111368	15.3341204009137	14.6396941386168	15.3955245319923	15.1031857469232	15.0030678147237	15.2489765961144	14.2765932505925	15.010714553415	14.7018532749715	14.9877562266851	14.1024243981512	14.8199036168256	14.8274021470284	14.4606595577032	14.3467190106769	15.0657295126274	14.4603771791842	14.7383815618825	14.8242196166272	14.2689424195863	14.7533337769268	14.5953928601088	14.3486339183565	13.0932538980082	14.7637692622607	14.5732190869012	14.7569408690609	13.1875886403058	12.9197270019474	13.7891045563684	12.8317275773911	14.3376980564805	13.8640806941198	13.9780799606883	13.9219098502068	14.0539289005946	13.7363268464895	13.9307105466476	14.285699260083	14.1723513737455	14.2984894957508	13.7805765372344	14.1033637617722	13.9425653735181	14.0244643710392	14.0919651512436	13.6598175118514	14.1365019914815	13.6920982098808	13.4676624603995	13.1830558739996	14.3682471239317	13.9795723062049	13.0563934237225	14.1277883985611	12.3586922467116	13.8818757319428	14.0762179837091	13.1237033889876	13.3902640236342	13.7087419882412	12.5189388745009	9.74638926536285	13.7579441487761	12.9419312607336	13.1455419607233	13.3005772050188	13.0940232426858	13.4644072559899	13.2479759335924	13.2615222497954	13.3629722474988	13.3343948020515	12.9194324465335	12.971339982221	13.3831235355193	13.0987225405689	12.2641309310031	13.1523032318906	12.9141524496843	13.5242489296064	13.0126448991624	13.1636399099505	12.9901352964715	12.630767351425	12.3134769120557	7.94397578204842	12.3529676530857	12.3923338375934	13.208444157573	12.6119710860696	13.0057253905543	11.9427186756658	12.6910519062666	12.4272391353456	13.1344043789056	12.384345926184	12.7851106744185	12.9625313732404	12.783059507491	12.4830981900979	12.1701538497229	12.5505018881895	12.5802498819441	12.4822887870858	12.8473259900978	12.9546871823979	12.0817856577068	12.8931602370577	12.197516494846	12.7719411311165	12.1894735140576	12.3824999930516	11.9511227923068	12.4020738507356	12.4032307945814	12.2772806702193	12.5665114374978	11.739992932446	12.5189388745009	11.9931318505091
CZC3401	18.5037707939122	17.2237870690245	18.1357942163214	18.3612616419049	17.1123032677451	17.7708833086173	16.1780012397442	16.9253332931179	17.1699481851295	17.1187064972215	16.2966972681818	16.7336105061213	16.8481924320697	15.6833479133384	16.7538252535099	17.0046512129631	15.0647479213829	16.1795403815701	16.0643360617644	16.5314576755158	15.914138791335	16.3797742611879	16.5612843553044	15.9430151500065	15.9399337036611	16.0931166173784	15.8648460321177	15.5722245190341	15.4603632063464	15.2178842241462	16.0351233245561	16.012037087722	15.2344579380338	14.8517907606366	15.5930921385729	15.690326795403	15.0819790929138	15.9811719274517	14.964532154202	15.2199332450296	15.0559856991003	15.3944839767141	15.1053351274398	14.9489629507077	14.9242302724062	15.3636660246757	14.7466193268369	14.9263197151653	15.1657959906042	14.3791042873888	15.0545637399175	14.6327895181883	15.1156110474823	14.7278641012736	14.379597782112	15.2038641583948	14.6749026973949	15.1053351274398	14.7112458680796	14.6749026973949	14.679971799513	14.733332312425	14.0726776389012	14.5209322920207	15.0405100304368	13.9786338297105	12.7527118627843	14.0578333266088	15.1330400986452	14.3380470103143	13.2521958460114	12.4990016146635	13.6049922062312	12.5873202843328	14.2172031878829	12.6531970225066	13.752810595029	13.9036228651245	14.0705039704759	13.4546824122677	14.1750483022768	13.46942324261	14.7154894550862	14.1751310619783	13.2226710637537	14.0914963505881	13.0997556877808	12.9183625906267	13.7516377196374	13.7770647728127	14.577259202688	13.8385124181355	13.2246126999361	14.1722827344758	14.1714584391569	14.2306227443485	12.8264925782593	14.1114398935555	12.6996843210832	13.080745827347	13.8736487301842	13.4832659173726	13.8047198354659	13.5060143500656	12.4799513901225	8.73428711562132	13.7123502865484	12.4927526410706	12.34713229465	13.3078547878994	12.8711789811832	13.2386595971865	14.0085703785101	14.0026313831573	13.2286289034767	13.1900485223495	12.8213903502237	12.074090221206	13.3683132679597	13.8652710493092	12.0882530344549	13.4099401743648	12.9795706030747	13.0199935649099	13.036036578256	12.7267311947427	13.5672058938243	13.2339534872645	12.1211853802898	7.94035777877334	12.4771547009305	12.7042626019271	13.5816102970046	12.2353514309007	12.9366036784875	12.0581314752322	12.5388142910703	12.6116796572362	12.9340900914362	12.7554860164957	12.8382194904521	12.8769704349271	12.447539164101	12.9121325451807	12.0924869551202	12.3918577070444	12.55692392923	12.5539584329943	12.6313603454411	12.6214988072063	11.4697634608033	12.5534283058266	12.086887296279	12.4573981965826	12.6376270827237	12.2818223820367	12.2791956274903	12.7494732923417	12.0266983084145	12.0820935701913	11.8329643427161	11.6920649468295	12.4851369645829	11.5944510643086
CZC3413	18.1618817999597	17.0466154536024	17.821741706177	17.6383315939699	16.6015722778873	17.5873582817343	15.8593247321046	16.9424787210529	17.0322871734334	16.396228050083	14.5503657504951	16.7373949239294	16.6891519810368	16.1517918300132	16.3770870614357	16.4912652845443	15.2174107415627	16.1119531682784	16.0119904729972	16.4161615956667	16.062000993188	16.2551245881618	15.6784992726188	15.5960674211648	15.9164587018012	16.030951043203	16.1016358513368	15.2983729097853	15.6145875723675	15.4683644396074	15.7989340477825	15.5903717850633	15.4059341289393	14.8449497510489	15.2146084158846	15.041341042694	14.082314209141	15.2012059865099	15.2160228729929	15.1019306337279	15.2223380263286	15.6542477869328	14.1432602860142	14.897341160535	14.4680782182505	15.0388131663525	14.2729847999857	15.2128457145705	15.3666391423695	13.3203879935936	15.2881957728808	13.8072348126538	14.6975814161933	13.7144207124435	13.652094499814	14.9723433375465	14.243171660965	14.1283774608717	14.2905323855894	14.2440991763956	14.6336209795874	14.9355463957991	13.6107012689258	14.4347347694102	14.9195620267695	14.532691023562	12.816663633195	14.1055448016411	14.4384217879488	14.2308084738484	13.7573043249182	12.8164665884345	13.6064562950896	12.7042260216583	13.9006874048989	13.1879446282727	14.178405348292	14.0547008851278	14.2210686157525	12.6186018391313	13.5264558922038	13.2095764415037	14.5211680117094	14.0064004977618	13.0847302845947	14.0074938916075	14.2762532656971	12.524073589065	13.0180417199464	13.5317285750664	14.2832084253581	14.0601343153189	14.024257195677	12.3047255077959	14.0340948853944	13.8738346324911	12.5488852388278	14.1751918954696	11.3477290121039	13.6809552141949	14.00424199584	13.345260120984	12.8924775464187	13.9802555089368	12.3777511234931	9.19726161173784	13.610715142495	12.8584866117434	13.0020673560677	13.270405385401	12.7617473845815	13.3133191815716	13.3667251650183	13.3502799373683	13.5138284926826	13.3277439022234	12.8089703035069	12.6618765653355	13.0926077940707	13.333423476656	10.9950076268022	13.3458917752956	12.751990563107	13.1773439365283	13.143054397022	13.3781086797152	13.137969982523	12.3964013221076	11.9598628591533	7.94739324321868	12.8261500372222	12.6123323865007	12.8280873149738	12.4359323727589	12.587196376141	12.8501644215476	13.0601639235281	12.7942272008079	12.9483301861342	12.2994938869586	12.982555235942	12.9767109625805	12.5195025861552	12.0914539173556	12.2880514340967	13.2308314747047	12.3006797045667	12.3745689596418	12.7081719535108	12.3771764036854	12.507888079582	12.6316656721392	12.2851928683069	12.6091469937146	11.1281974152356	12.4133651408124	12.0353014554826	12.1656634106046	12.1561741169518	12.2768637984727	11.7650903234218	12.0093249469324	12.4199129176321	10.832647888057
CZC3438	18.3187364093865	17.1930970036796	17.8348382633785	18.1129156851795	17.2686137663444	17.5758155329063	16.409709067789	17.0080902700025	17.0556469832397	16.5966620250425	15.7105126833681	16.8158087428623	16.6809698131932	15.8196109147422	16.570663351516	16.6976680487318	15.0958508106183	16.0659356853302	16.0616255510583	16.2116647714527	16.1273188075834	16.2444090950035	16.168755290379	15.6210834538349	15.9357531563052	15.8959106639495	15.7958214137919	15.1543770933477	15.8071096671508	15.2251007651868	15.6956816459413	15.6155854778023	15.2874938917909	14.7818205102183	15.2400194098193	15.6605635348023	15.1879856921476	15.6064538855727	15.2226818411778	15.106546581936	15.5244563145783	15.7521502919127	15.0104414798978	14.9499257314281	14.7467332972527	15.1018213815349	14.7338188867203	15.3099663085802	15.5845076102169	14.1567540518701	15.1399692302689	14.7762184109397	14.956889324459	14.6334190166237	14.3785621789453	14.9706303937786	14.7597542924056	15.0050084448204	14.9430972020664	14.7599122705114	14.6512608708939	15.0626041607908	14.0246967537823	14.5023693962786	14.754764537109	14.2348274890689	13.2391300179506	14.4471714846094	13.9084544475837	14.5042606118166	13.4991563536586	12.974642830656	14.1403299596873	12.5569681812664	13.9625474699811	13.5868515147502	13.7167568061658	14.230159431242	14.4437540061718	13.8653454790422	14.1820392829469	13.6867941664797	14.4288412842535	14.3951402567563	13.6699494676278	13.8425570107808	13.8590737979158	13.0936578587308	13.9072259195998	13.8884038750803	13.9060287636694	13.9530806478108	13.3739398069377	13.7494769858214	13.9459954271453	13.7416340367776	12.6749639269714	14.1556109270887	12.3596370073638	13.7069920621319	14.1464387597858	13.2392954539421	13.5705234701072	14.0736619677311	12.2028564962621	9.0627087396424	13.8402990966853	12.6884639500316	13.2411800988901	13.4352815129456	12.9692001460893	13.5687101215182	12.8747869871744	12.8646739724137	13.4618966850208	13.3425608258562	12.6075557734011	12.981996083671	13.0091259250875	12.9602982362232	11.587605556718	12.7372661250559	13.3858225533144	13.2432317094352	13.2179927188166	13.2307543842018	12.7276264014449	13.0973403099798	12.7085518506479	7.95076298774954	12.4392117955838	13.0939844864156	13.0771058521121	12.4368737198352	13.0650278386316	12.0636021026313	12.9090351384228	12.956617543989	12.8209313982259	12.3231081382904	12.6835225464173	12.6455524231271	12.6224870470784	12.5694865897627	12.5026245773409	12.9227646944203	12.1886181339712	12.4086233289343	13.0189016481323	12.6909141464503	12.5276959790567	12.9566313634749	12.5473460502192	12.8039446046747	12.274281521573	12.3706185604792	12.2783099073531	12.1815840408413	12.6196355755966	12.5403830574485	12.2467220630799	12.1875965824185	12.2028564962621	11.8361189225452
CZC3441	18.2706723707812	17.0439411075231	17.84544192204	17.8658877797339	17.1189712886873	17.4440410865822	16.2629387847962	16.8286787348412	17.0865408744432	16.3078831018113	15.0824462610991	16.7361648723099	16.4583572353526	15.1660324588673	16.4810867249856	16.6235957315591	15.2331118817229	16.209524517292	15.9094012269084	16.1543018828172	16.021508879858	16.252872708545	15.9895748885904	15.5320521109708	15.6297755904206	15.6948931965822	15.6684038879521	15.2150830822984	15.1503335301545	14.5709238058433	15.8713815491878	15.6420984121864	15.2892736084697	14.8645520983364	15.0957224284207	15.3051195798824	14.2053340364458	15.5303703811715	14.6345466243867	15.0149296809028	15.1457567875644	15.0239306187691	14.8197960274705	15.2079266129723	14.6830515549117	15.0996234255322	14.6205007614061	14.6045638193806	15.054917555231	13.7130120936164	14.8254531768896	14.8818388153753	14.8289001965529	14.0485547375104	13.8208296992164	14.7153648091325	14.4681948185915	14.8197960274705	14.3797293705654	14.4685130161659	14.0301983293235	14.6070345563838	13.4612760902109	14.3643722981412	14.5976841984116	14.4296775827674	12.9786625706679	14.0427587321763	13.9936556437656	14.3040915641935	12.9191713793061	12.3693864686663	13.4455128990391	12.8266615046841	13.7942307381162	12.8205623208722	13.4736264263816	13.9595663849298	14.1028113602418	13.3015967259214	13.6297057200243	13.2204219498243	13.9285793228878	13.942350771496	13.1795399927786	13.5783508681439	13.1959942171628	12.5999903927513	13.9067946740396	13.7686850617702	13.8527532208731	13.6972505887181	13.192531072782	13.3457468137038	13.6451521463391	13.9748287358173	12.6821997262451	14.2330043175685	11.7180440290735	13.2664393612545	14.1480722734547	12.9169052740371	13.2758034424619	13.3796494995974	12.0844500398372	8.33820156305154	13.3982462466859	12.4636324508914	12.5940310347263	13.4506897172558	12.3230857844477	13.4563687334905	13.1462968252191	13.1416389836925	12.8587236985215	13.0438149177859	12.5515822213899	12.5023121875461	13.188490135563	12.8665112101698	11.2714423233566	13.060740788109	12.6179441256125	12.8374848840494	12.7741142786941	12.8523014331135	13.0827065211385	12.7365124017695	12.486405223238	7.93965118798837	11.9914685354303	12.5884533314996	13.0254241577749	12.340972479599	12.8079315588665	11.4173134483578	12.7160556769149	12.4885889739713	12.6733128353043	12.0860017655026	12.7461217494983	12.6496070862587	12.4301527605317	12.9685802997031	12.182921029145	12.5082459241804	12.2282687908792	12.3437907188882	12.5419892220866	12.4573697294384	12.2527185963258	12.4596279598716	11.7864562663378	12.5891214583458	12.0189013511468	11.7353477722505	12.0544354993788	12.1962866908865	12.4380065886937	12.2977424741073	11.9628655073228	11.2634362179607	12.0853196218223	11.8137058749304
CZC3452	18.1613188838347	17.1157425552872	17.7676639046317	17.9455419931494	16.9275310602851	17.5374255653522	16.2715114837087	16.9184819940635	16.8787237034431	16.6435492104862	15.3641817809783	16.3859966134324	16.4409655017415	15.3885424568988	16.5328144618521	16.5860243759533	15.1233314092837	16.1659347172633	15.9479417512289	16.1418411410234	15.9617588190911	16.2346682058339	16.0837947924323	15.6899903431787	15.5342867644952	15.9311080798309	15.9127357184224	15.1598099671266	15.3511848951794	14.9508735586377	15.735801677702	15.4914053527414	15.0084708746262	14.9085907819405	15.6047032936149	15.4241962435467	14.1017306279611	15.6857320752044	14.801241304382	14.9303267668002	15.4818487159157	15.2872608393112	14.5278275759452	14.9275792918637	15.0030283993158	15.0896261748214	14.4766749390036	14.6610451638744	15.0155355167929	14.0872989752736	14.9775984915546	14.5878077340026	14.8890041777929	14.0042379841291	14.5958319513804	14.7702476267013	14.382029411679	14.5155309070928	14.6767883801458	14.3806512310044	14.6503224416753	14.5390224018948	14.0077672392252	14.6214459836233	15.0166351605117	14.3357061564866	13.017934672143	14.1900109005743	13.8668670206567	14.4175630826503	12.9153845702868	13.0356185459065	13.1720178823998	12.0158708075191	13.9592163184725	13.4147665491582	13.6832451985528	13.6719410339717	14.1140574489385	13.384231421698	13.7620671373954	13.6624012451927	14.4281375941876	14.1642003898847	13.2714078083903	13.8075703942317	13.5497941280129	13.5972668888465	13.6187062036078	13.4321106167076	13.7686968228266	13.9903343558486	13.5697112416422	8.36765489623665	13.9361647789315	13.8123541389107	11.8940435340873	14.1810577037641	12.4450324412206	13.6250184985348	13.820162146532	13.0817318103766	13.4056274292095	13.9471521909924	12.4521153735066	8.61010152199775	13.8687872085001	12.086250604264	12.8843459894747	13.0089388138692	12.3624494132129	13.4295882107429	12.8859752410199	12.8677785762503	13.2843935447173	13.3091913407453	12.8028127887074	12.4237053157951	12.9083491668053	13.0191655031065	12.2018617129853	12.5064646177941	13.0382519134903	13.3944555105107	12.9596597630887	13.06173636901	12.5547255570348	12.539276612529	11.9028279647838	7.96303651836077	12.0665518010386	12.2536248408752	13.1872941420419	12.5108746194703	12.8716499145361	11.5431055566958	12.5459497226691	12.4585245459776	12.5972084727761	8.91350010297	12.3381035095495	12.6862063707204	12.5620372123608	12.4643863328599	11.9677365928902	12.6577073140073	12.396930460002	12.5548279398682	12.8792041038408	12.5020959125427	11.8334195502407	12.7947734091834	12.1288145787263	12.7712551056134	11.8734840091617	11.9011476377737	11.768984371615	12.0963084160757	12.4615197278983	12.2284995279255	12.0237314663437	11.5501821882574	12.4604337216738	11.4662518749815
CZC3459	18.4426081162998	17.1903107681423	17.8531081322874	18.0503547531545	17.0887921575239	17.5392095477526	16.1046017343969	16.7268413543208	17.0833091724925	16.5519781120444	15.4626596449637	16.0643323626457	16.6570998042451	15.0394924018113	16.2739656487681	16.8439478994593	15.2816984186267	16.2014919689892	16.0087554177193	16.3562565158435	16.141666774427	16.289208532933	16.1131085431832	15.2433377634508	15.7245972293428	15.8681558268332	15.9584297667124	15.3611893320764	15.5751992209205	14.562870344173	15.5733243112656	15.9221984495236	14.4714822654808	14.951881429856	15.3233201279541	15.585592651453	14.2624991105192	15.1951784932381	15.1550639604956	14.9755044574682	15.0923961458333	15.5106062316802	15.2055594402902	15.1628287130166	14.3822861991533	15.0628264741697	14.7794176030286	15.1615418383946	15.267358792858	13.6797735059748	15.2066375155073	14.5942481265537	14.5873625676372	14.0884307893477	14.1911329351936	15.2449397900424	14.5983616548326	15.2055064656501	14.4970100042767	14.5993387936263	14.7853306887398	15.0481457282897	13.8905179326771	14.2928900448203	15.0970483657266	14.5064246791019	12.7870538624802	13.5327575390777	14.889639406364	13.9899275600856	12.8611262931704	12.7383942244561	13.8529982944189	12.809386018971	13.3921775977537	13.1631180904932	13.8380898933027	14.5056505519677	14.545991237393	13.5616738866295	14.1657302734753	13.1310691257691	14.6171665828403	14.2936853415887	13.1081323666142	13.7649819243071	13.6111033494905	12.7871317647708	13.1628295108535	13.3419238143043	13.9211843342509	14.2026505208818	13.775453204365	13.5493331698926	13.7436447727527	13.6610473599916	12.7936556744221	14.298062737538	12.1280013028974	13.4524069246403	13.8129072146047	13.5131905066062	13.1346163126538	13.9530319242965	12.2234965105192	7.62653718722702	13.5301733113251	12.9959372470841	13.107938398252	12.3204735379605	12.8485654165196	13.2310231327008	13.627528737741	13.6275771713473	13.6264271164297	13.2189848378316	12.5593887943266	12.845476365126	13.0019967434803	13.6393555305065	11.8248745572655	12.6080541897358	13.2737197786403	13.294572364085	13.3085177125437	13.1697568325344	12.4615628418657	12.9081953183286	12.3855732580329	7.95254428782754	11.0436611327771	12.1948772968238	12.7276252376962	12.182821219057	12.4789296196318	11.2985384019647	13.0590111183529	12.9551065159652	12.2938706444267	12.4802089708202	12.1872327117658	12.7728677889648	12.0908567991343	12.6829328406494	11.46305573105	12.8585172226196	12.0144713280346	11.9600201652439	12.7947459167252	12.0636171576411	11.8048645718792	12.5045202040059	12.4456781565937	12.5388699779549	11.1476078993667	12.3086552195285	12.3496053136879	12.5530716719969	12.2224376528382	12.2896467719365	10.9260421923064	12.1954192364504	12.2233396127165	11.1018266727726
CZC3497	19.175669492138	18.8674701025092	18.8124158798938	18.6859343832302	18.4877362582409	13.4708203497449	17.9192819769222	17.7344670278791	17.6694966205824	17.2551024856361	17.4099261934092	17.1221228287294	17.3231223387539	17.3186940156615	16.450241896817	17.2588197733064	17.1448799891697	17.0812068289518	17.0626450322804	17.0381379305691	16.9011091060321	16.7652063888003	16.3635207474525	16.4275539342614	16.5398411716867	16.5089893667698	16.4365846614545	15.8457148803479	16.353963551284	16.3224135162218	15.62694310966	14.6933867617107	16.1701002423642	16.1697694866808	15.7290436917608	16.0401683698747	13.1358237022033	15.3860165510601	16.0809272484142	15.9546815995467	16.0161025526257	16.022658858649	16.0468704030365	15.8879675842304	15.2229054701343	15.4577738908458	15.8603183360443	15.5902494179528	15.7327318869966	15.7359340015495	15.6188658144304	15.7252012312786	14.76910842288	13.6477265685673	15.1616796442983	14.9482419053073	15.5682582843232	13.194857647727	15.2871084861379	15.0941085418691	15.1549475487897	15.1264995676271	13.4634366458833	15.1065377276308	15.3241798925271	15.3122721688508	15.2382731710064	15.2200712786899	14.539492682946	14.6302274963786	14.6694894968739	15.0247625212767	13.8288947497293	14.9736924207876	14.2316729640808	14.9128377846271	14.2745553226076	14.8837396115194	14.1349705150313	14.7773914040672	14.4978361654447	14.7453976644025	14.6046697765139	14.29790387704	14.1200705511009	14.4899735384051	14.1604152576526	14.2406870539123	14.3817422791268	14.5898396089516	12.8715215321242	14.5566161502168	13.4297745075343	13.0791894369346	14.4756246249918	13.6961408690265	14.4275614624173	14.3118278248632	12.7573052831318	14.1037769366759	14.30286753745	13.0840655679883	13.3409422872159	14.3052823819281	14.3011396913098	7.65049352576097	13.955900940221	14.2711037532363	13.2062667763633	13.4290738417741	13.2037016832126	12.9574503410243	13.5660565713024	13.5575354864808	13.3336967876997	13.31855023248	13.9777573873462	13.0113586048551	13.9634035828736	13.2282689307421	12.6327770533283	13.8844236884053	12.7201485761213	13.8638868288727	13.5174307822632	13.8146575557613	13.7722613173558	11.8813933305545	13.7333727094736	8.09591109007976	12.225584792896	12.4071092150977	12.9073217677934	13.0623705252544	12.5946085129501	12.1395362291283	13.576383032085	12.5303431319332	13.3798692451059	11.3327955147312	13.5375877111095	13.2673781590832	12.7200391796688	13.3523315738403	12.9042764751634	13.2735656516955	12.7529806369331	12.3333327004855	13.1336423669816	12.8104559082065	12.7692815342549	12.9553190264392	12.7462913336292	13.2316323876562	11.7406142152003	13.189885290549	12.3227679524908	13.0203913197663	12.9718818814813	12.0629096218794	12.4070799708716	11.8628621167239	12.7897829759585	12.3093175492584
CZC3506	18.2089122050564	17.2925437862402	17.8659498634056	17.7751736674485	16.8927390113123	17.6211667148848	16.4011715223858	17.2209287687148	17.1834978908764	16.22739815008	15.0191459855851	16.5093173949119	16.8557946149999	15.3222244035863	16.3316130754196	16.4606271651661	15.3962516512626	16.3576983695676	15.9479558718238	16.4867876062189	16.3278160016701	16.2780206620567	15.6499326729143	15.5574591764245	15.8779669049646	15.9351848381471	15.8488973359532	15.5888049762819	15.3679339349839	14.8537427325673	15.6277045278537	15.4351655003376	15.358801047352	15.0057302499161	14.9044175179237	15.318038918492	13.342076536124	15.1376055748196	14.9238611295924	15.3322806918349	15.591942595464	15.414218998934	14.7076662233703	15.2470338947423	14.5614151280762	15.3058767778052	14.5055057652715	14.9223696778486	15.3070045385989	13.8305657043737	14.8460499896594	14.445542431337	14.6472641039122	13.6199693738686	14.1612614437583	14.8073621059317	14.0032184440729	14.7166453274779	14.4340956453501	14.0024092420443	13.9669458607757	14.7533668915933	13.2090868582558	14.5136717538142	14.5768765651157	14.4758915472553	12.9271795837935	14.3528449817119	14.2679222048243	14.4401681501905	12.7831879852279	12.849399268798	13.7446098066672	13.883521481765	13.8255430002977	12.9607620566572	13.8462831232973	13.6104950550478	13.676112577372	13.3274918869597	13.3507794028464	13.5372041711567	14.1358997523194	13.7042763068699	12.9139328906639	14.08596815824	13.3700999294015	13.139900335303	13.6192528107295	13.2901095044894	14.277370252085	13.4438426835059	13.2564657693027	13.1276774946384	13.7580953942728	13.7115079256321	13.6959703244897	14.4004236481023	11.1976511447764	13.4947291784353	14.0475511331233	12.9670997603588	13.0038029892628	13.8519033879608	12.3533996733939	7.56444328925689	13.8173999160028	13.1837060013485	12.6381584156147	13.0787171121334	12.8430065164103	13.4721898540533	13.2978347686296	13.292878922357	13.2389550526504	13.1744827957375	12.682254278115	12.4240192693796	13.156468642589	12.9039387693428	10.2498138788165	13.0506124768351	12.1746004581442	13.1536317142576	12.7304186524964	13.123422304543	12.8469870181295	12.2191574409907	12.0246073092748	7.93698416241492	11.9942066429356	12.2027639438086	12.6807413043975	12.5991741030569	12.3046747419356	11.4050898207072	13.123612170937	12.6858642533417	12.3835833164648	11.8804111166605	12.7646294080389	12.8843443051057	12.1633966980841	12.340710406029	11.5637000930737	12.5035524228319	12.3041151446027	12.3112158531783	12.8402796635253	12.4775535430787	11.5460390453781	12.9309466456575	11.8553110049289	12.7125289510123	11.3789895145232	12.2513469959872	12.069701093182	12.0923303915955	12.3293963808991	12.1411827704084	11.9425305744707	11.3917816007762	12.3533996733939	11.509731205451
CZC3510	18.0910347215863	16.9754568404818	17.8093229365726	17.6312412496925	16.7910318124315	17.3998896544339	16.2664808934034	16.8359836409959	17.089588728195	16.5839719758392	14.9412609319812	16.6853901913824	16.4764488110043	16.0293852638317	16.284978335164	16.6366262275921	15.0849399617711	16.3155395646826	15.7950470599459	16.0859535429328	16.1390627666413	16.1932879064929	16.1306590894225	15.5134508911795	15.4320031044486	15.5772409917752	15.5689639484335	14.8784199714783	15.1828332078616	15.3737745804608	15.6360130828873	15.3649349406147	15.4914788235209	15.0226685022421	15.2405160928289	15.2565314201922	14.6395456801212	15.382428515367	14.5511767974957	14.7553859722178	15.3543612803035	15.2943247558634	14.3580348508809	15.0383974470081	15.0547782390375	14.8669672028065	14.2453558799527	14.5407892847307	15.3069683784527	13.970250240581	14.548413188488	14.6279502121834	14.5791848014041	14.1654902263835	14.1493549132995	14.5056296254139	14.2009067484441	14.3694022320887	14.238922659673	14.1979904476214	14.5676928629352	14.5650737083764	13.1420364323848	13.6885156837945	14.4573871591418	14.2507747164747	13.0524401350423	14.3184843981976	14.2782586443021	14.142011752125	13.7370447316346	12.6307266622556	13.3681268328589	13.2339301341049	13.7587461210817	13.2348729548341	13.3242758467642	13.0863772476772	13.4194108598745	13.1885084671941	13.1157520830809	13.3180992382658	13.8205873571833	13.7281629911965	13.1795865619688	13.5523785062135	12.5242859670254	12.903273049172	13.4046420125474	13.7450274170415	14.0353311487555	13.5138756221356	13.2854328488761	12.802399730887	14.0792270592857	13.7056921048971	12.9644712564069	14.3360596492281	11.2388185671981	13.1103641025924	13.7215582895308	12.6900042252427	12.9325632899804	13.5686530868774	12.3129185859482	9.50677490093783	13.1480144056896	13.0676649046034	11.9371062615045	13.2556981185442	12.2241256436076	13.4410594158913	13.2478203600656	13.2445590203293	12.5379156623997	12.4996616069129	12.3206090784485	11.7127936306733	12.8122679379674	12.7675784573875	10.3434769088043	12.8789959795186	11.9989196775188	12.5679994956345	12.4600902657822	12.9150381761946	12.9238743077096	12.6663198764635	11.7593444440695	7.99838282627976	12.8055767723336	12.4505048982088	12.9999267883949	11.9486025076137	12.4152805248586	12.4323052089302	13.0710456825086	12.4340642460398	12.8073786457186	12.2947721698386	12.607893790127	12.7162305478198	11.8147806250234	12.4590894925403	12.2522769282358	12.0489937311056	11.8784351793401	11.8980678551585	11.9288376300477	12.3000072405605	11.5679944749142	12.2258876756906	11.5206002185613	12.4203111325937	12.2343536584456	11.8122513795148	11.6919561987743	11.8612145179064	12.4341908407598	11.7573032199546	11.8155327009719	10.9329844523909	12.3128648385487	11.2924432839413
CZC3521	18.3716579250309	17.2871941916432	17.9664134536901	18.155853447751	17.2883727300455	17.6559454725923	16.4447139862555	17.0532830096381	16.9830653550077	16.8514327363919	16.1612153253892	16.7486149058968	16.4790170356916	15.8872089892392	16.6309035197778	16.6494208937712	14.902790870637	16.1821404961955	15.8247620710469	16.1324810245333	15.9551848558677	16.0876188042459	15.8522731828917	15.7467504241402	15.7921300425668	15.7176189489877	15.4928931921549	15.1480614283103	15.5908717217413	15.3059943887852	15.9436337518549	16.0087128423821	15.2574969341618	14.903182956657	15.3993912618626	15.6765866056805	14.8952745974725	15.6950516654823	14.8954487459105	15.1049795419479	15.4100502989169	15.3263411710242	14.9701783072022	14.8600098237021	14.7334279225538	14.7452933216559	14.8858914049745	14.9299205633354	15.4168740306707	14.5476298880958	14.874522697369	14.6070495869247	15.0375264993556	14.5956745596657	14.8916500741894	15.013016688352	14.8327972722427	14.9575521135022	14.9879190819631	14.8377388285065	14.503670863708	14.8244803571181	14.3687854166325	14.5075512310706	14.474394825186	13.8990950093294	12.8509826021586	14.3193707849794	13.745431649238	14.5812873449336	13.4086522285739	12.3003713312195	14.44810650239	12.9283422464805	14.0546985469479	13.7330409171863	13.6571583197393	14.0872634624359	14.5288428892176	14.071014920089	14.4969469111811	13.8442622180494	14.4207561816238	14.3579644514374	13.9609747835497	13.9112788110188	13.8675753812468	13.733615820258	13.9709715352625	13.6671841961693	13.831645440831	13.6473080421519	13.5720063581615	13.7501271554282	14.1879289558123	14.0784571559196	12.8346537461728	14.2384321675495	12.9407568811336	13.5591573716224	14.1014944468182	13.1898855296471	13.8108448738681	13.8893002785528	11.8310777513861	8.57775018289873	13.6499608720075	12.8916176685263	13.3733020625915	13.3115676369652	13.1132047226729	13.197551237569	12.6060312010343	12.607292617786	13.3924307938062	13.1911173347802	12.3338183419967	12.9684409136005	12.9758634633868	12.8155372194101	12.3408785504937	12.6127533142118	13.4633476615549	13.099249270563	13.208366694222	12.8536001603995	12.4940963571167	13.2786055061696	12.5089483268167	8.0556556589445	12.5128702331677	12.9999462664376	13.1840769308254	11.7571384502539	13.2057785478042	12.3517289761641	12.6015012665105	12.5555042206473	13.1085593551759	12.9465312519886	12.6151829425241	12.6768628053796	12.5883406017973	12.2478004992361	12.5782964760027	12.2045340635197	12.0817864916755	12.4399682359466	12.9584387476669	12.7503239891518	12.1861804700947	12.6093961009365	12.4463189246506	12.4991522776629	12.3649336446506	12.5739534472143	12.3976346909524	12.672105845857	12.2922726282201	12.4156724834183	12.1144461061342	12.0498236196305	11.8310777513861	11.8737394268441
CZC3558	18.3067173355233	17.3026281586864	17.9856068584969	18.2523564077612	17.1002407162842	17.4672442194876	16.6681011712754	17.1993344928408	16.8495559935485	17.1690695823727	16.2972249571043	16.6099808167613	16.5638844643413	15.9856211856464	16.5858005877337	16.448938633733	14.9036835435584	16.2738118635565	15.7847612141502	16.0044287189003	15.9527281329054	15.9253101959573	16.1098501354363	15.7895575579907	15.881799970827	15.6666714101767	15.4927010636181	15.109989724672	15.8120587961928	15.620803142926	15.5297034943631	15.7924187475406	15.4975254710273	14.9555007784309	15.5588569942	15.568605412361	15.4747725231589	15.5502981804771	15.1064198835782	14.5875776246849	15.3374046104285	15.7381457719744	14.5299530595319	14.6911250034522	14.769017371984	14.9971938667971	14.7442274088429	15.3817923163461	15.5686787751801	15.2249854651755	15.0215932149849	14.6655539529198	14.9823015125217	15.0758607723761	15.273854240366	14.6487315166214	14.9683232092495	14.5350479372045	15.1814129208931	14.9688763126986	14.8195125387606	15.0333115768001	14.8787195672382	14.3244256951124	14.6829197937784	13.8984288057681	12.6050178065684	14.5486784248828	13.951768463148	14.3334184138145	13.3702657113733	12.737775315668	13.8393006892946	12.3835776094755	14.1081499655007	13.8966233740982	13.0217794704545	14.0180616925647	14.4020175043759	13.7812365760485	14.6724811454712	14.0390249109231	14.0331016146715	14.6250591374934	14.2606058127041	13.8113868201329	13.8694676353795	14.0806850132212	13.6158568038309	13.3958052820844	13.8355221447994	13.6710136795511	13.3982920019545	13.9136419534853	14.1820775987834	13.6015158903164	12.4871883001715	14.3062474254711	13.7014954857717	13.8141380899608	13.5943791503056	12.739036784516	13.7280217568077	13.3204931537731	12.1946197078035	8.9312108407233	13.6779563177853	12.3541257225627	13.3497394646478	13.027347736979	12.8766104991649	13.0785880506719	12.9077825513469	12.9367374318463	13.5059425822791	13.1641587384976	12.3459457743326	13.169350706395	13.0258906972182	12.9529312846106	13.5598542018999	12.638688407484	13.5327291022507	13.1659639601026	13.2149204051248	13.0929934310984	12.6824834291174	13.1615294423337	12.8468006657849	7.95536244507054	12.3961516524355	12.5024603648839	13.0440576089115	12.4860788358806	13.5939648462991	12.3401175559069	12.4609814008602	12.9135272758992	12.7578478787773	13.2187282183126	12.1698263669572	12.4493170718172	12.7413535792935	12.4681586555192	12.7409961016252	12.8284717905607	12.1845315960935	12.1604208112977	12.7210538239065	12.617870713383	12.291526870955	12.6173336830753	12.871060534142	12.1474815956041	12.7509374480908	12.4180108758684	12.3013591796004	12.3787521648395	11.8986622287432	12.6397644444178	11.9188427928116	12.3085804316717	12.1946197078035	11.5573605930549
CZC3563	18.1858499308835	17.1697896189643	17.8843351447591	17.8896806748844	16.9224564562143	17.6116503466866	16.2330820623707	17.2505880572168	16.9933201955829	16.4559552697197	14.802139972595	16.4313998265732	16.5659112092231	15.358543256607	16.5931539401094	16.6217213852132	15.3067116930168	16.3512495241975	15.9725864541002	16.096598383917	16.105833284712	16.2226924508595	15.9364460919633	15.929965527215	15.7430121321407	15.800138830022	15.7749499836492	15.4625715480114	15.3979450602256	15.14786099699	15.738416486122	15.7006514851776	14.3190279858025	15.0243273517071	15.0477145699786	15.7318471238959	13.9307274719449	15.5936672785479	14.9526459184136	15.3230735691446	15.519606553452	15.2917249549462	14.3530514112561	15.0042136357507	14.7150722928095	15.2571663184131	14.6061865507969	14.8556120249363	15.157328925322	14.1189920127621	15.0095516778822	14.3990771146114	14.9791158541629	13.6905162876172	14.1625078753726	14.922326964634	14.0627989613389	14.3686470761208	14.670974542471	14.0638382053637	14.1358750500522	14.6982040566808	13.4959637067576	14.7487116330203	14.7745183965547	14.4764354586682	13.1904362413875	14.5689784379256	14.5184075170899	14.4847851359837	13.0000449811056	12.6884079242878	13.4276054550895	12.8532254889763	14.2616079696425	13.4661657441447	13.8635988044185	13.8168324079355	13.8255520569387	13.1790589014273	13.6244598128231	13.7408569136355	14.3139479375218	13.9977215794828	12.9911722394464	14.0102388502701	13.6857620479513	13.0797227132315	13.5388538871148	13.4349060943771	14.0997484394941	13.8848870730506	13.2534742609589	12.9203761964664	14.0659599117317	13.8824096367296	12.5728414146302	14.3438654386418	11.3981889968979	13.5537017282343	14.2708456470298	13.1402213067653	13.1501995647576	13.9000714285809	12.1827985861298	8.87815641277616	13.6180304335794	12.5096035717595	12.7427931876078	13.0371180251655	12.5483995543479	13.6991938029803	13.3580574206172	13.3423673914449	13.1792026865914	13.1762389407936	12.6517182288291	12.602117224802	13.0563139678228	13.3064786392138	10.8655968602574	12.9044370414729	12.5444912421205	13.0011227574616	12.8188409126974	13.0985790215939	12.6726251728181	12.7525644092598	12.0111081428507	7.95845460472728	12.2021290196496	11.579081807978	13.1165664122223	12.5196129217386	12.5935048759112	11.6596930210636	12.7770773033825	12.7074056009475	12.7214005088882	11.9572498568214	12.5903805051771	12.7236761811671	12.7414199458144	12.5311756986455	11.5772570672016	12.7098219376141	12.4266428742882	12.8400256154508	12.9359098108037	12.6071603842544	11.7022348308913	12.6666122335585	12.0921513120819	12.850600547019	12.0224929221765	12.021445119231	11.726959498329	12.3130752562117	12.6181882307765	12.3414096195486	12.3248853988453	11.5076112582534	12.1827985861298	11.4757082467839
CZC3600	18.355503766138	17.0985456340563	18.0209663111692	17.954713480969	17.1528990871493	17.5278493378976	16.4270290853421	16.9181308559403	17.043464265887	16.5937354670206	15.5300379421271	16.4289749230618	16.7130678430153	15.423655828697	16.3381078848112	16.8062939781188	15.1028493288629	16.251356610269	15.9280328054388	16.3627005261119	16.0577727665646	16.3045822859258	16.1157919300298	15.5687104970627	15.9828501569582	15.9929476282833	15.8404741307439	15.0712932305605	15.5553111411724	15.0372149152152	15.852483382181	15.8113037246914	15.3244829537718	14.9363407195791	15.219326917821	15.5104716302754	14.4885282621987	15.376019256422	14.8682729625996	15.0996082396031	15.2988636547279	15.5314355307863	15.1647572625721	15.08453664554	14.3789468424996	14.8149869753937	14.6739902774082	15.1004945729056	15.383541154611	13.7414738820689	15.1965848358762	14.8172813009189	14.6758670910942	14.2223558445212	14.215046839932	15.1241717896273	14.6670379579395	15.1647572625721	14.7702779693442	14.6645323659281	14.7319391767316	14.8536254646373	13.851247928626	14.1754429790587	14.7489146647268	14.3269307815208	12.7428672823554	14.2265613046413	14.3865152731598	14.2391198136223	13.0121985858946	12.4706731915014	13.3955445917709	12.8621233392298	13.8773649381414	13.404888756789	13.6480121400724	13.9927758299344	14.2188527081912	13.638575529583	13.7907718672848	13.5196379053015	14.5515857428083	14.1024265102709	13.3514562882905	13.8896540492729	13.485830487688	13.1623360414255	13.7424574254408	13.758277582227	14.0263737890591	13.6717787542717	13.4236361238896	13.6033181890832	13.9845642969086	13.9609927441567	12.6449276035059	14.3326502322927	12.2140876092234	13.4778230960158	13.8180970810276	13.4854864079178	13.2598325404992	13.8881495651456	12.3103138668618	8.51892524454581	13.0227929991675	12.6139852913062	12.7831211477322	13.205662760779	12.6394871815963	13.1467782858775	13.3745965251333	13.3728213015681	13.1543190388631	12.6710457362452	12.5867471177855	12.5552305728085	13.1739296224075	13.26048020053	11.6500231073351	12.8232766946381	12.7034313623929	12.9086144040264	13.3646854660954	12.9743154054171	12.8258945147314	12.7826975780257	12.2656295285752	7.94709396743882	11.9920088469685	12.7387569180016	12.9436693920498	12.0794863137566	12.6315602155926	11.6645565160544	13.0261073738297	12.9251269306426	12.7702234296652	9.96913164043449	12.7576805448836	12.8570027090993	12.3067696371944	12.4657528353206	12.2650762949864	12.4926499494499	11.8734456151188	12.183799032612	12.3851380764788	12.4077055259439	12.0889058121072	12.2504024298359	12.7391629130469	12.3833559826165	11.8513345746412	12.3719489740261	12.3011510784833	12.3499421866805	11.9767164739179	12.105045803706	11.9304746127537	11.998871923611	12.3100113139922	11.6098728683378
CZC3654	18.3348542967651	17.2428382661781	18.1658373591942	18.0219426018878	17.1096319025621	17.6031458539921	16.7654788051467	17.3558516085911	17.3311098143358	17.0020533449474	15.3224434359708	16.6483167673877	16.8761178672784	15.3581579981345	16.5496324196825	16.9507311508099	15.2880073574503	16.1756656837938	16.0161911723187	16.6355107557284	16.2403977110919	16.3330767809641	16.232370980913	16.011376063514	16.0256761867369	15.9866949886577	15.8798662778178	15.4027055549035	15.6708593157637	15.3102082260785	15.9793525998321	15.7696818788075	15.6926450565813	14.9366052132244	15.7643007967196	15.5574353970331	14.0524665788001	15.7450206319516	14.8327736824717	15.2536075357826	15.5529792596041	15.7774445246075	14.9049262267311	15.1876609581936	15.459951840356	15.2096749507334	14.9480884631003	15.0608444128057	15.5626643805547	13.940179768954	14.8962683118312	14.8559525273417	14.8681980713623	14.0503778615414	14.3123290736223	14.9379097220121	14.5836571481223	14.9048005268556	14.6956089228686	14.5878103458683	15.0810993285153	14.9182233254996	13.7686353349841	14.0389015938516	14.7595381782568	14.4663561035215	12.8732749689875	14.4281508571804	14.344093857184	14.6394834067256	13.2039804842608	12.8337167615301	14.2491512765465	13.3803829403872	14.2085367512145	14.2500321195042	13.7879366562467	13.6900664841262	13.8379724854011	13.6166807235661	13.4661575373458	13.9733862649694	14.3570423074861	13.9779430665779	13.4813413405374	14.1417085397246	13.4358970280985	13.2109410470004	14.0464441122633	13.9596354237153	14.1647538831039	13.6789094763761	13.5627367303781	13.2575931000746	13.7977390389325	14.0771547039779	13.3428933731556	14.2119966867513	12.175465795188	13.3994011549166	13.5855103864129	13.0508742182108	13.4330335296775	13.8831407125742	12.3671343458601	9.47625107193914	13.9400652072942	13.7227234017375	12.604221947266	13.4224459497604	13.1914495119555	13.344993943244	13.3062152257047	13.2979974958785	13.2067315962437	13.1700133052752	12.6965863472394	12.3041114782636	13.1395039423979	13.0321915251154	11.4159561794809	12.7698898326433	12.5575617358941	12.9879801022595	13.0185450424188	12.9921043903298	12.7822640621189	12.5646211636322	11.7648637457258	7.94788288658896	12.1767228219361	12.5086509214567	13.2549926757141	12.2413956855957	12.8921645679344	11.7315186293594	12.9501719878861	12.450635621517	12.6870932750869	8.60811481028574	12.6899496907897	13.0896188620349	12.3704899047843	12.4101386244883	12.1833618061918	12.4783738431983	12.3221739233799	12.4926454238176	12.6661275603371	12.7239459136062	11.7254928654468	12.3640395551378	12.3077471942507	12.8088539274333	11.9887445671509	12.478412501004	12.2243175396015	12.4448440064095	12.366381992773	12.0566673888509	12.1756368748842	11.6429611735545	12.3934579648109	11.8088994225268
CZC3677	18.2885710332875	17.1994734344001	17.9012392701175	17.9992828435832	17.2181571986098	17.640220150249	16.3967893492332	17.0631048367404	17.0823440520027	16.6164177844677	15.6442617682885	17.0497796927726	16.6324330561952	15.7676271820882	16.5553725392455	16.382874292317	15.3113533232576	16.2185158324368	16.0272148524948	16.2441702722133	16.3247358138256	16.2291609213161	15.4359964279458	15.7425856260281	15.967255232698	15.8658507075396	15.7500529195807	14.9152914115943	15.7231847720131	15.2269168691062	15.6759858391018	15.4265912990162	15.8321932616639	14.888831933671	15.2466367204528	15.7393992586023	14.837178615995	15.3449482927538	15.2294930066101	14.7849036952973	15.3867760744645	15.5784336275002	14.4723030149365	15.0965016717865	14.4956893528368	14.7247562597887	14.4794197082948	15.1415150032943	15.5562132257153	14.1093250401958	15.0344120382179	14.4495441531108	14.937958188131	14.290448983549	14.323668418412	14.8483508521904	14.4717552832933	14.4863719043302	14.8420594494741	14.471331639256	14.4711064763019	14.9762999894093	14.2538638163192	14.204734404578	14.7054820657326	14.3418391705794	12.9242458906402	14.4194116010437	13.6092057589953	14.3792275928487	13.1277781026843	12.6569644024473	14.5560171820818	13.7362293364782	14.0352640607518	13.4945898714244	13.3380255420855	13.9568282017821	14.3396653264722	13.5561780567346	14.0345325472989	13.6848910797702	14.2384377132094	14.2537946097617	13.4472219796568	13.656511080863	14.2525759093681	13.0586946954469	13.6375367387669	13.8805763666238	14.4246220874854	13.8682668570883	14.0658841936163	13.3855261635839	14.2549400207982	13.7172486985666	13.3745690936368	14.2999123758942	12.5987157212578	13.6637023296873	13.8046743367171	13.0450661529569	13.4766027929101	13.8618773968227	12.4706718617851	7.89654099919361	13.7056813091527	13.4371515010762	13.1464993949293	13.632559797183	13.2694699008003	13.2817571084427	12.8127593695887	12.8127593695887	13.689679764161	13.2633835063655	12.8085395125949	12.7894251805816	12.8617593121768	12.8566362574714	12.0552205303685	12.8189821605385	13.1818689237835	13.0143311175923	13.2719452503961	13.3587541065193	12.8879860933289	12.4589534002589	12.4014058475198	7.96712258524247	12.3580105735984	12.971540894879	12.8907928877227	12.0522330653897	12.9249053721442	11.6714360027893	13.0358909123392	12.9362465018912	12.9047613069345	12.5394014571208	12.6976373850587	12.7980946575627	12.6035083356335	12.2102430413283	12.5553256462621	12.9017853380981	12.062724473037	12.3241884031618	12.666556879388	12.5308815751634	12.5854434295426	12.9584627285955	12.5544633322709	12.4096515638733	11.9304945152582	12.8576536477025	12.5779688249134	12.0619860848839	12.2462010888794	12.4360746859464	12.0789746779763	12.1838073911956	12.4703978557017	11.5249546157574
CZC3705	18.2449524944983	17.5216852423527	17.8297941339013	17.9659725944088	17.0875944172548	17.4551380527478	16.485803877562	17.5169548905853	17.060132486745	16.5545435450201	15.6575458960447	16.8884350801831	16.5049938919441	15.6595954481456	16.3913701768681	16.6352696612089	15.0999770573613	16.0651159117428	16.0191129586779	16.0926931373353	15.9694811904988	16.2700131499495	15.8925104982348	15.5508918588229	15.6324594170189	15.6713615983064	15.6755886277875	15.5495045493028	15.3542936773989	15.3769044587379	15.4738955371151	15.360870124324	15.5978062305705	14.7895028245837	15.2465552024845	15.3508476231731	13.9628481516245	15.3092830677487	14.7496848592734	15.340305773361	16.0631480760238	15.1471804786378	15.3420229439596	15.1034415898088	14.7766653145132	15.1695282122363	15.0505499677104	14.6525252722829	15.1618645987958	14.075931414468	14.7884169940604	14.687061258995	14.7237797080044	13.3820176193835	14.4421069680369	14.5528077179544	14.6972799999578	15.3420229439596	14.9918212254362	14.6989819150188	14.2949205985073	14.6748720959844	13.6428410136696	14.4889116672387	14.343674763405	14.1532435259582	12.807120598731	14.2733930192691	14.5536818471434	14.6842496494617	13.3801312872611	12.4021428792133	13.3405528104345	13.0485444094541	13.7777562646916	14.0481580482364	13.8641310163059	14.0693683959237	14.1188309091305	14.3852410389165	14.1355812008126	14.1348373129774	13.9952459668921	14.2806410194674	14.077968725715	14.2111651082039	13.918430040724	13.5339793220074	13.5736479862623	13.9060486092545	13.6159856586048	13.4038818171887	13.4263710597684	13.7814986377844	13.7746389184617	13.5522779720948	13.145506075351	14.1743305123224	12.3437974460793	14.2119813683739	13.8514076096382	13.0048818702087	13.5248096924718	13.7537206397411	11.8277114118022	8.85024144990886	13.2476249506904	12.7973566620069	13.4563367073574	13.3205425037025	12.2263750670261	13.1417739064675	13.0238300182538	13.0270330917179	13.0379338178176	12.9306386326448	12.1174999464932	13.4012602638175	13.0964911519642	12.9629152392558	10.9700103293785	13.1012283476501	12.9695119476194	13.092076525581	13.1058263455266	12.8246786932128	12.8573999997867	12.3359098273905	12.2235654076308	7.93585961615185	11.9642898388152	13.206548752309	12.7641409169651	11.7509013836497	12.7285044452136	11.5395834055256	12.8644301212438	12.7720542602416	13.0135394062361	12.0898739090838	12.6711827764317	12.410067263092	12.4063798117872	12.3808784744477	12.5555394370958	12.4826827995057	12.1080566058367	12.0241787344827	12.5526759735405	12.8201397993489	12.3980183492095	12.4866676316828	11.9154208605105	12.5686946047666	11.4645500536289	12.0866460182292	11.9808863987083	12.1011674023312	12.1287533842409	12.0956273492587	11.7680868222113	11.5591955163212	11.8315748845769	11.4552364062691
CZC3745	18.4682338442261	17.412676880781	18.0452898776996	18.1352299319865	17.4612149183779	17.744763923676	16.7492656178305	17.3804961927753	17.3149189225756	16.7857622815743	15.676987543372	17.1421704432917	16.8115216996309	16.3892991311231	16.6069389893865	16.6935235156442	15.3079024616459	16.0421449489896	16.1823528106425	16.3692018171097	16.2736353901672	16.5618657748918	16.1186988629894	15.8195459050873	16.2596171036174	16.0473441872684	15.9594139549132	15.4962116351648	15.9337436275615	15.7181752597072	15.8870655202964	15.7345867804913	15.7731193015553	14.7669618853191	15.1088329165367	15.7894238475582	15.4264869954615	15.5205307751733	15.309719898345	15.1385142103048	15.5576178920326	15.7844800305611	14.6645250247108	15.0981142323745	15.139499835833	15.2376060008514	14.8083712445102	15.5733697496538	15.7128755305382	14.3379240815303	15.5011011430409	14.8355269259687	14.9873217233984	14.9095480793234	14.3373128961666	14.9777887577816	14.9760756172842	14.5400367797272	15.0746763008819	14.9760265102045	14.982380146097	15.4034988913654	14.5679223908247	14.6111381511141	14.8465438640618	14.5669155913984	13.2119754463112	14.4043836302899	14.5854284870188	14.7154779732508	13.8524156662112	12.8755306893057	14.1798669096066	13.2105696695151	14.1215114228147	13.8047409453114	13.6733233787282	14.6612360406705	14.7559622118381	13.8847335952277	14.3823269829759	13.7740424801938	14.3172579738133	14.4750612877143	14.0454263601335	14.0776255421332	14.3776627613339	13.3561518510792	14.219767041313	13.7547864895032	14.1351369365357	13.9466348043606	13.7053616524667	13.4616572407758	14.2327717808667	13.922826634965	12.479259606992	14.134094723485	12.8309556412787	14.0734091948038	14.1799275973882	13.0793111469223	13.5294714282094	14.049612062211	12.4144042783856	9.46679660991241	13.8404638887598	13.2297993432646	13.7351935994874	13.7837397155077	13.0268108629993	13.5948428931121	13.4073059495995	13.4010666091405	13.550461284093	12.6820183534197	12.9041514568342	13.5111640816221	13.6085314142075	13.2476052461417	12.2627965036033	13.4681856619161	13.5461454720129	13.2086737956631	13.6127046408045	13.4448869592881	13.3836623213886	12.9523508439166	12.8853243480525	7.95431236167826	13.0156034904163	13.1505821703897	13.0228609889197	12.439271410514	13.2441792255302	12.6132858162196	13.2523462441013	13.5007902345855	13.0893177626894	12.647272355373	12.997551404143	13.0082070289106	12.8583729492291	12.9154135842938	12.993288996843	13.3650829614029	12.4718895623433	12.3594491477593	12.9525065839833	12.9456573194224	12.9511460308351	12.9913713567012	12.866289514074	12.823193667585	12.392812231362	12.7557819735529	12.9310819036098	12.3081803524372	12.6135004895447	12.6795340304675	12.4361182257484	12.5095825304223	12.4144042783856	12.1525822529733
CZC3774	18.2316345451103	17.205088087204	17.8898507520419	17.84977313623	17.1112494465764	17.5559110658766	16.4110370667856	17.1366036825588	16.904902750846	16.4271243118611	15.3359307394078	16.3554013882238	16.5848206407097	15.5924461932396	16.5258712757658	16.4120781676125	15.2537378704725	16.0803911451415	16.0350397341932	16.203207692435	16.0186577000165	16.3210009767732	15.7537828636707	15.7680588500016	15.8616516171608	16.0454655354978	15.9640768175389	15.5705018842152	15.5895248100157	15.150985345368	15.9085425573378	15.1402596443781	14.9404041465093	14.7892452064297	15.1132156367655	15.6086971814897	14.0811879793992	15.475933168625	15.0437188153747	15.3709055812321	15.3675872413811	15.4150121401672	14.8483271985751	15.015152766582	14.4587967694478	15.2516580114785	14.9348466916341	15.0585022454618	15.2914338604902	14.1335363699021	15.2712883077812	14.3142687389443	14.883258527204	14.2080603702048	14.4452898652443	15.1750372004873	14.4899296128643	14.8482124024386	14.8741906672203	14.4897149825427	14.461897384296	14.7637865795631	14.1256659749347	14.7867113910277	14.7491097705117	14.4264258146396	12.9746832565522	14.3492952393138	14.6915014548025	14.5516147289579	13.0996805274823	12.7901676437751	13.3066474297436	12.5958504311673	14.0842016488663	13.338081001605	13.9111685572724	14.081773945577	14.2060110059971	13.653946505015	13.9005261535398	13.7721457046798	14.3302627934901	14.0924905200825	13.6314412037819	14.0037276899847	13.8647040417418	13.3474673191769	13.8211135916132	12.9857857799769	13.8988129225636	13.9455136529608	13.6858424516301	13.1629481313693	14.0197558471288	14.0581520030893	12.5748728470672	14.1213804671394	12.1075070189043	13.7083629249186	13.9055872149294	13.4054496476167	13.3532140160347	13.947441488282	12.3347397049457	13.9305932558771	13.4426278251311	12.4992466210873	13.1969693707392	12.9380314841976	12.672543383019	13.3442891742765	13.524508894696	13.508722611963	13.3516285469214	12.8223834314053	12.7498647188101	13.0249714604079	13.2415008497082	13.3830631994557	11.8551784472673	12.8851834137019	12.8117439227703	13.3663278127878	13.2873514065053	13.1584826068871	12.7076151236225	12.6205156923996	12.4372354457445	13.0769465908931	12.2890648063642	12.2895440279595	12.9137270826257	12.3483789777636	13.0164011065059	11.8603949898511	13.0299932654617	12.8553839514237	12.707095474317	12.3100478755728	12.5966983909018	12.6041386651038	12.6242828550176	12.5350032489626	11.9819131858558	12.5730217278413	12.6726205120628	12.5979352692305	12.9982143739037	12.6850594118722	12.0430884030852	12.6713928078842	12.4719041360625	12.5575667433322	12.0361033081897	12.3175495365204	12.1868365627174	12.4745632643536	12.1927803379385	12.3702799779981	12.1038171781056	12.0078693042004	12.3356139766862	11.6376493349874
CZC3818	18.2694813411363	17.1597518643735	18.0459587515582	17.9609795625692	17.1990334133561	17.6719518358585	16.7253621688484	17.2901594957672	17.251190625522	16.7149334499281	15.5680736812488	16.6565817376186	16.9712953716267	15.7103575142769	16.4056061279384	16.8318382459463	15.3430901743246	16.1038324076025	16.1629595106055	16.4998793604935	16.2447175872968	16.508370523399	15.9035987133292	15.7907583502719	16.1628495823933	16.1328542875179	16.1389368407225	15.2576151058493	15.7548146048392	15.3568271525696	15.6635865547176	15.6695670165674	15.6053873889739	14.7913281701571	15.4580933207078	15.3938107507145	14.7527352459604	15.5142296131197	15.1126682989097	15.0722793080215	15.5826833311968	15.7856969668845	15.3660435777871	15.3995490543663	14.847720526411	15.1142815083003	14.817210184205	15.3478272531627	15.558376285784	14.2740150384449	15.3220852822652	14.8535781121457	14.7389376811162	14.5540819083712	14.3765029459509	14.777732942258	14.9942303608213	15.3660435777871	14.8687466181473	14.9944319972684	14.8665363944609	15.0576314565473	13.9145346870584	14.3813439195236	14.7527854850827	14.6923499725941	12.9853063245948	14.5250029915723	14.1949906447816	14.5204078364483	13.6854164997312	12.8573960732066	13.8383750850143	12.6356668650527	14.0805480085915	13.5199629190218	13.5142440255281	14.1209768831935	14.1354094595934	14.0795973695338	13.8644912011343	13.818195915163	14.2059023238972	14.0768039831341	13.9069157760475	14.0227551593337	13.9549382975434	13.3374617193556	13.8795942003477	14.0348158493743	14.0917831690971	13.7063295429284	13.5467528972249	13.7104517474555	13.8763436098224	13.7110741371992	12.8569798509291	13.6498721062834	12.471187658602	13.694859559193	13.9287670004833	12.9571188849321	13.5579317477936	13.7764454692849	12.2800990696089	7.65185946013921	14.2789494394535	13.0314450396278	12.9100364776187	13.3205818431164	12.9673824503505	13.3593174799583	13.3241355856694	13.3149878815878	13.4921623612042	13.2702707680548	12.8344789268755	12.8898394579299	13.0257691198049	13.036528707605	11.765895291878	12.8706153681122	12.7906825350984	13.0274286397328	13.6677192663123	13.1974147807868	12.9809102159741	13.3039864072852	12.5338112393224	7.95166930362918	12.4637063489009	13.1416618366488	13.0290247042829	12.1638164261259	13.1198468897035	12.1864120050434	13.3129694764154	13.2372890828669	12.7821358256454	12.2968913806993	12.6153563823862	13.0503784596364	12.4664831256804	12.4321342639423	12.7254219837089	13.1568601881715	12.0766214717655	12.1469163650478	12.700926750515	12.667689058644	12.2436850935219	13.2518903450104	12.9931793625954	12.7213315706773	12.2062638072576	12.5290567343365	12.5702731188062	12.2452847706658	12.3421941927437	12.3585282672721	12.109321774178	12.2735882945277	12.2796392645359	11.7628163103265
CZC3841	18.2109299870768	17.1216581134272	17.9110358460219	17.9124871914125	17.0407068700045	17.569491425153	16.4101391077316	16.9975773153227	16.9671965249392	16.6971120117074	15.3560783409497	16.5235140893108	16.5695004919153	15.5859247049239	16.4444932844763	16.6827847586731	15.1461687617883	16.1005394874318	16.0436371864355	16.2237476574286	16.0037598760027	16.3111755041925	16.1649935583195	15.7766293485238	15.7982949987362	15.9542436397724	15.8639784959628	15.4689684928437	15.644140692202	15.1142417884519	15.8451801909149	15.5974766364401	15.1549271149506	14.8461820343941	15.3679277254346	15.4468096030081	14.1048347336762	15.7079467644152	15.1059945345733	15.2108912072054	15.5307615754222	15.5334416021668	14.9961729495239	14.947901948667	14.6628477628632	15.279164605982	14.8040838178538	15.0704479609482	15.3447927494224	14.0931272664193	15.1165716171998	14.7192080467675	14.7868975144715	14.3679151165149	14.2688127781367	15.1039276958414	14.5176183505593	15.0379485591543	14.7395148048436	14.5190065756068	14.6927531615035	14.832326148088	13.808820247967	14.5316234809322	14.9689285916532	14.4027455496116	12.4935360106923	14.1511080299476	14.3964908329697	14.4771516616134	13.2821342993556	12.7339210275106	13.7134941871934	12.5534646488903	14.0515234216974	13.3210318895254	13.9226044814024	14.0230115901125	14.3276547913823	13.7202567057135	13.9408741220091	13.5007401376454	14.5359928648903	14.2757094764912	13.4256000273932	14.119060119319	13.8199596679799	13.0684379250844	13.9052551915359	13.6688433641423	14.0054654416475	13.9487733482684	13.7212064096805	8.38626750772446	13.9970894940837	13.9418368853334	12.6407858257312	14.0986696119725	12.215049104304	13.7088458240724	13.4699544796977	13.4312968903507	13.518521196898	14.2206131130247	12.3594912934875	9.1862407862731	13.9803428994598	12.8185821203987	13.1317459792091	13.2681727202938	12.8215205756245	12.8355001269596	13.3866864349527	13.3860154561291	13.523546202814	13.4279635907108	12.5964696890707	12.7583142808254	13.4453396249116	13.2842433619603	11.66863332405	13.0311594816043	13.2437842258776	13.21994706864	13.4242337845525	13.2287135075322	12.9685335082118	12.8089140787985	12.4668967326101	7.93901329542595	12.4453267560531	12.836828594941	13.235046812618	12.2336340183147	12.7595655030988	12.0390022544159	12.9797661825267	12.9222705451693	13.0264582012448	12.6315155417368	12.7792034104839	12.8378969890938	12.6705224640053	12.863772958615	12.2707411035381	12.8495335605292	12.4253199724102	12.5668981172991	13.0716167363115	12.6605305912364	12.2322088380964	13.1669086487509	12.6014967857544	12.0464314548965	11.9382060728407	12.4314966921372	12.5025309074493	12.4431333780456	11.675267550582	12.2999170042708	12.1688898829442	12.1056508094931	12.3705035361648	11.7827568601263
CZC3867	18.0467170290626	17.1468506424884	17.7701099902199	17.6113157810127	16.8859993226595	17.528265108154	16.2535369440612	17.2455265511659	16.6003574342261	16.4359585137303	14.6444627735264	16.5968723335607	16.2850381675518	15.0951124003151	16.4504564184907	16.4357524136728	14.8714851053357	16.0518590244289	15.7775897659646	15.8427501379382	15.8503493409921	15.97090196768	15.6811008098254	15.8368203110963	15.6709795820198	15.6132302212283	15.4935947625803	15.5104494984851	15.6892215511471	15.1793594471185	15.6804669032335	15.4194951868393	15.394844300705	14.7907050288674	14.9000920808496	15.463851028715	13.5546510892635	15.302243798912	15.3146008832794	15.2901349711978	15.5489800553232	15.4647280112245	14.1729503600244	14.5237625517828	14.155346593522	15.2150700479388	14.8642722895951	15.1514202536104	15.3489955764071	13.3796030933119	14.991821930163	14.3024047267759	14.8027756923155	13.6527927603406	13.8517336153258	15.0269087063624	13.8023247056542	14.4739080571158	14.7669430410953	13.8002737991741	14.3385271881168	14.7912548865078	13.5761356751637	14.8303873254361	14.7076454432334	14.0427820025919	12.7719297964319	14.379423378702	14.3098786105863	14.6598246532054	12.9442454499276	12.7408836466839	13.9963014806019	12.2356715998782	14.1426557115516	13.8639550404879	13.9523296727276	13.8897795194442	14.2120444586432	13.5003222047043	13.6410674209588	13.8893225395314	14.3427379225623	14.1089724490375	12.9344906930922	14.1435778165094	14.2272385459009	12.9547109140756	13.6929969587273	13.6664333854388	13.9169850285201	13.9258417293189	13.699185561477	12.8909345091991	14.1314538059099	13.7555659805964	12.0571144278415	14.1438623816679	11.4256218908224	14.1391301745268	13.7896472941691	13.393934545347	13.0880648108597	14.1045242479198	12.4894886007806	7.61362615097409	13.716998046555	12.1592190453097	13.4946087037237	13.4200064576325	12.9154648133654	13.119157988229	13.429012475193	13.4319404442717	13.7841814752375	13.3736266268201	12.5516988348056	13.0087014712414	13.1385195556552	13.4380584767401	10.9146275178133	13.2871177642345	12.8257167067453	13.501231795834	12.8912672973906	13.4276490547503	13.0199515605025	12.3387768934773	12.2140244261562	7.93979814153166	11.9135772542897	12.5254109580185	12.8752365403117	12.0339433926878	12.43818246426	11.3753129166618	13.0458703307897	12.8402459211843	12.9863176928811	12.1864380084628	12.8665565047321	12.4392329096526	12.8902750394978	12.6233344653494	11.8057423285391	12.6879521688585	12.6586976251581	12.7174886005164	13.0110628550078	12.7880426201307	12.4432652810723	13.1188658196739	12.424603490252	12.3542821638425	11.5270490292242	12.3876746572637	11.9142794419476	12.2298868231412	11.8967290402875	12.4330637020943	12.3687789367996	12.2197613492587	12.4910291009854	11.558283125787
CZC3873	18.4272995244187	17.6891426923369	17.8953921256536	18.3216326138684	17.4271135186122	17.6354797638222	16.5453622663553	17.3368177728552	17.438482375997	16.8687052871884	16.5425417829259	17.3309637039914	16.6311995854024	17.1052082622642	16.4832959363805	16.7107155110218	14.7671309943648	16.1051968471196	16.0029897051471	16.447157388963	15.8575314682211	16.6228454989231	16.3821415568278	15.4462799750324	15.909530954562	15.9870525130873	15.6183633410601	15.4252780434832	15.5019898146064	16.1916789318428	15.6220594125957	15.696645760069	15.7404586203387	14.7868031212141	15.2256265678615	16.0281718507603	15.1360746876085	15.5726449655706	14.4877928727424	15.3460121891593	15.7265530392474	15.2088918369538	15.525188294063	14.8463356790637	14.6968781652244	15.1919163014667	14.6946834975323	14.7762318760807	15.7031688658243	14.4144623155975	15.0139067960076	15.1483751511668	14.8060523678949	15.0873776126339	14.5474763674871	15.1797515099679	15.3090819507763	15.5250446929882	15.1854292306546	15.3109018371884	14.5713405110124	14.8123160940569	14.852325528518	14.3863536274408	14.8559396226774	13.8956314865785	13.0142974144332	14.622621385147	13.9034604947855	14.738121508314	15.0315624458397	12.6916368437224	13.4507829143238	12.969295214977	13.6798684821572	14.0030130919541	13.7238811625043	13.911837756793	13.9532150722415	14.5523530502321	14.0446695044565	14.0539845307613	14.5491415531481	14.0485359760059	14.5299683904344	14.0908740186657	13.5556341327168	13.2173089736652	13.9895269025966	14.2444575102061	14.0874288516147	13.9411909036165	13.3909923896043	14.5087589329039	14.0106006440245	13.6581606404291	13.0274386839706	14.1940066330019	13.6603487871401	13.5056377777166	14.2417668764547	13.2099540715907	13.9359467038979	14.073348017277	11.9542761301354	9.27097303705439	13.8179087859153	12.7045727705546	13.0577963188996	13.8745918492232	12.4088794033949	13.4642964877048	13.1612339123293	13.1583922941135	12.5409635875638	13.3664066169252	12.1796706320588	13.0331115502249	13.1800157819441	13.0110043005206	12.6601821484538	13.11373024674	12.9509852089514	12.9941760864542	13.1938660276667	12.7115997565366	13.1608944354925	12.9751540096328	12.2221120266701	8.44747278984344	13.6900287842796	13.6806666612973	13.0855275535804	12.5267327158005	13.3257551146721	13.5031269342355	13.1043435137044	12.7915021823651	13.3242024798495	13.0058368829193	13.1402157919182	12.8876389599765	11.876823643524	12.9678752957968	13.511347771412	12.1631188673521	11.8943581301114	12.1043489524975	12.8667747576242	12.9281540690147	12.2165977923331	12.9264681198995	12.3394950270257	12.4692119999225	12.0403019093411	12.2582376565873	12.5000854733951	12.2910229438724	12.4955984269306	11.981041276534	12.2729930425915	11.4318854482326	11.9612135134905	11.8889565382064
CZC3885	18.3572058127358	17.4670486741325	17.8348843275511	18.0667508586047	17.404744120972	16.6150009492024	16.3865961769283	17.1345122532901	17.1182368579646	16.6005624734495	16.0525516175293	16.7792779622275	16.6818812576745	15.8095530401718	16.3120611498406	16.3703622777543	15.1659025916737	16.0771565829186	16.0005650117473	16.2385425726509	16.1355995381749	16.3138737723662	15.973296776633	15.3425417830253	16.0266661180942	15.9383329792636	15.781046174086	15.5728279506663	15.8238394561074	15.2392607264282	15.5227694206698	15.4822809458665	15.2523075879847	14.7823822841805	15.135848288104	15.5044148257975	14.9011688230608	15.2820726802774	15.2377394231777	15.1838010010751	15.2298852456666	15.7636344303536	14.9721380430145	14.9624447542027	14.3187745736957	15.2281825431961	14.5197021800259	15.4414199699577	15.7254045249305	14.2804965555494	15.2616777473158	15.0099299220545	14.6276223767022	14.6816924499182	14.6957991051013	15.1473926246163	14.9611478783161	14.9718645478827	14.9609631949553	14.9609571008437	14.39948131599	15.2617295745696	14.3435122379007	14.7322726955093	14.8964936220046	14.3704587857692	12.46302200351	13.8996013386616	14.6750864792391	14.5201354785315	13.3413574785252	12.583557967784	14.1830998661445	12.7063913255768	13.5402507826962	13.5701647049194	13.7430869545263	14.5395441789669	14.5735235518771	14.0494672021029	14.4319906642756	13.4883817210409	14.639535531716	14.3042799425814	14.0467804275326	13.9036601793246	14.1046212007733	13.419250872542	13.8405499767519	13.4349416727409	14.0112193462277	13.8623856896289	13.7004375654216	13.9367055396406	13.7308725910075	13.5619269429254	12.6391645918094	14.2213835295515	12.9725767856437	13.9011470912893	13.3793541430673	13.4516916269806	13.5123873417601	13.888911663561	12.4389961278338	9.2577424570189	13.7747513522019	12.6328184651538	13.6271631083715	13.1984500743759	13.0969363681757	12.8790185539757	13.4056390079852	13.4004074286862	13.6965361919431	13.1492611258701	12.4398345560021	13.5479183043757	13.370472412564	13.2461276212963	12.2266703581328	13.0231698489526	13.4503138366039	13.2296623781453	13.4250772505708	13.2188208312017	12.9006194122124	12.518041584122	13.0340990062908	8.20074200576443	12.2387038256088	12.9220902497461	12.7462804129248	12.0273934901309	12.9929996202242	11.6554566850062	13.0788007390817	13.0084236417001	12.7037995269208	12.5982280505342	12.7862822580468	12.6825162665672	12.3181318834654	12.5921080189291	12.6183444835351	12.6748326965404	12.1641204203523	12.1520104850526	12.9679439616375	12.6684921598183	12.5322531906949	12.8840623322423	12.8010359105348	11.9301290626383	11.6548191865321	12.5337466942123	12.7913336168853	12.166873791858	11.7780981436865	12.5048650262961	11.5592520465343	12.4147258035588	12.427364608913	11.7451989727027
CZC3896	18.2043913945854	17.0338803504197	17.9272211509987	17.9700397837452	17.0422639440117	17.5135345708595	16.3504843459258	16.9121073175653	16.8369092922036	16.6194789709515	15.8178667674342	16.4671235740197	16.4751755485922	15.6137144202466	16.5055652270696	16.4292695072454	15.1994378332457	16.051527745506	15.999876159694	16.001782856455	16.082254811942	16.19572486974	15.7762503107351	15.7196870872739	15.7282679912018	15.878739936976	15.8292582880821	15.1639588652337	15.5754709208976	15.051845492214	15.90631211625	15.5770299283476	15.0731758933413	14.7709420459491	15.133010133959	15.5409328264667	14.3969086867789	15.6558183330688	14.9811321556705	15.0720215993649	15.3335615931081	15.386571909824	14.7927967718189	15.0562414996373	14.800546908841	14.874774260557	14.5690446186706	14.9802186324162	15.2373353850084	14.2219343264107	15.2230747973821	14.5743004474782	14.8870860495539	14.5359285554195	14.586215416452	15.1199407454858	14.8356065253549	14.7927271150415	14.7992101329079	14.8357020188059	14.672612197731	14.7462866513823	14.2280860181659	14.718693835656	14.7877347748704	14.399293046843	12.9447549602976	14.3272157124297	14.2102269860967	14.5291534373555	13.0432715056763	12.6466604306591	13.3795455080882	12.6777604008392	14.0468640528726	13.3769176444684	13.63231935762	13.8795555495237	14.1950277136059	13.7381137683436	14.0692800879041	13.6622894199625	14.561428231142	14.1169549791098	13.6736100132535	13.8191835731775	13.364680733406	13.5990247087606	14.0686369474293	13.4298575082843	14.0258632061452	13.9616759924126	13.726193175605	13.7249508994446	13.9383476766436	14.0395689874498	12.4362216278125	14.0906062421043	12.8132304200739	13.4145176060416	13.8009524536342	13.2648161891844	13.6832812632993	14.0515100997596	12.4064411172819	7.56812159259565	13.7177127054765	12.7069574901684	12.9304026024182	13.3812664250736	12.5986788015547	13.2841955730444	13.0323656704942	13.0314913328917	13.3694375144548	13.4156272058315	12.7289929159946	12.5272725874485	13.1853730717315	13.2551093952028	12.5660330093617	12.6884432879871	13.1315767769884	13.1182712121053	13.4637070932224	13.137993508009	12.5645615066759	12.603338122356	12.3444677542136	7.96645406484029	12.4911077262885	12.829762282642	13.1741711069974	12.3133980933937	13.06922547878	11.7725005872405	12.743917131824	12.962679327952	12.7483142768347	12.8712780379663	12.6149314369088	12.4691413418273	12.431207272537	12.5222329895731	12.5136048272391	12.8484013479069	12.3386697437751	12.5763033458286	13.1599065253855	12.7740605764952	12.0049391124752	12.8580397310012	12.767416303267	12.5279581830772	12.3070633939466	12.4779301821123	12.2018001263048	12.2708919711447	12.3918238094924	12.3856537958379	12.3277067195216	12.1400152434768	12.407182216218	11.9156975401181
CZC3903	18.1337140837988	17.1903276484323	17.7218645711776	17.8552021190009	17.1238530523563	17.558781112394	16.416358959656	16.9371732725238	16.8560784491464	16.5129069644007	15.3931173583653	16.5563810820695	16.5936547356702	15.5534019818537	16.4735257344797	16.2580109311419	15.1303562981041	16.1126194078731	15.989083689616	16.3350090036268	16.0909320419669	16.1241333026022	15.6572953479243	15.6350094703873	15.8847910387214	15.9102046033106	15.8101997235078	15.2353069646679	15.6518506654728	15.1556931712157	15.6113164433968	15.1742797615672	15.1951916052512	14.8612031865692	15.1812977615999	15.4674870491126	14.6633228857047	15.3987163959845	15.0391306272242	15.2384922143041	15.4407364804803	15.4648755184615	14.4634611550522	14.973266766476	14.1275287109198	14.9082225125129	14.6892861122758	15.0612682981856	15.1872118325658	14.239102323048	15.1671344077831	14.551954935841	14.808226363666	14.312821706	14.5868572790699	15.2276881323842	14.4757308909804	14.4634611550522	14.8917333179903	14.4758177564599	14.5949800752218	14.641797629522	14.0631100554265	14.4328928858094	14.6261531074752	14.3097945508131	13.0235649231387	14.1510091686227	14.2003195301214	14.4271704922987	12.9610082081219	12.8111257163387	13.2916205225313	12.8113835708001	13.9684093656694	13.7440406215479	14.0992928320779	13.7917774028823	14.219862020199	13.7642710623401	13.8162574939381	13.7350274831267	14.2406426005026	14.0351507340196	13.6000844380218	13.8256947228623	13.9299609523133	13.4654088721789	13.739869151655	13.4432519549679	13.9044196965647	13.7746079824891	14.0087082487716	13.2545079852372	13.9437061560222	13.6476705475333	12.6946440630726	14.2036301947345	12.413473470235	13.6339390404205	13.8077383556978	13.7361522958045	13.4796478997924	13.7173056931288	12.4498611908187	8.27641079913583	13.576257695784	12.7456367890815	13.2087937307157	13.1888455733815	12.5763015113144	13.4043335172344	13.0766120000818	12.9239213349824	13.3934194431041	13.045590038715	12.6219382511381	12.7635343516678	13.1967329645482	13.2233094686724	11.9935726729598	12.7333305090944	13.1504356683449	13.3603256633817	13.2048820913966	13.2676766187673	12.4718829133942	12.2336247103777	12.4096042305152	7.95098048337351	12.1452321672622	12.7262956995062	12.8023683156708	12.097037768779	12.9559578951531	11.5770584457624	12.8096031433277	12.707090005656	12.7282827392998	12.663967941068	12.7891088347689	12.674920835951	12.510491381629	12.1846738323468	12.3304545230817	12.7759940236961	12.3046186620906	12.5285649575008	12.6054851330969	12.547433413786	12.1778065700322	12.6435954885504	12.5440168803731	12.3603425526781	12.0122259786649	12.3177649847171	12.0920478862599	11.7890446582514	12.0064290000827	12.3522534433388	12.0158409476978	11.9959976301926	12.4616386456131	11.6912317103468
CZC3929	18.119621122567	17.3167508342655	17.7801488496835	17.7743652567235	17.2136414149754	17.4892036566497	16.6514535097201	17.2579596143009	16.8935668398149	16.3187356639498	15.2608718634095	16.6066649921004	16.5556832108599	15.6126426333624	16.3328702779127	16.3725778573059	14.8962528141313	16.1354101452211	15.8229621317043	16.0951908073812	15.8100275931701	16.1028157033805	15.739846094785	15.6130474014794	15.8786195159218	15.8134331729056	15.7009168495358	15.5507818337045	15.5187985458599	15.3349063491943	15.4989224329875	15.3579866624048	15.3409548561788	14.8054449512166	14.9311974638066	15.2089300144481	13.6807474791256	15.2277743781103	15.0619411230471	15.1302065310959	15.4996202309079	15.4541297182684	14.4382207134993	14.7154544017355	14.2376639271922	15.148613188807	14.7458505748259	15.132102422748	15.3070421677699	14.2088009973062	15.1535269162377	14.8009252712901	14.6438537677471	14.2730220158093	14.6557335673663	14.6152217601781	14.4098453409584	14.4380455995882	14.9062514570359	14.4101254953944	14.3018821255281	14.813644435197	13.7530154467352	14.6237186908935	14.5792022119873	14.1837827430823	12.5173454298002	14.3542924032435	14.2222595442147	14.6058859100786	13.3064561930927	12.6395490306011	13.4806028274848	12.1542357913355	13.8762288939776	13.5185004767314	13.5638985243461	13.9799232388824	13.8753482415201	13.784969264224	13.845707250885	13.7043330457844	14.0427531606767	13.9239543000906	13.7237268647304	13.8267615139249	14.046776186131	13.7552195078566	13.9842078647213	13.5710131989329	13.9693526713327	13.7870400950176	13.3298389065247	13.271960399394	13.6283472711295	13.5220952280224	12.2488335406073	14.2209163156446	12.0028857433512	13.8205589045918	13.7319488209553	12.8078467148253	13.205641704626	13.778224952418	12.1318831953649	8.23003067677092	13.6254734650645	11.9570492186859	13.150706583827	13.2638172150216	12.4402471032694	13.0276394250751	13.2114000955885	13.2066448249751	13.3753181233395	13.1841717846702	12.5039601435234	13.185927526433	13.4359031952205	13.1489950401383	11.3739365089591	13.0928444681131	12.6594908402545	13.1150649138967	13.1934122044987	13.0784250753628	12.6539002032881	11.9531636118988	12.6666971504782	7.97967641363906	12.3298947130267	12.7443546245947	12.7344027514079	12.1736889337663	12.8014960660429	11.8980040685991	12.6312456493234	12.8935620294008	12.9683768423379	12.5247175638258	12.5782025039972	12.6999064002873	12.4391830245912	12.779032726455	12.4174384045443	12.6563281860425	12.4138898558055	12.2567193947024	12.8461956574984	12.7042258019921	12.444645708543	12.3246741319421	12.4629164908691	12.2432649441872	11.6279753716968	12.063759260993	11.9876569900817	11.867730063002	11.984237206389	12.4373799739485	12.0771689326593	12.0833500282027	12.1318831953649	11.8898822215736
CZC3931	18.3984918883025	17.0891106974328	18.0719997403058	18.0562795542985	17.1861364897603	16.4486324232244	16.5062803647049	17.0355439350104	16.9078642163175	16.8282335999283	15.667285372771	16.4944219983085	16.86543077287	16.4251011984312	16.5876252603744	16.8461453249512	15.1264754652253	16.0589145778864	15.9966889052883	16.4477398516508	16.2024451109384	16.0841805517426	16.1316491262475	15.9149445431152	16.18563203121	16.0665008512279	15.8914501692874	15.3255444135431	15.912218705253	15.7213553589083	16.0147959993717	15.9601229314171	15.0984466891803	14.7705969545945	15.6326614706655	15.6605093742904	14.5533403673564	15.7449106190647	15.3178390102283	15.2135737219995	15.2581064942204	15.8812644649128	15.0542707600184	15.0332345189637	14.5941419953091	14.9391780149549	14.7684697186833	15.5606229761396	15.5343393649168	14.2163845376194	15.3656221543556	14.7126017024931	14.9396752855637	14.6346854117818	14.7197022365939	15.4896447319693	15.0143446142115	15.0541909235928	14.9329622258403	15.0156543842008	14.8076858844064	14.9475880194198	14.4896159433119	14.6309344553437	14.8458429394974	14.2880657460883	13.0205928187993	14.2990100784703	14.6069667323876	14.4010602627357	14.0393985361241	12.7670515716847	13.648089613198	12.8968498311194	14.2129921222251	13.5808026798359	13.8641067109338	14.3039456365133	14.47719645645	13.6291841663942	14.1308547759175	13.6467696371381	14.7088385133585	14.3941089339744	13.8494367887021	13.9076388208359	13.7438855359064	13.7410388687351	13.9962124955495	13.4615229624394	14.33312838699	13.9594685151781	13.8119816744727	13.377797522896	14.2342160612318	14.1934641284937	13.0539894179946	14.1109172279932	12.8356871775597	13.5798058535283	14.1996945707008	13.7340471386661	13.4788419530641	14.1994608091474	12.311310056911	9.37716083096638	13.6070516271566	13.0240635105962	13.0788809086255	13.1578709258632	13.237910651964	13.3616779006674	13.3773025905853	13.3865335276627	13.7197190079299	13.0749624148973	12.7380840184617	12.8091802563859	13.3474326178684	13.4950878778873	12.8926495084984	12.8223464107747	13.2447168985944	13.2220473659647	13.3180037383401	13.2929341279433	12.5871923301708	13.0471692105701	12.7063623276765	7.94909218285181	13.10103134754	12.6580374407939	13.240476026821	12.3626317395126	13.1986843950654	13.2074775745692	12.8190047470407	12.7485589607289	13.0502799254183	12.3597581583269	12.6793342835718	12.8478360362922	12.7493279995839	12.6676200360454	12.5945691700838	12.6944165941439	12.3893860402902	12.6966042247463	13.1814724445713	12.6621722192125	12.1520585473211	12.3885352544591	13.0187636890243	12.8031666026222	12.1960754456387	12.7800060370816	12.2859027779958	12.7395911909586	12.1572578313819	12.378208317722	12.2499951910904	12.4404142645936	12.3131748831094	11.8888982972772
CZC3948	18.3233694042526	17.2959059546476	17.9562784489427	18.1870949874634	17.1146378279804	17.6703789809569	16.5997214435829	17.2408931077163	17.0699625588751	16.8141314324905	15.9811423323891	16.9074838043639	16.7122072733008	16.5605539077829	16.4067897633749	15.7387959752356	15.4657615750231	16.1311599580539	16.1332417583762	16.3011547482024	16.3484163385023	16.3159377691285	16.0408613080427	15.6688235463912	15.8855144606495	16.0080661366926	15.866800026872	15.4326612631956	15.6302089256889	15.8532229990358	15.6811631985518	15.642421396465	15.5908863193946	14.8012019196207	15.3813486057504	15.3647712681749	14.9656595410291	15.5374763081483	15.0650584854639	15.2466609511227	15.6695837977503	15.5428130163327	15.1635940415352	15.1670755955033	14.714672624645	15.1028172207652	14.7747240067275	15.0455473577149	15.3767887360163	14.4525244830298	15.1277169717684	14.8893515853326	14.7368730805367	14.7644370466003	14.6339484193743	15.3328157067765	14.7172345144516	15.1636357391959	15.0762871347023	14.7153395473984	14.6459378881457	14.8933901679525	13.8672978709545	14.446966486998	14.7249887929869	14.383915448899	12.9263235201738	14.8293563389462	14.4173804043553	14.541965732396	14.3768487976276	12.6599675874998	13.2334537502723	13.1453492561088	13.8690942974287	13.6458020570898	13.9547533969329	13.6124455945176	13.7407762382189	13.9571472584036	13.7689322980999	14.1892127163015	14.5398795547639	13.9271193043096	13.7382747545965	14.1458872034463	13.0080351259775	13.6439671993458	13.9389652738581	13.8125772711819	14.1595695387518	13.7470705234919	13.4659177242899	13.943002433491	13.7830364926346	13.7100253227515	12.7742669162689	14.2154011486147	12.4328403723793	13.2941952243931	13.9512216746383	13.678228442565	13.5726207957599	13.8716757406579	12.14872911744	8.67429158361032	13.5881284967192	12.62581190514	12.5773464027335	13.5870673214691	12.3522564008115	13.3154858507256	13.1875494568308	13.179850677322	13.0860604311701	13.0584343161617	12.6443625887516	12.3918635891191	13.1810806574474	13.1371289433134	11.5942691982505	13.2895512281666	12.648092787215	13.0907941260075	13.2725429762877	13.1300756579675	13.0204438686857	12.9579593253555	12.204211113454	7.96929273298528	13.313462914751	13.1375521810924	13.0668366559594	12.3675732171776	12.7260668663582	13.0919624269855	12.8531259981244	12.7671200881588	13.1277122782938	12.5919773614209	13.0599240470499	12.8163281465726	11.9961951324271	12.4998547628197	12.5806810657942	12.6387639510636	12.151128041639	12.3556011433709	12.77639686642	12.7395556634533	11.8639652632576	12.8360774546818	12.5860673965831	12.5335193680305	12.2506054877705	12.3690849970753	12.0038756025699	12.2609824090778	12.115671386833	11.9631898681224	12.5695657846091	11.8603895591742	12.14872911744	11.8254037758625
CZC3950	18.1344767068014	17.0631791014156	17.7533894423456	17.7507253736593	17.0041847908218	17.5659994304703	16.4195735954844	16.9712104900151	17.0271487856998	16.2968974406332	14.980296321442	16.7356392155236	16.6518064900778	16.0704101524311	16.4442851084073	16.4515820809205	15.2859470297884	16.0855155626962	15.9963624312002	16.2264908787158	16.2294707837879	16.217781800408	15.8050810843289	15.6599998826401	15.9033533517148	15.9063196076341	15.8481463630639	15.1857053944321	15.6262338264634	15.4553370690403	15.7146237740943	15.3188358873421	15.5160499825361	14.8028812810815	15.0175115991423	15.3070760998017	14.2541087764171	15.4431199325776	15.2667727313444	15.1978310366621	15.3741025035239	15.4814255471698	14.4112095394347	15.1307932273109	14.6989781887017	14.9500872924226	14.4623246749841	15.1596139499247	15.3528242600259	13.9502820941678	15.1566881375509	14.5970083777184	14.7882823690502	14.0931359733305	14.0006605185504	15.1903991342165	14.2483871651551	14.6269820334511	14.3178664578694	14.2479007935264	14.1851883837307	14.9657745707263	13.4587253059418	14.2557111889863	14.6211339436089	14.4551307687085	12.7546707869165	14.2240040758071	14.3173800869765	14.4860218514856	13.6101092761013	12.6562127927594	14.1509961737495	13.1629466725902	14.0035399299774	13.3900571960724	14.1218094092836	13.8180520197127	14.3256398963799	13.4607374184485	13.5734071519263	13.363190243151	14.3041375391647	13.9841626941396	13.2543911564433	13.9058201109038	13.7932458845203	12.773474716393	13.9451578585097	13.5236769451151	14.0809742910356	13.5645329050682	14.0005471050012	13.1497461767805	13.8521080854957	13.7745420935512	13.0453347640813	14.1725592960333	11.667927436346	13.7734537549233	13.4922309119907	13.7819777916237	13.1610548301394	14.0562259796974	12.413003496403	8.12035971287856	13.2289893429826	12.9620055353094	13.1970853885975	13.5909663128864	13.3086031192427	13.2791471291959	13.0978148894175	13.1126075278824	13.6632041164503	12.7412679844925	12.7363869676159	12.6078621522174	13.2460001159957	13.1721835946964	10.9547056994419	13.2201941529274	13.0215895120767	13.0436196849451	13.2247785578979	13.5305266833007	12.8508918256066	12.6266483391954	12.4251451108077	7.95038916896554	12.9454356991374	12.762251206965	12.8719800921323	11.9976109433406	12.6186234837877	12.353729742898	12.8761797561924	12.9379315056212	12.7950241689433	12.1770516764804	13.0356973035543	12.553511243347	12.6196347222016	12.6198437144439	12.2265462447332	12.6501236024874	12.3475497006061	12.5642266443777	12.5975150917328	12.6070006789969	12.3963532242793	12.0855015285346	12.3438439544303	12.2902953301459	11.8586129462104	12.4248020705074	12.3806186929148	11.9791141484301	11.9250661676328	12.4339541426319	12.2500042062543	12.1238468651031	12.4143198556268	11.8771786407367
CZC3959	18.2219327408654	16.8536049816298	17.7687081470738	18.1137515686721	17.2831928578037	17.3854483484403	16.5349443059391	16.6341888576171	16.8135762479833	16.7462545879374	15.7990680231426	16.6280972501093	16.3937211627965	15.4401972787035	16.6882171238544	16.5882633023767	14.9128924122918	16.0478423655906	15.7933756132861	16.1332034689814	15.9171495986112	15.9830990756491	16.2226706341663	15.7788057341621	15.6406841808867	15.6956436526639	15.4736333478825	15.2249028183559	15.2888885030501	14.9446255369284	15.7860826670147	15.3929258405809	15.2823608821734	14.7892319508824	14.8955401974002	15.3756896230141	14.115333772313	15.8090721236062	14.5583361656903	14.5925347493915	15.2248013850063	15.0508500331385	15.0417331692687	14.9229941797352	14.5486924380891	14.8041664300568	14.3157921325052	14.59414899555	15.0065481880769	13.8931445550222	14.8220020657504	15.3222595668048	15.0681759016945	14.7075925584986	14.5221007919224	14.7846515412591	14.6068694584232	15.0417331692687	14.866455091676	14.6070758523308	14.889988506962	14.4633127426165	13.8727898237236	14.3211884183024	14.5400337372074	13.8133208719507	12.617803772408	14.1721391037266	14.3501168127382	14.2931423319194	13.1787837476571	12.5840825252198	12.7340668290097	12.9773697257631	14.1473032748344	13.4338090051039	13.2267144092648	13.5000852751634	14.1589192814393	13.4371860979025	13.8381812097201	13.789171758792	14.1483501631334	14.157154954448	13.1890907873634	13.3282652472746	12.9163358894697	13.3505201983762	14.2030467309582	13.996065198848	13.8403836537788	13.673634001117	13.3035229093088	13.6915734108501	13.9150393288057	13.8360779545146	12.8273756257473	14.0921438599289	12.3944941787471	12.9620813890283	13.7307565511962	13.229853240452	13.7246792990519	13.541717321023	12.1672903984766	7.57857586111888	13.1582109046807	12.7991922220917	12.5719170747494	13.6610503175948	12.0572734764583	12.9738901090996	12.9452446884296	12.9569490485156	12.7671887522814	12.6103287911376	12.4194545389154	11.9750777693202	13.6491571150489	13.132885357904	11.662271231956	13.128891577064	13.3230857436224	13.0039777588563	12.7929768303279	12.8120535297375	12.8409316984814	12.2486221012099	12.2148540112315	7.95417648791787	12.2253757446516	13.0638106173742	13.3024833083978	11.8351809421039	13.0302025247392	11.5487756475309	12.3919498921101	12.2631471151247	12.7692350570401	12.7297136057619	12.475808373112	12.4991138878187	12.5297897759013	12.9608305699989	12.4930896174766	12.1518660753568	12.5606063288558	12.4358801135476	12.2887928927778	12.6087542004797	12.026114495888	12.3015409578309	11.9285972935032	12.3046097658842	11.8649390151745	12.1018913321178	11.4506308723409	11.9313867984354	11.9357532371951	12.3406200894872	12.0787826746469	11.26597084817	12.1706264981322	12.206267642517
CZC3978	18.1893984167206	17.1016308202991	17.7495033002213	17.9036803811627	16.7950948991114	17.6408495084634	15.9060241477955	16.8804587835876	17.1217441208988	16.3666886062777	15.209141186248	16.5980973252654	16.6645750450479	15.5365555706994	16.4616164884381	16.6911997763155	15.2137425746414	16.1734892169812	16.0824966985127	16.198590981721	16.0075613169327	16.5260542956186	16.1064541333817	15.6031139889841	15.8413553668781	16.1578134472761	16.0327194233285	15.0305705538011	15.6850429457655	15.0775924316973	15.915417554403	15.7954914964737	15.2043192923966	14.8415615361908	14.9139896674311	15.3680347575343	14.9766865960662	15.7085416254095	15.2072057125083	14.9530929392804	15.4017157412794	15.6455522646984	14.6786461082668	14.9187018386951	14.2621361536974	14.9471365205279	14.4298749350463	15.1857458090754	15.4974887863638	13.7999636765716	15.326371666362	14.1597178723033	14.7932159005197	12.3658488854662	13.8993136903698	15.0031653183575	14.4353524528238	14.6786461082668	14.4083492830257	14.4338988915975	13.9032085127054	15.0715268703071	13.8047052744822	14.2887703981214	14.8443136910047	14.5783978286405	13.0369041266615	14.3535399079074	13.790975959499	14.4321862965748	13.2747169426452	12.7601448714224	13.3418230817587	12.2562456074796	13.8627820056579	13.030980286383	13.4094023761785	14.131749820775	14.1459767299487	12.8263672238989	13.8442229078914	13.1761555152005	14.4907343143194	14.0426997426567	13.1926396251982	13.8280008564066	13.857771066447	12.792272681847	13.5275680271962	13.5939971606018	14.40735093712	13.8600070728381	13.6290074145907	13.4339906524735	13.6905098564493	14.0414098519294	12.4109232085257	14.1866732513033	12.2138968236623	13.494034581284	14.0489570512244	13.0621398347824	13.3731159061604	13.8117889127258	12.5511397286261	7.9596752814951	13.8116050090271	12.1945395614537	12.9247753452939	13.4324071252879	12.2321189444005	13.5421161808086	13.0502703627212	13.0491750624824	13.6109177863737	13.3925223192132	12.5965926890979	12.761890435049	12.7231819143826	12.8860714371312	11.746828956741	12.8728798427857	13.0354136225887	12.9781124553693	13.6150471477726	13.1793312555935	12.8537618397072	13.1233921460404	12.2284046135024	7.95837943711584	12.540117636272	12.4369958610291	13.2422769117136	12.5010588900758	12.9405299649685	11.8971332506661	13.1018888998953	13.1962785237684	12.6080793131213	12.1967905468302	12.6788318549876	12.9277565399151	12.5649729545562	12.1369645268668	12.0609798625642	12.7254571923923	12.1656079814306	12.5754203518826	12.9089001081071	12.5417357263016	12.2733534039209	13.1254382620972	12.9313690525654	12.6468968607638	12.4339493047959	12.4777864164468	12.5203472157446	12.2685968098376	12.467375253948	12.5148883807484	12.4225748832618	12.3279337731211	12.5572388898558	11.3840162143417
CZC4003	18.3590594776195	17.314740320876	17.9188405743095	17.9254853044458	17.1292558378956	17.7192089067885	16.3813410986083	17.1959321654164	17.0808158786251	16.4297306241885	15.4042285928408	16.7601700159814	16.831815082676	15.7197830068364	16.5832607690906	16.691717733477	15.1823991540727	16.0541928018718	16.0616255847057	16.5183421095721	16.1849372825872	16.3412155443927	15.8587025033386	15.7766934074592	16.2503701470192	16.0980863259616	16.000365300939	15.6531908339283	15.7627934840442	15.216029221564	15.831750182986	15.7190401609398	15.3588354651844	14.8149477086905	15.5260864996145	15.6276961886454	13.715440788482	15.530422431361	15.2378985704278	15.5144295020456	15.4428837511701	15.6890444131068	15.1985175686638	15.0709782106444	14.860770378865	15.2556676526588	14.8278118247005	15.4151448354248	15.4181184816363	14.0895414321107	15.4085699643502	14.4615645382218	14.9431858738943	12.360097309132	14.2169715355643	15.3367023410157	14.7763331350808	15.1911147993196	14.7146318578944	14.7764094878596	14.7215476824176	15.0267705781191	13.8953653913752	14.6735632776772	14.8997124450809	14.404247385208	12.9592604173939	14.0258260119446	14.5253092164543	14.6225373590921	13.1204094270861	12.9530312196656	13.7362747165949	12.8981404287504	14.1109678357643	13.6142534231135	13.9886499423458	14.1322253270553	14.2126798978087	13.9041683285705	13.7625777414524	13.6330166069913	14.7105033989446	14.0671964012621	13.7291642813463	14.0570702377901	13.6656260852206	13.0305338915106	13.7914986287439	13.554612598496	14.1957451424839	14.0443675595923	13.8408894569575	13.3487902010363	14.0393849373586	13.9343651153362	13.1221098130596	14.1691154138017	12.3435256648276	13.7347888039076	14.0995693226573	13.4394759264856	13.5225387108916	14.0986509900126	12.5204058892703	9.79896808309975	13.9070844702422	13.0474617431534	13.2449550633478	13.346771419473	13.0500805007808	13.3251742041328	13.3796094072577	13.3961109195189	13.5488603879207	13.3774823272397	12.8495452884402	12.9466051324802	13.3710783531675	13.2988602930296	11.338761651998	13.3288519091532	12.9645578447319	13.5750617039215	13.2602783114571	13.3546640397095	13.0496344148412	12.2502722094755	12.3168458541004	7.93362093747555	12.4294922407408	12.937215193381	12.973392956371	12.2871242210484	12.8567333262158	11.9280459812382	13.2365726809247	13.0412561379512	12.9761556398247	12.4859209581774	13.0767631153331	12.9162628983338	12.6217272205827	12.4051173022986	12.5113167498856	12.939480365504	12.6246033563622	12.787923278951	13.2450099122962	12.7077052319179	12.306862002644	13.1240174149298	12.4789423986034	12.6771109109178	11.4199970542307	12.5804190627629	12.6229306586624	12.3136537181255	12.2353328026963	12.2889035295481	11.8949459907076	12.2178337142254	12.5280914009368	11.6735712691636
CZC4006	18.4801656115545	17.5730428159821	17.9564167348878	18.3603811578748	17.7219075299038	17.5793408011405	16.8898801072656	17.273501875293	17.0418201922763	17.1234291513818	16.4646405341484	17.0680091226838	16.9271158660611	16.7259802927828	16.4226901840778	16.4310186049419	15.1856716281019	15.9404025989309	16.1829420412618	16.5329931994019	16.1839642140728	16.2277660627565	16.1274667200124	15.4631987728555	16.2135314583257	16.0915780963863	16.1506876416332	15.3282257698362	15.9038709252876	15.8569601866366	15.4198669099117	15.5651772284938	15.705875214311	14.7191618188027	15.535562150734	15.9604840620383	15.5854078617627	15.3835037222156	15.0712374479871	14.9727641728215	15.584536256339	15.9952712284644	14.7184211958822	15.1359740338704	14.4411492203753	15.0265416705219	14.7222624074127	15.6044517146445	15.5132123261589	15.1780843612267	15.5314630924392	15.066968397721	14.7724105212462	15.2056786216013	15.0815571635622	14.9435322846452	15.1676609756202	14.7934918201725	15.4308229778418	15.1631982444506	15.3988909671634	15.0010829012773	15.1828922239858	14.5210373598249	14.7229596063007	14.4303450445969	12.6736474776346	14.745993284578	14.0651748013276	14.491146660622	13.9510908703683	12.4711168741451	13.3864330526779	12.9226870118101	13.6752091603693	13.928554466119	13.7601630768777	14.377522930082	14.0795278538837	13.9840172583778	14.4381182856251	14.0824079660393	14.3649186579845	14.2912564252093	14.7194430232656	13.6428757157748	13.9696861986229	13.6804144571364	14.0922883133577	13.4693296587086	13.705148469937	13.8139683448648	13.7162984708108	11.2308986198008	13.9796670528197	13.341933703707	13.2332427675998	14.1353209356942	13.9974474157711	13.6349188378198	13.6227150199554	13.3227250809698	13.6303695812988	13.7925027760193	12.3405944016453	9.16484519094268	13.6509551432963	13.2899985993284	13.1931421953258	13.3664885191175	12.608777274018	13.1258380216304	12.8215250190436	12.8114016018686	13.226253971757	13.0733972406626	12.234999683202	13.3370767316907	13.2168001646397	13.2293396647797	13.6269914386931	13.115638468407	13.3402476235871	13.1215934737045	13.7360365754942	13.0420235995765	13.0154447678818	12.9434770986403	12.7409839760979	8.12277570864606	12.9348525514529	13.1338253372497	12.8561769730173	11.9579980671915	13.4082402540702	12.5821197461847	12.7311676720896	13.0089600793299	12.8460905823785	13.4831709668481	12.8902077238128	12.5942089128078	11.9972835585361	12.7019181243014	13.4072978831493	13.1952664325227	11.8008235220956	11.8929206372839	12.872971250204	12.8089811204187	12.577604115241	12.2538976497969	13.164690356499	12.3374548720383	12.2959049623833	12.6618139134866	12.2133354280595	12.3076940186995	11.7386661240785	12.2724264776807	12.2503448911627	12.3781928180263	12.3405944016453	12.1112666285644
CZC4007	18.3370161970554	17.2916561013411	18.1293625207096	18.0306380441195	17.1603557749156	17.8003353994216	16.6025435218122	17.3799225077449	17.2007957068822	16.6202051036286	15.1686956706086	16.8536230016921	16.8158242816301	15.9340161419915	16.4104305178548	16.5460995396788	15.5487285061828	16.1046741461656	16.1878635789447	16.3358631177924	16.3413277311537	16.3175300926645	15.92086819713	15.7569513507381	16.1490153830253	16.0355617935546	15.9654891916087	15.3999010562134	15.7382419988332	15.4488989329318	15.7007937589147	14.5534815987277	15.577545539254	14.7920301164442	15.2326718762402	15.5002434516494	14.4888338405718	15.4182297540876	15.252206854129	15.1253392417651	15.6045073090653	15.5594791138804	14.6024810138884	15.220085488147	15.0921559182268	15.0947395078619	14.7938396435354	15.3097965218447	15.4016295727994	14.1056109564071	15.3925000721767	14.4742768440511	14.7582182977311	14.3863323706417	14.4255886682399	15.0646616448901	14.4602839671263	14.5687484634902	14.8148002633259	14.4642276018559	14.7469459073926	15.0580903217506	13.7787306007893	14.470657110724	14.6442372301115	14.6098842527108	13.3000379520153	14.5199213605932	14.1362359860969	14.6620246937481	13.4934064459927	12.8633776870024	14.060735509962	13.5097426645805	13.9952077900619	13.5588222807011	13.9408766829631	14.171194715236	14.2476423542586	13.6062702032391	13.9322915352834	13.6375110023331	14.1644334990193	14.2975177694664	13.5368327050491	13.8682414918528	14.0347967616696	13.4244045537613	13.8560080835302	13.5453250176441	14.1616883380549	13.7790900214465	13.667313277717	12.9075865661012	14.1350442395445	13.7882214032291	13.4245516543644	14.1766330571502	11.7747313674288	13.8574704910268	13.8444320503709	13.4448416526971	13.0834706431641	13.7679653304745	12.5432399312631	8.78800326281968	12.8280509070316	13.4948018730348	13.3097268934658	13.4436393919498	13.1781607598611	13.6592337052826	13.1593896959802	13.1466035391665	13.6546593303724	13.32343854333	13.0063798988983	13.0895604825359	13.1890471590742	13.2078333963284	11.503076878057	13.2482921158036	13.1029331445087	13.0036516327562	13.4689488272279	13.5256977964058	12.9985818189295	12.3583454947652	12.508848211826	7.94127056988252	12.6498616346296	12.6920537763576	12.9200581790921	12.4390855446165	12.7256761699533	12.1074765456488	13.1268315992166	13.0323192323282	12.9367448234836	12.2468589214925	12.8845614551887	12.9148311625776	12.5698941275741	12.3463966003815	12.2970241085513	13.2039184861149	12.2227646270352	12.302561820955	12.5412785742933	12.8172655762501	12.5170749230323	12.7800830444392	12.7579875709347	12.6771795465727	11.7853555159257	12.8583462630527	12.7190818595268	12.1836931549217	12.3764284629698	12.4112459895208	12.3711293576569	12.1775730554004	12.5425107244252	11.8497993373536
CZC4101	18.3115817866883	13.6963941984641	17.9637717673315	18.2265994444345	17.2484381654683	17.7470585397942	16.6250792485849	17.376389299579	17.2149963076198	17.0880305734168	15.8773762218401	16.9694470044024	16.7673039611457	16.2826264481923	16.7497092911667	16.7843212366165	15.5484480995979	16.0361718521584	16.2358316117289	16.3211351349879	16.4172339856208	16.4185721631268	15.9209332055508	16.0555649737657	16.1451890087208	16.0131773389585	15.9227272597141	15.6499032827884	15.8189673763596	15.623084317354	15.8468982002465	15.6913378014061	15.6708347717071	14.7547531163346	15.56205718913	15.5200780544417	14.6552913463984	15.9262925036961	15.2520715698535	15.1758693208196	15.9247323723835	15.5601690408584	15.1879620587734	15.3039811629756	15.2150705650336	15.2676202011436	14.9324986663265	15.2916000541755	15.5671288342074	14.2293759784456	15.3438063037746	14.9591022788596	15.1384473728545	14.1545301259517	15.1306281591121	14.8683426942788	14.6246972920875	15.1879620587734	15.0837662469431	14.6258493873459	15.1692870269513	15.1689704937748	14.0567128207586	14.7125548512726	14.7616564229269	14.4883254335236	13.1326804948445	14.8677044390733	14.634640166214	14.860924257973	14.0647109374401	12.6824440095262	14.2517574302235	13.3101323508792	14.3758117258303	13.5666210529219	13.9153940786302	14.0179151226787	14.4371929087286	14.2999200230874	14.3267852194977	14.2463405306995	14.5991099342269	14.6064641206761	13.8564599318914	13.9382160893457	14.0748248459786	14.4612247189423	14.2280855501719	14.0817263595771	14.0516578995166	13.7751234602169	13.7222202806726	13.8521088345732	14.3136020288717	13.9293453526763	13.0117870650972	14.0820688413799	12.6383767927137	13.9408182275326	14.030250913115	13.2562302305307	13.9793683597224	13.8438438775698	12.2421456357591	8.53056048571571	13.513058813717	13.1557821670959	13.5451860980902	13.8007591306902	13.0489515380017	13.4425910917565	13.3094750424561	13.3019260406155	13.6145016816032	12.7150513886616	12.7878438194247	13.0834036762804	13.4695165487855	13.1961644282482	11.6496446288736	13.4702207499897	13.5618613549167	13.3336957703144	13.5205155974075	13.43779075701	13.3026127276606	12.8080252812047	12.3673400978069	7.9694939371689	13.0658766778667	13.4157184198402	13.4212310312355	12.316852994173	13.114303304713	12.4902781795693	12.9757030303952	12.9786818485063	13.3125506397688	12.607197109659	13.0064158537397	12.8559858717466	12.8872250819074	12.7049849178943	12.7318495291871	13.0516355549027	12.7149432907703	12.6070282340216	12.7327209122457	13.0980070629344	12.3425944443049	12.4685715336278	12.6723058553571	12.6908332924045	12.2680779523505	12.669210194603	12.6858851228486	12.3208844091042	12.509199798402	12.4215059942772	12.8394974107411	12.2970234589074	12.2421456357591	12.0789584227572
CZC4106	18.5016444295494	17.3989837906537	18.0419103425158	18.254313660032	17.5848646019387	17.7800934792063	16.5694822684504	16.9622388843093	17.2029558425193	16.8287794659397	15.9876462163328	16.7109082120809	16.8608658064236	15.6982831606299	16.5879953498035	16.8455268542426	15.4764574373669	16.1142630435925	16.2817505963956	16.4676796542963	16.2868209578897	16.4328054075975	16.3231047749966	15.639470427469	16.0592034797823	16.1239581687699	15.9853628468057	15.4217031203421	15.83820382717	15.2205350898868	15.7630623714651	16.0762384627891	15.0047231968238	14.8148727299601	15.8579215259136	15.7610986212984	15.1388504922065	15.5872895749362	15.2944834726047	15.2237943281391	15.4220214536613	15.6317818640942	15.1013117514237	15.2745414014077	15.175515365775	15.1896858428419	15.0315828135151	15.3043987273845	15.5057854867099	14.2026037953557	15.267387736005	15.264874965822	14.9399156661308	14.668330497995	14.5817655873999	15.2630334756717	14.8942275522627	15.1013117514237	15.0909901780895	14.8952431137981	14.6328126890112	15.1311794695952	14.3286712227987	14.5269967207045	14.9219099287883	14.4911848259041	13.3434756265405	14.2751589450288	14.6959704873201	14.4038134079533	13.3705913215676	12.9613507998474	14.7661487448578	13.1451217120945	13.9283562355704	13.6271917322903	13.5728213386645	14.6639047254729	14.8238141594856	13.8781111866631	14.4795506325176	13.6805101885214	14.5900697229257	14.4511347593561	13.6446769536337	14.4583801681144	13.9596609206005	13.3299997019905	13.9801826392162	13.6502754706945	14.4196528146489	13.8823128828884	13.714112971298	14.1496614459107	14.1863129868817	13.85303078669	12.9629520432676	14.2016127094669	12.7313583112475	13.7378336795418	14.2014147751957	13.3735639467591	13.6299327797509	13.8732029197287	12.1626925396438	8.90395137772365	13.4068427152727	13.0694746436115	13.4845788162954	13.0442014658078	13.441657880793	13.7698051992063	13.5082255456455	13.5156522707033	13.8430781003224	13.0280767209412	12.9011833770615	13.2313587192902	13.5747998279932	13.4603724507725	12.0761154606654	12.7680838481676	13.6399152417304	13.3878777970726	13.6558100765547	13.1532402509964	12.7807186494447	12.9016115536282	12.9770206934087	7.94184946123763	12.1000002393162	12.780483232129	13.0439042103017	12.5428788938633	13.0614506805608	11.8655000508188	13.0314939933942	12.9623373746867	12.7255689091197	12.5302983033484	12.47265016637	12.9271140465965	12.6062908124861	13.1417497266963	12.2316442629021	13.0428416421677	12.2382141722869	12.3283775594011	12.0355129182306	12.5608543932033	12.2763682585474	12.5401177443913	12.9787331961508	12.8656398985499	11.8507305700703	12.859931380083	12.7710360477404	12.7489772351008	12.4995152904783	12.5832474014205	12.0543404931229	12.4354398369562	12.1626925396438	11.8681592815836
CZC4144	18.4113844496976	17.3761384500138	18.1524548552627	18.2184730224707	17.4102854355421	17.8259957373489	16.8084988933609	17.3525069169198	17.1362933103542	16.9771125229877	16.036465464991	16.5531842944879	16.8797499395746	15.6828959750187	16.7588335298894	16.9932562250014	15.5243388953964	16.1114536687497	16.2769395586281	16.454265905559	16.3499703593442	16.4719446455609	15.9368604543414	16.1507727154888	16.173259091161	16.2484320758547	16.0649918533353	15.480438131311	15.8976830902173	15.3734208119181	16.0189837147575	16.0546802889214	15.1682859168995	14.7970894539235	15.4746622787343	15.4251550142667	14.8013292472614	15.9324156399452	15.2833802581395	15.1974480250907	15.5370233400069	15.7021669464648	15.4088557127978	15.1939895079148	14.796301235607	15.1779499583093	14.9577285837434	15.4144935650409	15.5398912038571	14.1515823601366	15.5303320003114	15.4107253521002	15.1137305183759	14.5693920202101	14.6974808754175	15.1820942215773	14.7796843539551	15.4087973044914	15.0540174396293	14.7786944741645	14.5944795512628	15.0379204526651	14.2193388785997	14.7501082497698	14.9390077990982	14.5032327372791	13.1134028339759	14.42852342478	14.0574964780269	14.7008250150892	13.5560878927084	12.6521364000183	13.87009038867	12.9070696010821	14.4306606693964	13.7624916257303	13.8054519353088	14.3258431322013	14.7509483140386	14.0748971227118	14.3915021571023	13.9304407753125	14.5397539835374	14.4938830381922	13.596817109986	13.8976205620765	14.1318024536359	13.8047971156376	14.166729736946	13.7577389237431	14.3499065797026	13.9002981646251	13.6884447365851	14.3684763556462	14.297476923129	14.1303240116692	12.9502371737204	14.1072452178295	12.7739838520007	13.8959758769405	13.9511453676054	13.4797925944076	13.9588554270283	13.7114097787275	12.3391197253317	8.22815671924577	13.5491328892836	12.759961768806	13.5218186965866	13.1937741010229	13.2117008273707	13.5719896736272	13.3350014117909	13.3273538681739	13.7514988488635	13.2034202972984	12.8671712805033	13.0618740874801	13.2869801929695	13.4724818508678	12.0667623293316	12.7682268347117	13.5370607680036	13.3202741347205	13.6024749443895	13.2951506794618	12.6750603598465	13.0555752938709	12.9035459621048	7.94171831184849	12.5204902380249	12.889751224027	13.4191617582072	12.3438267744658	13.1966221016801	12.1135618562733	12.5247190657193	12.8996553729758	12.9813459074942	12.6163969151014	12.455961405807	12.6091721892291	13.0142838289694	13.0003156612114	12.119790475877	12.9399723281958	12.5359397174288	12.610845954734	13.0532025814617	12.8881421801585	11.9304873122795	12.6817945570045	12.9553978264401	12.6127434641439	12.3435750074098	12.7168725654658	12.6476337746373	12.6693761109125	12.0927795959082	12.5756646379829	12.3084088526236	12.4073994488883	12.3391197253317	12.1408083533512
CZC4156	18.3261290395029	17.2931019848656	18.0246927986819	18.1176165337559	17.1371643704736	17.4657445360243	16.4814392079883	17.2995481319193	17.2939626478233	16.8726036636771	15.6101545296788	16.9527268112053	16.930758561193	15.7763002616257	16.5423243460936	16.367555516044	15.6718297365429	16.1074716871774	16.3659084054182	16.5993561043765	16.51933791473	16.6657986100806	15.8849991849289	15.8452868187968	16.3511704192797	16.380951212412	16.1871971356133	15.6250968761455	15.8857227095507	15.3134095827356	15.7025190311861	15.4970239525286	15.7554843597247	14.7576548431056	15.5749575087137	15.4953008184448	14.798321953483	15.5349543335629	15.5013050612987	15.2685299891522	15.3040294148177	15.6511591089083	14.4754902334049	15.3205182869584	14.7563496812977	15.1295398534653	14.580941628265	15.5428500752029	15.6592401939168	13.9410164324732	15.7270003694677	14.3304513045858	14.8868492007478	13.9906478177206	14.3043355869363	15.0330258841858	14.4841247722147	14.4830823306973	14.7475253451738	14.4845755683635	14.5374520112089	15.3709615459709	14.1641998338623	14.8863857137565	14.7593469478409	14.7572446028266	13.1245021771407	14.3732853465856	14.4327019485138	14.5168367217641	13.1787096187659	13.0202105469525	14.2160678417139	13.5861914851846	14.1326568012384	13.4574275325726	14.0207448996792	14.3710863262851	14.5748728980054	13.2398418845633	14.3487534660649	13.6737942817522	14.5476717976337	14.4657574786141	13.4794371911239	13.9338755806778	14.2261965601225	13.337270701042	13.6994939988067	13.3599512271894	14.5737719151903	13.9619833970328	14.0841479826458	13.528072163154	14.2354228511022	13.7078390696204	13.129855932975	14.1508217436838	12.2687377526105	13.9345255757523	14.3209499417486	13.4139339195492	13.3231808092093	14.056562360632	12.6883478315282	13.8033731630912	13.799071244169	13.3638818128822	13.5369445372305	13.4993245505281	13.9560758775455	13.5217299703807	13.2022319643813	13.2067535364017	13.9353145376924	13.3699372530217	13.1603975116589	13.2198477372381	13.4981991261859	13.1928276921075	12.1316699207104	13.6524893212725	13.4633115261691	13.3072270152041	13.682207926372	13.6771090809064	13.3217684438595	12.4799080605888	12.6024224296832	12.9720201463361	12.3984326984325	12.6613613902578	12.9907819349621	12.5038291578412	13.0077497153482	11.7455218578658	13.2230013069662	13.5447252833387	12.8502995486063	12.4194738854657	13.2225542280612	13.0548976387562	12.749956584588	12.621211638363	12.3487031587495	13.316902872613	12.6651492463433	12.5399213067996	13.2970095256344	12.6154458480793	12.6334512195203	13.0318080669305	12.953254089712	12.8860652219271	11.8562120376049	12.7797376375971	13.052234904652	12.2096678694606	12.5658042189637	12.5709495682409	12.0869046606492	12.6162169252202	12.679434567518	11.5682510608918
